{"betas": [1.7511515842605234, 0.3670231778082652, 0.03978433168027672, 0.004913282851196045, 0.02958606384598556, 0.001461046037256542, 0.028411238985692, 0.012589726574853976, -0.014340388809218167, -0.004234100351574732], "pose": [-1.6327240666525769, -0.09554345382941071, 0.09554345382941071, -0.24831957634825655, -0.009388397039177229, 0.07099964952323698, -0.10911094763979251, -0.04238683798738734, -0.07014751989765353, 0.27083858133522376, -0.014376775520556037, 0.006435556290614058, 0.9715020078549939, -0.11058312484572769, -0.13770246917440657, 0.15876168884345498, 0.17390292850370187, 0.10752068738603551, -0.00942618618445253, 0.005158891163264962, 0.015800948363754532, -0.10377617729435157, 0.0627746031797537, -0.04595832136580358, -0.1270061004564524, -0.19416780645516116, 0.2055682119815878, 0.02687156981343611, -0.03423224964182528, 0.003920179846139212, -0.3104886157497992, 0.2556112886679231, 0.1264306523022525, -0.11533531119082181, 0.12594022845280217, -0.34974417049639284, -0.15917916672326485, 0.03097912240354212, 0.053943587021993665, -0.010809211226249947, -0.010316089470679237, -0.31845989609927317, -0.05582227022190029, 0.07142434389341558, 0.32525551786115203, 0.1727819129819329, -0.05224601669846305, -0.019071940008249695, -0.42432953753130614, -0.6454161936777686, -0.7087138451331142, 0.27511241712866175, 0.42334739991172443, 0.8067205140147645, 0.2988000541394352, -1.5221326234210724, 0.31537818275919244, 0.31538216072056374, 1.1737007900691403, -0.13003520931444168, -0.1383400415926889, -0.09116153162077378, 0.18443852075439357, -0.0027354049166667723, 0.10063002516227433, -0.1495764020115386, -0.05783691685924786, -0.06200574640204998, -0.19506548324944173, -0.06819482462158624, 0.12440839617120658, 0.2123054787389397], "trans": [-27.505038386031302, -2.351799940885972, -0.9668189648027754]}