{"betas": [1.726796659765029, 0.41891031545459445, -0.15139553369490252, -0.5462419580768579, -0.07855182412525559, 0.07595039952460043, 0.008045347212360082, 0.06009336300381875, 0.04481580265154796, 0.006120580758014304], "pose": [-0.12656904007711584, 2.1611058010644495, -2.16110580106445, -0.011629913263907868, 0.07608279168686717, 0.05559736747924543, -0.2730431410127414, 0.06800412223757403, 0.05616162243418295, 0.22466624641660865, -0.06509032509491881, 0.009373702945618725, 0.8038850885206066, -0.06799126284733654, -0.13598017941869342, 0.46475467862938885, 0.004954879747551806, 0.05612864076187924, 0.06250098156972973, -0.10337371056801141, 0.06286366624596552, -0.15789330088299036, 0.10063481218615054, -0.022590016427952306, -0.02131748093785821, -0.21457148541478538, 0.25208550759139614, 0.04096567819300529, -0.09782639648548909, 0.010435916425831937, -0.26241347056606557, 0.1945554100350827, 0.08054392574871387, -0.09758566995886561, 0.19397199951144733, -0.4105266976228869, 0.001358649069145762, -0.08177416969662939, 0.026858226693902296, 0.09635858769760815, -0.24142338892116458, -0.3406934741972043, -0.0446945066966531, 0.18308706998773064, 0.32565660233774807, 0.10969465055673859, -0.02759405222180819, 0.08371324312425335, 0.1156778587472394, -0.02373440632835036, -0.7821502643354871, 0.7636706417074448, 0.16075704384344922, 0.7160371209645261, 0.23860954551911068, -1.2830202955767356, -0.7793237419646963, 0.25112254725355143, 1.347065582418627, -0.29860317194184965, 0.11530861435758474, -0.14096278461801978, 0.05209539645078548, 0.13262924898063227, 0.12549623988892758, -0.08060405851845548, -0.18940876362394737, -0.06436866073506975, -0.20639960640066857, -0.12834316934421877, 0.15295076772429372, 0.21047911925037496], "trans": [-10.380818281553577, 0.3126865066530379, -0.7699242306218492]}