{"betas": [-0.10716845975804463, 0.03555393559239171, -0.022909588301634677, -0.0022321960585287635, -0.011360188238027402, 0.007048778770267401, 0.0026244476494828445, 0.001119221678184007, 0.011361241992361597, -0.011308692156923365], "dual": [-0.056321198528199876, 0.001019823858816167, -0.04283258655191322, -0.08647439822288541, -0.015702269131147528, -0.01023897543912049, 0.004311420125886199, 0.009299811461066457, 0.0012228361262423583, 0.005218249974693199], "pose": [-1.2206216666722423, 1.191234882996046, -1.191234882996046, -0.41005345330389775, -0.027885977784358355, 0.10320083853326159, -0.40255385878687255, -0.02074498520813234, -0.09898540699708949, 0.34770119956715484, 0.008752502405235639, -0.0028039017104225733, 0.7522394994690511, -0.0216787135033873, -0.15135100261083248, 0.8329831538850072, -0.007019976510405813, 0.08698602064921424, 0.0011249616497411672, -0.003165276194337029, 0.01611487847306467, -0.09107940012475801, 0.06937049252884424, -0.021696750499132517, -0.1650494814082564, -0.17869521812821354, 0.17124281743092384, 0.0324701076777359, -0.02602815101170173, -0.00020202023104971953, -0.296346276691454, 0.27235328191337305, 0.15418535908352263, -0.13666574582704769, 0.12225166530746064, -0.31563758480280363, -0.15971978592161606, 0.07247894627717351, 0.05568745974381293, 0.014264517671156907, -0.06454237256847474, -0.3721694868105011, -0.05256523797299123, 0.15154013453399082, 0.3429878819565284, 0.1705732398490631, -0.04544359734800273, -0.04535311830416235, 0.08526538780634198, -0.28841602784834725, -0.8476736943431906, 0.175537200929153, 0.3280267632263041, 0.8267306910645442, 0.23791141280911268, -1.4257028979908846, 0.4580651790791139, 0.04040473881741945, 1.5261685308253676, -0.5322768659868509, -0.04220881088868188, -0.07676414973054574, 0.21411510122651198, 0.030921351139529537, 0.13234203349043686, -0.21235088133168328, -0.16829498751952524, -0.07209267432298685, -0.2309110830078571, -0.1172143879571454, 0.13660658115419164, 0.244324040256647], "trans": [-50.95724542408635, 7.122921312119051, -0.8598110959505305]}