{"betas": [0.19173745763710806, 0.20679507266967936, 0.025545764337162807, -0.024244743693028488, 0.0007202369641003663, 0.013236882350636182, 0.021343764601424748, 0.007373052342460504, -0.01918535564321634, -0.005662447391478864], "pose": [-1.5440693829862844, 0.33908416687623816, -0.33908416687623816, -0.3021955119160502, 0.0003449007171520725, 0.023929876490932797, -0.48619668299254165, -0.07828546680334426, -0.0035002612092533483, 0.3871379341332673, -0.021852888758238972, 0.008982807445348611, 0.3643464940047718, 0.04517933275232926, -0.1065790805040176, 1.1183618782659113, 0.2014330964295708, 0.11690252484338878, -0.035780671397859586, -0.00020208865529085395, 0.004628870625871058, -0.11923517672855534, 0.08794972892165762, -0.07137311726774279, -0.15499781040878954, -0.20190273039873577, 0.2338094314406441, 0.01951504696769656, -0.028808890188763613, 0.005978741044269869, -0.26622627033859614, 0.23526848011248322, 0.1824358114094289, -0.11175612880066436, 0.1372417298668454, -0.38620681829462045, -0.20084139299339193, 0.040205721676069804, 0.03174130007662594, -0.04563225289859229, -0.10374545245964913, -0.2539426765488579, -0.09076654617747898, 0.1670181937791311, 0.21884504063703744, 0.10903655514876544, -0.0645476728678777, -0.007979273587053977, 0.8924103452026333, -0.8677355794074985, -0.8400875107368144, 1.0667659258307103, 0.5330812224065294, 0.8086599191511734, -0.07122742098104903, -1.2473120381067742, 0.4111469542500608, -0.29319877950892, 1.2751568908206612, -0.3609942782813395, -0.059521598352561676, -0.09314242813684107, 0.2074462713827063, 0.03452128313211731, 0.11129961594111934, -0.17508375899617404, -0.12427938715048888, -0.05547722190598216, -0.20044636345242714, -0.09487287774110546, 0.11664168887805965, 0.20244643181473498], "trans": [-30.027473058744448, 10.068051420618723, -0.5516120090785123]}