{"betas": [-0.10716845975804463, 0.03555393559239171, -0.022909588301634677, -0.0022321960585287635, -0.011360188238027402, 0.007048778770267401, 0.0026244476494828445, 0.001119221678184007, 0.011361241992361597, -0.011308692156923365], "pose": [-1.2795765527253982, 1.0923845319880015, -1.0923845319880015, -0.4439617557121358, -0.03888031093829573, 0.09462130926186126, -0.4274387764169325, -0.016003783926014963, -0.08794834993050564, 0.370258126860842, 0.006040739499318099, -0.007214452035237175, 0.7619082695263866, 0.010114723713283745, -0.1530586405943984, 0.8722317848574915, -0.03400917102112672, 0.08650275363262487, 0.00013377832037573623, -0.01092906056247876, 0.01819118679406578, -0.08797974444087014, 0.051492415122108004, 0.002659325825853358, -0.17147808092651237, -0.1580866304616005, 0.1560500126392611, 0.024804812027930705, -0.03143399194178395, 0.0015602418177162573, -0.30498999374173213, 0.29721302496943003, 0.12529819468074693, -0.13251669014813305, 0.11233573809065901, -0.29457868350682975, -0.17604614055834397, 0.0601483197933945, 0.048000041548763285, -0.00036436270958807246, -0.1214532803368063, -0.3659896702148878, -0.05545114459962089, 0.18384344568306343, 0.3471081337116802, 0.17302415167445198, -0.06495819866178634, -0.03531554409560198, 0.05812506592303257, -0.3899630664748231, -0.8766254082758764, 0.17574023200252417, 0.3408325337025605, 0.8843415979440044, 0.214866195118463, -1.6208168023534628, 0.58933698258164, 0.018913895206872866, 1.6149628115969097, -0.6305535648533768, -0.08868190261664213, -0.07922054565336141, 0.2528362563884234, 0.018457597067129607, 0.1356072555687199, -0.23600002822516575, -0.11756008688505552, -0.07243331133099787, -0.2244130314492212, -0.10294400731974179, 0.14267302807124468, 0.24433641993286548], "trans": [-59.43829777815529, 5.628602564222647, -0.9170698986297144]}