{"betas": [1.813289222669109, 0.20156947919784157, 0.0011390909961732187, -0.4871353642584728, -0.16755291678885467, 0.02420319783742449, 0.0691750353522659, -0.03790042278230592, 0.027389876576093666, 0.006434531786996541], "pose": [-0.40000151348683505, 2.005350034970439, -2.005350034970439, -0.4004749900556202, 0.030025275867167057, 0.09682442229086614, -0.12006429510237555, -0.023173896826135812, 0.02057384707575885, 0.26985715990456693, -0.024445095058716625, 0.014906539648447289, 0.8197292522969304, 0.03074986435669744, -0.15745242731055561, 0.11560598371350185, 0.039124238070201586, 0.07965310845618011, 0.0061004892146811, -0.04817914805155812, 0.05531236536720823, -0.09351608486414698, 0.11955195249366098, -0.09070933188656376, -0.12560061745304663, -0.19331945612256057, 0.24777143094498486, 0.07379946486435077, -0.0649338196495618, 0.020280692813380265, -0.31113348063474333, 0.21972811777235876, 0.22500728519503643, -0.11968571012835445, 0.108019550017806, -0.42853830255552344, -0.055886441031313634, 0.02478572407079815, 0.0679031883707253, 0.0486727090272149, 0.07194144927457463, -0.2241203560351195, -0.06979834703403291, -0.06616759762241677, 0.18239537230549938, 0.1507465624821739, -0.026974994487132344, -0.00507661827461927, 0.10490173085473681, -0.1910774105506757, -0.75252195171792, 0.699467887503617, 0.10434727263539374, 1.0547946997086515, 0.3949355355339219, -1.659558482121546, 0.4204738274076218, 0.14715507717040968, 1.8757586057137225, -0.5700118588148918, -0.05188054511499647, -0.15010592124606337, 0.19239552223745612, 0.008345803541780515, 0.18911885053517125, -0.20387747712760063, -0.18116421001580352, -0.06083372782226152, -0.2470432333861538, -0.12311641133484724, 0.1302085432158961, 0.2529764540261594], "trans": [-13.977540005898897, 1.932533990239844, -0.7855045442629851]}