{"betas": [1.7511515842605234, 0.3670231778082652, 0.03978433168027672, 0.004913282851196045, 0.02958606384598556, 0.001461046037256542, 0.028411238985692, 0.012589726574853976, -0.014340388809218167, -0.004234100351574732], "pose": [-1.636589117274752, -0.16770503828962866, 0.16770503828962866, -0.4354590400472057, -0.025382924377935767, 0.1325831753324779, -0.6561421757343999, -0.0019005495752152071, -0.07227488309634361, 0.42020714723630637, -0.019269189386128264, -0.00560562687551476, 0.5493192236123136, -0.1010853046757044, -0.1106926896197021, 0.5515860752358257, -0.013444065817937327, 0.08927721198588587, -0.00984159825304027, -0.017146543632678056, -0.003811997445233144, -0.0030969057060608227, 0.08272370403822027, -0.12022440105305217, -0.09031966463125782, -0.16787910264051772, 0.2474406447636811, 0.020517040037150276, -0.015672600462330693, 0.030153987521748197, -0.2402461990005672, 0.25409239442305265, 0.17611309640681447, -0.04667907175516409, 0.18856758704220994, -0.34611580691023347, -0.07449546957591308, 0.25916233525654825, -0.01950981558286641, -0.1297897218401889, -0.3948571098656628, -0.07364670855727862, -0.05334806533575785, 0.37691016080208345, 0.12549089242654948, 0.15365549636286258, 0.06348741313010081, 0.02335637459024138, 0.12567046246869396, -0.42041619367776845, -0.7087138451331142, 0.27511241712866175, 0.42334739991172443, 0.8067205140147645, 0.2988000541394352, -1.4221326234210727, 0.31537818275919244, 0.31538216072056374, 1.1737007900691403, -0.13003520931444168, -0.019501646599532806, -0.18845182807291036, 0.38913872083647116, 0.03864807620318577, 0.15175780044603235, -0.18544740583076083, 0.019561710932146554, -0.02824863778220471, -0.09809800906663745, -0.05408224763354146, 0.10359546743093573, 0.1173872207690733], "trans": [-27.649390696064458, -1.3209868593786702, -0.9831652514238095]}