{"betas": [-0.459125293958982, 0.2836700625543276, -0.2828307762064238, 0.06170009900103966, 0.04114696315793381, 0.017447099752977802, -0.018216663065381097, 0.013285817624318214, 0.01584973647464493, -0.019639755817989615], "pose": [-1.509604032342545, -0.7158809944756848, 0.7158809944756848, 0.11664425171421075, 0.010051103031235652, 0.000799601296813314, -0.3102905030920452, -0.0022570384945959955, -0.005400474927354779, 0.3665208026519291, 0.010681098069449668, 0.0010654936586484186, 1.0341586740646316, 0.004572782959300102, -0.0039076453231756195, 0.44761168401745965, 0.009750370606015045, -0.0007777336151373812, 0.002171583356512687, -0.012363681056870038, 0.02513624013366345, -0.0937204331821096, 0.06340633989741598, -0.013336617321949136, -0.16052566049007372, -0.1738583314186178, 0.1295644126881405, 0.02510375879226246, -0.02184194915508698, 0.002765931313315182, -0.271525569231037, 0.25519726747472754, 0.11607120688714409, -0.09825320558801294, 0.11627368018456305, -0.2708847677910766, -0.1448636331046593, 0.03287145384313676, 0.08088763086305902, 0.010497704473083005, -0.10421931557559497, -0.3959363407323903, -0.08574401028098363, 0.21416916159572244, 0.3577636180416527, 0.1881103313257165, -0.0992846233324604, -0.04021705059129611, -0.0377885853755698, -0.2631773411764745, -0.6680497159087565, 0.0677441343336374, 0.21314619394583112, 0.6933562660175477, 0.0541359883736222, -0.8137478890511723, 0.27474369980438057, -0.11537533294165374, 1.026882401317401, -0.44481577355321356, 0.004754933835764497, -0.052495734719556375, 0.20061894437267036, 0.02655195621304616, 0.12999028516024314, -0.24624891063072074, -0.21870911652038605, -0.08297225150547802, -0.25269121877725287, -0.11780162009117205, 0.14880625947030962, 0.26811822407773356], "trans": [-14.762122268784143, 11.546690207017859, -0.3761037233234976]}