{"betas": [0.19173745763710806, 0.20679507266967936, 0.025545764337162807, -0.024244743693028488, 0.0007202369641003663, 0.013236882350636182, 0.021343764601424748, 0.007373052342460504, -0.01918535564321634, -0.005662447391478864], "pose": [-1.5213980447528086, 0.5005376410255331, -0.4880376410255331, -0.014386416204661752, 0.07449527982586107, 0.004914258282362312, -0.478753840085463, -0.022060890334761454, -0.01098454720629561, 0.32739343203390237, -0.018118155561913745, -0.012654458522271208, 0.2953579213373896, -0.1802617570179269, -0.10524341216390476, 0.2402401357837314, 0.0004136385256758744, 0.09998165819341467, -0.021683677210578612, -0.027251621520212266, 0.01593106415952453, -0.11702253143935767, 0.061531753741841624, -0.06401311943922854, -0.16777779698727652, -0.13906932113744042, 0.25533625177461733, 0.010611531056148319, -0.043459847335376195, 0.009166470502233813, -0.2850407263062634, 0.2873490808064551, 0.22504357717672574, -0.15813185510391742, 0.10337301647990471, -0.40860238237986074, -0.26746316179405544, 0.09646057242952111, 0.02335019164423571, -0.03807714720438617, -0.14703559913605907, -0.22905948016869482, -0.09245400552672267, 0.1537126736538496, 0.1943537337165419, 0.04621246093148569, -0.036214567350270135, -0.018245987645123907, 0.011574990972751845, -0.42381774834516117, -0.7450066814101253, 0.1646578588914922, 0.34749353343809264, 0.781580567254277, 0.16660712414236373, -1.820323646527891, 0.6183958638436134, 0.07786503450652182, 1.9451275252030293, -0.6830157635158155, -0.14398782718716968, -0.13712801589590523, 0.28798060092512623, -0.026692063939742112, 0.18717601035311696, -0.23088909362779175, -0.07768629691688166, -0.05582908024429933, -0.22153317332217823, -0.10178254298393505, 0.13312955366804255, 0.2272906159100353], "trans": [-29.02869343230361, 11.548585309303405, -0.504985070964697]}