{"betas": [1.7511515842605234, 0.3670231778082652, 0.03978433168027672, 0.004913282851196045, 0.02958606384598556, 0.001461046037256542, 0.028411238985692, 0.012589726574853976, -0.014340388809218167, -0.004234100351574732], "pose": [-1.562595882724932, 0.4022260724672977, -0.4022260724672977, 0.22413894582997565, 0.04304527569634077, 0.005868109685420293, -0.30449376684918616, 0.008469507270071185, -0.18385851756764732, 0.2005575448679225, 0.0044005188594316135, -0.02081237669284545, 0.5731078844814773, -0.14281884966370942, -0.11279315756797936, 0.13181910125889065, 0.0008343079674059881, 0.17706051763474284, 0.028198249703522235, -0.018025667655902012, 0.030893437128684836, -0.09452525136689331, 0.01529268557506951, -0.003388415282662198, -0.01740625295602862, -0.17494069339985766, 0.21110057149045408, 0.027433402309803342, -0.09740048372917179, -0.024650385924386432, -0.26271608968808885, 0.25284330169192815, 0.04056598730275028, -0.0253618337750617, 0.15847723110453424, -0.35091007001064894, -0.094699070035839, 0.017047652064156982, 0.05990928661383827, -0.004878625209073763, -0.22729135069585277, -0.3913142641454032, -0.0860432498873767, 0.33354812412444856, 0.3360542791239076, 0.3365829078413347, -0.15096434043556767, -0.02887060010333354, 0.2545948970599283, -0.4849227636456417, -0.6828599251993228, 0.33896006353092095, 0.1354610118975532, 0.8413431802940988, 0.16616110553991761, -1.3171512695600434, 0.3854515191949185, 0.16547301956621618, 1.0180699495024501, -0.007960301624874967, -0.12490372741874688, -0.09805922295395628, 0.18526606388429262, 0.07066002590459879, 0.10907688218935532, -0.22225548730629366, -0.08390517193984298, -0.08278839685042426, -0.20623797741180996, -0.08763554691565761, 0.1537900771025667, 0.23463400127523995], "trans": [-19.873196091663765, 18.136459258975453, -0.5284186186007077]}