{"betas": [1.813289222669109, 0.20156947919784157, 0.0011390909961732187, -0.4871353642584728, -0.16755291678885467, 0.02420319783742449, 0.0691750353522659, -0.03790042278230592, 0.027389876576093666, 0.006434531786996541], "pose": [-0.5206058979111777, 1.923813076265981, -1.923813076265981, 0.06965948903601184, 0.08693824416654357, 0.09122518535972395, -0.5459990409055775, 0.010548128661081553, -0.06465592484574974, 0.23106773931091282, -0.09468460602335577, 0.03043562100057653, 0.6443954207929516, -0.16472640745303826, -0.08970345920074844, 0.5524331558288685, -0.08478109348950438, 0.14152257564088402, 0.08047219658976103, -0.03221730774218187, 0.08552148320179549, -0.13706928036725746, 0.16715188542275594, -0.08811625172429152, -0.06534285393768381, -0.2783123575324595, 0.26921661388632867, 0.08698548651757315, -0.0722431440308341, 0.025572994990739718, -0.29533864644389496, 0.18813073933297775, 0.1976190802042842, -0.056301815661976416, 0.20252700443840904, -0.4410034095753498, 0.08520947673423439, -0.015099452126543, 0.12438572818779935, 0.06345666153465152, 0.009983438766712658, -0.14819753075424671, -0.09800783253031424, 0.007504448268774616, 0.14684316955466142, 0.2538737418312572, -0.1219318816727635, -0.023167029123949457, 0.18639289058401134, -0.3333363017611164, -0.9932925307548122, 0.32097582776388384, 0.0737149952965972, 0.8987273785242346, 0.48086495972850996, -1.5904450977481885, 0.42497100401497545, 0.18906605852953756, 2.003769178254402, -0.7258778898216615, 0.19126073998634818, -0.2165806531898859, 0.16123438757462116, 0.09091429453536606, 0.2266746189407283, -0.19488815110983326, -0.2972439212695078, -0.06083862647715005, -0.2611585134647072, -0.14588247440516702, 0.1335465838530641, 0.26492490703644317], "trans": [-11.750443193091519, -2.434885706136426, -0.8359297015719322]}