{"betas": [1.7511515842605234, 0.3670231778082652, 0.03978433168027672, 0.004913282851196045, 0.02958606384598556, 0.001461046037256542, 0.028411238985692, 0.012589726574853976, -0.014340388809218167, -0.004234100351574732], "pose": [-1.562595882724932, 0.4022260724672977, -0.45222607246729774, -0.5157870855313025, -0.0010567820865298276, 0.060912297434340894, -0.16011570540047232, -0.08143085180179274, -0.125084447595889, 0.2005575448679225, 0.0044005188594316135, -0.02081237669284545, 1.08479236432942, -0.1121129141402524, -0.15546398330757766, 0.2776321227482764, 0.00808637847301244, 0.07570745484799608, 0.028198249703522235, -0.018025667655902012, 0.030893437128684836, -0.06859601086615946, 0.07277313479816949, -0.062452567573401944, -0.15717175353001897, -0.14894853189506924, 0.19376698992286026, 0.027433402309803342, -0.09740048372917179, -0.024650385924386432, -0.29912644731632376, 0.25124327226868887, 0.17958771190882017, -0.11478967422726752, 0.08166164730628074, -0.32595412298167514, -0.094699070035839, 0.017047652064156982, 0.05990928661383827, 0.006153413438829335, -0.011905671642582702, -0.330526266239856, -0.04285170649337492, 0.03378356681615876, 0.3263764077388523, 0.3365829078413347, -0.15096434043556767, -0.02887060010333354, 0.2545948970599283, -0.4849227636456417, -0.6828599251993228, 0.33896006353092095, 0.1354610118975532, 0.8413431802940988, 0.16616110553991761, -1.3171512695600434, 0.3854515191949185, 0.16547301956621618, 1.0180699495024501, -0.007960301624874967, -0.12666692568968185, -0.06496807534322033, 0.16472363932259707, -0.04917630298912434, 0.088881601206815, -0.14215014346676932, -0.11147257566786571, -0.062095418491988685, -0.2208568562242716, -0.10702209948464032, 0.12467953423525929, 0.23879743187100538], "trans": [-20.540982365705606, 16.977050862918105, -0.6243037239218356]}