{"betas": [0.33303066142902105, 0.22906885785386125, 0.1321746135337195, 0.03485680493593007, -0.034928744222964915, 0.03738652273642406, 0.06435992437738675, -0.06135207138309116, 0.004712805749211021, -0.03328562850670294], "pose": [-1.6175588870978026, -0.29326427799956134, 0.24326427799956132, -0.4826899394026789, -0.01640170335310831, 0.12420820381076833, 0.13321390912579445, -0.024766214951159667, -0.07349762460451525, 0.1966067456171685, 0.02564383156163105, -0.031092635726132, 0.42892609136933824, 0.06933366659647024, -0.15293703406662995, 0.8098794687924897, 0.0530331666156876, 0.057017493872729565, 0.0384761144056007, -0.0637266902637008, 0.03807348707163081, -0.035758038036461194, 0.11564545469848699, -0.07160574849506995, -0.1814588909908176, -0.11830852793669684, 0.19068650750987348, 0.055391180964344214, -0.05099497272959292, -0.002767782518279367, -0.28753233104489834, 0.25672789413099967, 0.24894499237886233, -0.1371783588884125, 0.0769790391430068, -0.2748460222794952, -0.14261556858583052, -0.008062901684768982, 0.09531934718114797, -0.006325882579486541, -0.08035322737703546, -0.22470622864382817, -0.0596291528980161, 0.06789197160114029, 0.21339321034184833, 0.3180944898213439, 0.18289595068339115, 0.019333351556619516, 0.08648597137263836, -0.5161163348769009, -0.8070017136984149, 0.2979517252922716, 0.3610868919323772, 0.8802567954842748, 0.3488863997856923, -1.8816846889702843, 0.5883640854127978, 0.5267490235599157, 1.610557576752039, -0.29918952662428167, -0.26121675472197714, -0.12403659393645503, 0.1329438574075305, -0.08671720116440831, 0.10064517176659458, -0.07401999931105467, -0.028972939680708795, -0.015831140702186483, -0.16768967457168585, -0.08675716552483678, 0.09770176081865789, 0.16648334823376723], "trans": [-11.151153186763334, 0.9134899562639474, -0.6948863848874377]}