{"betas": [0.12182979554792384, 0.0498104030700563, 0.01874907528210161, 0.028247290178977192, -0.01045515424154793, 0.003794310233826808, -0.007750463989420916, 0.008476040652062412, 0.013630708331879994, -0.014916307566096007], "pose": [-1.0940301291903782, -1.3732896457060795, 1.3732896457060797, -0.3196757086494648, -0.018166011091385596, 0.09624335958232315, -0.3861689589347046, -0.018285627404423164, -0.08641998308496546, 0.2986390699996883, -0.008357600844781507, -0.0013453551652644563, 0.7724946737179831, -0.0393944650922472, -0.1503141366545358, 0.8364957246486384, -0.028059064788403434, 0.09296021236177823, -0.0018016719500450777, 0.0024455559177549205, 0.023110027145898913, -0.10412114205127743, 0.07253795093616312, -0.012392803069869491, -0.17646241707497048, -0.16873595176517367, 0.15693936145689505, 0.024820980965736254, -0.03687212532070777, 0.0005389954459548368, -0.30835840862396957, 0.2503470760112871, 0.13118494690419027, -0.12974120114903726, 0.11342123381797234, -0.3041402174188444, -0.21504967722457288, 0.05883414146391258, 0.06214183949784153, 0.05257479323833001, -0.02759940229642538, -0.45138589890666353, -0.011506576695971568, 0.11340122114151778, 0.4422835933885477, 0.14825147068713515, -0.05039609249064491, -0.0455447255027421, 0.1653146887669344, -0.2864922821593614, -0.9532933016658288, 0.2663954426427182, 0.26674750556736915, 0.9260143393185506, 0.3632899071609366, -1.3858114072187453, 0.3992015061741454, 0.13554396528492532, 1.319368474846374, -0.4051192368291921, -0.036074068517330984, -0.06953167758404306, 0.15774511355889195, 0.04625147243704649, 0.10614531858280554, -0.14097620769253605, -0.16320326056368764, -0.07348318407639784, -0.21827661510838722, -0.11171927749248943, 0.1337508878470797, 0.22693920457860198], "trans": [-41.820718576951286, -8.998434714400911, -1.1736333354755744]}