{"betas": [1.8964894903024812, 0.31493576625010133, -0.1035326407414528, -0.4364464500446508, -0.04973432451903863, 0.09833628269918979, 0.014303769774192097, -0.026993742994641887, 0.07112343154180402, -0.03308173982274214], "pose": [-0.1996736659452716, 2.123045899145519, -2.123045899145519, -0.009279771298027116, 0.07292538127673813, 0.03000619198424108, -0.6460077830792538, 0.017345961845151598, -0.12210114675380496, 0.3324147786454917, -0.10325500880163731, 0.03924272613357983, 0.42504621605659476, -0.10993733557187703, -0.08006407109925337, 0.27045220841562934, -0.4156578582817548, 0.08789818592720453, 0.03488617306022783, -0.04210153194560613, 0.03623275509523429, -0.08389263052474596, 0.10236582889681908, -0.019096579575726854, 0.07295904158652515, -0.23300229735226372, 0.2895903391761769, 0.0355910290555538, -0.06816276904381789, 0.01917155477356217, -0.21944436477521823, 0.1817957645426263, 0.04359794188691442, -0.024736813759838924, 0.263417572144013, -0.42663080135681913, -0.06675342901490189, -0.04000956687229211, 0.055257308707429655, 0.024446667188706753, -0.30535001172253046, -0.30079723086355464, -0.04997393856614153, 0.2924811855385049, 0.2985358064532446, 0.224611231753176, -0.15112323151679605, 0.026571151388138918, 0.12911777602973581, -0.45392138533377224, -0.7599993901465621, 0.22256462233584037, 0.3062474120808779, 0.7465575845607981, 0.40401707830522593, -1.126881249058409, 0.13542755440410792, 0.2449237861084151, 1.1080041231957551, -0.16002647756586533, 0.15431703080794038, -0.15884872764203212, 0.16607741505906104, 0.1756483927920484, 0.1367207838690542, -0.1344871842446732, -0.1734996704825322, -0.07696335605703321, -0.1725966873426991, -0.10998093676409959, 0.14546615637577753, 0.19249114165469777], "trans": [-11.344328443623686, 3.078113396737366, -0.6921432171419096]}