{"betas": [0.19173745763710806, 0.20679507266967936, 0.025545764337162807, -0.024244743693028488, 0.0007202369641003663, 0.013236882350636182, 0.021343764601424748, 0.007373052342460504, -0.01918535564321634, -0.005662447391478864], "pose": [-1.5706981071807764, 0.02060509235350453, -0.02060509235350453, -0.014386416204661752, 0.07449527982586107, 0.004914258282362312, -0.553753840085463, -0.022060890334761454, -0.01098454720629561, 0.16804072891770266, -0.08021873261912858, 0.022806500436506644, 0.2953579213373896, -0.1802617570179269, -0.10524341216390476, 0.2402401357837314, 0.0004136385256758744, 0.09998165819341467, -0.041765100235723496, -0.01728734167778784, 0.020274739161114358, -0.09666076378889336, 0.1459416373875889, -0.09913460911761934, -0.0457800438059311, -0.2711182832412491, 0.30315782623669557, 0.04135110245821167, -0.06499199314600525, 0.006784817677785305, -0.2464947717848821, 0.12956207722226243, 0.14327382446550707, -0.0817385884652277, 0.21440882943362596, -0.469127190487609, -0.1613531542019228, 0.004290315023857346, 0.0487316848533407, -0.013822763073675574, 0.04630044653483405, -0.24890719292190597, -0.0898073357205133, -0.05034743676114039, 0.23926829856193632, 0.12633848697415745, -0.03983990095507287, 0.0039353553381788215, 0.8924103452026333, -0.8677355794074985, -0.8400875107368144, 1.0667659258307103, 0.5330812224065294, 0.8086599191511734, -0.07122742098104903, -1.2473120381067742, 0.4111469542500608, -0.29319877950892, 1.2751568908206612, -0.3609942782813395, -0.013048240179866142, -0.11391228664498977, 0.06529311094949046, 0.03143761540507221, 0.09021803628343947, -0.031207771711323922, -0.1450550763113456, -0.05939071780515839, -0.18064395289481672, -0.06408954382657124, 0.10045516520361034, 0.18076781224955793], "trans": [-28.168078912066992, -4.55102686833227, -0.8909279671466834]}