{"betas": [-0.10716845975804463, 0.03555393559239171, -0.022909588301634677, -0.0022321960585287635, -0.011360188238027402, 0.007048778770267401, 0.0026244476494828445, 0.001119221678184007, 0.011361241992361597, -0.011308692156923365], "dual": [0.009817180190231964, -0.0070416601428738256, -0.0005235267263608082, -0.0075563344046995756, -0.0016847782929949647, -0.0003192510349708088, 0.000855000822097498, 4.120714667506546e-05, 0.0002752322002822806, 0.0007640929303140889], "pose": [-1.2890309238480993, 1.0754582034730447, -1.0754582034730449, -0.519331039665547, -0.03469187117094034, 0.1641196108362003, -0.5253396699695219, -0.00901497176775181, -0.15171305542509206, 0.40214244674391203, 0.00490371618206136, -0.0026388451337221197, 0.7833405636221694, -0.026291554397860815, -0.154327274622671, 0.8842136970419067, 0.007902192549789624, 0.08667777205107491, -0.008171177640434754, 0.00390756538279851, 0.012404827906279382, -0.0992925511146301, 0.05549213148477382, -0.038205725375101994, -0.1763285165191931, -0.1511572868106206, 0.18479245495007915, 0.024718329463717124, -0.025356977392713184, 0.004809859797241447, -0.30166644421228933, 0.290038742620782, 0.18644100138794897, -0.1478810005495371, 0.0889265364097578, -0.3234986919593012, -0.18158743756975954, 0.0958992287394385, 0.039586841526540906, 0.004806699805264023, -0.08327744303156627, -0.3565301964355524, -0.044836055476235835, 0.1665052699724468, 0.3275652784297306, 0.13913750750834192, -0.0316575898977605, -0.039116790084223564, 0.057578420679391513, -0.33238232168492104, -0.8468973289586996, 0.15451440402872574, 0.34745280374705834, 0.8404306310423296, 0.1851863189788708, -1.4994668405760754, 0.5295898678251973, 0.002776384814776692, 1.5499181942996123, -0.5735778603481704, -0.08088717660439335, -0.06659700182529696, 0.25063366011966465, 0.0146964047166741, 0.12528824166996594, -0.23014508649636475, -0.14538646497960997, -0.07020106333561363, -0.22998956571227597, -0.1267377229590981, 0.13703018906472347, 0.24500981761285245], "trans": [-51.35954397344257, 7.04308528568275, -0.9338006639727248]}