{"betas": [0.19173745763710806, 0.20679507266967936, 0.025545764337162807, -0.024244743693028488, 0.0007202369641003663, 0.013236882350636182, 0.021343764601424748, 0.007373052342460504, -0.01918535564321634, -0.005662447391478864], "pose": [-1.5554618844198809, 0.46510037309033814, -0.48010037309033815, -0.3021955119160502, 0.0003449007171520725, 0.023929876490932797, -0.48619668299254165, -0.07828546680334426, -0.0035002612092533483, 0.1934787082873525, 0.05643909557433678, -0.04076564494801806, 0.3643464940047718, 0.04517933275232926, -0.1065790805040176, 1.1183618782659113, 0.2014330964295708, 0.11690252484338878, -0.06731051940330175, -0.059843888463090474, 0.03827663231851114, 0.013099924082549851, 0.1321789242889065, -0.08748574793464138, -0.1910796889751558, -0.16912987796331133, 0.20189288433866417, 0.03759446938895032, -0.0424825181013418, 0.0015557216093287022, -0.23718339703408614, 0.182150979704071, 0.21744349520080436, -0.12866955685445827, 0.13575675635235507, -0.31171608594357614, -0.21507778042440254, 0.14244100724969264, 0.04327759977821966, -0.05864408248233936, 0.0754744886790349, -0.29569018071421815, -0.08421408923255569, -0.10600820514778597, 0.346478838431177, 0.176228761206333, 0.011377101373438642, -0.028138138630565836, -0.10776497095691902, -0.2871049190583088, -0.5971378179619835, 0.05585821487002213, 0.09859757064334497, 0.6600592017900938, -0.12819484256026367, -1.1847167023220502, 0.5327782135760021, -0.38725768446000114, 0.94645647197331, -0.5387053234436483, -0.1884705431263688, -0.05644218898733653, 0.08830095767960854, -0.175860027492919, 0.05606381473210304, -0.027057107665821575, -0.09334628058852759, -0.047216181597036916, -0.21435232071876498, -0.06743796406271434, 0.08475990464708492, 0.21209437774084208], "trans": [-22.128299462317308, 16.39787064730269, -0.5014688039299332]}