{"betas": [-0.10716845975804463, 0.03555393559239171, -0.022909588301634677, -0.0022321960585287635, -0.011360188238027402, 0.007048778770267401, 0.0026244476494828445, 0.001119221678184007, 0.011361241992361597, -0.011308692156923365], "dual": [0.031829481926785086, -0.047898591588546965, 0.00012118916348696426, -0.009955231292974534, -0.010566962607248194, 0.0042040680936795615, 0.0018242780349473804, -0.0028311843391108935, 0.004997321961341068, -0.000739253194876251], "pose": [-1.3246195937863188, 1.0085936928414534, -1.0085936928414536, -0.5261628275788752, -0.048910562661643536, 0.08877018163178027, -0.3802966186386613, -0.03241227809059477, -0.07150907715711827, 0.3835815762172961, 0.036114538669113766, -0.008337500342609714, 0.7200912071468146, 0.0356553611683153, -0.1586194827033072, 0.8521574239515174, -0.015359149248388767, 0.08880685321190035, -0.0065982354372583615, -0.001960111227511706, 0.0027690160748180042, -0.05231241705056591, 0.06998693113624624, -0.026012294591575235, -0.19048599299827718, -0.1788486738611038, 0.1474821680200421, 0.029213232085520197, -0.009330236001898534, -0.0010514820409728636, -0.2828669485133595, 0.2726605835689631, 0.1678879648189339, -0.12862303254822785, 0.1250613784832871, -0.2931802706808441, -0.1770955343490417, 0.12746792629054202, 0.037600778208911605, -0.0030102539237627218, -0.10864239942443156, -0.3689854553958053, -0.05256411559096367, 0.21241088201093733, 0.32665660745609265, 0.15657581543846227, -0.0076482737920177905, -0.05508072035551506, 0.09531542065494293, -0.2805272078613823, -0.8305516407514445, 0.15452374776866354, 0.3862769974628014, 0.8049545902070978, 0.2211612555556102, -1.3770836427021298, 0.4329064377279952, 0.048750833434706875, 1.512391118328048, -0.5144265408831978, -0.0247681593462418, -0.08073849372167184, 0.23625187457007216, 0.03551212927184103, 0.1447080629801334, -0.233188083999829, -0.18889522766008687, -0.07195444972152638, -0.2303674538724298, -0.12445050724116927, 0.13356403197532277, 0.24278311647116788], "trans": [-53.26924497951256, 6.892036960296186, -0.8546651931771824]}