{"betas": [1.7511515842605234, 0.3670231778082652, 0.03978433168027672, 0.004913282851196045, 0.02958606384598556, 0.001461046037256542, 0.028411238985692, 0.012589726574853976, -0.014340388809218167, -0.004234100351574732], "pose": [-1.5683089175078329, -0.2640229417380666, 0.21818960840473328, -0.31858159076583226, 0.007924194017806063, 0.09252528375925448, -0.40018150477777575, -0.020053425238355096, -0.08410987634045733, 0.2838834865364462, -0.025194801717262873, -0.009777803986754565, 0.585222423758344, -0.05491470818180737, -0.13495441268787417, 0.7797588794772934, 0.050191315903574, 0.07896367606705004, -0.012808792609634655, -0.019176183170612388, 0.02896225204615485, -0.08211926814834844, 0.09924044729841441, -0.05685333192956553, -0.13242667634625854, -0.17404207184189247, 0.2284399456453293, 0.034110630494713065, -0.05706286371461085, 0.00397646528551437, -0.2829104663134333, 0.22986827956100886, 0.17963449680893315, -0.13762331658789134, 0.13227257453018226, -0.34990878517050233, -0.16434124902831856, 0.10571760564899314, 0.04462544665747769, 0.016616995872358382, -0.014133378788651433, -0.36297759878836444, -0.02444797011522587, 0.01471652314150476, 0.3839782719365428, 0.17383651039767284, -0.00908107869553479, -0.03254030795916485, 0.033694051527842085, -0.34353223614003153, -0.774912377702485, 0.20042140331877886, 0.1646840386491893, 0.8155967725990172, 0.1796589175165282, -1.3319730905548854, 0.43841628330831334, -0.04802274413471409, 1.1423285198361128, -0.4074721976421417, -0.07266476516581774, -0.06836563206565684, 0.13499297200771687, -0.020536111972742008, 0.07752114249126689, -0.07448061661616427, -0.12424904313025387, -0.0618716675142704, -0.20260329481426526, -0.10471433927237267, 0.1153795856443637, 0.21286783170653806], "trans": [-29.021870048520828, 7.824693211595609, -0.7023475924191749]}