{"betas": [-0.459125293958982, 0.2836700625543276, -0.2828307762064238, 0.06170009900103966, 0.04114696315793381, 0.017447099752977802, -0.018216663065381097, 0.013285817624318214, 0.01584973647464493, -0.019639755817989615], "pose": [-1.227832477425021, -1.3280175948620234, 1.2530175948620237, -0.05776570227522126, -0.022631917499022467, -0.005362701250437911, -0.6831185843750457, 0.024640563179816884, -0.0024558344757943454, 0.2567947899646341, -0.027681280375409355, -0.01087813740089425, 0.22087033571004838, -0.007316052554692163, 0.0038995954691318988, 0.921078729035608, 0.022797368734883857, 0.07907258205946012, -0.03625910224474517, -0.022690030381545045, 0.021756426164803676, -0.11796132727775059, 0.051964418176368675, -0.025130231235288583, -0.12927737258059896, -0.14235846606490826, 0.26103042885928646, 0.014313888076006094, -0.04521442364653019, 0.01311561867468547, -0.2759165545186269, 0.3027011620177686, 0.17801009352813893, -0.15981301718208069, 0.13940534115617445, -0.40148525873083457, -0.22627029000667231, 0.1564060250923337, 0.019471758723341344, -0.05852528101562284, -0.21914769723293867, -0.2418059398448104, -0.08535484957228515, 0.20601749240608824, 0.24495404793677433, 0.12419198079896043, -0.005669124995847508, -0.026784671546558357, -0.06252633646632122, -0.5085376297720908, -0.7175070817746747, 0.1361484809760044, 0.3872463478275785, 0.8122897022236243, 0.026634126967206594, -1.5986212575029521, 0.5994172166897354, -0.040244643412830516, 1.648850714888746, -0.10666009733673826, -0.12133345512134724, -0.08708547220113277, 0.298319412111714, -0.03167450321733268, 0.13790627390647495, -0.21575737987671179, -0.07055313700691736, -0.06628676690005317, -0.21382671706904288, -0.10395723019806166, 0.1372778377578457, 0.22839075491691216], "trans": [-19.429846329348713, 12.485813522916537, -0.47938496027279515]}