{"betas": [1.8964894903024812, 0.31493576625010133, -0.1035326407414528, -0.4364464500446508, -0.04973432451903863, 0.09833628269918979, 0.014303769774192097, -0.026993742994641887, 0.07112343154180402, -0.03308173982274214], "pose": [-0.21562299267956847, 2.1144126230295575, -2.1144126230295575, 0.011234273042483527, 0.08086023255546955, 0.021724576690557863, -0.6500332641564867, 0.034759972511501175, -0.047738283250763715, 0.29954333829074875, -0.10099542929171937, 0.02810909445709933, 0.5017190271022742, -0.11585866845587368, -0.09449842660804134, 0.6334119515909431, -0.13941110952323688, 0.12229424508711985, 0.04541476142277119, -0.046757899440002415, 0.04423648845917368, -0.07417098400518758, 0.10937996986341021, -0.03548620132357383, 0.04561360044516437, -0.21655969523293103, 0.26065300110409045, 0.035250783558081505, -0.07225511176849185, 0.01837536736838403, -0.22069889667215215, 0.18209409956707484, 0.06167925038719778, -0.023736376890650043, 0.24727878768977565, -0.3798570596666032, -0.043739948477326054, 0.0033824883741471043, 0.07348292992710645, 0.03334671899433422, -0.283550310908215, -0.33044887347534413, -0.046721152792574605, 0.26706840109364754, 0.34079022222165034, 0.2437632887102059, -0.1290517291659001, 0.010562132758769485, 0.13338896562560898, -0.4266639290948444, -0.7589888996590066, 0.270932388161817, 0.3121702115133613, 0.7908775509685005, 0.38757329706255134, -1.0687591352261445, 0.11370032728370885, 0.29005281502765373, 1.1556508303984245, -0.15921695591702079, 0.1759982390890323, -0.15075024953507438, 0.1700684451022405, 0.14548093227985243, 0.14257099903286174, -0.1334379198741203, -0.19290245347517268, -0.07648477154738086, -0.17989426550183935, -0.1088275769810608, 0.14438701063468548, 0.19925833723202746], "trans": [-11.588879286617841, 4.568706799200564, -0.6317055512942522]}