{"betas": [0.33303066142902105, 0.22906885785386125, 0.1321746135337195, 0.03485680493593007, -0.034928744222964915, 0.03738652273642406, 0.06435992437738675, -0.06135207138309116, 0.004712805749211021, -0.03328562850670294], "pose": [-1.287427248699527, -1.2472888541774436, 1.222288854177444, -0.008211847442353974, 0.030826012871378657, 0.00960497618910592, -0.5804501207337927, 0.014245850841931154, -0.094229522197703, 0.4229787864266091, 0.030727577431420808, 0.016078813260346984, -0.011935146088516362, -0.1712794544051875, -0.1747552050086907, 0.5620062643830404, -0.0820212506250109, 0.04378629072108329, 0.002847210676197005, -0.00260516791206524, -0.018706032306923293, -0.02850980441202547, 0.07734588483174451, -0.09689697948736302, -0.09832798409030136, -0.1885247568580575, 0.23315092973831408, 0.006542835561692363, 0.025515346522357745, 0.0210228473683541, -0.18833402496937748, 0.26697626801132374, 0.20425442993753548, -0.08807421818277714, 0.21605122148179495, -0.3458216249119624, -0.14232239106683364, 0.32241147891313315, 0.0019808916957569406, -0.1278692067052523, -0.4406743049987232, -0.17048394970556982, -0.09437304035790062, 0.5374512369966299, 0.14592251820098778, 0.14485410942134067, 0.12489588419444221, -0.0565496497819896, -0.0454406872511974, -0.4712528875166056, -0.494002513707795, 0.030345180510429292, 0.6667162618019229, 0.5595438176259069, -0.03602659200198698, -1.071928169041424, 0.26785995760165704, 0.07497064837737531, 1.2287635696551413, -0.23787148279395068, 0.050962831134521755, -0.12501725217329107, 0.3353348935846086, 0.06743603851785356, 0.14402040618057677, -0.25140197209058224, -0.13906733775599642, -0.051339536759211234, -0.16164262749722627, -0.12177978667825934, 0.11349480373596821, 0.17487303958207168], "trans": [-17.462906839827, 11.625938733048786, -0.5462620118467678]}