{"betas": [0.19173745763710806, 0.20679507266967936, 0.025545764337162807, -0.024244743693028488, 0.0007202369641003663, 0.013236882350636182, 0.021343764601424748, 0.007373052342460504, -0.01918535564321634, -0.005662447391478864], "pose": [-1.566675060629407, -0.13342386416534893, 0.13342386416534893, 0.19132094368975427, 0.08664087416928098, 0.07231813545726803, -0.733802726131848, 0.00966512780105393, -0.0041422227519165924, 0.3635160719634965, -0.0014489772368356738, -0.009388028833772218, 0.3236658855013602, -0.1666139750706412, -0.11021781877994619, 0.5225820541701647, -0.022863229034607493, 0.1116510336698588, -0.019779060770583088, -0.03129821919299946, 0.028812283793423512, -0.09452606814674742, 0.10704435146082585, -0.062342421087305554, -0.15628704981269056, -0.18089452905071574, 0.20469788155574892, 0.03753681006704769, -0.048755406980913886, 0.004343474400406575, -0.2699656266066413, 0.20498273406355563, 0.19021074033221994, -0.11785672807017072, 0.10996910212334735, -0.3464670057374729, -0.1638639208150976, 8.019969607896597e-05, 0.04477345920098029, 0.041542953296450726, -0.038276564187896836, -0.36649680193038725, -0.02751554887143838, 0.07194429141771473, 0.34883242687986, 0.13919581860919528, -0.10701199435433476, 0.006358281711260274, 0.8924103452026333, -0.8677355794074985, -0.8400875107368144, 1.0667659258307103, 0.5330812224065294, 0.8086599191511734, -0.07122742098104903, -1.2473120381067742, 0.4111469542500608, -0.29319877950892, 1.2751568908206612, -0.3609942782813395, 0.007336360292604655, -0.0685381121488596, 0.10245874135806957, 0.04220053669353993, 0.08333582510352855, -0.08881601723022021, -0.1961571088292641, -0.06014873998453608, -0.2153479118969038, -0.1298898214612239, 0.12190680822961257, 0.2137173353916885], "trans": [-29.148974587273067, 1.4988020892254528, -0.8281282817834626]}