{"betas": [0.19173745763710806, 0.20679507266967936, 0.025545764337162807, -0.024244743693028488, 0.0007202369641003663, 0.013236882350636182, 0.021343764601424748, 0.007373052342460504, -0.01918535564321634, -0.005662447391478864], "pose": [-1.6278609294340056, 0.15606285073793247, -0.16606285073793248, -0.24447167733106315, -0.009488139191764132, 0.017940787998638366, -0.25993991511094505, 0.005222737768565257, -0.011520544391981614, 0.2902550861705409, -0.001362424388924428, -0.004565797990166091, 1.0580474574390262, -0.12833858765015016, -0.0842992357781316, 0.27654263543381774, 0.04701582872383438, 0.14972703988801594, 0.019521934637514338, -0.0022011470734904543, 0.00455889702339362, -0.06659646535629073, 0.045383741445572195, -0.05229103457355383, -0.13244359288224977, -0.15738378066560707, 0.1824301993371129, 0.013558636814756329, -0.027573064310925245, -0.002829850654312581, -0.2886906386956988, 0.2740584940685576, 0.1457608937212951, -0.10548347227381234, 0.10630062700356124, -0.2782127319141083, -0.13629429104320534, -0.0034527649360787597, 0.043864396519649414, -0.031040700204817886, -0.13318701166586033, -0.32642213356265287, -0.05230482623570664, 0.19583187026572252, 0.3292729301634328, 0.20901842228922898, -0.12420136966550296, -0.007688954528032704, -0.0036508201917945025, -0.507602528550014, -0.7951938703706243, 0.09874202040368929, 0.30486400899845034, 0.7991659817481043, 0.10508340893445556, -1.6063766817513445, 0.6378000851940784, -0.1449431862982555, 1.2214483356218993, -0.5410941457705071, -0.2039215008931633, -0.07556993037533774, 0.17456694385377222, -0.025785033523691537, 0.06454161869478713, -0.12603851507228164, -0.016935939382776096, -0.0473316219764806, -0.1694159874046023, -0.07217696782299532, 0.11774820956967791, 0.1881071473331767], "trans": [-21.149310897504225, 18.30789499932114, -0.47711732678722607]}