{"betas": [0.12977417203956745, 0.49847687971378624, -0.19179541608583497, -0.1113183526768453, 0.0549914925669735, 0.1034291447522722, -0.013453424082682812, 0.010035343166627214, -0.014576049326274527, -0.02308049036666073], "pose": [-1.5078888538347988, 0.5185149695757615, -0.5185149695757615, -0.01929613036255625, 0.05633411842120061, 0.06458851830674137, -0.6499764351145672, -0.028695545459332457, -0.11454050580800262, 0.43320203986026345, -0.07021049787938183, 0.05145816076864767, 0.4613651335558717, -0.18978258910744195, -0.09147330769698436, 0.5542553276010955, -0.22893135895388658, 0.13241698966108723, 0.007968533196298363, 0.027145121665991985, -0.013929641542144388, -0.05224016680551164, 0.071164997157377, -0.05359120073687887, 0.023467737712215598, -0.24830966568578486, 0.2188456606077167, 0.00636130366285453, -0.027343088646255245, 0.007511539359635125, -0.2139422926926934, 0.17533201568225257, 0.0489293523170217, 0.004871250211670807, 0.21740092643965755, -0.33698069559610894, -0.13318119768928777, -0.04031875206191662, 0.03309610908335869, 0.03237195886466415, -0.22371663911175785, -0.47996500401831, 0.005236279533533523, 0.3403960903946793, 0.46151184219955815, 0.21497072481416787, -0.14860349858218366, 0.012378369111178246, 0.0964481260731229, -0.32971781576779113, -0.7815309191728317, 0.13212481796302897, 0.2844324493044166, 0.7217363334346848, 0.1621548364312389, -0.6557608679085942, 0.11197682431257877, -0.0071693480190479705, 0.49312240171488575, -0.03938114303812684, 0.16694904938106933, -0.07562474491943098, 0.12627012489094777, 0.2072940782166804, 0.05834673944453714, -0.11058800670181218, -0.20206793233987055, -0.08732132616390177, -0.16017402292350574, -0.11152792080207215, 0.1347288762965861, 0.18101933997525435], "trans": [-15.21532112967414, 13.462329717597191, -0.48510047540544843]}