{"betas": [0.33303066142902105, 0.22906885785386125, 0.1321746135337195, 0.03485680493593007, -0.034928744222964915, 0.03738652273642406, 0.06435992437738675, -0.06135207138309116, 0.004712805749211021, -0.03328562850670294], "pose": [-1.594727686354936, -0.4404463555875211, 0.4154463555875211, 0.24764190811058492, 0.011839442561243342, -0.021535565884177363, -0.3639965924241473, 0.06269232251125377, 0.024748363871278378, 0.24846997308356472, -0.06610009255411402, 0.009503534621942984, 0.4753744013093083, -0.2685799281607284, -0.1481396420839657, 0.15540669321399997, 0.0052880553895, 0.040750471248902034, 0.053420745248578816, -0.023737092590854533, 0.031755084761959734, -0.020975938616561288, 0.05653765749922627, 0.012786054657814848, -0.06938724684661271, -0.19004799387616236, 0.16892309688296397, 0.055061288914738715, -0.0638970680255664, 0.0063239332704728615, -0.33237652655251854, 0.2580633105682462, 0.03185891202360402, -0.061396876083293486, 0.19919854131661321, -0.31983116835155573, -0.016601446748736707, 0.1838093937783791, 0.05941436759374066, 0.028640079818639665, -0.1524621967629861, -0.3591473523327741, -0.03442327552232087, 0.1343110189230787, 0.35768505262738476, 0.28811153882170837, 0.07332141279974683, -0.0744791120467796, 0.16897660543783552, -0.45225939443138774, -0.9434704502851344, 0.31797797173292924, 0.2974239832844526, 0.9638755327684223, 0.49677883414573204, -1.686962408922708, 0.44982669872763614, 0.2529645587142238, 1.664224920816238, -0.5067621947586155, 0.018496649949598157, -0.13169644109336368, 0.2056435309953946, 0.029850373191375006, 0.1625967334735755, -0.18245518050732148, -0.14754204682547103, -0.08641918453866163, -0.2223871791987691, -0.09792693024092425, 0.1504357387262714, 0.26457976350140794], "trans": [-12.9638603293755, 7.09868407702068, -0.5596956218421723]}