{"betas": [0.5425939922495325, 0.47738774179747123, 0.15292601182064422, 0.1712734498191424, -0.026676199413162845, 0.029053080237652254, -0.052279591306768236, 0.04030904345707816, 0.08374319963315201, -0.11291980133855471], "pose": [-0.9606483041838825, -1.3850455288817967, 1.3850455288817967, -0.4700492493264835, -0.06747394140843777, 0.06182388300579259, -0.46555958355999255, -0.009016884464858821, -0.07435515076076867, 0.3755323269699747, 0.01507848367452671, 0.002685250110772471, 0.6795230126471591, -0.067572009464568, -0.14655095687005257, 0.8004353824551659, -0.00021195089812626076, 0.08225544212568257, -0.031947476529340595, 0.03355472906386201, -0.0026973501895180213, -0.017224503164598174, 0.05957931543161627, -0.03348592520016151, -0.1278281889258601, -0.19211706126788936, 0.18925922918455657, 0.04829803793123975, -0.013217616007748973, -0.0012695101478596572, -0.3089524186019973, 0.23982535096172755, 0.15527207756947933, -0.14482086995905938, 0.1523187044117209, -0.3530442760468482, -0.18003051204450937, 0.2152119894451469, 0.02556358777270863, 0.03975488315583508, 0.051493949244995035, -0.462046029132156, 0.004050467563627755, 0.07003237202934708, 0.4469660995064453, 0.17476593414279262, 0.09755165000537208, -0.08337676484981259, 0.13746471363607152, -0.18879085381255356, -0.9376351304456998, 0.22541540571015076, 0.2819779538364154, 0.9061077209166583, 0.20517322301148735, -1.0342570866343879, 0.3020926083740787, -0.015520605775012563, 1.0545441995752363, -0.32578131736999333, -0.03319548279527363, -0.02446865776743304, 0.17036493305450895, 0.007862852366197444, 0.08103305810225307, -0.15534474221955183, -0.2183419659399292, -0.09197970673520113, -0.2363394027543275, -0.14302604134709637, 0.1290089575401762, 0.26059127421421996], "trans": [-25.878750982470063, -12.851688154391884, -1.1206326208336288]}