{"betas": [-0.19266644468801378, 0.5771463667239267, -0.16308379457488245, -0.06462538974507079, 0.08054580167251779, 0.027975024271901693, 0.03561269911626106, 0.05188376016633901, -0.05289357868361275, 0.00684608270928935], "pose": [-1.5353328535296016, 0.3875901533754539, -0.3875901533754539, 0.33493647322300346, 0.019049653423366106, 0.026872255145819188, -0.3046511897436733, -0.07164900337144028, -0.03416840483321888, 0.4181082504637252, 0.02326349282497599, 0.008185680915309365, 0.25965780436909724, 0.05510672382166934, -0.13302704805175847, 0.12606570156044275, -0.07466408768325099, 0.08399925577403995, 0.06360618042166674, -0.05798382607020961, -0.0012414439220066072, -0.02933960833690157, 0.07907614623899556, -0.06357202651784545, -0.10102408415806076, -0.17913225218595186, 0.15135366893611188, 0.00506447695315338, -0.02113619826278522, 0.006740359094372853, -0.20223238822360007, 0.24037553500246958, 0.1270282468573604, -0.013991676095773401, 0.1496646195125125, -0.2326102090868946, -0.07618146439950484, -0.020211757051030507, 0.02220038593948343, -0.013330135335475364, -0.44252477470663, -0.34115855495462305, -0.034860398769786825, 0.4818599026094467, 0.2916353448675771, 0.20963784966531737, -0.1619934933035846, 0.028629691076996987, 0.10760136896584188, -0.5128355334656975, -0.6985093179444044, 0.09386613843424488, 0.4289459786612266, 0.6498031311530807, 0.35438997246975723, -1.23748556694268, 0.27274511255899986, 0.1586801392195395, 1.0961033154689457, -0.25797064189439867, 0.12277977759464498, -0.1540325625226415, 0.19143392151258198, 0.18621937113107345, 0.13260200510316042, -0.18228715905924847, -0.14989602581516653, -0.04826456386799422, -0.160613342247139, -0.12218494250046848, 0.13257326238665393, 0.1733315264229363], "trans": [-16.838392402461835, 11.93053942701295, -0.3964355372131821]}