{"betas": [1.7511515842605234, 0.3670231778082652, 0.03978433168027672, 0.004913282851196045, 0.02958606384598556, 0.001461046037256542, 0.028411238985692, 0.012589726574853976, -0.014340388809218167, -0.004234100351574732], "pose": [-1.59533696783259, -0.10991224105909071, 0.10991224105909071, -0.18608187604598578, -0.014210578908994345, 0.007748370727462185, -0.4989088382480785, -0.009638303803757096, -0.008310351113724114, 0.34650404184488837, -0.016214540836485894, -0.012457289408217033, 0.2852233986639976, -0.05503459524994825, -0.14713431765310298, 1.196924216237391, 0.06501965345855419, 0.11252591247669047, -0.012924534367352561, -0.004834975002259625, 0.01935524411992758, -0.10281314271392392, 0.09882541786228749, -0.040923173248135436, -0.1647108654945636, -0.16906227919779912, 0.2137070997702686, 0.03752710429593778, -0.040458651310049935, -0.0005573490578020703, -0.2861782140519111, 0.2591156778912681, 0.19718955472519714, -0.16155928526826893, 0.12142104405661024, -0.32970248200554986, -0.13753519800102848, 0.07287193974072377, 0.04555897581325973, -0.012463670259900828, -0.06507148736526118, -0.30239495644544295, -0.049556098111686875, 0.10630321704742578, 0.3045624225839136, 0.18431349454509904, -0.05553053347157994, -0.026407265788338914, 0.0013816081851451426, -0.3836946234396859, -0.742813407888179, 0.135433665430529, 0.274050559884257, 0.7688406695543304, 0.11151818354884842, -1.396989798163418, 0.48655483569794306, -0.06683843984963388, 1.229914734809959, -0.4502238514814219, -0.12466204826018935, -0.05459545392707324, 0.18169275600355064, -0.01576608336589375, 0.0724241546935571, -0.11270583053865704, -0.10326064143935182, -0.04928930422061795, -0.1853539307005226, -0.10097837934813961, 0.1115335307823181, 0.189594508143562], "trans": [-27.27626302707876, -4.594700775939789, -0.9287325474003794]}