{"betas": [0.12977417203956745, 0.49847687971378624, -0.19179541608583497, -0.1113183526768453, 0.0549914925669735, 0.1034291447522722, -0.013453424082682812, 0.010035343166627214, -0.014576049326274527, -0.02308049036666073], "pose": [-1.4557686403695627, 0.6978296090097423, -0.6978296090097423, -0.31901233952325386, -0.058068968514065546, 0.0248696673868422, -0.16010049318520278, -0.05793465543121816, -0.04845966285381659, 0.25028609695790666, 0.03495397897400526, 0.004636783687088731, 0.7475827140234056, -0.09748721696595954, -0.15532340232427935, 0.5627464747395288, 0.05381923315554942, 0.08963854858101021, -0.021739312110099676, 0.010481745304087983, 0.011331356828818454, 0.04307843335209497, 0.06439044335089486, -0.023949958895729092, -0.03321112070038245, -0.19626287473626064, 0.16155937547305735, 0.07648126261064159, -0.020576878140555643, -0.01786015206096244, -0.32577036645644525, 0.2112439789594383, 0.07754912858195334, -0.09361949966564882, 0.2097272489951932, -0.2967541402743942, 0.006593531228540851, 0.11092775612101786, 0.052375854909197064, 0.04503922770923681, 0.09967540468495521, -0.49133114462226335, -0.006161075834033533, 0.018809520489972153, 0.5255369462402434, 0.37368412431419057, 0.00807776034241571, -0.09113954164747402, 0.0751790637576938, -0.21619361651244992, -0.8923318438356957, 0.18403270980149505, 0.25878777950863274, 0.8361494391703321, 0.16741940737179958, -0.5200222450996094, 0.1334698660085351, -0.1040216783092034, 0.465758682305554, -0.13407994585913632, -0.032462829130406594, 0.009521968838232222, -0.05624569063782197, 0.016355925955800307, -0.00042861017656799065, 0.011474276717706379, -0.17911379787791665, -0.08119916056226743, -0.2041283991191222, -0.10072587335419056, 0.12119488909629547, 0.24814259313462692], "trans": [-23.393587959701307, 7.273723250062188, -0.6826083728351778]}