{"betas": [0.12182979554792384, 0.0498104030700563, 0.01874907528210161, 0.028247290178977192, -0.01045515424154793, 0.003794310233826808, -0.007750463989420916, 0.008476040652062412, 0.013630708331879994, -0.014916307566096007], "pose": [-1.1456560593987837, -1.2969885914922719, 1.296988591492272, -0.3816424603747962, -0.02860908108424892, 0.10089316346419834, -0.4408359085419681, -0.01543852211751916, -0.09843043240807477, 0.33120774130085356, -0.003874155240026228, -0.0008499494115983437, 0.7124547191951094, -0.03494989993725489, -0.14490912967607994, 0.8152035442583114, -0.02213473899793638, 0.0874519142885298, -0.006166756795868284, 0.0041609931240413865, 0.014056829992210126, -0.0804477780800475, 0.06690283635852336, -0.02739369995051026, -0.15748599551368506, -0.175811291406261, 0.18621505413102643, 0.028087727430632446, -0.0302744797609785, 0.0030027588151369474, -0.30357820849704115, 0.2618108749871572, 0.15319228889092218, -0.13384994995171348, 0.1301177053389879, -0.33679966799460814, -0.20061856366608383, 0.11984407552400915, 0.04111872149334996, 0.022969165262641596, -0.05714299356805088, -0.3931469843202326, -0.024736319371898005, 0.13130375019904464, 0.37939933490755495, 0.14553030647046766, 0.0008005954863000346, -0.05262650505795798, 0.1212721733160174, -0.3108038222222173, -0.8794821512971013, 0.22921728640686825, 0.2925207063289908, 0.8730055466657506, 0.2959766973375247, -1.4677371997916167, 0.4463169576841356, 0.09287033051006015, 1.4287647867193582, -0.45456747744554654, -0.041563723822287076, -0.08433118394599019, 0.20595106960636492, 0.03321740234796691, 0.12591034846998594, -0.1775297015093183, -0.15636716828735833, -0.07427623809021025, -0.22208652071741108, -0.11783393065338331, 0.13300266404753522, 0.23637498821895137], "trans": [-44.63389637345137, -9.761191533402755, -0.9363029453433]}