{"betas": [-0.459125293958982, 0.2836700625543276, -0.2828307762064238, 0.06170009900103966, 0.04114696315793381, 0.017447099752977802, -0.018216663065381097, 0.013285817624318214, 0.01584973647464493, -0.019639755817989615], "pose": [-1.606208032327346, -0.32529765943974936, 0.32529765943974936, -0.4347273182770873, 0.005244904993526346, 0.001535061234270059, 0.3273065319727256, -0.011927351801083605, 0.004509073215856717, 0.51511823965991, 0.026016803179325868, 0.0005087416964284819, 0.15666632347356324, 0.006349200975551458, 0.004576405342870897, 0.24783767862310171, -0.0017142101637115728, 0.003466075996695371, -0.0541614676433075, -0.02770093593031269, 0.011206954286734537, -0.011002320338341105, 0.09665545568246653, -0.11159846932244467, -0.1058471576991658, -0.14703716834376154, 0.23445764137268935, 0.011615562913096716, -0.008827097957878236, 0.018207606718683402, -0.18024291006506604, 0.18191023607948734, 0.26121431833212416, -0.07641088748478721, 0.1046333248159925, -0.36989988636725324, -0.24903857748834296, 0.019470698161562147, 0.014256316161137433, -0.03136787144592313, -0.17390621184354038, -0.2979231010449958, -0.09669804773688415, 0.2726357889182853, 0.23509773522164765, 0.0591726855304749, -0.1584916151613163, 0.023642371989706118, 0.15338088502285385, -0.24979944711147634, -0.8598241162916103, 0.1016937882414932, 0.4588988038313376, 0.7647667085731699, 0.20886945925698813, -1.0599646607768933, 0.25256094980346405, -0.027164520608408602, 1.348252497561626, -0.4294206746655732, 0.00835173082820034, -0.06684512503428265, 0.2191478757024895, 0.00011360805734625447, 0.12990511679766778, -0.242375549626855, -0.27708093796271865, -0.07716301638959082, -0.2628667903462506, -0.17633735730223218, 0.13269378184329678, 0.2615750314158143], "trans": [-13.367013741271291, 9.820540266934623, -0.32891183049029626]}