{"betas": [-0.10716845975804463, 0.03555393559239171, -0.022909588301634677, -0.0022321960585287635, -0.011360188238027402, 0.007048778770267401, 0.0026244476494828445, 0.001119221678184007, 0.011361241992361597, -0.011308692156923365], "pose": [-1.3099572002562145, 0.9921374325202497, -0.9921374325202497, -0.4370967439416799, -0.03988423304307069, 0.09207889524897776, -0.520078008488235, 0.015389315935896913, -0.09423642074702396, 0.3547766616472908, -0.01845435546791618, -0.0004976682000792009, 0.7189115360971102, -0.004625165994642445, -0.14252082813003997, 0.8323889586615226, -0.044694574320946145, 0.08162051019946114, -0.019532338999608587, 0.01843979586482288, 0.02599818640945028, -0.07572278566387831, 0.03711411345822089, -0.0003322338993214825, -0.14267027823283537, -0.12112081709937209, 0.17330665895664837, 0.039842383538154835, -0.05014960064079692, -0.00042932440398546994, -0.3429921837998818, 0.27499352660041093, 0.1492956748095416, -0.15379998071529635, 0.05976314550263959, -0.32492068857616696, -0.21232801437650564, 0.06202800042302311, 0.05987673691681351, 0.11102953001686557, 0.12693186298042675, -0.5541222372323982, 0.022126660509732665, -0.030035269365107295, 0.534972519873538, 0.1687427264076953, -0.0409763919139719, -0.05969977275549816, 0.221511769237504, -0.24145722164642727, -1.2028348555977655, 0.33723345368096375, 0.2359391974184352, 1.1440959240317459, 0.3892075809045702, -1.445520873670263, 0.49008751397540706, 0.08367303663204605, 1.4682198487789275, -0.5492922880361937, -0.10546492488131577, -0.027997347550540955, 0.18398759655867172, -0.009453769631057428, 0.11027137039901981, -0.19422166339938066, -0.192520576476064, -0.09960163199079708, -0.2670789577942903, -0.1455469652887122, 0.15437685338290277, 0.2930128353374342], "trans": [-63.66534327231111, 4.465145873563903, -1.0784360072966992]}