{"betas": [0.12182979554792384, 0.0498104030700563, 0.01874907528210161, 0.028247290178977192, -0.01045515424154793, 0.003794310233826808, -0.007750463989420916, 0.008476040652062412, 0.013630708331879994, -0.014916307566096007], "pose": [-1.1992057988931701, -1.2246352984109101, 1.2246352984109101, -0.4282707682576764, -0.03337936332024444, 0.09473222131731474, -0.4930087840088488, -0.010378158215132171, -0.09244896439423837, 0.3592279137964144, -0.00571177733270275, -0.0006988750938720476, 0.7386362674111923, -0.02913862728100709, -0.15176450292612312, 0.8557608353893724, -0.03474916620973293, 0.09269012267958537, -0.024480198950599545, 0.012174947102878284, 0.010770281872844742, -0.07964311841753613, 0.061811641501898246, -0.020110964507501737, -0.15959888190896496, -0.1781654246584694, 0.1846102615482298, 0.028661245833031156, -0.032024610571294035, 0.0011071679638581845, -0.3074750203240873, 0.2532974420428314, 0.14872589035872988, -0.14006046814168585, 0.12466330991376119, -0.34821806325259824, -0.23509480466688262, 0.12140206284323886, 0.03589518614442055, 0.041807309613028344, -0.005924243862621247, -0.4433036712963471, -0.014267042050877978, 0.09148178159178846, 0.42333488553685067, 0.12834963677116284, 0.007337764746656162, -0.058182143987635215, 0.13513819802844582, -0.24931789652640304, -0.9346249797440773, 0.23464223195627, 0.26353704991721427, 0.9101705285918659, 0.27931084887450697, -1.3188142340066646, 0.4071244491669848, 0.04939043031406686, 1.3356342175563445, -0.4476750489451521, -0.03250008463775319, -0.05832675275604003, 0.18626717175010632, 0.030967119150279925, 0.11402316800273275, -0.17217686793146983, -0.18904516584944842, -0.08509685796669691, -0.23734905252438016, -0.12853920117824452, 0.1370408937179398, 0.25297506689135524], "trans": [-42.70111300190763, -9.150446262064273, -1.1660524655099265]}