{"betas": [0.19173745763710806, 0.20679507266967936, 0.025545764337162807, -0.024244743693028488, 0.0007202369641003663, 0.013236882350636182, 0.021343764601424748, 0.007373052342460504, -0.01918535564321634, -0.005662447391478864], "pose": [-1.621894429115796, 0.02208184891864734, -0.044581848918647304, -0.014386416204661752, 0.07449527982586107, 0.004914258282362312, -0.478753840085463, -0.022060890334761454, -0.01098454720629561, 0.30406108646785784, -0.023434490382327092, 0.024238129862611073, 0.2953579213373896, -0.1802617570179269, -0.10524341216390476, 0.2402401357837314, 0.0004136385256758744, 0.09998165819341467, -0.017481559306762144, 0.040359060067536194, -0.017119672216012002, -0.06991854322067444, 0.039480709853191236, -0.03189235751593636, -0.14574835486085122, -0.18177282155160757, 0.20067649490387332, 0.011612653508642302, 0.004392061320711738, 0.0024960076650366965, -0.29641730675232614, 0.2761314465583825, 0.11988271076857819, -0.08439552316100009, 0.16897796969859347, -0.3654807861117148, -0.22250956411493042, 0.0991020832753719, 0.03432488564535939, -0.09475975919783447, -0.1708964949435063, -0.21784062760762857, -0.11848389518725667, 0.31252614713382376, 0.1727497006353769, 0.14132917468093723, -0.015749953068206556, -0.05352416883568542, 0.023603276787294045, -0.46593632669998813, -0.7566917685138157, 0.03741928582200345, 0.5053262365981545, 0.6712772512216807, 0.08595806814259596, -1.8225446344102376, 0.6713658557004063, -0.06547351225114888, 1.618414522191066, -0.6026683094583029, -0.22539099034709503, -0.1311922759061972, 0.29298009160436406, -0.005538328513333809, 0.14172227553579436, -0.24783365246299902, -0.022906344603454473, -0.053839186801837975, -0.17721065881835021, -0.056247868310168495, 0.11732237294400749, 0.19311007933745472], "trans": [-20.97741153171047, 19.402993169607694, -0.45505185827602945]}