{"betas": [-0.19266644468801378, 0.5771463667239267, -0.16308379457488245, -0.06462538974507079, 0.08054580167251779, 0.027975024271901693, 0.03561269911626106, 0.05188376016633901, -0.05289357868361275, 0.00684608270928935], "pose": [-1.5127318743908587, 0.49837493615069406, -0.49837493615069406, -0.5320473552357454, -0.025396601600688972, 0.03092058825661627, 0.16327022033297803, -0.049358045651886756, -0.015818976264985782, 0.3553297852108757, 0.07014526347206466, -0.02305585366717022, 0.4780163424684418, 0.1094851772227412, -0.14502766645083007, 0.1683380155683628, 0.05539437976898094, 0.049009908628790635, 0.07327203038394911, -0.07206379373228496, 0.028251794901091063, -0.04763193502592892, 0.06982309027850786, -0.07378985701636714, -0.164520997738596, -0.11658187289227626, 0.1578231020833844, 0.0029285146338212413, -0.010975891184920443, 0.01639600232628829, -0.2144454391459031, 0.29754322059698723, 0.21916130842119755, -0.08655921254680693, 0.11722048783288022, -0.22811661848499942, -0.11219110879590646, 0.1393885644897725, 0.042666992628992394, -0.017940955863218987, -0.44893390810735934, -0.30332034591669604, -0.03006337286678871, 0.4758096590471589, 0.2961319975843949, 0.17785117956132968, -0.08207426770293529, -0.010046552774951345, 0.16400687950768061, -0.541531330503248, -0.7208636463218887, 0.250551330374292, 0.5402483276523177, 0.8024700874844398, 0.47429453997690624, -1.5920664915939453, 0.332758427468186, 0.40701605982550726, 1.6389327012594248, -0.3346615266593399, 0.11981467520467376, -0.17364906776201536, 0.27401181481820536, 0.10191427098732402, 0.1899957472585958, -0.22637086464017697, -0.1574852398933815, -0.042889284800038494, -0.1972922796991321, -0.15106245170365612, 0.13854607838935254, 0.201761368387486], "trans": [-17.310716751072768, 11.059928304594402, -0.4926486352857652]}