{"betas": [1.7511515842605234, 0.3670231778082652, 0.03978433168027672, 0.004913282851196045, 0.02958606384598556, 0.001461046037256542, 0.028411238985692, 0.012589726574853976, -0.014340388809218167, -0.004234100351574732], "pose": [-1.562664112748003, -0.1873551774359989, 0.18735517743599892, -0.18518078296526264, 0.009564170036294518, 0.055690244233552705, -0.4304593955778904, -0.03857222720031891, -0.06002907260653548, 0.2932105966566252, -0.031493193752885354, 0.012547149578853127, 0.7092703898968223, -0.12750294250368546, -0.13121234854144034, 0.6339491210664889, -0.050129866685606136, 0.09544521228243175, -0.005758690223846206, 0.0027154914949707315, 0.020993701593774058, -0.0871621735410161, 0.08190647623719961, -0.0447371956033154, -0.09213066257458756, -0.21184642027810982, 0.21458825175307003, 0.03429825333393883, -0.03941530726778849, 0.010007392853214035, -0.292331789067272, 0.23416163259980532, 0.10165912900555565, -0.09100232866198048, 0.16845073093980045, -0.3464286279960895, -0.10689922590408013, 0.09343294223800797, 0.04947318489141846, -0.013957675280476037, -0.06335273749386962, -0.31666513641485955, -0.03521877392782859, 0.09932597305197947, 0.35283815237518623, 0.21877849628679577, -0.004857310458064428, -0.023492078182140726, 0.12567046246869396, -0.42041619367776845, -0.7087138451331142, 0.27511241712866175, 0.42334739991172443, 0.8067205140147645, 0.2988000541394352, -1.4221326234210727, 0.31537818275919244, 0.31538216072056374, 1.1737007900691403, -0.13003520931444168, -0.05276725405091374, -0.08936389910570255, 0.17120774646014095, 0.02863859065370042, 0.07706552787460297, -0.10688811634814925, -0.07467711322649162, -0.06283458945920159, -0.17325147695039303, -0.070417775201412, 0.11825920183895965, 0.19379506248715508], "trans": [-28.08337185552686, 0.3490358500849157, -0.949870291751163]}