{"betas": [0.33303066142902105, 0.22906885785386125, 0.1321746135337195, 0.03485680493593007, -0.034928744222964915, 0.03738652273642406, 0.06435992437738675, -0.06135207138309116, 0.004712805749211021, -0.03328562850670294], "pose": [-1.648739828743537, -0.49115813113141993, 0.4411581311314199, -0.34431669000748855, -0.06325660210071861, 0.09711074737326278, 0.13962664177690712, -0.023585330005149504, -0.029295695503928656, 0.25344679341813436, -0.002683070971427042, -0.005900516864916831, 0.2705013358802315, 0.13221136147317025, -0.13104359289884288, 0.035831801034312064, 0.19542792689047522, 0.01024577307213518, 0.052835252696236464, -0.03119005525963862, 0.02245036554632218, -0.012570748000089052, 0.05873320716353435, -0.09899742407675427, -0.14433431216112336, -0.09728987383782721, 0.18994000451076112, 0.024082317513745472, -0.044249601791132985, 0.010039023761103319, -0.2945101528453333, 0.27814635999289605, 0.23928330943819973, -0.0851043108216996, 0.05266896669574828, -0.28804679377491965, -0.07935690794001561, 0.17982494700361232, 0.04200103949101247, 0.014432914587121036, -0.119616925453691, -0.33268516609841353, -0.028496102263795536, 0.1274607321330867, 0.302067174245424, 0.209382957917952, 0.044793351354059915, -0.06200145722126884, 0.15579678014169787, -0.4797986252784206, -0.9447058421140294, 0.19681674110062145, 0.3717982578813302, 0.9010771039208059, 0.4345425329289939, -1.897429799359219, 0.605182734906626, 0.07263627623130375, 1.7509849370555746, -0.6390901147774084, -0.12875831602216836, -0.12480700232584542, 0.18126805680024777, -0.07676382306562346, 0.14763211138294818, -0.16744821046435723, -0.128472054234032, -0.0591096742072062, -0.2385216858470519, -0.14283619442103362, 0.13066817487157875, 0.2641104943705078], "trans": [-12.066597712057943, 4.977156880146747, -0.60044824021118]}