{"betas": [-0.04531959800123942, 0.25816046623113975, -0.10443940742347267, -0.07597029208210594, 0.013911735992459227, 0.013954990810594958, 0.00840059268463032, 0.018210526354907698, -0.01144635948893292, 0.002226290135924623], "pose": [-1.556367941173032, 0.24941566549205113, -0.24941566549205113, -0.06916593184960773, -0.02172218165142189, 0.01958358823469412, -0.3008428621304417, -0.031840871439606656, -0.06145805000206139, 0.2627625704544944, 0.016820134283494655, -0.00012175664432082385, 0.15170459152864402, -0.15555369892701906, -0.12345787669202679, 0.7243401289314628, 0.00582323720521276, 0.11796864996931923, -0.022586471367973475, -0.005055408039745223, 0.021967820533971963, 0.03141161414654422, 0.07085920964421488, -0.01649336889486101, -0.051964850359296176, -0.1928515239750268, 0.14751446893640446, 0.0752325768301548, -0.03716578537743774, -0.015707333283586613, -0.31647777544494526, 0.2099733100590278, 0.060569842451008875, -0.06973283289987695, 0.20204658796422426, -0.28023168141517985, 0.020599789963803104, 0.03876793010237446, 0.06499523033807776, 0.053097006092776705, 0.0818752772342063, -0.48398306722028583, -0.011257674006428374, 0.011914969837869842, 0.5273885407523521, 0.3782727351782425, -0.06666812578304893, -0.06311513081288078, 0.05689889481224812, -0.24560241935197544, -0.8762594904396498, 0.1928873742521659, 0.2277880485955923, 0.849995119677194, 0.1540268345603726, -0.5472832125492579, 0.14378336224425275, -0.09343890862978974, 0.4618143543385403, -0.13911550841214218, -0.03510119310736437, 0.013989642861547613, -0.05651588850890406, 0.017893262551985326, -0.008132511476003608, 0.021159841952560834, -0.16370508565296743, -0.07588156581255773, -0.19234329493874702, -0.08965985783197808, 0.12232743180276183, 0.233421404662204], "trans": [-28.4692254570485, 9.922552959527518, -0.5720706056233944]}