{"betas": [-0.459125293958982, 0.2836700625543276, -0.2828307762064238, 0.06170009900103966, 0.04114696315793381, 0.017447099752977802, -0.018216663065381097, 0.013285817624318214, 0.01584973647464493, -0.019639755817989615], "pose": [-1.6702783726736037, -0.022315637480171166, 0.022315637480171173, -0.5136683860890341, -0.007108371758877685, 0.023848913884915876, 0.21075666067063248, -0.019695180104599044, 0.04214998409274368, 0.2762344152681128, -0.002049576320883227, 0.007994247427937574, 0.5116527215304795, -0.00961762131879109, -0.009688638716581884, 0.08772129405580517, -0.025240931640639286, 0.06958770954301138, -0.03136706458103755, -0.0829575291187756, 0.05118740492501652, -0.08329979427516587, 0.00919779061483094, -0.007549367064374778, -0.15769863234633777, 0.0019225014746883581, 0.010216387815949947, 0.039942365693062414, -0.039985098284283926, -0.0013635889514025173, -0.19762372236603637, 0.18064772283229463, 0.22065898037012863, -0.11844774052634502, 0.09806292785257426, -0.3539023565678146, -0.18457622162523743, 0.008866050954173095, 0.01500339410835376, 0.04216811010432011, 0.03727906511108638, -0.42958016298104645, -0.10243372472062569, 0.018250096000626236, 0.38595219900154465, 0.20052301298053227, -0.009737486775804861, 0.017454860748694387, 0.5413015383487126, -0.39728649796387694, -0.8802571334331492, 0.4611362630110478, 0.2375955518937682, 0.7102715816997978, -0.03467645229688056, -0.27994866533606144, 0.051106457121372205, 0.28661280021161445, 2.179523122612234, -0.3440411534457892, -0.065856355222444, -0.025048381452535497, 0.05417228375164952, -0.06895257808217625, 0.09398991099089361, -0.16193802328525628, -0.25819204970550835, -0.08342107093890204, -0.30686011526752827, -0.15614242938488831, 0.14452110990602124, 0.3017492232423509], "trans": [-9.966500537346564, -3.0010578809159534, -0.6700955953668545]}