{"betas": [0.19173745763710806, 0.20679507266967936, 0.025545764337162807, -0.024244743693028488, 0.0007202369641003663, 0.013236882350636182, 0.021343764601424748, 0.007373052342460504, -0.01918535564321634, -0.005662447391478864], "pose": [-1.4403023700923026, 0.7417327690060885, -0.7125661023394219, -0.24447167733106315, -0.009488139191764132, 0.017940787998638366, -0.25993991511094505, 0.005222737768565257, -0.011520544391981614, 0.3132955353942853, -0.01350555194339051, -0.003206212980085359, 1.0580474574390262, -0.12833858765015016, -0.0842992357781316, 0.27654263543381774, 0.04701582872383438, 0.14972703988801594, -0.04445535631011081, -0.0026253017481512667, 0.017488161928365144, -0.0794187733014905, 0.09023774306142598, -0.07710369651637508, -0.14502277474014083, -0.1712803406778442, 0.23429550217308565, 0.02358107279790818, -0.036353980405658216, 0.007590607527639734, -0.2719745649380401, 0.21644054750940028, 0.19806142454216388, -0.12500196647027748, 0.11760205804417816, -0.3758165992691077, -0.23008310433140058, 0.07668524460536312, 0.036094991820558545, -0.013152998933727495, -0.0007376126412503208, -0.316488959123053, -0.053949242064119156, 0.05218299800081442, 0.31925930718734924, 0.10998964309013823, -0.03980808573607643, -0.017490337765227695, 0.8924103452026333, -0.8677355794074985, -0.8400875107368144, 1.0667659258307103, 0.5330812224065294, 0.8086599191511734, -0.07122742098104903, -1.2473120381067742, 0.4111469542500608, -0.29319877950892, 1.2751568908206612, -0.3609942782813395, -0.1175282224285561, -0.07153642346954743, 0.1628140535841265, -0.03629313528037256, 0.08562737915142724, -0.11154536664954114, -0.11889480904293317, -0.05997572365221853, -0.2059414582513444, -0.09851893827848758, 0.1123659679275522, 0.20998849211455267], "trans": [-25.98017337958168, 13.385084895842716, -0.4721704115804972]}