{"betas": [-0.04531959800123942, 0.25816046623113975, -0.10443940742347267, -0.07597029208210594, 0.013911735992459227, 0.013954990810594958, 0.00840059268463032, 0.018210526354907698, -0.01144635948893292, 0.002226290135924623], "pose": [-1.5694707286994913, 0.0756891132375375, -0.0756891132375375, -0.20438028458208085, -0.03464967891207459, 0.03134400896886525, -0.18453144949418068, -0.04846018281991367, -0.05296516517917718, 0.2515744647826742, 0.01601624642560583, -0.005746705114588915, 0.13808328217439308, -0.09246791781739581, -0.14212381877936553, 1.1418398121055635, 0.053817858324169715, 0.10282874308392594, -0.020681863886221008, -0.004031085333544911, 0.025160464911001115, 0.03478741161867754, 0.08593506496988974, -0.00972822317125544, -0.05541665801707896, -0.18860153658408838, 0.14321621036124335, 0.07332147538153454, -0.03711312760415301, -0.018131409073078017, -0.29880651559851984, 0.20609396245894812, 0.08389352461502378, -0.09041591890054361, 0.19602525433137086, -0.24754702175475132, 0.021103116717606563, 0.03719017515599181, 0.07501793326439953, 0.05131255708741107, 0.08625224359347704, -0.48386518457027866, -0.013751819963811134, 0.009240338110000667, 0.5266086065995335, 0.37408994217300756, -0.0807602546489151, -0.06928950813212381, 0.06193901751075811, -0.23738050135872685, -0.8735909279970626, 0.19865504713175508, 0.23167791050397515, 0.8537699953666371, 0.14805421903941618, -0.5325310422979997, 0.13872895451615352, -0.09238643970783715, 0.4684049953599248, -0.14303759844346745, -0.03260067582552702, 0.018468190741902712, -0.058918605708664216, 0.017470541810033536, -0.0052170175843604324, 0.030338184459035054, -0.1844881028602791, -0.0720900909644945, -0.1923775364475502, -0.09501795263060872, 0.11791871350556353, 0.22649726516433125], "trans": [-28.26990062554503, 2.438286440838223, -0.7803912749622705]}