{"betas": [0.33303066142902105, 0.22906885785386125, 0.1321746135337195, 0.03485680493593007, -0.034928744222964915, 0.03738652273642406, 0.06435992437738675, -0.06135207138309116, 0.004712805749211021, -0.03328562850670294], "pose": [-1.3260360429004476, -1.1823994180865616, 1.1573994180865619, -0.09683259308540862, 0.018435442032494045, -0.09339871088074408, -0.3914920102619548, 0.04061452105370435, -0.012145616352263404, 0.2077561622992535, 0.05687198993220781, -0.010797280210925082, 0.07037826717570839, -0.03820176579408903, -0.03558599152409588, 1.375749713925604, 0.047682094032417986, 0.03941615019781188, 0.034070378262584786, 0.02343243399714302, -0.0017380167812535133, -0.026850355457704405, 0.08248686786412565, -0.015487252755842621, -0.18376537674127993, -0.1992709235641253, 0.1477012231505069, 0.05444863956978658, 0.002513402136431773, -0.011683145101073574, -0.32821923054584284, 0.3007545603905961, 0.17949581855767555, -0.1852179575325602, 0.15561327378796916, -0.2870049938516086, -0.11868244161013822, 0.2132524583546225, 0.056171882474640486, 0.031791373693890373, 0.02979643774996152, -0.3989531290906361, -0.005662482658396005, 0.1103508155252361, 0.38027048288785287, 0.21504684752951622, 0.10450770436848515, -0.10971521642446445, 0.2012243588741956, -0.25775219608195205, -0.9337258681579291, 0.34493491875179844, 0.36055634157833316, 0.9400880348938813, 0.41913405648885244, -1.718340620365712, 0.45885412551038035, 0.3023895931455005, 1.6895618962192005, -0.39906030899348977, -0.08057962388793201, -0.11320022384206407, 0.24613381767119052, 0.03597432328752136, 0.1671990005208279, -0.20892872638266163, -0.14473805498515063, -0.06385732530834327, -0.20516500898067205, -0.10872486916580454, 0.12088427847442566, 0.22147682526329557], "trans": [-18.674667418148577, 11.604964309105899, -0.5829016646723558]}