{"betas": [1.813289222669109, 0.20156947919784157, 0.0011390909961732187, -0.4871353642584728, -0.16755291678885467, 0.02420319783742449, 0.0691750353522659, -0.03790042278230592, 0.027389876576093666, 0.006434531786996541], "pose": [-0.49210608359913827, 1.9438784977897274, -1.9438784977897277, -0.10570473973109787, 0.06157190279451298, 0.10213786948652383, -0.4308772448487557, -0.002153188120684003, -0.08402193191804477, 0.16554528713749755, -0.06940398707845853, 0.017588165215430943, 0.9697578255174263, -0.047762091280366833, -0.15987662775565983, 0.5783187887010387, -0.0026318433018259774, 0.08654767316560102, 0.02136157998745939, -0.025621413559588437, 0.04346955129291597, -0.16884269852339825, 0.12382128421070862, -0.02380487127954041, -0.12016359651050308, -0.23250474754348152, 0.24045317350906958, 0.08137774690301128, -0.07674752730148565, -0.002112271016360247, -0.3633071598964152, 0.2315524771945475, 0.12835969386504942, -0.14025015349528414, 0.14752617418968553, -0.4566060275921837, -0.0418598760169595, -0.08563611295274276, 0.09584360193142005, 0.07536441059858372, 0.12501855761853498, -0.23489496689121955, -0.07780770933140209, -0.10159736028430537, 0.17398812256927515, 0.17133447367999197, -0.07836979908864747, -0.008037654500290857, 0.14818787860863314, -0.18628662318639488, -0.8253823622092572, 0.24312658194854928, 0.1337287019694895, 0.7238183754872293, 0.5410483109087895, -1.8117802594015227, 0.42244332233004595, 0.280651836648099, 1.9946060385391262, -0.5503843216352448, -0.060594339147116885, -0.15592419505556027, 0.14957096364532665, 0.053916218743628785, 0.18406585223283872, -0.17140209340867266, -0.1464358085654287, -0.05893169523308568, -0.22764910816520215, -0.08761852907239054, 0.1352976374259771, 0.2348669205321922], "trans": [-12.725741273500738, -0.2225767142434557, -0.8399827304920995]}