{"betas": [0.19173745763710806, 0.20679507266967936, 0.025545764337162807, -0.024244743693028488, 0.0007202369641003663, 0.013236882350636182, 0.021343764601424748, 0.007373052342460504, -0.01918535564321634, -0.005662447391478864], "pose": [-1.5675417393201339, -0.11857688706153313, 0.11857688706153313, 0.19132094368975427, 0.08664087416928098, 0.07231813545726803, -0.733802726131848, 0.00966512780105393, -0.0041422227519165924, 0.33844581274155966, -0.06479242526128154, 0.01974694697121762, 0.3236658855013602, -0.1666139750706412, -0.11021781877994619, 0.5225820541701647, -0.022863229034607493, 0.1116510336698588, -0.02456308102967301, 0.006492861096052452, 0.020954328385428454, -0.11729739062269522, 0.06872723078159382, -0.03676863013539495, -0.08120534246219012, -0.18845766256644372, 0.24483956709571297, 0.02127892201768029, -0.052572174573708726, 0.010289883555579133, -0.2894243138992603, 0.22767608962363498, 0.11393237022653378, -0.09622004251728085, 0.1474779731580913, -0.3990041954776316, -0.20210128793650536, 0.02169526409179965, 0.04515463542579598, 0.014751799514564054, -0.05543329015412364, -0.3613557248171986, -0.03888480322384899, 0.09939415700285853, 0.36339154265735646, 0.14553287135882914, -0.07317598750207396, -0.010940137204339586, 0.8924103452026333, -0.8677355794074985, -0.8400875107368144, 1.0667659258307103, 0.5330812224065294, 0.8086599191511734, -0.07122742098104903, -1.2473120381067742, 0.4111469542500608, -0.29319877950892, 1.2751568908206612, -0.3609942782813395, -0.05515388359983482, -0.08242172983358503, 0.17537081827397688, 0.041639221537858, 0.09398796449611535, -0.1367589527939453, -0.114799365183516, -0.07612711401465157, -0.2038734466182862, -0.09555512974555846, 0.13286537214028699, 0.21996207328398137], "trans": [-29.211077579971978, 2.900527517603164, -0.7812127821163936]}