{"betas": [1.7511515842605234, 0.3670231778082652, 0.03978433168027672, 0.004913282851196045, 0.02958606384598556, 0.001461046037256542, 0.028411238985692, 0.012589726574853976, -0.014340388809218167, -0.004234100351574732], "pose": [-1.5922052243410845, -0.16411446813912664, 0.16411446813912664, -0.4624431419586834, -0.016071086729173525, 0.11345729240919566, -0.2501973824626405, -0.05195904049193499, -0.07333981127716277, 0.28651172044876244, 0.023359588550333252, -0.0210109613581913, 0.5313753816499712, 0.0017058764059577646, -0.14042498392192015, 0.6563349480336126, 0.10353902531083145, 0.06307674568520814, -0.03038092316081251, -0.02896967271401065, 0.026820821713802307, -0.013108581058047098, 0.11227833601892453, -0.09793182623250853, -0.1471193413462888, -0.16956449507234694, 0.21542908915975179, 0.04137038583622949, -0.04051660856197354, 0.0077179539690421925, -0.2627513803440258, 0.2110666400757448, 0.22258446998319273, -0.13052700159480524, 0.11603267920362599, -0.3239782329651883, -0.14507253383110247, 0.15840174072164645, 0.033488433271512186, -0.012899449381289752, 0.03865186299580482, -0.32427066855584047, -0.0355106117155434, -0.03533581652795686, 0.3565726665657963, 0.1725451342554863, 0.03272637844756563, -0.028485751115985936, 0.12567046246869396, -0.42041619367776845, -0.7087138451331142, 0.27511241712866175, 0.42334739991172443, 0.8067205140147645, 0.2988000541394352, -1.4221326234210727, 0.31537818275919244, 0.31538216072056374, 1.1737007900691403, -0.13003520931444168, -0.09791549673475806, -0.06393195105941223, 0.15050416602286662, -0.08076125152991868, 0.07640219496014804, -0.08859083693850636, -0.1295751000574108, -0.05788481341028378, -0.20967885919476636, -0.10381245176906105, 0.10332746364338985, 0.22133159549658882], "trans": [-28.34588779000551, 2.2480344723002745, -0.8756118093290602]}