{"betas": [1.7511515842605234, 0.3670231778082652, 0.03978433168027672, 0.004913282851196045, 0.02958606384598556, 0.001461046037256542, 0.028411238985692, 0.012589726574853976, -0.014340388809218167, -0.004234100351574732], "pose": [-1.6236648616420495, -0.043059777079778094, 0.043059777079778094, -0.37663727981412926, 0.003916230151765427, 0.08892904292957668, -0.4145899116748738, -0.008147672325765895, -0.08138984377810785, 0.31591474354427984, -0.011154465763666865, -0.00639764396580137, 0.5478064396338046, -0.0006615348270383845, -0.123912080916164, 0.7221707163024179, 0.04218802585809157, 0.06979209726127196, 0.011215219776251506, -0.034904801718944944, 0.027996259353281757, -0.08175666352447501, 0.07978671495514163, -0.06225301898470616, -0.1271131926907426, -0.14414313269875292, 0.22715830070985682, 0.022286599530748952, -0.04589717887670042, 0.0073224672063508895, -0.2616480785401514, 0.2672161021553042, 0.2052711611115874, -0.12143336880357897, 0.11542626599832113, -0.33987166214678877, -0.14587420608133678, 0.08793833860133063, 0.05079002454715916, -0.012359397097158243, -0.1447895318302732, -0.30738130651308315, -0.0691859396187213, 0.15639492474866043, 0.2899700243589825, 0.17918536859609768, -0.0515592972678414, -0.02962323620894746, 0.12567046246869396, -0.42041619367776845, -0.7087138451331142, 0.27511241712866175, 0.42334739991172443, 0.8067205140147645, 0.2988000541394352, -1.4221326234210727, 0.31537818275919244, 0.31538216072056374, 1.1737007900691403, -0.13003520931444168, -0.07939479703718272, -0.10365023598537333, 0.21203861272485738, -0.02132604478397642, 0.13825642637412913, -0.1849497183712599, -0.12958269014432688, -0.06128059918425596, -0.22699636858653136, -0.12121678543829838, 0.13091283841298668, 0.23869430174535985], "trans": [-27.424605916794967, -2.9690745262278164, -0.9434513365309458]}