{"betas": [0.33303066142902105, 0.22906885785386125, 0.1321746135337195, 0.03485680493593007, -0.034928744222964915, 0.03738652273642406, 0.06435992437738675, -0.06135207138309116, 0.004712805749211021, -0.03328562850670294], "pose": [-1.1673934479657082, -1.4239631922826113, 1.3989631922826113, -0.33743647518001296, 0.05628861739587067, 0.02170371639970091, -0.2873404657508418, -0.010866382655764284, -0.014992868134436219, 0.37994584463370684, 0.022338212228237397, -0.0023001221966437464, 1.3549486851366048, -0.03721736292777491, -0.08764914869986207, 0.4115271019879198, 0.05248990353184598, 0.08553165734296922, 0.004413751736833631, 0.01305622591952411, 0.005755901430099576, -0.06156250908577796, 0.055827905734927324, -0.06233042592557833, -0.15861738519523805, -0.13143880208669492, 0.20383812066393284, 0.02944041392482976, -0.010528302007153796, 0.009086113702611214, -0.29613688435479385, 0.2925877584062028, 0.22965274067173097, -0.1663538617004371, 0.09655410105315239, -0.33282610886747765, -0.18631664802348996, 0.1856596737880187, 0.027921252069623554, 0.015112774907455608, -0.0962460297093068, -0.3637198450553177, -0.010402520685045678, 0.2039522391403628, 0.34125667792207, 0.12045163390738148, 0.03965136651990112, -0.05480249284226553, 0.1373724793605829, -0.3447131695107327, -0.9020480305110495, 0.24630991310808667, 0.41617039741804784, 0.9124195617063247, 0.27516139563089953, -1.4992606200660266, 0.44350573211324895, 0.1743299470454313, 1.5076432633916765, -0.4111989243667791, -0.08099913102277036, -0.08233495972318093, 0.2894652418965996, 0.024845695246837076, 0.13537998627518208, -0.23679758735324694, -0.14659455247083497, -0.06725705069435374, -0.21520155209250708, -0.14709994310092162, 0.13154161324709926, 0.23212689992944754], "trans": [-22.21599430198296, 11.311664929702784, -0.6170149789720953]}