{"betas": [1.7511515842605234, 0.3670231778082652, 0.03978433168027672, 0.004913282851196045, 0.02958606384598556, 0.001461046037256542, 0.028411238985692, 0.012589726574853976, -0.014340388809218167, -0.004234100351574732], "pose": [-1.4278339055423563, 0.7759751882907121, -0.7759751882907121, -0.5274484121146377, 0.02990903592998627, 0.051000162386227565, 0.27774761892304684, -0.07169997295259786, -0.012711072890998092, 0.2005575448679225, 0.0044005188594316135, -0.02081237669284545, 0.2759063329196486, 0.14723623213904485, -0.09884482340353548, 0.13888020514506041, 0.1752892418916589, 0.04291159622428486, 0.028198249703522235, -0.018025667655902012, 0.030893437128684836, 0.027257223742614092, 0.0946068135207441, -0.05672329569977518, -0.14624877531340744, -0.153140176543608, 0.15677636703036665, 0.027433402309803342, -0.09740048372917179, -0.024650385924386432, -0.23492047280505518, 0.2353437562952879, 0.172569127253654, -0.10039885780827283, 0.1442330272500722, -0.2524468443680065, -0.21969907003583897, -0.4079523479358431, 0.05990928661383827, -0.034218267334530476, -0.17907213798619978, -0.3174373300400711, -0.02930254941384386, 0.24135279558177028, 0.350985076385858, 0.28658290784133467, -0.4509643404355678, -0.05387060010333354, 0.2545948970599283, -0.4849227636456417, -0.6828599251993228, 0.33896006353092095, 0.1354610118975532, 0.8413431802940988, 0.17781731328672548, -1.3263292197914154, 0.41539095111872376, 0.16547301956621618, 0.6180699495024498, -0.10796030162487497, -0.03458762791917465, -0.09821849294088975, 0.23264064520706257, -0.0012092444782229573, 0.10458597502526448, -0.16394347065138037, -0.12588630941253712, -0.05375095470948283, -0.18458304710287732, -0.11056147304993016, 0.11256698194670153, 0.19781981938813295], "trans": [-26.453861823395542, 12.48429808688133, -0.5647778646688241]}