{"betas": [1.7511515842605234, 0.3670231778082652, 0.03978433168027672, 0.004913282851196045, 0.02958606384598556, 0.001461046037256542, 0.028411238985692, 0.012589726574853976, -0.014340388809218167, -0.004234100351574732], "pose": [-1.5704764946171055, -0.1202890712814413, 0.1202890712814413, -0.09797519284956262, 0.037828430580173676, 0.021399092548331097, -0.5405696183651755, -0.0013508487328001463, -0.03707495084613717, 0.2881746742070182, -0.07359700043688068, 0.020542671552532043, 0.579018703966374, -0.10544252247849882, -0.10476109074055898, 0.5887329941114983, -0.0903647928756795, 0.09321767208304338, -0.0003431105719296388, -0.015610018003238477, 0.01797806732280343, -0.09784677141891697, 0.07249188605017737, -0.040181247052113456, -0.055333695895536175, -0.20096161149860453, 0.25056110288658884, 0.02483719337651619, -0.06368000381609577, 0.006069449323229072, -0.2839140985958796, 0.2260003569770011, 0.10029594255239332, -0.07363720711079323, 0.16591104248294514, -0.4035806096336879, -0.16251564612750483, -0.011773025657888205, 0.04641993444825786, 0.011025912633130623, -0.09122369070554204, -0.3321130751814462, -0.06040078381650294, 0.10007842229630334, 0.3109672623687057, 0.16727074535731787, -0.08628199678141593, -0.00515085713550432, 0.04672708434183601, -0.3903428802945638, -0.8069197087321055, 0.16252025417398344, 0.2080226154995669, 0.7695905785542501, 0.23083124779993403, -1.5030313154879777, 0.4829852703883296, -0.0033847952764965578, 1.4066343858398604, -0.501939763706753, -0.06071433052391496, -0.12473747515756779, 0.17567216960717782, 0.04954417573702147, 0.13175853831672255, -0.15387451787917217, -0.0993145022976339, -0.07338287934326487, -0.20164227149591232, -0.08255498551870195, 0.1359828656620525, 0.22242779028338905], "trans": [-28.85560275635259, 5.438842259335642, -0.8047802991502249]}