{"betas": [1.7511515842605234, 0.3670231778082652, 0.03978433168027672, 0.004913282851196045, 0.02958606384598556, 0.001461046037256542, 0.028411238985692, 0.012589726574853976, -0.014340388809218167, -0.004234100351574732], "pose": [-1.562595882724932, 0.17722607246729757, -0.17722607246729757, -0.01265386674052113, 0.004221015133839441, 0.02316346029363818, -0.0445127402341566, -0.07358968056797713, -0.08994831744536858, 0.2005575448679225, 0.0044005188594316135, -0.02081237669284545, 0.059079311936952365, -0.05082369677877661, -0.01494758746663756, 0.8792585210692567, -0.01774544661655321, 0.07609518138022338, 0.028198249703522235, -0.018025667655902012, 0.030893437128684836, -0.0707172887905424, 0.07643249252110138, -0.02601019293986271, -0.18183085746666786, -0.1472028452115095, 0.1475395386588534, 0.027433402309803342, -0.09740048372917179, -0.024650385924386432, -0.29467803035942913, 0.24105026710638658, 0.18064274546451306, -0.10423056925989915, 0.08736520148000562, -0.26088719612542416, -0.094699070035839, 0.017047652064156982, 0.05990928661383827, 0.036030866412407485, -0.09678163644904085, -0.4039504364669822, -0.03290574554753965, 0.20570532470189234, 0.3505371043519037, 0.3365829078413347, -0.15096434043556767, -0.02887060010333354, 0.2545948970599283, -0.4849227636456417, -0.6828599251993228, 0.33896006353092095, 0.1354610118975532, 0.8413431802940988, 0.16616110553991761, -1.3171512695600434, 0.3854515191949185, 0.16547301956621618, 1.0180699495024501, -0.007960301624874967, -0.16502184314690457, -0.06309950251037938, 0.059317129265675284, 0.007019690020140364, 0.06134316815610887, -0.05987442771243806, -0.1378369505004339, -0.04624267242088508, -0.1902261462565915, -0.11670850744119315, 0.11640920916409252, 0.18618952769006408], "trans": [-19.814589952401025, 19.040066483798395, -0.5777578785468757]}