{"betas": [1.813289222669109, 0.20156947919784157, 0.0011390909961732187, -0.4871353642584728, -0.16755291678885467, 0.02420319783742449, 0.0691750353522659, -0.03790042278230592, 0.027389876576093666, 0.006434531786996541], "pose": [-0.6122638272979236, 1.8556553364843396, -1.8556553364843396, -0.3663341985734007, 0.2652155552043351, 0.015394872943002041, -0.10299234662701241, -0.0034482732616285816, -0.05353001596651259, 0.18520604651458067, 0.011614901966095943, -0.0019958305667610358, 0.16795937873157746, -0.09807876246214321, -0.03905044069813407, 0.5008719455477416, 0.29650211946547217, 0.09979210612228054, 0.041245180513084005, 0.02127822861415806, 0.01394444048846947, -0.06448130522398353, 0.12641696179614584, -0.1174243468191087, -0.15865911811539213, -0.1873832822047154, 0.27398100875465514, 0.09474106477118914, -0.027262725031651856, -0.013095390513719841, -0.345465165120421, 0.26120954539950336, 0.35730986788430463, -0.2517243524739659, 0.08218463894781096, -0.4175043699901256, -0.06256627321862315, 0.05609472391855694, 0.07175004161144362, 0.07425386372046101, 0.2922048819860191, -0.27473243402169045, -0.039514153537501734, -0.16340500951496045, 0.19536936771100585, 0.13217844602290998, 0.005640447468864096, -0.06622220624273606, 0.18655836857297897, -0.07323568135963379, -0.876015950181827, 0.26403577682166657, 0.18744675080356335, 0.7614898274790156, 0.397996103700723, -1.8414544757158802, 0.4862944743913716, 0.16706512287900968, 2.009217613670839, -0.5490235542431223, -0.19423788838367295, -0.12594898977419328, 0.21367030777378934, -0.036152060251647536, 0.18308889557316782, -0.20971149168397302, -0.18310649989910738, -0.04405622831571892, -0.24069993551794314, -0.14867192276414284, 0.10461400514944776, 0.23893123072477593], "trans": [-13.723656898342034, 1.5986998756644093, -0.7916230921318688]}