{"betas": [1.7511515842605234, 0.3670231778082652, 0.03978433168027672, 0.004913282851196045, 0.02958606384598556, 0.001461046037256542, 0.028411238985692, 0.012589726574853976, -0.014340388809218167, -0.004234100351574732], "pose": [-1.562595882724932, 0.4022260724672977, -0.45222607246729774, 0.28570274256906775, 0.017332734033685696, 0.004468014239238767, -0.5552166929589794, -0.007552938806945512, -0.14480758195060317, 0.2005575448679225, 0.0044005188594316135, -0.02081237669284545, 0.09902454868185193, -0.16289223086796223, -0.10121409916080455, 0.2787956025127323, 0.043231581229652025, 0.10839049417251309, 0.028198249703522235, -0.018025667655902012, 0.030893437128684836, -0.06770417694772825, 0.05517156700995229, -0.03620717974521616, -0.00423628387005108, -0.13922124025294183, 0.2479501261100082, 0.027433402309803342, -0.09740048372917179, -0.024650385924386432, -0.28654633300309074, 0.22743626982332657, 0.06310210001033388, -0.028490505003026335, 0.15089177008060847, -0.35561053500643136, -0.094699070035839, 0.017047652064156982, 0.05990928661383827, 0.03150554323704147, -0.08540401055646703, -0.4338284912948847, -0.006602827877429344, 0.028261598016895248, 0.4787376555731293, 0.3365829078413347, -0.15096434043556767, -0.02887060010333354, 0.2545948970599283, -0.4849227636456417, -0.6828599251993228, 0.33896006353092095, 0.1354610118975532, 0.8413431802940988, 0.16616110553991761, -1.3171512695600434, 0.3854515191949185, 0.16547301956621618, 1.0180699495024501, -0.007960301624874967, -0.09392843491137183, -0.05570774119293892, 0.11136495595300981, -0.049645463047895626, 0.039874962977449885, -0.06414284519922887, -0.08033393869022044, -0.08938920238117756, -0.206605921538083, -0.09795027813705437, 0.1371846545424801, 0.25332306563886], "trans": [-20.797242719849933, 16.599211048161973, -0.5865536722625493]}