{"betas": [-0.04531959800123942, 0.25816046623113975, -0.10443940742347267, -0.07597029208210594, 0.013911735992459227, 0.013954990810594958, 0.00840059268463032, 0.018210526354907698, -0.01144635948893292, 0.002226290135924623], "pose": [-1.5552216555681595, 0.2591071579420785, -0.2591071579420785, 0.20510847694578926, 0.05309258840287626, 0.02889969997124829, -0.6966996869594936, 0.004139884772274931, -0.12774182634037742, 0.4125120110155331, 0.033202250319231116, -0.019890056154393543, 0.12539028349954887, -0.018965128936684936, -0.1598360620598317, 0.3508460766512228, -0.12244388407390826, 0.11441045621305555, -0.03814150998057441, -0.04016824646557053, 0.01815854139914062, 0.005663672549061934, 0.11980503680915244, -0.09999295061453654, -0.1423057038882089, -0.16880285237936016, 0.20412204580781, 0.03884238257206562, -0.03439703863461715, 0.011482019925464885, -0.23168751352815145, 0.1804934789628094, 0.22579361920670712, -0.10753276186113278, 0.11705981469823484, -0.32130575425622365, -0.1651883352508289, 0.11397968922542082, 0.007357943090209518, 0.009039697626735434, -0.07119869805309775, -0.3514934552655911, -0.010995005333784967, 0.08628753483279955, 0.3545195636982599, 0.12393101479543579, -0.025802171953630992, 0.010234416244534809, 0.038304323374406375, -0.25404656480972304, -0.6938444889638498, 0.1269200696229991, 0.18290970163760795, 0.7246706461097835, 0.1104027410642732, -0.8749907475174583, 0.23701285515682274, -0.07780212739979907, 0.8051247332971638, -0.2571971150459866, 0.010164523126934362, -0.05568281058771711, 0.13186596271888654, -0.0019739685617578837, 0.06855661336871816, -0.08036202985989213, -0.20319310987930686, -0.06066515522415858, -0.20330323851807933, -0.13899041878386034, 0.10905268907188126, 0.20760244849140214], "trans": [-28.419435088569525, 10.114053296084869, -0.48168209859845657]}