{"betas": [1.7511515842605234, 0.3670231778082652, 0.03978433168027672, 0.004913282851196045, 0.02958606384598556, 0.001461046037256542, 0.028411238985692, 0.012589726574853976, -0.014340388809218167, -0.004234100351574732], "pose": [-1.3964153024675892, 0.8019683401297277, -0.8069683401297276, -0.18209708377933212, 0.0373591156693508, 0.006925905147525321, -0.580675067773584, 0.008203134164831507, -0.005784376241061609, 0.33612972542789493, -0.025264384166814632, 0.0021313392470146885, 0.5590000980733558, -0.08595959623538198, -0.1102208716775121, 0.6137188232998859, -0.05112841772543071, 0.08969307371025792, 0.0007550594598362974, 0.0033044117565303676, 0.009290550444641221, -0.0591755307095918, 0.06596586682434184, -0.07007016185902111, -0.10511226625460818, -0.15767911188964992, 0.24903692435310917, 0.03602664707398794, -0.04137597049657246, 0.010564087868240028, -0.31221305941775807, 0.2634693177463045, 0.19709703973718606, -0.14454812464862357, 0.12095805946234321, -0.3887053612786329, -0.16391147725474378, 0.14114589506408604, 0.014544334585264102, 0.02784078083405507, -0.06281613528248811, -0.33638137838852245, 0.0085774309647347, 0.09576870951139191, 0.33406590415174314, 0.12329286397803851, 0.031485572834371436, -0.023759806867616272, 0.11604003341355704, -0.3944637637195999, -0.8591391027399432, 0.2897812536554001, 0.2479106596472363, 0.9029219492797448, 0.3188378393645654, -1.61735703540655, 0.4660275578340785, 0.2034683391056581, 1.4403945220049421, -0.36861192489034755, -0.08671140183396818, -0.11371190393975143, 0.24498501926731994, 0.03153761855513625, 0.13226511727693385, -0.1584272403967384, -0.09384453389653916, -0.06385211305593516, -0.18876300408538293, -0.11774538058462809, 0.1271274458852045, 0.2075995363683932], "trans": [-28.3063074429509, 11.461535574583896, -0.570876605630662]}