{"betas": [-0.04531959800123942, 0.25816046623113975, -0.10443940742347267, -0.07597029208210594, 0.013911735992459227, 0.013954990810594958, 0.00840059268463032, 0.018210526354907698, -0.01144635948893292, 0.002226290135924623], "pose": [-1.5628107822352966, -0.185660410139727, 0.18566041013972703, 0.210647597136583, 0.07892833755261375, 0.029821506895424107, -0.61281464928893, -0.006487832960782629, -0.054188485063774355, 0.35364609839596856, -0.020596233743518183, 0.009441823267377605, 0.2926601573575505, -0.15363350084176178, -0.10630467134974653, 0.2054668510712152, -0.12325137681258153, 0.11640250253447014, 0.0075868042857739305, 0.002053155122546235, 0.012650936521595773, -0.0838049960122867, 0.09217882691626378, -0.04416227935005925, -0.10434118397254163, -0.216392579612558, 0.19441644491059956, 0.03589092498285724, -0.03815866006494753, 0.0005586053061235601, -0.2739646129671236, 0.22101604692538834, 0.13241533836051173, -0.10505770951805478, 0.15643675263622062, -0.32042725386685017, -0.10867665564591339, 0.06393635938602946, 0.05038451373999107, 0.04095960372533009, -0.06100762940968046, -0.4281107862708772, -0.007020896519633026, 0.12850466163149657, 0.42132420008740634, 0.21070669065304734, -0.04005263398876106, -0.031005497661645627, 0.08290952406699202, -0.2649288784228765, -0.7927179293276191, 0.18327433342406022, 0.2143570144647974, 0.7792734474390622, 0.2318989372641791, -1.0034601042848077, 0.2570372736008872, 0.009313582843568466, 0.942800098222864, -0.26198057237722, 0.05648891190205767, -0.056236073799266206, 0.12039353159646198, 0.08876297852065101, 0.07138399512485975, -0.10238171592937523, -0.1953964054663358, -0.07364014774173812, -0.1991092951183928, -0.12111823875265293, 0.12614060158095636, 0.21286607775124033], "trans": [-28.47379799917144, 5.903555374438654, -0.7093481122206385]}