{"betas": [0.5425939922495325, 0.47738774179747123, 0.15292601182064422, 0.1712734498191424, -0.026676199413162845, 0.029053080237652254, -0.052279591306768236, 0.04030904345707816, 0.08374319963315201, -0.11291980133855471], "pose": [-1.0691061319326816, -1.4053445596032772, 1.4053445596032772, -0.2126902998770388, -0.027591867878183646, 0.03561798074857418, -0.37777452327366334, -0.014437477678354935, -0.08027800168124499, 0.3151818808889626, -0.014401014370469015, 0.003367494138363459, 0.7089790528104233, -0.1368974809760086, -0.13581197684324153, 0.7650376861248591, -0.027552779091252307, 0.08567616118991805, 0.013463049968811092, -0.005827994244426321, 0.01879680922155164, -0.08628292964180062, 0.05106435044086315, -0.00010585955571004632, -0.08209002836894014, -0.22027386218759598, 0.20053250054694607, 0.03381721154906569, -0.038121340926356134, -0.003269167950219898, -0.28813103441172655, 0.24552150506444478, 0.07960101685623482, -0.11364771431584353, 0.2074187070817471, -0.34770796464090903, -0.13900064573556636, 0.12010811247880612, 0.05547267144214304, 0.03060657320732064, -0.1275096686091237, -0.4472986824761584, -0.0237344792154511, 0.1807403402058003, 0.45303743626081633, 0.24514557247575772, -0.007908490215157818, -0.06415479242118133, 0.11431696995703945, -0.3368910666864335, -0.8543769803957013, 0.21830865804811048, 0.28507388755655405, 0.8427121608955169, 0.2915599628563329, -1.0559934792972667, 0.2520410003231339, 0.010470591957211138, 1.0243123766626496, -0.302794969148031, 0.050265507978005636, -0.05124267287151432, 0.10713395665360285, 0.06466018198476843, 0.07237502845685992, -0.10601217005850358, -0.19093431263357383, -0.0866985770869052, -0.22458273817010413, -0.12507948743539368, 0.13989413839319578, 0.24577469491506715], "trans": [-27.556768894710814, -13.662584407354283, -1.3037517812590875]}