{"betas": [0.33303066142902105, 0.22906885785386125, 0.1321746135337195, 0.03485680493593007, -0.034928744222964915, 0.03738652273642406, 0.06435992437738675, -0.06135207138309116, 0.004712805749211021, -0.03328562850670294], "pose": [-1.617951372746578, -0.1108678726190939, 0.1108678726190939, -0.5193166900074887, -0.06325660210071861, 0.09711074737326278, 0.2646266417769071, -0.023585330005149504, -0.004295695503928654, 0.19845510445632392, 0.05433896737858003, -0.03464391709555405, 0.14550133588023154, 0.13221136147317025, -0.13104359289884288, 0.16083180103431205, 0.19542792689047522, 0.01024577307213518, 0.05113821530324841, -0.08593575826050887, 0.041138805791709705, 0.013257571299410796, 0.11149334735883856, -0.0796041241639654, -0.10988874414519009, -0.1006485155513768, 0.19462875854549208, 0.05684290977296787, -0.03605854696913541, 0.0047736187714571875, -0.2492578524788617, 0.25132672149809504, 0.24282546923169243, -0.12649516926446652, 0.07408544593600022, -0.26888874762120074, -0.14261556858583052, -0.008062901684768982, 0.09531934718114797, -0.007163099477742078, -0.12812110363996904, -0.17663833864428205, -0.08583713368617439, 0.1358870301667335, 0.15611594851660976, 0.3180944898213439, 0.18289595068339115, 0.019333351556619516, 0.10178691176032591, -0.4768745221112754, -0.8330353094647883, 0.20846588693166074, 0.38309518603427906, 0.8512830872824108, 0.3442034805342461, -1.837543557653775, 0.5345500921132799, 0.2268760001496315, 1.8452162262405136, -0.5815857338767885, -0.22464632691535633, -0.16498986683746306, 0.22148503139913106, -0.077501136721409, 0.17543654372986733, -0.18267730378019384, -0.05015202521160351, -0.022595161120667534, -0.1783241692443815, -0.08983539784773509, 0.11777214392768505, 0.18522878575590312], "trans": [-10.902514582799208, -0.7890664880100511, -0.7400742564691426]}