{"betas": [0.5425939922495325, 0.47738774179747123, 0.15292601182064422, 0.1712734498191424, -0.026676199413162845, 0.029053080237652254, -0.052279591306768236, 0.04030904345707816, 0.08374319963315201, -0.11291980133855471], "pose": [-0.9226493060789646, -1.5746526223686759, 1.5746526223686759, -0.43817219730329304, -0.05430790985171405, 0.07381133921155364, -0.5163621312337339, 0.028300203091195013, -0.06509400224739385, 0.3233599006526912, -0.01910556839336777, -0.016851284125311134, 0.5878609596463203, -0.05694700752994814, -0.13357875088008153, 0.8150391338564255, 0.04650361553351159, 0.06615024203511924, -0.039932876912897514, 0.03215806582814933, 0.005001361464112032, 0.0030746384782189095, 0.06796220603035892, -0.03840206820362557, -0.110441211789847, -0.17905357088363819, 0.24059277961271236, 0.08125844760492408, -0.050700379204630726, -0.0031397639540960234, -0.3689451231128456, 0.26649515696586007, 0.1937737341390401, -0.21649189523721038, 0.1462912718438582, -0.4205171020479663, -0.15064572857491718, 0.34958325294381104, 0.013066633827896327, 0.09207832251850427, 0.2491521454800146, -0.47348435640110226, 0.043666545502343626, -0.20260643821974475, 0.47993465454671563, 0.16158927944752663, 0.2493353280501335, -0.11989829861867175, 0.16122389798925313, -0.12127807574523848, -1.027097102684362, 0.4433172746753037, 0.1227138453581506, 1.1198508545686616, 0.297236154109603, -1.338111439703673, 0.3904339088070262, 0.18744666787572933, 1.5034789645608146, -0.40472332869998284, -0.04255293337103259, -0.04039500182829595, 0.24755490310570274, -0.050910949355087436, 0.14064778465413552, -0.18491223650807287, -0.22348415508342187, -0.10565113839485478, -0.26075354318729344, -0.1506020373058151, 0.13626021264136887, 0.303023018360901], "trans": [-26.064595131256997, -12.71999985655083, -1.274403638218985]}