{"betas": [1.7511515842605234, 0.3670231778082652, 0.03978433168027672, 0.004913282851196045, 0.02958606384598556, 0.001461046037256542, 0.028411238985692, 0.012589726574853976, -0.014340388809218167, -0.004234100351574732], "pose": [-1.562595882724932, 0.4022260724672977, -0.45222607246729774, 0.22413894582997565, 0.04304527569634077, 0.005868109685420293, -0.30449376684918616, 0.008469507270071185, -0.18385851756764732, 0.2005575448679225, 0.0044005188594316135, -0.02081237669284545, 0.5731078844814773, -0.14281884966370942, -0.11279315756797936, 0.13181910125889065, 0.0008343079674059881, 0.17706051763474284, 0.028198249703522235, -0.018025667655902012, 0.030893437128684836, -0.11913715109803921, 0.0537420565628272, -0.0021252014319098735, -0.07129251988074306, -0.18790474879488173, 0.21476925821005907, 0.027433402309803342, -0.09740048372917179, -0.024650385924386432, -0.34399028596783127, 0.2406358438157726, 0.04899167312616917, -0.08824413609709701, 0.14063445853472178, -0.3585086986456857, -0.094699070035839, 0.017047652064156982, 0.05990928661383827, 0.05221976225173641, 0.07853049551689785, -0.46395847165136134, 0.0063768086725568785, -0.047777524430485246, 0.5043655701320088, 0.3365829078413347, -0.15096434043556767, -0.02887060010333354, 0.2545948970599283, -0.4849227636456417, -0.6828599251993228, 0.33896006353092095, 0.1354610118975532, 0.8413431802940988, 0.16616110553991761, -1.3171512695600434, 0.3854515191949185, 0.16547301956621618, 1.0180699495024501, -0.007960301624874967, -0.13660693990102238, -0.03251589146310217, 0.07481068310980486, -0.009384167336915572, 0.016898886953070527, -0.04655788124339865, -0.07150441730987829, -0.08508484366584754, -0.20304785154508345, -0.08195859767585893, 0.129415360916783, 0.23743890451789104], "trans": [-20.603760687331683, 16.808327896034484, -0.5987159806024761]}