{"betas": [0.19173745763710806, 0.20679507266967936, 0.025545764337162807, -0.024244743693028488, 0.0007202369641003663, 0.013236882350636182, 0.021343764601424748, 0.007373052342460504, -0.01918535564321634, -0.005662447391478864], "pose": [-1.433635703425636, 0.8225661023394218, -0.7875661023394218, -0.6326777581140811, -0.03377833493091275, 0.020942758162491623, -0.15053043661708465, -0.04294508259826605, -0.014148514483454042, 0.3132954988639942, -0.013505662993343047, -0.0032062150767166136, 0.6832484597199254, -0.027652149676469697, -0.15877723731615154, 0.2526605061461409, 0.04214393011514503, 0.08794212772046286, -0.044455393042909984, -0.0026253380800425447, 0.017488150436123236, -0.07941880885837292, 0.09023777209611489, -0.07710369705678356, -0.14502276225617675, -0.17128036188288803, 0.23429553867414596, 0.023581073571077995, -0.036354053947378055, 0.007590590275699006, -0.2719745811091576, 0.21644050004070298, 0.1980613697665801, -0.12500192654793366, 0.117602067709333, -0.3758166621796381, -0.23008309020400958, 0.07668516953360031, 0.036094979665636254, -0.013152987684279083, -0.0007375519502355835, -0.3164889315937974, -0.053949289345786744, 0.052182816616657406, 0.3192592313683923, 0.109989634717248, -0.03980807881276808, -0.01749032595111874, 0.010474946960186608, -0.2985651503588475, -0.7394424194520517, 0.11852090973694941, 0.22294805773617055, 0.7420393191869121, 0.08223333769288682, -1.3074409525648631, 0.46593000073267915, -0.11813592428364354, 1.180023968245439, -0.4541122930349166, -0.11752821813509025, -0.07153643528369093, 0.16281402498778014, -0.03629313200686782, 0.08562737293053636, -0.11154536255170684, -0.11889480421550055, -0.05997572757166598, -0.20594146403844565, -0.09851891642284608, 0.11236596809667934, 0.2099885067772381], "trans": [-24.639625853641082, 14.175840018054709, -0.566119468941994]}