{"betas": [0.12182979554792384, 0.0498104030700563, 0.01874907528210161, 0.028247290178977192, -0.01045515424154793, 0.003794310233826808, -0.007750463989420916, 0.008476040652062412, 0.013630708331879994, -0.014916307566096007], "pose": [-1.0734489933978804, -1.3998360335081281, 1.3998360335081284, -0.31628876484321455, -0.007090200134144032, 0.11016187646589805, -0.357669948691493, -0.027285172519053328, -0.11007072557287544, 0.2854967477379213, 0.009808293131814689, -0.003393265879114782, 0.5950657729796496, -0.044543014507125465, -0.13369870777173537, 0.6857129430267104, 0.0341933075885753, 0.07690382832180198, -0.0023317011643880403, -0.03350989397051844, 0.02649850281341801, -0.09523710119321328, 0.10224698214954127, -0.06248299566542375, -0.13136430327001297, -0.19763143666106878, 0.2362527947014688, 0.007116681057483671, -0.012143627841334624, 0.019810336948069628, -0.21534761738578664, 0.2431941950428722, 0.16781386286514863, -0.09927465950364084, 0.21023012571949556, -0.3594132773382139, -0.19957296063598653, 0.17924475806199325, 0.042492486802563595, -0.1006679071916288, -0.3175102660241892, -0.16446306606722808, -0.10742700568371844, 0.34572647476392043, 0.19336767305447694, 0.13095183631884014, -0.006058701083184089, -0.028543428261377318, -0.024890327554653632, -0.45927411054588535, -0.4867568131860302, 0.10373954105203659, 0.4412513564396992, 0.5917797475497497, 0.12843772451448185, -1.467616538123214, 0.40270792862622623, 0.09526166345475295, 1.4136030826345232, -0.3663093290217955, 0.02932458364820659, -0.1543083117036644, 0.25536923438809095, 0.03533008787372087, 0.14609471202082297, -0.1686576155477966, -0.10241579810270497, -0.04341385652445239, -0.177396031894464, -0.08762782382431553, 0.11250564809844996, 0.1763316366366409], "trans": [-55.866514320376105, -12.699413348004875, -1.3904817931822038]}