{"betas": [0.12977417203956745, 0.49847687971378624, -0.19179541608583497, -0.1113183526768453, 0.0549914925669735, 0.1034291447522722, -0.013453424082682812, 0.010035343166627214, -0.014576049326274527, -0.02308049036666073], "pose": [-1.4063144230899116, 0.8306859946399702, -0.8306859946399702, -0.5938984230339843, -0.037819677858102474, 0.07682798689198707, -0.037440440594558234, -0.049456407808988634, 0.00997632798480525, 0.31277490493852445, 0.0865691156122986, -0.04150815438930984, 0.6009956746452618, 0.15308344047266223, -0.17290896317829363, 0.6797054913587142, 0.1284021673248415, 0.07032543956579049, -0.005612110602413134, -0.07280725890274799, 0.038377293558562176, 0.03286002014913102, 0.1386837712038939, -0.060167624393406026, -0.2092939766583932, -0.16114693501280286, 0.1092390768445499, 0.041586853034946095, -0.01859290168295314, 0.009992484450597767, -0.20053772040034937, 0.18846254356884887, 0.1932377463798748, -0.09414762821049784, 0.17291123123944818, -0.2153306633047871, -0.11323005078448567, 0.34659947252183, 0.044392887548284014, 0.004329779712043109, -0.2041758196427935, -0.4095865662930365, -0.01556298703618311, 0.21620413419967427, 0.4386162225370123, 0.22765656094070155, 0.13517097035655806, -0.07920545908588504, 0.13127398684147187, -0.24474000001452456, -0.7156204575137887, 0.23465346326267422, 0.3921968407172145, 0.8040659118113719, 0.24969398139334897, -0.5829526192763279, -0.01157241591320329, 0.1436774651397065, 0.7974503206244751, -0.10188854879975773, 0.15459731990206113, -0.047476758963764076, 0.09383486463374856, -0.03017270573576329, 0.08448418233894242, -0.05564381864825559, -0.2991564662104703, -0.06478515342890387, -0.22425954679082574, -0.15360277478637094, 0.11021305024330137, 0.22488893726380865], "trans": [-16.625315793958915, 12.109171209999133, -0.44396239234733836]}