{"betas": [-0.04531959800123942, 0.25816046623113975, -0.10443940742347267, -0.07597029208210594, 0.013911735992459227, 0.013954990810594958, 0.00840059268463032, 0.018210526354907698, -0.01144635948893292, 0.002226290135924623], "pose": [-1.5669954865964693, 0.12813580960498672, -0.12813580960498672, -0.023799662934231747, 0.012934010002864118, 0.014830561567688777, -0.5687112583590893, -0.01888954706898212, -0.07039747628336424, 0.3985275071873736, -0.022277266710232255, 0.0038778658363830686, 0.14216578534953656, -0.042396264547796284, -0.14633102044146143, 0.6123152887245087, 0.011076724109502122, 0.09516444456703714, -0.03161017867428408, 0.0010133412579105426, 0.01843630813858714, -0.09475665441992717, 0.08672885384971332, -0.048124888244785766, -0.13433442336813062, -0.17860276114866058, 0.21016882459357655, 0.029035036931406855, -0.041622704313881535, 0.007124029018237076, -0.2744283838402689, 0.2180261969449495, 0.1651848167939039, -0.12172419929219022, 0.11889074370251171, -0.3517256632758892, -0.19549987085008183, 0.06755818908867085, 0.03652476701161531, 0.03658689274090925, -0.032346835950096596, -0.41163168905806335, -0.012571570577843158, 0.0945714539587697, 0.40418347760354334, 0.13396026983312537, -0.048289258055298705, -0.01944030715916755, 0.07679748989750271, -0.25563055256336753, -0.8280718626762449, 0.16753279825460268, 0.21979512182618, 0.8121711784878818, 0.1900632096910871, -1.0301177410005342, 0.3071013910011469, -0.03281303250140967, 0.9891313917200687, -0.3288539336856176, 0.0036880800167756987, -0.03934430984985723, 0.13843461703838947, 0.04377508002532319, 0.06809576173996432, -0.1103238537435292, -0.1944217864638719, -0.07493746060690333, -0.21517130040768523, -0.13176082952654308, 0.1269625256880193, 0.22361529097314428], "trans": [-28.68555962121958, 8.59702679865588, -0.599557494413405]}