{"betas": [1.8964894903024812, 0.31493576625010133, -0.1035326407414528, -0.4364464500446508, -0.04973432451903863, 0.09833628269918979, 0.014303769774192097, -0.026993742994641887, 0.07112343154180402, -0.03308173982274214], "pose": [0.41667581587563235, -2.4312123666664687, 2.2562123666664693, -0.5576370256874327, 0.07825389763207846, 0.1715344540909126, 0.14652091027331188, -0.05348065660244417, -0.049045465293809064, 0.3854292901431033, 0.007223991169443602, -0.005698831007811832, 0.2690347724232929, 0.02236059990307561, -0.0649412801460709, 0.19107291614931796, 0.012837459892949495, 0.09073748073719735, 0.03413418647551714, -0.03906210835849171, 0.022846935035846217, -0.07655157208379261, 0.11854259757640986, -0.10218097874662126, -0.09879133013878295, -0.1823095418919579, 0.233960698513332, 0.025135159411771135, -0.033315191542773265, 0.00529715159040796, -0.21939937317854732, 0.22073495846485527, 0.2581336873314087, -0.09805201795208615, 0.12940934318751668, -0.31975714102736646, -0.08077862729278824, -0.04402863891856418, 0.05225070573841203, 0.023996904879800898, -0.2428733385518015, -0.3207832149583884, -0.02202064123022699, 0.2894639097078788, 0.2969790377137947, 0.20886453741511948, -0.2052652307555755, 0.03126737860587138, 0.13018354409871552, -0.39802091144837876, -0.6872314096794437, 0.16479751777276408, 0.3438953221133435, 0.6626876970685575, 0.35661238016671476, -1.2024269463520905, 0.18885152298404298, 0.18898638395762302, 1.1545220805322933, -0.1950495570363203, 0.07929891367780642, -0.12807316562282606, 0.13599459343436743, 0.12922115821048955, 0.1184705379782954, -0.09558095333506028, -0.18817204258148382, -0.040224543466166066, -0.1762767908421509, -0.1433496545148321, 0.1185344596783808, 0.15892930184533108], "trans": [-12.039938361034407, 9.484276138518844, -0.4808998883098809]}