{"betas": [0.33303066142902105, 0.22906885785386125, 0.1321746135337195, 0.03485680493593007, -0.034928744222964915, 0.03738652273642406, 0.06435992437738675, -0.06135207138309116, 0.004712805749211021, -0.03328562850670294], "pose": [-1.6440587983158035, -0.27055567198731323, 0.24555567198731323, -0.4826899394026789, -0.01640170335310831, 0.07420820381076834, 0.13321390912579445, -0.024766214951159667, -0.07349762460451525, 0.2291631953591632, 0.008843323684025328, -0.014543051911884715, 0.42892609136933824, 0.06933366659647024, -0.15293703406662995, 0.8098794687924897, 0.0530331666156876, 0.057017493872729565, 0.05378383979083437, -0.05533676100440129, 0.03735901907055524, -0.04597960490469507, 0.09731095079225452, -0.1000564259214435, -0.16308386061001257, -0.10093282318180544, 0.21737599545197733, 0.02862972147053305, -0.05030071557262683, 0.0072551851737626015, -0.2602220942735768, 0.2635868073603423, 0.27868575379652893, -0.11349949153281512, 0.07682463857643937, -0.29282966345968225, -0.06683487830965373, 0.17352002522958745, 0.052483649978081214, -0.003906507917697332, -0.16132613580871902, -0.30044923223578396, -0.04030736054626482, 0.13776047028200306, 0.28360613094248577, 0.2451288025449482, 0.02234781267611119, -0.06052222650543998, 0.11811397929235547, -0.5150218298488596, -0.8302319663224821, 0.1378871295391937, 0.36734273801386885, 0.7719712424200369, 0.3906045585791139, -1.7103372125329328, 0.5059419652476067, -0.025001078251725425, 1.4451601266292227, -0.5216086840522264, -0.12942070148145754, -0.10651639010104351, 0.10495475390439461, -0.08664364133929847, 0.09732994532766193, -0.07686371262198832, -0.12864850305902012, -0.04011112708666602, -0.22337773989177406, -0.1518958379493616, 0.11078731472293034, 0.23183617507396068], "trans": [-11.708019943876977, 3.8672605016913644, -0.5970346887402626]}