{"betas": [0.19173745763710806, 0.20679507266967936, 0.025545764337162807, -0.024244743693028488, 0.0007202369641003663, 0.013236882350636182, 0.021343764601424748, 0.007373052342460504, -0.01918535564321634, -0.005662447391478864], "pose": [-1.5676037435459818, -0.11744258722801738, 0.11744258722801738, 0.19132094368975427, 0.08664087416928098, 0.07231813545726803, -0.733802726131848, 0.00966512780105393, -0.0041422227519165924, 0.2665661569391298, 0.034803616655021144, -0.03125893038680955, 0.3236658855013602, -0.1666139750706412, -0.11021781877994619, 0.5225820541701647, -0.022863229034607493, 0.1116510336698588, -0.08543996460641987, -0.031996947437165024, 0.02218213493116703, -0.07188520866804989, 0.14278290144981193, -0.1104610751801239, -0.22521145604166593, -0.18001533095955588, 0.22651582516230256, 0.020843704763445464, -0.02288714946607075, 0.004972881910417527, -0.21846022633985546, 0.1817030195179217, 0.26294325454772943, -0.14503378318463425, 0.12076180850486232, -0.3567137765989283, -0.27365340462528626, 0.10106241890872056, 0.039998089057866774, -0.09237740509824739, 0.015900085261348992, -0.1885689887637547, -0.13047996481164306, 0.01947756066749131, 0.19973479586298262, 0.06405265047513742, -0.04044791668190796, -0.011227014023486347, 0.8924103452026333, -0.8677355794074985, -0.8400875107368144, 1.0667659258307103, 0.5330812224065294, 0.8086599191511734, -0.07122742098104903, -1.2473120381067742, 0.4111469542500608, -0.29319877950892, 1.2751568908206612, -0.3609942782813395, -0.15607066669710137, -0.06271963002116354, 0.1407720812585119, -0.1270630438182083, 0.07349466892899029, -0.07707471508107891, -0.11931659755232381, -0.034484790539849756, -0.2006182283553201, -0.07290080879000865, 0.08156700175407267, 0.1831166622116946], "trans": [-28.62922461814802, -1.2911612991856, -0.8707829324822938]}