{"betas": [-0.459125293958982, 0.2836700625543276, -0.2828307762064238, 0.06170009900103966, 0.04114696315793381, 0.017447099752977802, -0.018216663065381097, 0.013285817624318214, 0.01584973647464493, -0.019639755817989615], "pose": [-1.6628816745600739, -0.2360018916942343, 0.2360018916942343, -0.5211933183741619, 0.008426456750691862, 0.027799726640142894, 0.04119303880437917, -0.03424741537914148, -0.09251292621339473, 0.3561379317411757, 0.018135742062106434, -0.010904413427960795, 0.8023579378783275, 0.05494382244282696, -0.16968609367861281, 0.20150480352649297, 0.023980417512420426, 0.026621087287092768, -0.0424258414467472, -0.037945683319546626, 0.03134019206815938, -0.09491920346911334, 0.09117945433687727, -0.04606508562448944, -0.16322031921084632, -0.16114695480269034, 0.16213904205789692, 0.007023592722472832, -0.03341018946291087, 0.014885373359377166, -0.2183987043811186, 0.2029922273631065, 0.1459861718040134, -0.0782587194022487, 0.10967562620463164, -0.29647519860793564, -0.014740793975396502, -0.020735774499845566, 0.04543373372227036, 0.014919918518051098, -0.14784273029741504, -0.4126668855012757, -0.04294022686482328, 0.19642967514235918, 0.41558945461673824, 0.11170037636525113, -0.0811927422093621, -0.0074693876112558975, 0.08025231519045761, -0.19144984288435213, -0.7676029103032511, 0.09186518473468223, 0.34104337683499514, 0.7374512073469814, 0.15067238798233837, -0.5202998697459849, 0.06515315345229464, 0.28661280021161445, 2.179523122612234, -0.3440411534457892, 0.09582786172632905, -0.04414680436502153, 0.12644571171109986, 0.0318077949141267, 0.08828055609005014, -0.12611322662693095, -0.23944382680460466, -0.07843679124790248, -0.2343020412990067, -0.13302663731410644, 0.13694825923237744, 0.23845788619668346], "trans": [-10.722747181777303, 2.1943280904299556, -0.6247926660155513]}