{"betas": [1.8964894903024812, 0.31493576625010133, -0.1035326407414528, -0.4364464500446508, -0.04973432451903863, 0.09833628269918979, 0.014303769774192097, -0.026993742994641887, 0.07112343154180402, -0.03308173982274214], "pose": [-0.1695843766385483, 2.139007877165639, -2.139007877165639, 0.15107467242567066, 0.04724783997283095, -0.00033759776152603865, -0.5131672956489701, 0.03288905017888799, -0.113430629831858, 0.3061763338403076, -0.0767984381579484, 0.013338353154743762, 0.18547398252939276, -0.1860587282152536, -0.07283236410373108, 0.425135964636546, -0.005930110410061614, 0.16227096497797316, 0.05169202745241624, -0.0337601755947804, 0.03152381664785876, -0.07816264519399467, 0.09851172320718421, -0.06222569895884984, 0.0036428786084574255, -0.2025924704289772, 0.2854302356430327, 0.031004446427927903, -0.061565659005931514, 0.010345543033448602, -0.23653693529760328, 0.22163452781703866, 0.14386922651360634, -0.09276443729806098, 0.22792152596625156, -0.38860663682121116, -0.07865508322894121, 0.07488703153197268, 0.058486473501384334, 0.009160213813543112, -0.25671522404652813, -0.31701381604179224, -0.04920912658274209, 0.24739805560174027, 0.31965917240223124, 0.2130444298347284, -0.0749699726277447, -0.018802886280073483, 0.08824810748302464, -0.42488699634464405, -0.6973058576632697, 0.2447414110102215, 0.3055199171991032, 0.748840854849627, 0.29950206636040677, -1.2128380995315717, 0.2238720953933738, 0.19171132440294575, 1.281367731102823, -0.24918842855950982, 0.140257991266358, -0.13475645144550438, 0.21528069996662053, 0.11321036534211963, 0.14138292564886903, -0.16119377101940274, -0.19122938973326095, -0.07082717394068347, -0.20138980810617674, -0.13316200391199517, 0.13609358394882962, 0.21708336034417902], "trans": [-12.057510066518793, 7.734424274930183, -0.5507173618869755]}