{"betas": [-0.04531959800123942, 0.25816046623113975, -0.10443940742347267, -0.07597029208210594, 0.013911735992459227, 0.013954990810594958, 0.00840059268463032, 0.018210526354907698, -0.01144635948893292, 0.002226290135924623], "pose": [-1.5703781906633976, -0.04251300451638129, 0.04251300451638129, 0.20510847694578926, 0.05309258840287626, 0.02889969997124829, -0.6966996869594936, 0.004139884772274931, -0.12774182634037742, 0.37252015757371526, -0.09489851007571938, 0.03207250507073131, 0.12539028349954887, -0.018965128936684936, -0.1598360620598317, 0.3508460766512228, -0.12244388407390826, 0.11441045621305555, -0.007732281455640272, -0.005511900583846903, 0.013250120326991199, -0.09326046280697237, 0.08758219524674747, -0.039600228070518294, -0.009186078823338844, -0.24107854797575826, 0.2581192577107894, 0.03369239917955924, -0.0682279703950468, 0.008002316985277282, -0.2690331343009063, 0.1915880657986832, 0.06619785827184502, -0.051704377875693486, 0.20065073644976159, -0.4126947486714213, -0.11870324681406169, -0.01493133403291293, 0.0390116211620621, 0.0357995652027303, -0.0929890271739153, -0.38381144831626435, -0.029194988181665087, 0.10360001696179943, 0.3689756764203326, -0.026340718167504162, -0.7857382085556832, -0.05506634074872019, 0.03893117514457228, -0.3109430661403464, -0.7566232168846649, 0.16610636879194643, 0.13607736578490198, 0.734767679742867, 0.19602167044971733, -1.0631252772259154, 0.28773756600621125, -0.004558213692293217, 1.02299763365069, -0.30899503735860673, 0.07882692772386463, -0.09905598229993745, 0.1458138557739012, 0.12488823651107228, 0.1034001719124182, -0.1235861874591162, -0.16558026969165487, -0.08593913944450181, -0.1930441394945129, -0.09631118923038086, 0.1385390167164953, 0.21654567671274094], "trans": [-28.658687725106176, 7.2379369378038, -0.6163789970891941]}