{"betas": [0.16709955275852917, -0.5195411530623113, 0.3360248351877578, -0.2508609770446394, -0.03305634878638024, -0.0002130784770219721, -0.0863783133422784, -0.12375141037727783, 0.008080188041437862, -0.04377394613849386], "pose": [-1.5658300439484056, -0.14645387359713682, 0.14645387359713682, -0.5184329105640381, 0.003248964554460412, 0.050386876967458354, -0.08094384254377959, 0.0006203998563644383, -0.04134339444372417, 0.4199560013932589, -0.014188252216231696, 0.0009400794434862754, 0.9318771583859118, 0.037375353642955834, -0.17470444939786, 0.2192699567713738, 0.011932662744011245, 0.15917121355258743, -0.006069164152211291, -0.026641319495285906, -0.014614777809808986, -0.12440837404838416, 0.06660385387222613, -0.020701955241518247, -0.24681814693304632, -0.15604278557363616, 0.07090083165209156, -0.027845339370441792, -0.01763683602691954, 0.008671108108949617, -0.2485032139246052, 0.2791993416349635, 0.11268494955276323, -0.02701952890833969, 0.08278036529220863, -0.1709884338356701, -0.18910328276080712, 0.0007256811024437329, 0.02261934861797049, -0.036775064483353485, -0.40714419442449185, -0.32295057827777, -0.05346007671769401, 0.4718694409657263, 0.2921876784446286, 0.22739715588992174, -0.11593218079212801, -0.006087009629229673, -0.052822709171101136, -0.23086038439984416, -0.7331548891518932, 0.04071821861872825, 0.5202606196605065, 0.6875962782388502, 0.26506879144045076, -1.9087689211344907, -0.10748964993040858, 0.10880881657653599, 1.7692771726285292, -0.6759713275573869, 0.03393018321627893, -0.08975803073682435, 0.16502909876754907, 0.10004339272918947, 0.08955122732947306, -0.14104938527348035, -0.11875728816079625, -0.03909735562451002, -0.15538102997037642, -0.08984062489163605, 0.12842878807300018, 0.15438933835793012], "trans": [-13.347658284766755, 11.853269548575255, -0.510013481548513]}