{"betas": [-0.04531959800123942, 0.25816046623113975, -0.10443940742347267, -0.07597029208210594, 0.013911735992459227, 0.013954990810594958, 0.00840059268463032, 0.018210526354907698, -0.01144635948893292, 0.002226290135924623], "pose": [-1.570546213787618, 0.03288044270786034, -0.03288044270786034, -0.023799662934231747, 0.012934010002864118, 0.014830561567688777, -0.5687112583590893, -0.01888954706898212, -0.07039747628336424, 0.37327917694780477, -0.017917200968164515, -0.0007316909422412738, 0.14216578534953656, -0.042396264547796284, -0.14633102044146143, 0.6123152887245087, 0.011076724109502122, 0.09516444456703714, -0.021658961183978535, -0.01942882422363469, 0.02422268558662629, -0.08490676361863732, 0.10140428340970967, -0.061684358333584544, -0.12360681587720593, -0.17977508171982529, 0.214324473412926, 0.025602250262715908, -0.044596966285646765, 0.009897216877296857, -0.2504962434878503, 0.20342884733579367, 0.16909927014950116, -0.1076853516029587, 0.1338188108328463, -0.34259403594005167, -0.18286539232322815, 0.07093183067528484, 0.037408387258819495, 0.02303372216497944, -0.0943066375525388, -0.38279587968744383, -0.020843504789665342, 0.12883955986868476, 0.385854009813709, 0.13925923401191442, -0.05670255958418443, -0.00860607975873126, 0.06116601654137828, -0.2894820491013531, -0.7599249786534725, 0.1619013136005352, 0.2267003515068437, 0.7704056666188205, 0.18242909090823436, -0.9743227130862451, 0.25683677918103254, -0.013554487519955848, 0.9304877553668957, -0.2778409080992687, 0.02893710162250465, -0.05629990918392549, 0.12738100964069385, 0.04198641953525846, 0.07015180076469273, -0.08942521706788367, -0.1895809146325341, -0.06801438271886735, -0.2041735366601605, -0.12746318614129765, 0.12233628516898418, 0.20969920536805814], "trans": [-28.271315962753526, 2.6146413704100353, -0.7598396675655884]}