{"betas": [1.0007394031128156, 0.13998077818863408, 0.20322321153559939, 0.06919845010960525, -0.06355964225067326, 0.0988583210768853, 0.031004152589175965, -0.07600298470585287, 0.01954775199647453, -0.05391534064665776], "pose": [-0.1028949091522104, 2.172914473396317, -2.172914473396317, 0.06467934068987485, 0.01845226398894853, -0.060382432183199, -0.6765640727062999, 0.019626652564333297, -0.08234596521348216, 0.28165026525382, -0.07441323178745046, 0.03469367504743737, 0.37853777157751173, 0.08363708350802752, -0.13355372663212964, 0.20147557337595873, -0.05712141268825574, 0.08396257835347493, 0.04220250774862312, -0.0012965752924878002, 0.016656786493807876, -0.003514026044686719, 0.08024165767677108, -0.04326226978644089, 0.0029381938529768293, -0.2242130137866094, 0.22697776151591637, 0.04876856156374843, -0.046492132795649156, 0.009821206048867076, -0.27929566474482526, 0.2013288182829007, 0.07598955486504563, -0.03329315484400643, 0.23286803572812712, -0.37575009746836985, -0.04973579259554099, 0.12093199050563105, 0.053670052664969735, 0.033442108712839626, -0.13900349725926653, -0.373677593623876, -0.028642941490897557, 0.1857405630766544, 0.35504940858219486, 0.2522149981464777, 0.015262343261625599, -0.05004493560980197, 0.1846282115528751, -0.3446757691759945, -0.8633745236919927, 0.26542929959707995, 0.3039921273981262, 0.8215777801062778, 0.4107081091612933, -1.3042576645222685, 0.24977209542653128, 0.21105862561439842, 1.3145579466122743, -0.2794809762859163, 0.08762976032665433, -0.14199870951818303, 0.1905691200149007, 0.09663893638773191, 0.1543238176931229, -0.1751197571052354, -0.20045144176773105, -0.08791099519867394, -0.20981187882476174, -0.11611561682324768, 0.14001466445370833, 0.24011968037507053], "trans": [-11.238146290640561, 9.25821410118787, -0.45433058717020686]}