{"betas": [0.12182979554792384, 0.0498104030700563, 0.01874907528210161, 0.028247290178977192, -0.01045515424154793, 0.003794310233826808, -0.007750463989420916, 0.008476040652062412, 0.013630708331879994, -0.014916307566096007], "pose": [-1.1456560593987837, -1.2969885914922719, 1.296988591492272, -0.3816425859600869, -0.028609043752175167, 0.10089337016949775, -0.4408358253164644, -0.015438582110924552, -0.09843055115000335, 0.3312076936127931, -0.003874100456576577, -0.000849964317132979, 0.7124546498437656, -0.034949933253792864, -0.14490914987769146, 0.8152035096702445, -0.02213465049146459, 0.08745190713120335, -0.0061668427042049475, 0.004161028417914886, 0.01405685260836864, -0.08044778433013058, 0.06690291005330859, -0.0273937742942625, -0.15748606999722523, -0.17581135409025492, 0.18621505296988292, 0.028087722556018886, -0.03027443387325794, 0.003002797497857087, -0.30357814309780545, 0.2618108156721367, 0.15319237872417305, -0.13384999784404933, 0.13011768489142914, -0.33679966563215763, -0.20061861958995486, 0.11984419910563067, 0.041118745560647825, 0.02296908517444368, -0.057142714944871484, -0.3931467782353791, -0.024736376340116703, 0.13130357281131752, 0.37939922119846303, 0.1455301815582835, 0.0008006735699590848, -0.052626501495444365, 0.12127196165335456, -0.3108034340253305, -0.8794817043676492, 0.22921718087191492, 0.2925206361519301, 0.8730053461194067, 0.2959763809750845, -1.4677368346455935, 0.4463169086324618, 0.09287028686844442, 1.4287647005600173, -0.4545674188185278, -0.04156363251850462, -0.08433116478569042, 0.20595108208632798, 0.03321735106461304, 0.12591034740073334, -0.1775296683760682, -0.1563672408407869, -0.07427621595937044, -0.2220865077055054, -0.11783390726624464, 0.13300262249526573, 0.2363749548509209], "trans": [-48.11625095641671, -10.344265244088978, -0.892333286744947]}