{"betas": [1.0007394031128156, 0.13998077818863408, 0.20322321153559939, 0.06919845010960525, -0.06355964225067326, 0.0988583210768853, 0.031004152589175965, -0.07600298470585287, 0.01954775199647453, -0.05391534064665776], "pose": [-0.19209395017683423, 2.1271066391601527, -2.1271066391601527, -0.2797845786163533, -0.015888350510306102, 0.10245131299262449, -0.44747980643130003, -0.00038398673661571537, -0.11646519841886556, 0.3530543805828749, -0.012880731540214078, -0.010105524671082753, 0.3573259846968333, -0.057060314639410255, -0.14145438374575017, 1.0564575552686981, 0.024731180243355716, 0.10560753566365913, 0.03390372650017674, 0.003103115695609588, 0.025947599221764105, -0.08842889335785656, 0.11756776158116061, -0.011428818596613375, -0.16224887212198755, -0.18546339709499352, 0.16174206721728177, 0.06294269869129711, -0.03516922116511892, -0.010127410788357813, -0.29779396986309176, 0.253865649434471, 0.186505626055396, -0.15708928092461472, 0.1306966896279924, -0.269688394156173, -0.029143347934157054, 0.00228598879841932, 0.08138644750343495, 0.05917811924439023, -0.04630710464848474, -0.3835255277842133, -0.01873162251316618, 0.1500042956070877, 0.3620530252249134, 0.26423830994658615, -0.13524538429019256, -0.03663408253655923, 0.17968225488603842, -0.29130068001859727, -0.8842041361111476, 0.2491357881107072, 0.3256366848847595, 0.852143811108881, 0.4024123088150806, -1.3038461176617713, 0.2843901337333222, 0.19874858139409762, 1.2919424558158894, -0.3029717625487667, 0.005627188714840933, -0.05828985757086375, 0.16369035087574613, 0.07490604366696242, 0.09454261589903251, -0.13498169882946667, -0.21218447884163216, -0.05341313410366763, -0.19685397387544418, -0.13480921765931933, 0.12224244019586127, 0.19516745424146606], "trans": [-11.046770176062626, 4.857876493853631, -0.6487284103245669]}