{"betas": [-0.10716845975804463, 0.03555393559239171, -0.022909588301634677, -0.0022321960585287635, -0.011360188238027402, 0.007048778770267401, 0.0026244476494828445, 0.001119221678184007, 0.011361241992361597, -0.011308692156923365], "pose": [-1.2914553509862463, 1.0638526315810344, -1.0638526315810346, -0.526414282823386, -0.030825744528721385, 0.16133730028623255, -0.5620760805058345, -0.0002860316199280092, -0.14952051260153953, 0.4165002396272074, -0.0023196097623283405, -0.0030782634082211205, 0.7981270176599691, -0.017759252808571636, -0.15518640961832203, 0.9114526930147028, -0.002904399158224011, 0.09003976976838676, -0.008388499554135818, -0.002487529267464103, 0.015533929187293467, -0.11062862382545603, 0.04968548651055288, -0.029093859926144473, -0.17641863429265783, -0.14542458650479453, 0.18374842818286477, 0.020719446496506404, -0.031775441705306585, 0.004593240790552459, -0.3001012901128519, 0.2922907744018738, 0.1796582359966511, -0.14518634362837857, 0.08493421150639326, -0.32567863094632654, -0.1950447271435331, 0.07539224218728682, 0.041241242009008625, 0.01164374711833611, -0.10613562522138491, -0.3715687515826362, -0.04829780274322671, 0.17977199781322334, 0.33545722447354887, 0.13500175813315882, -0.05512454451522961, -0.03565134320335586, 0.06719001784116942, -0.34342740699365176, -0.8762316607025676, 0.15489329881149863, 0.3561668976410752, 0.8575694925473649, 0.2037965947171711, -1.4803701486149072, 0.5191603312767954, 0.0014592492515595537, 1.5808174936946324, -0.5994495123570448, -0.07120785986875446, -0.0628217652399111, 0.2428743925364003, 0.019192563273638188, 0.1281372507400351, -0.23384201298951193, -0.1567221258801136, -0.07393357427342001, -0.2391647534512698, -0.13245588633608554, 0.14333103351927695, 0.25363571888080294], "trans": [-61.674463829276384, 4.931221375150853, -0.8945463608656664]}