{"betas": [1.813289222669109, 0.20156947919784157, 0.0011390909961732187, -0.4871353642584728, -0.16755291678885467, 0.02420319783742449, 0.0691750353522659, -0.03790042278230592, 0.027389876576093666, 0.006434531786996541], "pose": [-0.4777346749241352, 1.9538042702039324, -1.9538042702039327, 0.02917135258034343, 0.04611643636154902, -0.008645153456951327, -0.5927492114166363, 0.07189350901619729, -0.05897105243727764, 0.24935518120124842, -0.10607672284727557, 0.028662205638717412, 0.25668594532853967, -0.158218782439832, -0.054079705544859795, 0.689718279499608, 0.013753292261757626, 0.07128120073096106, 0.035503558330615914, -0.013881446444869942, 0.03658677588682041, -0.06970469430175938, 0.13760539938519364, -0.057373749169157974, -0.011660747768650436, -0.23850700051739887, 0.3293975177214029, 0.08602894172224541, -0.0726502736605473, 0.008231616850498988, -0.2911762896690588, 0.20778253284875398, 0.19012071184163312, -0.14721445853825502, 0.21435217959244646, -0.49820693852748305, -0.06530928436372961, 0.031259136107850014, 0.0587449726015064, 0.03963664870079227, 0.0602921186174859, -0.20048196776978108, -0.09590399552886504, -0.04586112001598408, 0.1515429501334861, 0.14087943091842142, -0.0351193848697828, -0.04098763357144857, 0.12255677448899455, -0.2015917397625165, -0.7756120067157456, 0.2296117519646223, 0.17995713345161551, 0.7213484874308586, 0.36506057152652677, -1.6830123731426052, 0.39629886853535395, 0.14682550822947601, 1.935025510323049, -0.5416358308954524, -0.02674349352981435, -0.17064226657356368, 0.23618633261894048, 0.03344150801763893, 0.21287758674333224, -0.22987560987567696, -0.2054197542833061, -0.07155267972039245, -0.2331018326248185, -0.1263535987561222, 0.12925608254012144, 0.2530309169720973], "trans": [-12.888749358537837, 0.19175858891563347, -0.8703389186883317]}