{"betas": [1.8964894903024812, 0.31493576625010133, -0.1035326407414528, -0.4364464500446508, -0.04973432451903863, 0.09833628269918979, 0.014303769774192097, -0.026993742994641887, 0.07112343154180402, -0.03308173982274214], "pose": [-0.19177687740348495, 2.127275919516124, -2.127275919516124, 0.14101669176716602, 0.006899720949019938, 0.06641193567689661, -0.4989562088851756, 0.030079819047973418, -0.0004477502111039209, 0.2580429401976394, -0.07200138532683531, 0.027071664126683947, 0.4858509265365647, -0.14182943421153105, -0.30495674501851006, 0.4171950199359019, 0.12070137139417153, 0.12302851419902808, 0.03297840055020756, -0.023308927348241183, 0.03553962655274933, -0.1081627714177966, 0.10208874716579212, -0.011386469492205875, -0.017005006171943025, -0.21830228720425182, 0.23213605646161709, 0.04148599401406145, -0.06246471641346421, 0.00692767426926797, -0.2635672354072749, 0.2008241690189593, 0.06730958994948127, -0.06316639768950665, 0.20163654652283555, -0.3710509587523407, -0.07722977147928366, -0.0433733112268524, 0.07936634121841578, 0.061854113282695855, -0.1259514139401505, -0.3840468890522797, -0.028298001161054766, 0.159783154292099, 0.3753576607156056, 0.23787371542909183, -0.12765019303664932, -0.005817590296190537, 0.17293084283730809, -0.35122120824024444, -0.8783570291145149, 0.2644699067156927, 0.2546390112060607, 0.8255879503688485, 0.45874982687456634, -1.2248167813634963, 0.2105923023914265, 0.23793731320038913, 1.1852689021088214, -0.23216331362006334, 0.07377746649339094, -0.12439843164345878, 0.11594650832660476, 0.13024733355856685, 0.11892041203132682, -0.10746478195305931, -0.1714219461986155, -0.07344404905147707, -0.1875534960689748, -0.10260306562863222, 0.13921521481702787, 0.20245371264576323], "trans": [-11.255580746299682, 2.8162363446036887, -0.6924756578588642]}