{"betas": [0.40466836330444017, 0.05863328700476435, 0.12669029315925331, -0.03563903324106255, -0.03161275739992719, 0.041330373522867565, 0.0442195718616265, -0.05240537505411271, 0.026760476646685124, -0.027919142557181535], "pose": [-1.5919182470335669, -0.12943033054020886, 0.12943033054020886, -0.5101002141270533, -0.04121413440503448, 0.08417965646646697, 0.11320824916580902, -0.010435544387431727, -0.05766991742381646, 0.20454670084432103, 0.03954439342336702, -0.04201162672634513, 0.10329689152508453, 0.1426085604679646, -0.13322552706483703, 0.43837338730994935, 0.2543362015876405, -0.006067058469919482, 0.054780097867457724, -0.10048564609514209, 0.052416952161988294, -0.011191369215309773, 0.12026232858754297, -0.05087354115160931, -0.09599069603036066, -0.10260598113223438, 0.23921009035663732, 0.08152491853318483, -0.06097389436477938, -0.008186546319773771, -0.26782686406084455, 0.269657974581047, 0.24610357964822793, -0.15840884497627716, 0.11238656543592808, -0.3126494360531294, -0.10106914383202162, 0.047199138329281236, 0.0019185967791616534, 0.10247997821761065, 0.003438414405803847, -0.3160410446044726, -0.07690792648121478, 0.11664974306194796, 0.12144882959258622, 0.2144071446228778, -0.016810166875601357, 0.0024533911699791758, 0.18325512233123273, -0.4705856247052162, -0.8460748992023948, 0.2979517252922716, 0.3610868919323772, 0.8802567954842748, 0.5866133266661628, -1.535693836529071, 0.24904533027777975, 0.5267490235599157, 1.610557576752039, -0.29918952662428167, -0.2553254835407632, -0.14908925051771163, 0.19543477268464424, -0.08038024150386815, 0.14933552592121713, -0.1435221813179189, -0.025804987476135386, -0.016847813533842546, -0.18052330057196236, -0.0939539504485843, 0.11276783200922064, 0.1801457568445882], "trans": [-10.664316934369685, -2.2762993057480054, -0.760448958147948]}