{"betas": [1.813289222669109, 0.20156947919784157, 0.0011390909961732187, -0.4871353642584728, -0.16755291678885467, 0.02420319783742449, 0.0691750353522659, -0.03790042278230592, 0.027389876576093666, 0.006434531786996541], "pose": [-0.4922991510531187, 1.9437442843833532, -1.9437442843833534, -0.3551075230250944, 0.010279759608666403, 0.13108595415166488, -0.284067900675338, 0.017806587628772595, -0.15499909092870826, 0.14793296932016142, -0.03114897393955975, -0.02307546093951986, 0.5166795080895099, 0.0014192088059937732, -0.13595057816231657, 0.9438164616878518, 0.21869772775013516, 0.049259904400907134, 0.03465200778675719, -0.06971172315887231, 0.06435783189678623, -0.1225998639864425, 0.15991106907602462, -0.06820509805622706, -0.17750803723755262, -0.19480991936567457, 0.2843687040324667, 0.0839073064241824, -0.08552754602268164, -0.005423325138447145, -0.3159700670059717, 0.22456619124501787, 0.31750725925880663, -0.23166686326130886, 0.13265141144222745, -0.4446398502350194, -0.10788202850616976, 0.005609053516020266, 0.08811456429836342, 0.07870097856468612, 0.08117662252870854, -0.22220053758406566, -0.07306282217021026, -0.11296165537433935, 0.16585791327065658, 0.12093812050027376, -0.08133880265620744, -0.03670973473967656, 0.23298799138533902, -0.20395071722480632, -0.8036224938482314, 0.2942105325674319, 0.15778689417956454, 0.7211505938282846, 0.6371725740559111, -1.7768874245575654, 0.2958038421742829, 0.2877344223991937, 1.9968264410403485, -0.48929531354685585, -0.05182169215054125, -0.15490044739053696, 0.11323002201324273, -0.013198048970178964, 0.18896389034877015, -0.11067441352254397, -0.23513215300641058, -0.037817620715841514, -0.2545673027021357, -0.15824920242349164, 0.11280001172198523, 0.22999614303007784], "trans": [-12.505557203102029, -0.8022001867374756, -0.8377743042191206]}