{"betas": [-0.04531959800123942, 0.25816046623113975, -0.10443940742347267, -0.07597029208210594, 0.013911735992459227, 0.013954990810594958, 0.00840059268463032, 0.018210526354907698, -0.01144635948893292, 0.002226290135924623], "pose": [-1.5824094948801282, -0.09026723181402783, 0.14026723181402784, -0.05436279965752941, 0.07008185792399256, 0.0627487952363376, -0.6096672957232592, 0.04309956540306553, -0.1275725385391921, 0.4496847992910882, -0.05624870359614597, 0.019683098590925895, 0.6123941803786879, -0.10210016718309133, -0.05336983814039232, 0.2780440094155782, -0.1389763556080457, 0.15345620032251459, -0.04948953829068168, -0.03145920390683003, 0.012893681588755937, -0.06887717355740422, -0.1621409741774099, 0.24679240179951176, -0.06264730777201097, 0.08574296111714869, -0.08568409643764205, 0.017558971057874993, -0.057190656958405625, 0.023079819425280933, -0.21885275799616058, 0.18726652420841772, 0.1432511518061694, -0.032746967485100406, 0.12137049113419546, -0.3699152744266631, -0.1359130175525602, 0.2842100883970395, -0.004808925868026445, -0.02781426848072514, -0.22131754846269838, -0.30840326332322215, -0.04784798159487137, 0.20183316661911285, 0.2891727483409159, 0.022744679062624285, 0.5420636162654291, 0.04510874213147403, -0.09308595931635301, -0.40255228206693816, -0.633490785085332, -0.050123143576662664, 0.22816571253522294, 0.6083613411102232, -0.07921034078372982, -0.8056489088284403, 0.33907316303891955, -0.3179020349230019, 0.6858236826246797, -0.3766014769276954, 0.007781105118690872, -0.04095169256614791, 0.15890435751480855, 0.03328245709762979, 0.03913774838339276, -0.12059012954180653, -0.15589098128645057, -0.07196165446671542, -0.19614828163192416, -0.1273241999416383, 0.1266660127729709, 0.21656646039301308], "trans": [-27.072106032862166, -9.776191286125039, -1.0037227704649776]}