{"betas": [1.8964894903024812, 0.31493576625010133, -0.1035326407414528, -0.4364464500446508, -0.04973432451903863, 0.09833628269918979, 0.014303769774192097, -0.026993742994641887, 0.07112343154180402, -0.03308173982274214], "pose": [-0.17695606510071388, 2.135136200621293, -2.135136200621293, -0.15225971911262293, 0.026601291665222737, -0.02647460531889298, -0.22525602957116056, -0.016030824615120294, -0.16835437517391427, 0.265312390570649, -0.010697399436007693, -0.024911308287788782, 0.19162372843615313, -0.03984890390285079, -0.05206302625012068, 0.99569324529481, 0.02934543834647856, 0.11318256044261338, 0.03691379579439201, -0.059287433766064275, 0.04987305612541064, -0.09506648001404218, 0.14894271292439124, -0.04518212672373779, -0.12745052708150514, -0.17390718657257964, 0.20991571282669555, 0.044196878716680876, -0.05379755645291718, 0.0026263484401412296, -0.23030139995325877, 0.2102078512457315, 0.20566655076184795, -0.13723146035693884, 0.1656462800615242, -0.30090360958268225, -0.07693971685076775, 0.038468817540479136, 0.08056442717894256, 0.03473067495431386, -0.19609069436008725, -0.31797378051987557, -0.03540532668449166, 0.19964730081946494, 0.3295246761353874, 0.21427054529678594, -0.13372535682433695, -0.00840242918160036, 0.15886982545808206, -0.3666054477820595, -0.7408213903794679, 0.28522350634240845, 0.3268046339503246, 0.7927541268535012, 0.4267636067236863, -1.1182139154378856, 0.10955790832021836, 0.31465607877470975, 1.191927640128154, -0.1584055824378607, 0.091546266613751, -0.1053615328475419, 0.11338587292748899, 0.06512560849071418, 0.1097432120348032, -0.05485249395185502, -0.210832504007616, -0.04207349892377898, -0.18346502207292348, -0.13288452495424294, 0.11651832743214526, 0.16992361051060453], "trans": [-11.652769032035955, 5.051835706723314, -0.6502078821999145]}