{"betas": [0.12977417203956745, 0.49847687971378624, -0.19179541608583497, -0.1113183526768453, 0.0549914925669735, 0.1034291447522722, -0.013453424082682812, 0.010035343166627214, -0.014576049326274527, -0.02308049036666073], "pose": [-1.4772871313538805, 0.6304178169266715, -0.6304178169266715, -0.4469319939207834, -0.05930818605929208, 0.029631799372436363, 0.18349791665693632, -0.09921130895349331, -0.00957300760956254, 0.21236204134296313, 0.10158470395967731, -0.01969003858006074, 0.553850346461639, 0.042721122634726015, -0.15223656853323958, 0.46428904991420006, 0.1524732965022698, 0.0505488385311679, -0.009358560292207793, -0.025482124130285992, 0.012361599835874832, 0.0639735615247733, 0.08949563501097361, -0.007820913848324602, -0.08636645398238293, -0.1656494717623719, 0.07652325739250376, 0.06707234288610986, -0.009947203219757353, -0.022472104546847664, -0.25260867642754015, 0.2184575317637521, 0.08781941692790454, -0.06949845588681522, 0.1545979640132142, -0.15326374638591392, 0.02987397344028662, -0.0027891054743491048, 0.07693371738005138, 0.04988014641057908, 0.09342607796676734, -0.5125534452825484, -0.01602168296752756, 0.046595766797698536, 0.5260072478537685, 0.3347838669536226, -0.10243167787085734, -0.057452036221174445, 0.081121215761019, -0.17513252557978473, -0.8837589528060771, 0.16870068631377436, 0.28269200586664356, 0.8382877792651158, 0.1675195330730718, -0.4092531302532344, 0.11035430894234431, -0.07884026886938524, 0.4101120372018134, -0.13043140888878396, -0.03771610654354224, 0.034225670056833836, -0.10167757582820662, 0.006228288212080621, -0.01261461170773978, 0.037250995633495355, -0.19749769307392737, -0.06612360060997763, -0.19364084301440646, -0.1015771095619206, 0.11650552826437552, 0.23126693739125107], "trans": [-15.535464517794392, 13.190766788540774, -0.4970104311436294]}