{"betas": [0.19173745763710806, 0.20679507266967936, 0.025545764337162807, -0.024244743693028488, 0.0007202369641003663, 0.013236882350636182, 0.021343764601424748, 0.007373052342460504, -0.01918535564321634, -0.005662447391478864], "pose": [-1.3686357034256362, 0.9000661023394219, -0.8625661023394219, -0.6370571561981057, 0.0070686554212820146, -0.05370811779621663, 0.11570504281545016, 0.15714530173037533, 0.06766741382312254, 0.3132955737434634, -0.013505621194317296, -0.0032061903226609277, 0.2081326783451169, -0.06676501934924847, -0.02449471976264972, 0.09595210438118193, -0.13318746359349004, -0.05039408465775554, -0.04445532302905824, -0.0026253317423324666, 0.01748817712709586, -0.07941879344641566, 0.09023776848048808, -0.07710369927260886, -0.14502275017358388, -0.17128035909047767, 0.23429551412735056, 0.02358109626036455, -0.03635402756003706, 0.0075906133411000965, -0.2719745727021643, 0.21644053051062292, 0.1980613881382739, -0.125001947982904, 0.11760206519926929, -0.375816608721522, -0.23008303935832805, 0.0766851972706648, 0.036094995238992435, -0.013152978079845426, -0.0007375957933672199, -0.31648895054420256, -0.05394925642057096, 0.05218290391354638, 0.3192592801774354, 0.10998965348138828, -0.039808081440915036, -0.017490327646041807, 0.010474981664807119, -0.29856514790726724, -0.7394424550267872, 0.11852096198975429, 0.22294811298872064, 0.7420393953497344, 0.08223336926913893, -1.3074409700582583, 0.46592997361721616, -0.11813584091369729, 1.180023981328602, -0.4541122288606677, -0.11752821209320981, -0.0715364287013624, 0.16281403946524947, -0.03629311590005579, 0.08562737134029667, -0.11154537425273735, -0.11889480844905391, -0.059975726313431545, -0.20594144985034563, -0.09851893074255069, 0.11236596985534078, 0.20998849801964992], "trans": [-25.632572607201226, 13.562640354226986, -0.5199008393714455]}