{"betas": [0.19173745763710806, 0.20679507266967936, 0.025545764337162807, -0.024244743693028488, 0.0007202369641003663, 0.013236882350636182, 0.021343764601424748, 0.007373052342460504, -0.01918535564321634, -0.005662447391478864], "pose": [-1.5681963081412789, -0.10599024449826243, 0.10599024449826243, -0.6326777581140811, -0.03377833493091275, 0.020942758162491623, -0.15053043661708465, -0.04294508259826605, -0.014148514483454042, 0.3100537443430129, 0.02279401974249572, -0.011033951850844746, 0.6832484597199254, -0.027652149676469697, -0.15877723731615154, 0.2526605061461409, 0.04214393011514503, 0.08794212772046286, -0.06316018907015238, 0.006178628778211525, 0.010715826205447322, -0.03489989131630956, 0.11064845166425953, -0.11866211794023462, -0.17922615607617368, -0.17287290473155148, 0.23158079546973792, 0.03519481435848665, -0.019259478890084072, 0.008413484341174822, -0.2706011876443186, 0.19474060674691926, 0.2686018905915649, -0.14232108904016955, 0.09652408878245497, -0.3817752807924289, -0.24257962030429484, 0.14463071767015978, 0.025235383944090445, -0.008849894526879624, 0.10768553124203185, -0.30496422744493895, -0.04428007131977199, -0.024957848269746095, 0.29866977843866616, 0.06896174082310039, 0.026965811078588156, -0.030445523553716516, 0.8924103452026333, -0.8677355794074985, -0.8400875107368144, 1.0667659258307103, 0.5330812224065294, 0.8086599191511734, -0.07122742098104903, -1.2473120381067742, 0.4111469542500608, -0.29319877950892, 1.2751568908206612, -0.3609942782813395, -0.11994692569562786, -0.07147429367251401, 0.16425664717233057, -0.0671009973828512, 0.09812698281577359, -0.1141234380048171, -0.16510821150357924, -0.05768098576660252, -0.21936292722201642, -0.11580025680651672, 0.10031922465642175, 0.21710784361615634], "trans": [-29.255646999695557, 3.2899719416949202, -0.7579443985277775]}