{"betas": [1.8964894903024812, 0.31493576625010133, -0.1035326407414528, -0.4364464500446508, -0.04973432451903863, 0.09833628269918979, 0.014303769774192097, -0.026993742994641887, 0.07112343154180402, -0.03308173982274214], "pose": [-0.1583831679158256, 2.1317401123077575, -2.1317401123077575, 0.23212110722095985, 0.011556282027042897, 0.00894691062730768, -0.6383390228171252, 0.004375666287723713, 0.0013122918450429802, 0.14265101390806986, -0.0799600905621833, -0.03739501179531863, 0.16469048399319292, -0.0026609987223263146, 0.003919605879351942, 0.14093628821765655, 0.020848245685024025, 0.016726857901949013, 0.07899473767517555, 0.09419803409260526, 0.021687531052451393, -0.3653610716229642, 0.12662912351017655, 0.011417690806273065, -0.08283568835065541, -0.22227179263013722, 0.1059540184255936, 0.04884551611219944, -0.035678913733008036, 0.0015631809940398235, -0.21871042422583048, 0.1756586512119215, -0.006263274857398436, 0.1358874094424461, 0.18638097929627248, -0.21669078077003578, -0.17206722410185493, -0.49695479829767153, -0.17383455239704812, 0.05949352534374439, 0.04889621083541393, -0.45756551746832586, -0.09424481101412543, 0.055032533643593416, 0.4825527374092959, 0.5220195675271301, -0.4233929015729384, 0.005979118691311559, 0.20525466191280523, 0.07155414207641311, -0.9108907556471689, 0.35999094569791806, 0.2668928614836416, 0.905235694563054, 0.5487871362811146, -1.0508072209849428, 0.05319661061721544, 0.5005305947997618, 1.1633550822903445, -0.1179825325053921, 0.049311593593698966, 0.03713254123554584, -0.10759924664019999, 0.010882604170179205, 0.0021319549097912134, 0.026249767668462674, -0.2031253743953153, -0.07422278790996922, -0.16158016129159442, -0.05498533198500204, 0.13078061500317237, 0.19385312843274713], "trans": [-10.535878847789307, -1.7880069035705624, -0.7262745376636179]}