{"betas": [0.33303066142902105, 0.22906885785386125, 0.1321746135337195, 0.03485680493593007, -0.034928744222964915, 0.03738652273642406, 0.06435992437738675, -0.06135207138309116, 0.004712805749211021, -0.03328562850670294], "pose": [-1.6128949861147266, -0.30968036531669046, 0.2596803653166904, 0.21336939189142243, 0.04578778335480605, 0.013749849078072654, -0.4969887869380496, 0.03602324702170595, -0.023630194998694495, 0.22054495813050304, -0.08436839388970087, 0.033376109038023724, 0.2233560296319828, -0.08727024549331293, -0.07524286026240534, 0.31889621287429354, -0.046979118036456824, 0.06011603656846783, 0.03166237023482328, -0.006322443489786596, 0.01581196678376723, -0.0510605216464035, 0.09377133348008256, -0.045993090889707815, -0.011846230604666889, -0.21246392342652737, 0.26962010269500586, 0.058112020478249454, -0.05759267198739659, 0.0056067150676592835, -0.30668320026032425, 0.21165385200365394, 0.10178316313400651, -0.06320167142552438, 0.1927731651298632, -0.41939060996382255, -0.14261556858583052, -0.008062901684768982, 0.09531934718114797, 0.008562502074867088, -0.07048605380320255, -0.23204078966317065, -0.055344573781235994, 0.09388560268676356, 0.20395079114299233, 0.3180944898213439, 0.18289595068339115, 0.019333351556619516, 0.12327847091652566, -0.4588266078026475, -0.8261223783641435, 0.18159066386664713, 0.23109138618332045, 0.7245947397135147, 0.41280874199155104, -1.8051744635623568, 0.48986092904872325, 0.1381184582073887, 1.439040120020554, -0.39813099901432686, -0.14086222907248386, -0.17523645552027015, 0.1711180870850078, 0.059470275323462045, 0.13538157446497917, -0.12486667503648761, -0.04275656126548823, -0.050926069130937474, -0.15419858386929608, -0.0653377550446893, 0.11774694158467726, 0.17566258302499], "trans": [-11.30698342623282, 1.456709248456736, -0.7249971046341154]}