{"betas": [1.7511515842605234, 0.3670231778082652, 0.03978433168027672, 0.004913282851196045, 0.02958606384598556, 0.001461046037256542, 0.028411238985692, 0.012589726574853976, -0.014340388809218167, -0.004234100351574732], "pose": [-1.4435361791328627, 0.7331761124367612, -0.7331761124367612, 0.15362050811966219, 0.024427182647584526, 0.061084346472980104, -0.48751050602356716, -0.0054582255632731995, -0.15418011462023384, 0.2005575448679225, 0.0044005188594316135, -0.02081237669284545, 0.09169926759895172, -0.0716943562682466, -0.12044200851273926, 0.718619794638737, -0.027944003121870366, 0.07528870003271226, 0.028198249703522235, -0.018025667655902012, 0.030893437128684836, -0.09143381906125737, 0.07044219624419279, -0.05913846604246699, -0.099367600300802, -0.15620907387843197, 0.2551484735335641, 0.027433402309803342, -0.09740048372917179, -0.024650385924386432, -0.2972826231483936, 0.2685121049410141, 0.17928173963693506, -0.13365925207831783, 0.1253365480473511, -0.3894319201446584, -0.21969907003583897, -0.4079523479358431, 0.05990928661383827, 0.01633335965716942, -0.12861793289106943, -0.30502935574787465, -0.022991063727842837, 0.10449378869590174, 0.30165967827151585, 0.28658290784133467, -0.4509643404355678, -0.05387060010333354, 0.2545948970599283, -0.4849227636456417, -0.6828599251993228, 0.33896006353092095, 0.1354610118975532, 0.8413431802940988, 0.2654053588407856, -1.6123533359167546, 0.4808893258494329, 0.16547301956621618, 0.6180699495024498, -0.10796030162487497, -0.04876771693932403, -0.12509438456464778, 0.25674615281306273, 0.03244579133297485, 0.1566580578594828, -0.17260986772511122, -0.09227760044816127, -0.06428556918649082, -0.19533818326324673, -0.1057191154187731, 0.1369852347419837, 0.21271893060755945], "trans": [-25.89480932048793, 12.702046147104303, -0.6162245799989604]}