{"betas": [-0.459125293958982, 0.2836700625543276, -0.2828307762064238, 0.06170009900103966, 0.04114696315793381, 0.017447099752977802, -0.018216663065381097, 0.013285817624318214, 0.01584973647464493, -0.019639755817989615], "pose": [-1.59579435733601, 0.05291778088482041, -0.05291778088482041, -0.005220576491067511, -0.05044742577459206, -0.0179857239397019, -0.5765583904740277, 0.0010647998223095448, -0.008188454606184933, 0.21691816844998119, 0.09423285188727051, -0.05080777569914784, 0.12944151386488256, -0.018695218955226266, 0.012628366349389172, 0.8885334564656522, 0.01170451474610254, 0.0801234882362218, 0.007163093718695841, -0.014262297599491817, 0.01691605489614511, -0.11553699306402154, 0.09487716344089055, -0.0719741999098773, -0.18566163231172664, -0.1408223408537923, 0.16160804843555, -0.00268779294245606, -0.014161889312779247, 0.018323796072890957, -0.19145569707054957, 0.26736344587604605, 0.23705728970218928, -0.08906398701242897, 0.11996274714779462, -0.2620786001029646, -0.0896347211592864, 0.03113064436781146, 0.04001477454520154, -0.021663755159262332, -0.3449684968423503, -0.38324999268066495, -0.05539697205475853, 0.4144075558171397, 0.3474079400514899, 0.17472809291860864, 0.016248355227732478, -0.02356114586825407, 0.060246607011900204, -0.3343547664651844, -0.7463278666957874, 0.6158943253232046, 0.07860939449587805, 0.99439971026251, 0.11199758371116347, -0.7000063811292401, 0.09637545547398806, 0.22310530441627807, 1.6030225903607513, -0.4636544775366857, 0.1575624999236125, -0.031563872791156695, 0.19366854150373997, 0.016570490905745448, 0.11926616500784228, -0.18038595142826097, -0.31331022717649637, -0.07919026517651044, -0.2439812621872673, -0.18208961554937694, 0.13876055762505293, 0.24681816711861232], "trans": [-9.944763233914, -3.785114544364483, -0.6827798777615274]}