{"betas": [1.7511515842605234, 0.3670231778082652, 0.03978433168027672, 0.004913282851196045, 0.02958606384598556, 0.001461046037256542, 0.028411238985692, 0.012589726574853976, -0.014340388809218167, -0.004234100351574732], "pose": [-1.5992557019432316, -0.08796807497708324, 0.08796807497708324, -0.4961761555475053, -0.12433972025001269, 0.011915295987885051, -0.02277129432214163, -0.08325661898341821, -0.02354926881748247, 0.32985680276674073, 0.04171186606582872, 0.0016261114889961805, 0.7232201069830916, -0.061929910481535386, -0.1590599245516883, 0.23760184785579067, 0.0407272304115163, 0.07806802717486769, -0.036228115745380644, 0.007929478698712864, -0.010796258918612398, -0.028444578452610465, 0.09321940033447701, -0.08593711214006879, -0.16230825140879393, -0.2227792187193972, 0.18663805785199164, 0.04086876011179346, -0.0027946609281964694, -0.004170543190953475, -0.2793191263002928, 0.20263419756497272, 0.17868919133655065, -0.10376082437924455, 0.12381963882312516, -0.3321396923571899, -0.13699021564661057, -0.006020245394344011, 0.02498531749501484, -0.043084835319728204, 0.01805426952092764, -0.26611580816725444, -0.06910950717653629, 0.08901624124320093, 0.23242292397649264, 0.15787055123126886, -0.0738887032341562, 0.007430865453898432, 0.12567046246869396, -0.42041619367776845, -0.7087138451331142, 0.27511241712866175, 0.42334739991172443, 0.8067205140147645, 0.2988000541394352, -1.6721326234210727, 0.31537818275919244, 0.31538216072056374, 1.1737007900691403, -0.13003520931444168, -0.1619443383321872, -0.07069100705401259, 0.12017763174716133, -0.0027594695889829957, 0.05840809826225209, -0.10182623389008671, -0.09228185544123996, -0.0439913879045906, -0.1749942711477375, -0.07423675891218047, 0.0960135789384988, 0.17713165735613798], "trans": [-27.211608315430155, -5.2542076470761625, -0.9374504675449062]}