{"betas": [0.23095163209771685, 0.04109343311864416, 0.025248775430059576, 0.03225921746385679, -0.011730228160678488, 0.01411489487013554, -0.004068968651146599, 0.0031222508939531494, 0.007432816158778922, -0.011705167054862173], "pose": [-1.0669071817503544, -1.408121665617601, 1.408121665617601, -0.5291479538901732, -0.030988380672865634, 0.17431208646631105, -0.5427983743735296, -0.01206146525769142, -0.1605712494925083, 0.37944402829838053, 0.0002657280806754341, -0.0020974213125733248, 0.7511122906117271, -0.041350355491578665, -0.15884572656598395, 0.8847900250899374, 0.030712009771566545, 0.08942116748186095, -0.03565678486987991, 0.018660820358192883, 0.012195718286790658, -0.08689705081028384, 0.077743873988159, -0.058136306737100726, -0.17551111548859766, -0.16581563820696202, 0.20877716846010666, 0.03133123115168094, -0.02687905906608275, 0.006439953072633037, -0.30152221940097346, 0.24894105553675402, 0.21089234369873253, -0.1609165401047052, 0.10018575498231828, -0.3605253793635531, -0.22521439224287165, 0.1543122762725213, 0.030114649833954305, 0.027023704341256123, 0.027661028284326733, -0.3937651689910813, -0.011934803775028242, 0.06179457391982377, 0.3835835784669343, 0.1066740298508872, 0.03354110975184212, -0.05278636784626277, 0.08958077841864286, -0.2309246651148529, -0.8502556094460475, 0.19308992793553872, 0.25471447057822055, 0.846108725051614, 0.19670298935924407, -1.2802491968910221, 0.41365635996283434, -0.0062390212014071375, 1.247362759516123, -0.4139600435348708, -0.05838020520788476, -0.04566093392871513, 0.19423931773757558, 0.0028189332469535006, 0.09287827935427688, -0.1551694111803926, -0.1819501410017264, -0.07380465236286772, -0.22906224815516465, -0.1375774297095361, 0.12356378078756153, 0.23862043080029316], "trans": [-60.83915344983864, 4.265338733081438, -1.0276079879643107]}