{"betas": [-0.459125293958982, 0.2836700625543276, -0.2828307762064238, 0.06170009900103966, 0.04114696315793381, 0.017447099752977802, -0.018216663065381097, 0.013285817624318214, 0.01584973647464493, -0.019639755817989615], "pose": [-1.725451412933923, -0.15192900204426787, 0.10192900204426787, -0.3213864143684513, 0.018722901876496098, 0.022958172221285808, 0.1811637737881368, 0.030843017932740704, 0.002838802977113322, 0.259136033420326, 0.04124350076537002, -0.019981082354236852, 0.5695948844141405, 0.11147475605465856, -0.16132756248527425, 0.9469186813158992, 0.02390720752864088, 0.03128684290641047, -0.007272100511320557, -0.05030546119122022, 0.04154234359153476, -0.1024911918032451, 0.15558341574165802, -0.08495020773043663, 0.1382589467517457, -0.01139731401858081, 0.04812386158521978, 0.03452453154316563, -0.030946420064142225, -0.004362789737814751, -0.19855852142839986, 0.19866474527098396, 0.31890991023679, -0.15453735083195502, 0.10867552906172051, -0.32107804117408967, -0.1668821857103908, 0.10855383479634903, 0.09262738088789309, 0.0387253168130287, -0.03796164999218936, -0.4040639357253753, -0.0884361350789479, 0.1191462112371228, 0.3304597283739478, 0.17908359779054636, -0.060538953794606505, -0.07437020132357779, 0.7403354737394118, -0.32807813668970687, -0.8350080143230053, 0.08761032702661678, 0.41278380804670867, 0.6450232510917602, 0.10657435382675644, -0.02310751821062014, -0.1706040979383206, 0.28661280021161445, 2.179523122612234, -0.3440411534457892, 0.053581377168314334, -0.03216548070168559, 0.03384226576131245, -0.04132131779787989, 0.11377113669439551, -0.10975475363272505, -0.37495823564659037, -0.06622096549426604, -0.29671206674247524, -0.20120659074292857, 0.12040634303614726, 0.272582182855882], "trans": [-10.276605084683208, -0.005808073551614959, -0.5817379156617316]}