{"betas": [-0.04531959800123942, 0.25816046623113975, -0.10443940742347267, -0.07597029208210594, 0.013911735992459227, 0.013954990810594958, 0.00840059268463032, 0.018210526354907698, -0.01144635948893292, 0.002226290135924623], "pose": [-1.5704374849051883, -0.03938372908971232, 0.03938372908971232, 0.2792781646842683, 0.045133572296337104, 0.08646093222693166, -0.620721835315732, 0.02986642770366292, 0.013539067773068347, 0.38596753285930335, 0.05626555244146921, -0.03431919479679541, -0.04212434216552755, -0.1123671347184686, -0.0607046088427594, 0.4578756578344726, -0.1123671347184686, -0.0607046088427594, -0.01911933738400339, -0.07022487926514524, 0.0365218462558183, 0.022142964580413784, 0.11210886968342235, -0.07289426142817057, -0.14866119869065705, -0.14547169648031105, 0.17082790703192044, 0.039947941804334905, -0.03494309888688836, 0.015753652480548497, -0.22202326711217923, 0.20842370018213247, 0.19016860907525007, -0.1021233737363444, 0.13266461249538564, -0.26249157862097033, -0.11489426662522051, 0.17068714533359086, 0.020250163846896443, -0.021425881185310865, -0.17817155347779876, -0.32086185516905097, -0.02646591806559482, 0.15273994771041283, 0.362425616217915, 0.18625653694544922, -0.007702832050756595, 0.0026349126596028898, -0.0020579875397470104, -0.37216228171408056, -0.6576442569798733, 0.15033367607717404, 0.25641363389260824, 0.7757194287206363, 0.08376083148944241, -0.9593693014998596, 0.29266046896395176, -0.044988943054353074, 0.8789537087964913, -0.30262675840764997, 0.01194437766978865, -0.059021355134846194, 0.16659186893729083, -0.03819954946446979, 0.07181158218316074, -0.09593321251704995, -0.1657003765214355, -0.056211328952497336, -0.19791531491283, -0.12437404737618651, 0.11294328343455774, 0.20914738757134765], "trans": [-27.88399406510718, -5.273651201917117, -0.8123304620327044]}