{"betas": [1.7511515842605234, 0.3670231778082652, 0.03978433168027672, 0.004913282851196045, 0.02958606384598556, 0.001461046037256542, 0.028411238985692, 0.012589726574853976, -0.014340388809218167, -0.004234100351574732], "pose": [-1.3934947491878358, 0.8612384777455633, -0.8612384777455634, 0.015109958681215618, 0.004735877082581993, 0.02992836087413521, -0.22169808134200386, -0.01726615315474039, 0.0238481191621287, 0.25806183059516513, -0.044432487712105825, -0.00255291637491284, 0.5648870450075542, -0.0992932899454717, -0.25592815715233475, 0.20403048504348126, 0.07537867238405714, 0.0820928458478117, 0.009144956212680432, -0.01100753097841528, 0.04724555090210284, -0.10285679437514537, 0.05000074623173128, -0.005522323145922097, -0.09666042335390485, -0.14027515242393024, 0.2126742675984625, 0.045446127248188424, -0.0739351009695176, 0.004843259540258576, -0.34942626841915253, 0.2661743852967894, 0.11326103256193817, -0.14806333463781585, 0.09962186104483545, -0.3512961498416411, -0.14821963034522748, 0.016617320396270917, 0.06969751311738102, 0.09040287771185909, 0.06875145289607319, -0.45924287458024526, 0.015111306729478692, -0.055766942602478387, 0.4901146344212642, 0.20298157151897903, -0.07016007935386942, -0.024570086849577972, 0.1543266582500237, -0.37602679254201, -1.0608051758927655, 0.3578871119814895, 0.13239350822587997, 1.0821924446448459, 0.40669822381465626, -1.642037023940397, 0.5378646151090617, 0.12187593680406512, 1.4113573564267146, -0.4971364972946356, -0.1307585255712747, -0.06590709190045134, 0.15828013546818778, -0.011713867211301144, 0.09261745301185277, -0.12088022203781905, -0.09147204172872886, -0.08035614105288418, -0.22432731302112505, -0.10535507224901956, 0.14469274666077098, 0.25042012406962233], "trans": [-27.98335904080882, 11.629673192945974, -0.5572981142022887]}