{"betas": [-0.459125293958982, 0.2836700625543276, -0.2828307762064238, 0.06170009900103966, 0.04114696315793381, 0.017447099752977802, -0.018216663065381097, 0.013285817624318214, 0.01584973647464493, -0.019639755817989615], "pose": [-1.249557919644743, -1.347736019088954, 1.2977360190889542, -0.42179455862533977, 0.010547198333389775, 0.048241067199768256, 0.06504111456136785, 0.04956548297909434, -0.029600141336006344, 0.11910062756116621, 0.011908152882155243, -0.010563362425866191, 1.0502909933885054, -0.005550127442466975, -0.15018292872552844, 0.08297425115695882, 0.046670968381208246, 0.05838233388239469, 0.0020489397280863304, -0.03388184338065918, 0.02549933199003168, 0.10584279589058333, 0.045154458581035256, -0.010377667048708846, -0.159451374041183, -0.13598188595936878, 0.16857243816015813, 0.022703388470604935, -0.03752867181513059, 0.003018463012120438, -0.29208921266932475, 0.2852419258661993, 0.1256573511414295, -0.13306728351590416, 0.10850597997348363, -0.30972373829235716, -0.1844003385595513, -0.3869893024027733, -0.09697272305490234, 0.001040917275879467, -0.13890180134348143, -0.3583182757776439, -0.07058311782877513, 0.18133110342766576, 0.33535380725322417, 0.15473827714036745, -0.05915845922188338, -0.03135633694036948, 0.05645078769714266, -0.38682887684669426, -0.8886073248321934, 0.1780501162269882, 0.36953858235354925, 0.8894944076990312, 0.20505188330675497, -0.7352360187032176, 0.35126679286674284, 0.2661106532973893, 1.4968403210923011, -0.5748011903055181, -0.09892661744553034, -0.0719296368608256, 0.21646169659977654, -0.017418173884065656, 0.12683134321560458, -0.21633043858995243, -0.11937923317760443, -0.07123588381952742, -0.23422417769283507, -0.10814438432225243, 0.1452265904353479, 0.25497053647373297], "trans": [-18.6475657874337, 12.501986495787685, -0.4113119376387162]}