{"betas": [-0.459125293958982, 0.2836700625543276, -0.2828307762064238, 0.06170009900103966, 0.04114696315793381, 0.017447099752977802, -0.018216663065381097, 0.013285817624318214, 0.01584973647464493, -0.019639755817989615], "pose": [-1.5762321245682314, -0.4832732802376584, 0.4832732802376584, -0.008171431507630063, -0.04974399857879289, 0.05003474214998866, -0.4404828677628585, -0.000669677575625569, -0.024645521302144553, 0.4370065657947762, 0.01443092530522555, -0.009334531594482786, 0.35847660236976087, -0.2319710992628911, -0.13087459385067654, 0.8636219335881521, -0.03640246661900154, 0.1204226809718463, -0.03848949387245341, -0.002808224503175592, 0.015857034011482012, -0.09889816891093782, 0.0711154855630012, 0.0016483615607082295, -0.19162099788671424, -0.2057518344418841, 0.13121620996845995, 0.024759662028238812, -0.009359910349314894, 0.00026156558598612286, -0.26126183850522267, 0.23745948700399777, 0.10974995846968864, -0.11705970724164112, 0.15493838722346578, -0.29316514124192583, -0.20987927365836237, 0.040621667196084864, 0.061413702814216015, -0.02904087581879115, -0.14894963085164523, -0.33706609581094993, -0.11007496651010192, 0.2721523933166521, 0.303324669644034, 0.13312805635610897, -0.12163946759363933, -0.028803813572600184, 0.014490983813270896, -0.25628506114938965, -0.6735869412345427, 0.11415629365853351, 0.2865144547334108, 0.7006041111845799, 0.09608007139727433, -0.4060934298325487, 0.24494081898746148, 0.002089822796767394, 1.2412041893845858, -0.43830658183707366, 0.03788193686303275, -0.04148812552430139, 0.21487596668454212, 0.04622382686846433, 0.1200496735134874, -0.23089897644618126, -0.231885601579107, -0.07649805110189839, -0.2348078962333726, -0.1063583631990897, 0.13907119442736174, 0.23667605807374265], "trans": [-13.655280766925442, 10.33906913689286, -0.350313934861412]}