{"betas": [0.19173745763710806, 0.20679507266967936, 0.025545764337162807, -0.024244743693028488, 0.0007202369641003663, 0.013236882350636182, 0.021343764601424748, 0.007373052342460504, -0.01918535564321634, -0.005662447391478864], "pose": [-1.3328023700923028, 0.9792327690060885, -0.937566102339422, -0.3021955119160502, 0.0003449007171520725, 0.023929876490932797, -0.48619668299254165, -0.07828546680334426, -0.0035002612092533483, 0.31329557402405517, -0.01350560638576471, -0.00320617687285076, 0.3643464940047718, 0.04517933275232926, -0.1065790805040176, 1.1183618782659113, 0.2014330964295708, 0.11690252484338878, -0.04445534465138196, -0.002625325005749424, 0.017488217430072756, -0.07941878895942311, 0.09023775220294196, -0.07710369401060553, -0.14502275418454408, -0.17128033357705857, 0.23429552103657883, 0.023581084771205938, -0.03635401890597905, 0.0075906387376711935, -0.2719745650320485, 0.2164405272974084, 0.19806140524900687, -0.12500196152722848, 0.11760206503123714, -0.37581662230402185, -0.2300831261601723, 0.07668525081080639, 0.036095001212949396, -0.01315295049549066, -0.000737569980863224, -0.316489006809451, -0.05394922658071394, 0.052182902993712824, 0.3192593927921105, 0.10998961922595647, -0.03980807222935593, -0.01749034828316256, 0.010475044091303337, -0.29856510695831995, -0.7394425267870348, 0.11852106568269426, 0.22294813952747214, 0.7420395145383532, 0.0822333864309002, -1.3074409461974605, 0.4659299309367241, -0.11813577537857814, 1.1800240089128216, -0.45411217777964236, -0.11752822752790831, -0.07153641970337257, 0.16281402559765856, -0.03629316503010124, 0.08562737335511626, -0.11154534598150039, -0.11889482149944397, -0.05997573464133626, -0.20594147110541303, -0.09851894201991991, 0.112365974961263, 0.20998850724925025], "trans": [-25.458772221010996, 13.65141808341912, -0.5437660532669195]}