{"betas": [1.8964894903024812, 0.31493576625010133, -0.1035326407414528, -0.4364464500446508, -0.04973432451903863, 0.09833628269918979, 0.014303769774192097, -0.026993742994641887, 0.07112343154180402, -0.03308173982274214], "pose": [-0.1897755448007231, 2.128343314873322, -2.128343314873322, 0.09199914083979277, 0.059391564937664836, -0.027765737521950273, -0.493260302550604, 0.04874167397207142, -0.02742426014143918, 0.30613167514683454, -0.047096257071703965, 0.008850046362650153, 0.5956829270692536, -0.1735857170071868, -0.09550012837895493, 0.6810444786695382, -0.06240642463801028, 0.11097197372734535, 0.022459128987588402, -0.043695802629222076, 0.05286216335002055, -0.14850224335995385, 0.10974216026426489, -0.016914400842238553, -0.098564284114446, -0.19055628170726538, 0.19802779430839074, 0.03673396310210252, -0.06215966256171441, 0.013997732442146275, -0.2652822616621535, 0.20789129442505813, 0.1002376243749335, -0.07412277000547834, 0.16245143056543845, -0.33936558200370087, -0.08299727046550764, -0.002308414925759389, 0.0838779865619299, 0.05769957704874089, -0.19254491116829978, -0.3557977105889292, -0.026162541198199406, 0.20534813593785406, 0.3606235765628331, 0.21531868748154892, -0.11926162598498773, 0.002739030853308675, 0.1731816314045914, -0.36164064016414277, -0.816810680992297, 0.2565318812577286, 0.3023970018319274, 0.802074538836112, 0.5043717061153438, -1.137099149066511, 0.13444581928374752, 0.30793806372347843, 1.1666430360290834, -0.19013459969150764, 0.11696280570877803, -0.10647649174273104, 0.09534656376744838, 0.11947595997601258, 0.10314918949779243, -0.07613117410717377, -0.1942113515719558, -0.062470569076898796, -0.19222406586038118, -0.11765912749291906, 0.1379809517664014, 0.19256516924536135], "trans": [-11.535693659226819, 4.309377331667798, -0.6608937847597038]}