{"betas": [1.8964894903024812, 0.31493576625010133, -0.1035326407414528, -0.4364464500446508, -0.04973432451903863, 0.09833628269918979, 0.014303769774192097, -0.026993742994641887, 0.07112343154180402, -0.03308173982274214], "pose": [-0.15839605389698816, 2.1448363570175726, -2.1448363570175726, -0.32227740051486037, 0.015017105583432326, 0.13989238436226392, -0.290931920325365, -0.019602052516191903, -0.10303015804564683, 0.14265101390806986, -0.0799600905621833, -0.03739501179531863, 0.9563018301773977, -0.005183027856220282, -0.16338243457205912, 0.3749810498699772, 0.043685523397237136, 0.06535729465826955, 0.07899473767517555, 0.09419803409260526, 0.021687531052451393, -0.10186981463485255, 0.09896290523608699, -0.04006787796963378, -0.06415341155898979, -0.15651734843682621, 0.18952666059411044, 0.07384551611219943, -0.13567891373300803, 0.0015631809940398235, -0.28943188682298515, 0.20394444701040282, 0.11653166020318192, -0.06305057519124851, 0.12150430106346527, -0.32589475868614265, 0.08963540991865075, -0.12381362400012118, 0.10835880671840586, 0.08675003598374242, -0.1748575703636027, -0.29264919391250216, -0.028081699281716874, 0.15446085110568225, 0.2869413910350374, 0.30713166206379616, -0.19779109375308632, 0.06943517222049028, 0.20525466191280523, 0.07155414207641311, -0.9108907556471689, 0.35999094569791806, 0.2668928614836416, 0.905235694563054, 0.5487871362811146, -1.0508072209849428, 0.05319661061721544, 0.5005305947997618, 1.1633550822903445, -0.1179825325053921, -0.02881753202274557, -0.09673690075635152, 0.0664347316661035, 0.05872323156863899, 0.06741124531993313, -0.0665154402498478, -0.13238242377258425, -0.04557359088096926, -0.17643537833748466, -0.11535951610812906, 0.1361237662617524, 0.1827546735590994], "trans": [-11.050283999189938, 0.9649976144496815, -0.7926187890595053]}