{"betas": [1.7511515842605234, 0.3670231778082652, 0.03978433168027672, 0.004913282851196045, 0.02958606384598556, 0.001461046037256542, 0.028411238985692, 0.012589726574853976, -0.014340388809218167, -0.004234100351574732], "pose": [-1.5962852563237349, 0.10440150295899214, -0.11978611834360756, -0.2617649615274464, 0.009049058754147438, 0.06963279711456716, -0.4849802108575939, -0.029577697300259168, -0.06863688305531107, 0.31433491554529713, -0.03575542240412733, 0.009623218446340885, 0.7537806234752883, -0.11091934209333244, -0.14422041207646982, 0.7028154433350858, -0.03431217659165303, 0.0992686727905753, -0.029895733248360742, 0.006226762955155182, 0.03060400377757182, -0.0978972620757385, 0.08897329012609591, -0.040893577519979726, -0.10321323230558253, -0.20190762505881066, 0.22041014867556524, 0.037664889141808225, -0.0485175771284284, 0.011611413694320121, -0.29809193030487163, 0.21552930427806394, 0.11522005840248775, -0.11014252854005661, 0.1466793079565593, -0.36205824954699706, -0.15289152333331563, 0.08417623447923221, 0.050266296568792265, 0.020738741771334755, 0.030717456114910894, -0.3753306012327154, -0.013766284198160008, 0.007312877726384085, 0.4187136129915284, 0.18769685799170818, -0.01068060021734049, -0.02336434039033071, 0.019054974176169307, -0.29665114444263707, -0.7671882207495874, 0.1794438639104259, 0.13056622525380396, 0.808711282593861, 0.1574478808798521, -1.4824531598675206, 0.1796896815504863, -0.08036835598247566, 0.9543047007740558, -0.35251159357569517, -0.040615958693057314, -0.05349422819989978, 0.1354696531645972, 0.014112768838191413, 0.0519787867303288, -0.07956792170612131, -0.12022283889030494, -0.07229863646121233, -0.1957137132648173, -0.09066118692227508, 0.11984794413136611, 0.21298060840208444], "trans": [-29.12769442673462, 9.672399823242223, -0.6719788222304282]}