{"betas": [0.19173745763710806, 0.20679507266967936, 0.025545764337162807, -0.024244743693028488, 0.0007202369641003663, 0.013236882350636182, 0.021343764601424748, 0.007373052342460504, -0.01918535564321634, -0.005662447391478864], "pose": [-1.5218625139147057, 0.6048277531487627, -0.6098277531487627, -0.6370571561981057, 0.0070686554212820146, -0.05370811779621663, 0.11570504281545016, 0.15714530173037533, 0.06766741382312254, 0.32544721934244897, -0.07714759096317947, 0.009992619103938597, 0.2081326783451169, -0.06676501934924847, -0.02449471976264972, 0.09595210438118193, -0.13318746359349004, -0.05039408465775554, -0.06058667531315611, 0.0007944147135646313, 0.025801720246619354, -0.1001300754434217, 0.08868126982074952, -0.08808293030222919, -0.07550028033556648, -0.15760054357664713, 0.28966676122033364, 0.027645702757428156, -0.06386243453061453, 0.01672112019487572, -0.2751138280431236, 0.18657652654857917, 0.17453758572073716, -0.09244145638429402, 0.11950261552595204, -0.4388544027721308, -0.20969023678286017, 0.0441507886389535, 0.03337558085666647, 0.00836781456712001, 0.021874234395473504, -0.30797146912729495, -0.03554555223634876, -0.009897081023090734, 0.3278660422495045, 0.11274330310645637, -0.0587051936093533, 0.012780849382123724, 0.011704933960264645, -0.34254241482533815, -0.7703520809683677, 0.15380316935561436, 0.16242647386974893, 0.7838565267548907, 0.09493599263523679, -1.24206524750122, 0.4251662138790588, -0.08347965441349735, 1.0348243410264422, -0.37031511928599903, -0.12462427980520152, -0.07151639707310953, 0.14331240030795772, -0.04263393865085931, 0.06529798833981548, -0.0623660104693423, -0.09344691757259273, -0.0643755975423248, -0.19103805208248872, -0.09105466454374314, 0.11621958539779248, 0.2001110642882332], "trans": [-23.356529298578, 15.136549224859595, -0.5232415076373578]}