{"betas": [0.19173745763710806, 0.20679507266967936, 0.025545764337162807, -0.024244743693028488, 0.0007202369641003663, 0.013236882350636182, 0.021343764601424748, 0.007373052342460504, -0.01918535564321634, -0.005662447391478864], "pose": [-1.2969690367589697, 1.058399435672755, -1.012566102339422, -0.3021955119160502, 0.0003449007171520725, 0.023929876490932797, -0.48619668299254165, -0.07828546680334426, -0.0035002612092533483, 0.31329539530683304, -0.01350562344092743, -0.003206215239372275, 0.3643464940047718, 0.04517933275232926, -0.1065790805040176, 1.1183618782659113, 0.2014330964295708, 0.11690252484338878, -0.04445541625867862, -0.002625339195853433, 0.017488178657942798, -0.07941880932530931, 0.0902377785734375, -0.07710369230393802, -0.14502278591095907, -0.17128035530822402, 0.23429554579526957, 0.023581067285293914, -0.03635403861380991, 0.007590602677575084, -0.27197458515557826, 0.2164404937533393, 0.1980613969163403, -0.12500196128861704, 0.11760206783435573, -0.37581667335069974, -0.23008315847685926, 0.07668517764210035, 0.03609500501503376, -0.01315301085439995, -0.0007375179996681787, -0.3164889066297786, -0.05394927373141609, 0.052182783008000264, 0.3192592559200098, 0.10998960446975378, -0.03980808611448202, -0.017490311839517186, 0.010474944067480757, -0.2985651750752978, -0.7394423998491987, 0.11852095396960083, 0.22294803792869894, 0.7420393549586846, 0.0822333490396929, -1.3074409987594833, 0.4659300208742126, -0.11813589189823787, 1.1800238910975278, -0.45411224754561585, -0.11752822978406316, -0.0715364288845489, 0.16281402020913066, -0.03629315996446899, 0.08562736200088437, -0.1115453255608584, -0.11889478705095329, -0.059975721331335434, -0.20594147220637615, -0.09851891399069752, 0.11236595685329615, 0.20998849608878206], "trans": [-25.28497183482077, 13.740195812611255, -0.5676312671623936]}