{"betas": [1.8964894903024812, 0.31493576625010133, -0.1035326407414528, -0.4364464500446508, -0.04973432451903863, 0.09833628269918979, 0.014303769774192097, -0.026993742994641887, 0.07112343154180402, -0.03308173982274214], "pose": [-0.12099799037285475, 2.163906936578327, -2.163906936578327, -0.3285166565515227, 0.014327155654556377, 0.04677635450171621, -0.308107640548843, 0.008913317806863203, -0.0705404923001034, 0.14265101390806986, -0.0799600905621833, -0.03739501179531863, 0.4390075416812853, 0.04626014227496911, -0.14434122005961142, 1.0205514798426596, 0.10255077094806082, 0.09547199281117498, 0.07899473767517555, 0.09419803409260526, 0.021687531052451393, -0.07294191028633343, 0.17819207714252425, 0.002552712576651142, -0.11488936173557929, -0.18274550682659946, 0.1944571215308659, 0.07384551611219943, -0.13567891373300803, 0.0015631809940398235, -0.2533100885718014, 0.18451734024993977, 0.19496511958523594, -0.16109339505688883, 0.17889951185465086, -0.2970991387932156, 0.053181927630549464, -0.03806499155015404, 0.1286965391894462, 0.06788109453207651, -0.09041246055635765, -0.2978255308229613, -0.05216652043299168, 0.08232668732575986, 0.3119507415672072, 0.33485221019296396, -0.1818599171309277, 0.006712462096624386, 0.20525466191280523, 0.07155414207641311, -0.9108907556471689, 0.35999094569791806, 0.2668928614836416, 0.905235694563054, 0.5487871362811146, -1.0508072209849428, 0.05319661061721544, 0.5005305947997618, 1.1633550822903445, -0.1179825325053921, -0.025744060460704907, -0.047606485006757626, 0.05232179640849104, 0.0026672481926382375, 0.05775673286901181, -0.006161113415325801, -0.22507053062358093, -0.03943761438436707, -0.17795123213804398, -0.12176763783173905, 0.10826797815105933, 0.15438754557764559], "trans": [-10.905865029028217, 0.19358483850771607, -0.8006388865103988]}