{"betas": [-0.04531959800123942, 0.25816046623113975, -0.10443940742347267, -0.07597029208210594, 0.013911735992459227, 0.013954990810594958, 0.00840059268463032, 0.018210526354907698, -0.01144635948893292, 0.002226290135924623], "pose": [-1.5699940799497694, -0.05888462946559502, 0.05888462946559502, -0.5328814365975405, -0.07337362744934295, 0.035610444576038784, 0.3133518645168179, -0.10741772135052129, -0.01751891559289388, 0.23877093170902222, 0.11679652972257704, -0.016238536577705784, 0.5367023427963612, 0.07087376556119092, -0.15880431071056392, 0.48594346874720473, 0.15914470276495002, 0.05087575654227108, -0.015297819745935382, -0.01943190797703295, 0.008670074754061676, 0.07429603893257514, 0.09042276431273269, -0.023576000846491744, -0.11414485726427703, -0.16385218138623783, 0.07955983805620621, 0.07545640043781883, -0.0006957108509736201, -0.020092762415870748, -0.26114604607567327, 0.22473388758573096, 0.1261135024423182, -0.08268170251322719, 0.14869103096828784, -0.1556397298156426, 0.0368010038600786, 0.06898716602459617, 0.0626217941557677, 0.04332069955529496, 0.10418289538686129, -0.5065677163334519, -0.007809613084855772, 0.041942937457304534, 0.5159778167020025, 0.35129655086440936, -0.04140275632720199, -0.07936422785087988, 0.08962034187087488, -0.17273910743432078, -0.8966776596512727, 0.16642473552712783, 0.305872725635556, 0.8334731042770842, 0.16642153664953277, -0.45728217845834346, 0.12497972915001396, -0.08186211512140797, 0.45927007144218984, -0.13696438217929385, -0.052776301153511986, 0.02355926782813687, -0.07838318687561517, -0.006623649868312436, 0.0007694012647853945, 0.02118750000877521, -0.19706081882397236, -0.06370698478800067, -0.1909773159166628, -0.10678673732827319, 0.110994614109628, 0.22868479592757265], "trans": [-27.80581451780952, -5.64113415572291, -0.7953278316168917]}