{"betas": [1.7511515842605234, 0.3670231778082652, 0.03978433168027672, 0.004913282851196045, 0.02958606384598556, 0.001461046037256542, 0.028411238985692, 0.012589726574853976, -0.014340388809218167, -0.004234100351574732], "pose": [-1.6077543236472482, -0.14704196347619933, 0.14704196347619933, -0.45949946727548285, -0.04331047767182021, 0.09307663107756231, 0.2654888755793668, -0.08529715029750728, -0.03891743569937991, 0.23858998976197895, 0.05654173275287167, -0.03435424591272932, 0.25204349346835797, -0.009204669166622534, -0.149109379912304, 0.4734441251602922, 0.10875805267385115, 0.06068384468599639, -0.007104810445752241, -0.015801595434277393, 0.013273486778942993, 0.009040385278629649, 0.12116572808963719, -0.08617283410982572, -0.1715427317604335, -0.19072815454848466, 0.18133401595452697, 0.04463409502912414, -0.01828290991369258, 0.0005220992426123738, -0.2713563842645591, 0.224394960728652, 0.22193483333261232, -0.16022073464572284, 0.13480536785440872, -0.2722495810225045, -0.12198699858948783, 0.17111260860947347, 0.025728152733611315, -0.016760773551934335, -0.005909733327800575, -0.31901588615898757, -0.000903027606939043, 0.03909060654331842, 0.37124234913248055, 0.28053481590154306, 0.03087589717834156, -0.025082607153270445, 0.0045403694240021995, -0.32290893553806593, -0.6553322616291444, 0.21081310007574935, 0.1558543138558211, 0.7907461794146395, 0.10007950605485036, -1.7643866076652097, 0.42603310874831096, -0.01172227202548899, 1.3785573124838353, 0.3655975582876729, -0.09213930004396811, -0.07057828330810806, 0.15802644545340605, -0.040031606528134346, 0.06421279776246745, -0.048423886614279134, -0.0961423655294681, -0.041223992031556835, -0.1607747633188874, -0.08843531398307247, 0.0904028593504406, 0.16533853631710424], "trans": [-27.254711456529225, -4.814536399651914, -0.9316385207818884]}