{"betas": [0.19173745763710806, 0.20679507266967936, 0.025545764337162807, -0.024244743693028488, 0.0007202369641003663, 0.013236882350636182, 0.021343764601424748, 0.007373052342460504, -0.01918535564321634, -0.005662447391478864], "pose": [-1.6314408296249314, 0.23645145182950358, -0.23895145182950356, -0.5143439666963191, -0.01261100752509142, -0.049112882783074886, 0.041435489533495885, -0.017558305618924516, -0.009447513471199216, 0.39689147221132715, 0.036221410123374424, -0.029819242883523327, 0.18262047404572299, -0.08614866951631547, -0.13887519897287956, 0.7444718264777553, 0.03918357716468501, 0.08170017508950274, -0.029537632919416943, 0.006716294204100243, 0.01504259070543861, -0.10786218524929035, 0.044319755676509295, -0.03690089906874116, -0.25040080263776193, -0.08583042481642948, 0.16441089418864027, 0.00011975118774590868, -0.010178493113709067, 0.008851232677279533, -0.2924227709112716, 0.30995405225499256, 0.21163302936645467, -0.17474512222011335, 0.05316181267387664, -0.2632328655968659, -0.2736762991659384, 0.1500874934864546, 0.021400270643344994, -0.05460959289220617, -0.17700660166242044, -0.31321725230825964, -0.03169980064364444, 0.2542061510301932, 0.35288394796398365, 0.10621410350923387, -0.04145014427154353, -0.028768036287503712, -0.00040997289288084314, -0.5356152614645799, -0.799911467841796, 0.12406916127730717, 0.41308826927064984, 0.887043684709322, 0.07068676512197243, -1.6184435787690024, 0.6673682625947928, -0.10306336653084956, 1.1550866584093875, -0.4986022510413508, -0.22870189029509827, -0.023958312451475235, 0.23922382299207628, -0.08001408827875449, 0.03198626811868326, -0.12865209208551734, -0.022978173737250356, -0.04060702944512651, -0.17737739342909808, -0.10488650122804882, 0.11079420492073079, 0.18402386000237733], "trans": [-21.252450516980478, 17.650836097149206, -0.4903566078939441]}