{"betas": [1.0007394031128156, 0.13998077818863408, 0.20322321153559939, 0.06919845010960525, -0.06355964225067326, 0.0988583210768853, 0.031004152589175965, -0.07600298470585287, 0.01954775199647453, -0.05391534064665776], "pose": [0.08458143230584253, -2.28945207013941, 2.2144520701394104, 0.2027143867155522, 0.0168002488211577, -0.006831387120081099, -0.597330254325262, -7.826286491877511e-05, -0.002699028063539534, 0.30910662594644217, -0.10364609711017594, 0.034571061017328986, 0.6922006041217783, -0.1829515685746639, -0.11490381290238524, 0.3474177631107793, -0.04190286954887039, 0.0805574221356918, 0.031270772881931204, -0.003972532260066047, 0.03711093107070215, -0.15830746789778127, 0.08306914927797478, 0.02219362008076244, -0.048082029250430806, -0.21707599787690196, 0.22996475185205403, 0.045831840536644096, -0.07378264965758081, 0.0028313981641442097, -0.3051033048621594, 0.2411255622470146, 0.04556400636890693, -0.08322253640697076, 0.20772947341962714, -0.39077862480096065, -0.06769652566855457, 0.009515348536565273, 0.0884233938811088, 0.07375830191749945, -0.10648965179099552, -0.4285215729314984, -0.025893295509754263, 0.13979600864907296, 0.4082150602459526, 0.268147374729413, -0.07110782420793674, -0.04292668743624573, 0.168825020719928, -0.3408050178330848, -0.9106374168289867, 0.27892791787356985, 0.2592783734747479, 0.8441513904905074, 0.45898994804845217, -1.283715813283645, 0.2567697962649712, 0.2148335218903163, 1.3319159649608354, -0.3086973416836452, 0.10607334202698217, -0.09617617367284749, 0.14401136693428365, 0.139025805334998, 0.1205548150039702, -0.1448590403284301, -0.19840959989167287, -0.08726052270712671, -0.2197313967990924, -0.11823705537582134, 0.15141141611624206, 0.2391840155070508], "trans": [-11.225832921202098, 7.55447677018327, -0.46886686448652637]}