{"betas": [0.12977417203956745, 0.49847687971378624, -0.19179541608583497, -0.1113183526768453, 0.0549914925669735, 0.1034291447522722, -0.013453424082682812, 0.010035343166627214, -0.014576049326274527, -0.02308049036666073], "pose": [-1.4312814662899196, 0.7668042459928859, -0.7668042459928859, -0.5740250997728447, -0.036744331010113936, 0.09584102706409442, -0.07655144600347744, -0.06609766709646467, -0.031258442648407936, 0.3420652014673743, 0.09441391016491943, -0.018366065779658318, 0.44015737363461005, 0.10391827309990488, -0.14633866143981353, 0.5246186567592573, 0.10985389186579651, 0.06497926999263298, -0.002541526484093437, -0.039765937636710984, 0.014799648113691992, 0.07830534344866207, 0.14309688300750742, -0.1172239735277289, -0.15810982663232304, -0.178368505235383, 0.14547352642370046, 0.04252072265563936, 0.010478864297387912, 0.013672137209979045, -0.18023194068279288, 0.1752228528790354, 0.23925255483287908, -0.07113405557191152, 0.17320891525191667, -0.23822783221519558, -0.083668366542021, 0.3157038464823701, 0.03213674964622265, -0.02286350582308815, -0.16926550786148378, -0.35239925930860405, -0.02325064639087001, 0.2524245814024385, 0.3609233612139422, 0.212355149561782, 0.1186231252880951, -0.06352000960880191, 0.10201486768208055, -0.20073342801172198, -0.6273446618413808, 0.14210517749559975, 0.4181520491800157, 0.6689600605812975, 0.14947694894788388, -0.626556611522139, 0.03754626032966972, 0.06261885056056908, 0.7609630748951012, -0.07922139540326983, 0.1415209867341848, -0.0753830973122835, 0.15486294774737014, -0.00042362173773434475, 0.09737830214685173, -0.11774735870955269, -0.2909696574363851, -0.058773138059554066, -0.20864693239604112, -0.15742865917713814, 0.0986891121301416, 0.21206041596804454], "trans": [-18.104932488970093, 11.007340521796303, -0.5772948010082851]}