{"betas": [0.19173745763710806, 0.20679507266967936, 0.025545764337162807, -0.024244743693028488, 0.0007202369641003663, 0.013236882350636182, 0.021343764601424748, 0.007373052342460504, -0.01918535564321634, -0.005662447391478864], "pose": [-1.5168757617855348, 0.5660267335388268, -0.5885267335388269, -0.24447167733106315, -0.009488139191764132, 0.017940787998638366, -0.25993991511094505, 0.005222737768565257, -0.011520544391981614, 0.32125972343093123, -0.08128756116025751, 0.0020777504741141743, 1.0580474574390262, -0.12833858765015016, -0.0842992357781316, 0.27654263543381774, 0.04701582872383438, 0.14972703988801594, -0.07066758353012689, -0.012454003726641742, 0.046972628568780414, -0.16624459852770426, 0.07998748959780143, -0.03340431120929143, -0.09818205023479222, -0.18553564870157607, 0.26917534120208575, 0.02613449357942092, -0.07921147548869327, 0.015742680416265042, -0.30252838909221613, 0.19929672017669303, 0.09476383960626973, -0.1197056721914278, 0.13908198936895277, -0.4301710670420266, -0.23463178606019716, -0.015188484448242967, 0.049021421580120135, 0.0011165966302114816, 0.016724181673434615, -0.3129587847362024, -0.04734506426301153, -0.044900115859508635, 0.37554523771336074, 0.12049688533426624, -0.10689235882805515, 0.027597650683915093, -0.07218673374914186, -0.3648867954095245, -0.7036502031107087, 0.14474462940577534, 0.05100461513210509, 0.7832068487079485, 0.03774825990936896, -1.2140208353736521, 0.4820882617744762, -0.16960811110241727, 0.9208582145912577, -0.4228727048561103, -0.10729062384309937, -0.04149264110143639, 0.11114075904982142, -0.028114665604523012, 0.02702553015005841, -0.027460176669540117, -0.05537438092478542, -0.0659575336417464, -0.18773146864465873, -0.06125332249725231, 0.12109804154445518, 0.1956827750689773], "trans": [-22.549033998406347, 15.880897739408086, -0.5048183550968081]}