{"betas": [1.7511515842605234, 0.3670231778082652, 0.03978433168027672, 0.004913282851196045, 0.02958606384598556, 0.001461046037256542, 0.028411238985692, 0.012589726574853976, -0.014340388809218167, -0.004234100351574732], "pose": [-1.594371476634458, -0.07847082157455934, 0.07847082157455934, -0.3854859279358097, -0.05106365816233447, -0.012546359045011252, -0.0072310725560982905, -0.07723499043127967, -0.06771972972553364, 0.2694346102285451, 0.06166717115289516, -0.017166242962632555, 0.4600424300379923, -0.03766964271173714, -0.03779159754385596, 0.7685860137700333, 0.044853948550903446, 0.06840028486728732, 0.037732902835704435, 0.009814616742414862, -0.016357421132074404, -0.0011490380328553144, 0.09299735915187005, -0.08422216242288921, -0.18919917344433787, -0.18908134005956995, 0.1501967235646841, 0.025862213095023664, 0.014430724246407314, 0.000832995580501885, -0.2729468874619041, 0.26854299714487967, 0.2166557856118348, -0.14048574802785282, 0.15697338064179384, -0.24594218792983866, -0.11803136217673282, 0.2819297028661777, 0.016073693745177055, -0.030023549083970792, -0.21264340642747612, -0.31366940871481064, 0.011320778709605822, 0.31161696087035684, 0.3229080019063186, 0.1723378618703375, 0.1208415603216576, -0.06630353946116592, 0.12567046246869396, -0.42041619367776845, -0.7087138451331142, 0.27511241712866175, 0.42334739991172443, 0.8067205140147645, 0.2988000541394352, -1.6721326234210727, 0.31537818275919244, 0.31538216072056374, 1.1737007900691403, -0.13003520931444168, -0.0340991134068658, -0.12233209918993569, 0.22497303997867554, 0.05422030244904945, 0.11522794316598874, -0.10703273344609887, -0.0942234085119007, -0.035047485323808907, -0.12945813283414018, -0.09772575487611027, 0.0968873858564517, 0.13428686554325164], "trans": [-27.0581682023872, -6.218378884563606, -0.9864069421467103]}