{"betas": [-0.10716845975804463, 0.03555393559239171, -0.022909588301634677, -0.0022321960585287635, -0.011360188238027402, 0.007048778770267401, 0.0026244476494828445, 0.001119221678184007, 0.011361241992361597, -0.011308692156923365], "pose": [-1.233985931295478, 1.1697577188901864, -1.1697577188901866, -0.4475320102090153, -0.02888197703166538, 0.1514409111255224, -0.5331821785780939, -0.000656982745023192, -0.13998374881724082, 0.3780684385470294, -0.011938035276953621, -0.005248665522088566, 0.7722352435784212, -0.030378257325940374, -0.14630461598407002, 0.8692448559049588, -0.011656512721482552, 0.08536501419778086, -0.004182439566187707, -0.012802422090987236, 0.01784604963543682, -0.11487482792011657, 0.04529737213016027, -0.021664540148345287, -0.17019958084861994, -0.1453089417210152, 0.19068125584271875, 0.012369448949775517, -0.03595244089395757, 0.007345549756091583, -0.2988907164336265, 0.3033824818259428, 0.15008695574986033, -0.13119573357778336, 0.10621605906266737, -0.32698500152920584, -0.20151020423438906, 0.07936045885595555, 0.037946192622751916, -0.027242905056818378, -0.17807172479158093, -0.30781434541788305, -0.06886326266573468, 0.21657226738138624, 0.2930848630748598, 0.1387143213116247, -0.05627729331403415, -0.026983200701773995, 0.013259967631262965, -0.45672249459188596, -0.7976507672630729, 0.14393349038681552, 0.3618682653482867, 0.8281350081858603, 0.1667218661457652, -1.7165501952956963, 0.6356192930554715, 0.002261470845900002, 1.6718435318656322, -0.6508527720900856, -0.10685504658964728, -0.09433212063174631, 0.2746998159096259, 0.007338708179796262, 0.13820431131109281, -0.23367658022699328, -0.08239531556160762, -0.06462890712893068, -0.21602768316245194, -0.09986761884663431, 0.13962619229110784, 0.23320871766948276], "trans": [-56.32932215068703, 6.299043276478935, -1.0082133673626459]}