{"betas": [-0.19266644468801378, 0.5771463667239267, -0.16308379457488245, -0.06462538974507079, 0.08054580167251779, 0.027975024271901693, 0.03561269911626106, 0.05188376016633901, -0.05289357868361275, 0.00684608270928935], "pose": [-1.466073175756806, 0.6664666170449726, -0.6664666170449726, -0.33657125163035606, -0.02329936669336782, 0.05134202343884361, -0.3575310891017951, -0.034340267596798466, -0.024492795908255413, 0.3097001448569233, 0.02165084787241252, 0.001135954579980058, 0.9930187571765897, -0.09068280910312443, -0.16003692947204579, 0.6906114891630044, 0.01091649088429203, 0.07927810154641518, 0.027011278399675865, -0.002828843950651648, 0.0013557908403358861, -0.08854858172689238, 0.06715838462393194, -0.07960412224655244, -0.17210787523581797, -0.1800617649092938, 0.18119945282584632, 0.01087584944147341, -0.0016681121326557794, 0.011063024938799433, -0.27072385575974256, 0.275348180634368, 0.18798213181354434, -0.11406640183094303, 0.13860836843116556, -0.3106370368092611, -0.16283811407001467, 0.1842336957845649, 0.03617651493753124, -0.038635633653984966, -0.24274435663253985, -0.26529167760593525, -0.05354105695163049, 0.33231088295927735, 0.24566138930727904, 0.11584230422227663, 0.03542036910662207, -0.04456886857999199, 0.07934982918384519, -0.3876156040615208, -0.6789976348911888, 0.19109669981327057, 0.45597688239830625, 0.7310682816938056, 0.2724798741849611, -1.506065188857936, 0.3863449427412034, 0.26033410211602853, 1.5742462796921657, -0.3628947849326656, 0.006283359020564535, -0.1412709854312121, 0.2638120035817915, 0.07042190937276457, 0.16158411254208915, -0.20573300683623405, -0.11809966048034523, -0.04870663459786331, -0.17955399583469164, -0.1026957988579574, 0.12357481693032976, 0.18654863406142871], "trans": [-23.30336005172677, 6.411204133481692, -0.6538741958508972]}