{"betas": [-0.10716845975804463, 0.03555393559239171, -0.022909588301634677, -0.0022321960585287635, -0.011360188238027402, 0.007048778770267401, 0.0026244476494828445, 0.001119221678184007, 0.011361241992361597, -0.011308692156923365], "dual": [0.00415823922114561, 0.00033266881221893224, -0.007433231611300946, -0.025607415475813987, -0.005277793962581883, -0.0024074298543591104, 0.0016810876421373246, 0.002545804606945995, 7.972366270088925e-05, 0.0017156527718679392], "pose": [-1.223837242931184, 1.186113253715942, -1.186113253715942, -0.4224154289577127, -0.034171372495293374, 0.1171571644646964, -0.44043692027956305, -0.014221884515199179, -0.11205180657124968, 0.3487172801675694, 0.0021406566190342014, -0.004893986749441554, 0.7172764882873918, -0.015162360950880404, -0.14409891090981977, 0.8263966905239872, -0.012651855815503023, 0.08094368615094971, 0.0002455559197267348, -0.007558461254830194, 0.013554505344446521, -0.0873820089733021, 0.054015958692713625, -0.022185318880937853, -0.16382114599023867, -0.1596178115268261, 0.18198716190676598, 0.022734499857480158, -0.028860059736596062, 0.0029462954808146813, -0.2998756590592218, 0.29318437552297, 0.15259831220195394, -0.13348367242787962, 0.11702207732069762, -0.32062094320800577, -0.17943295701525988, 0.09070701734054441, 0.042193262064501046, -0.014004090696735685, -0.12321004314681519, -0.3310319386661352, -0.06139708152712806, 0.18289712297499217, 0.3098185955111244, 0.15906671009857654, -0.03520185665271895, -0.03978685283692307, 0.04628320011102316, -0.39704965255835395, -0.8295815740667983, 0.1643457757381456, 0.3519789419847957, 0.8386216692173502, 0.19555786476773526, -1.6559661751527728, 0.588009242768601, 0.02052110897883458, 1.6468824551325825, -0.6153451238711012, -0.10238261008346218, -0.09420487911649901, 0.25762244742654805, 0.007371135036332663, 0.14243086975823485, -0.22935205169878678, -0.1059927868357282, -0.06738233153980111, -0.21961829696198698, -0.10255054975356659, 0.13681764962699117, 0.23737131099983755], "trans": [-50.62071957912963, 7.083855556970439, -0.9189246620829294]}