{"betas": [-0.04531959800123942, 0.25816046623113975, -0.10443940742347267, -0.07597029208210594, 0.013911735992459227, 0.013954990810594958, 0.00840059268463032, 0.018210526354907698, -0.01144635948893292, 0.002226290135924623], "pose": [-1.567861762334498, -0.11259948637835318, 0.11259948637835318, -0.3211586519603484, -0.04483848292546886, 0.043510434604690326, -0.19273037259392892, -0.045685285686718646, -0.04515261937513321, 0.26265414511469354, 0.021173857305537645, 0.000473288786084888, 0.7767404688795595, -0.08291409566355358, -0.16092165266810515, 0.4942704321512183, 0.047399337883722754, 0.09137606605401442, -0.025318061025299876, -0.005246824717877397, 0.01921629956207106, 0.03212886224673409, 0.06847129274773997, -0.027420521153559693, -0.051080681075554024, -0.19590297282635172, 0.15541075499283902, 0.07594938651074676, -0.035151715325099704, -0.01579752832816081, -0.3204112479597572, 0.21043099027321543, 0.0689079807589836, -0.06567827778024019, 0.2061352027191889, -0.3012342946578795, 0.0035930632608536565, 0.031743248460154395, 0.06494513852306114, 0.052141928002082574, 0.08595984744450187, -0.48492394074122236, -0.016329948215770367, 0.014703190234742081, 0.5245477080148456, 0.37514943377061033, -0.07550947747873132, -0.0589814768694548, 0.06360193536924957, -0.23816903882951507, -0.8800384274432501, 0.19270274805878787, 0.23510821507461915, 0.8454862429267818, 0.15864050399678561, -0.544105649703933, 0.14053690728499396, -0.08696404895983414, 0.47891701909834594, -0.13818272023408554, -0.029668664346078823, 0.009512031851623245, -0.05065843204752287, 0.02035433362128381, -0.003662013250348651, 0.010719090502081776, -0.16453858677213354, -0.07710885479997166, -0.1953733038558292, -0.09174261572884569, 0.12314911022246353, 0.23728396402275057], "trans": [-28.19617924439217, -1.2905886675058496, -0.8859321714779098]}