{"betas": [0.19173745763710806, 0.20679507266967936, 0.025545764337162807, -0.024244743693028488, 0.0007202369641003663, 0.013236882350636182, 0.021343764601424748, 0.007373052342460504, -0.01918535564321634, -0.005662447391478864], "pose": [-1.56586359566908, -0.14595876217045145, 0.14595876217045145, -0.014386416204661752, 0.07449527982586107, 0.004914258282362312, -0.478753840085463, -0.022060890334761454, -0.01098454720629561, 0.31967719298059977, -0.08012604629630207, 0.028596024851111103, 0.2953579213373896, -0.1802617570179269, -0.10524341216390476, 0.2402401357837314, 0.0004136385256758744, 0.09998165819341467, -0.0014997195093762034, 0.009065973990715358, 0.013816311060803098, -0.09867516965340002, 0.028946657353329696, -0.01653220270224512, -0.04664128977321843, -0.17339753979196237, 0.24245169816873188, 0.01673312233575085, -0.05271083948333338, 0.00964034225809204, -0.3099541871259512, 0.27363234562309274, 0.07213581611144064, -0.0723140260619084, 0.15086971663024545, -0.3956770597939026, -0.16973566574776128, 0.0035695806861964644, 0.04652037836592504, -0.013443202631911108, -0.11573489123143745, -0.32270668581014167, -0.06969786050144862, 0.1530658930521266, 0.3099428362750145, 0.1857321274707639, -0.08360970931503388, -0.014615964032679748, 0.8924103452026333, -0.8677355794074985, -0.8400875107368144, 1.0667659258307103, 0.5330812224065294, 0.8086599191511734, -0.07122742098104903, -1.2473120381067742, 0.4111469542500608, -0.29319877950892, 1.2751568908206612, -0.3609942782813395, -0.15410014826509857, -0.11947929710365264, 0.2601201136321865, 0.017378526260906843, 0.14106646440359616, -0.22806912678618316, -0.03566342528024695, -0.08048986530000099, -0.2054519929184498, -0.06951517297497055, 0.1474324053400919, 0.2386923296679449], "trans": [-29.99972796871135, 9.262179411402867, -0.5590291829382705]}