{"betas": [0.12977417203956745, 0.49847687971378624, -0.19179541608583497, -0.1113183526768453, 0.0549914925669735, 0.1034291447522722, -0.013453424082682812, 0.010035343166627214, -0.014576049326274527, -0.02308049036666073], "pose": [-1.6684291817749293, 0.4735379858034893, -0.4735379858034893, -0.5097874300708364, 0.031217709682938174, 0.049612305049520515, 0.13111133983468748, -0.08337552282947641, -0.014043890928773402, 0.4713904369049252, 0.018549486693098385, 0.0019325927769068675, 1.102043923303093, 0.13527018069158966, -0.20038485812393472, 0.18873026979145055, -0.2143946868403751, 0.13946853951470448, -0.0129086648042354, -0.0575200068436308, 0.02150306337705662, -0.09280373919053574, 0.11540711348841538, 0.05702032989222261, -0.06185575951543418, -0.23966827001931792, 0.09951954402264913, 0.03370175941284461, -0.027857133213020274, 0.0008866844977950269, -0.1819031132698646, 0.19175645847784378, -0.028744382570489665, 0.013076180668136194, 0.18636622675206094, -0.20434886345299094, 0.0010092059903586378, -0.3262282224155955, 0.06948384784056656, 0.02268247441280678, -0.3720892709573941, -0.3808129374446141, -0.04521258048987182, 0.455941737522061, 0.37019380030936844, 0.31510232089739854, -0.4604435898669169, 0.12933555993082727, 0.040646760669404924, -0.38241117886351417, -0.6734909263312916, 0.04730422467426169, 0.33287084829816954, 0.6602591639916646, 0.232865978064135, -0.5603686119093525, 0.07197947497388327, 0.10136598632742222, 0.532947596862222, -0.10300514573631843, 0.2617323093681865, -0.0626040410077876, 0.11905614186807734, 0.2691258790434541, 0.054691764510967064, -0.13245912874904336, -0.21047565205469657, -0.058980605633532725, -0.1384648636910919, -0.0868774940511984, 0.14564255898833398, 0.1392672550099337], "trans": [-14.999180490239269, 13.94116497806601, -0.5384969762569004]}