{"betas": [-0.10716845975804463, 0.03555393559239171, -0.022909588301634677, -0.0022321960585287635, -0.011360188238027402, 0.007048778770267401, 0.0026244476494828445, 0.001119221678184007, 0.011361241992361597, -0.011308692156923365], "dual": [-0.04438060051554314, 0.007487184167485839, -0.04752047723907566, -0.09601186542007352, -0.020182820627177078, -0.01142802524372023, 0.0063529463057486035, 0.011747992611721419, 0.00125744127356406, 0.0059334257046899435], "pose": [-1.2640232935017317, 1.1195406754526438, -1.1195406754526438, -0.49349626471334923, -0.04684388867321704, 0.08269193954925906, -0.4264776899575518, -0.017674774685356193, -0.07079663345614098, 0.39821086620297663, 0.02195086051036977, -0.0024165647760961057, 0.713457161175225, 0.018309602072172262, -0.1475761170648361, 0.8037745554607099, -0.03299041110698916, 0.08538960651411784, 1.6180095772300986e-05, -0.004459320424530962, 0.008475563698024708, -0.052399144031740244, 0.05699325429928815, -0.021716997730240457, -0.16048788693143512, -0.16577224924495457, 0.1557347413812886, 0.031977414454571425, -0.017290012348582743, 0.0019974925896972147, -0.29090711338548036, 0.28038795919203524, 0.1540611685093792, -0.12241677641582929, 0.1121287663122803, -0.299014362793706, -0.15595657914492897, 0.0778907085854096, 0.042620612389507595, 0.006456021152712588, -0.10175348133520994, -0.3688003519347695, -0.05516769470239091, 0.1992398901015975, 0.3244485280966019, 0.1643570581857414, -0.048376378374247825, -0.03858654606993101, 0.09064897707552327, -0.3052141578791418, -0.8790579075294029, 0.1595013975812891, 0.377902133605958, 0.8492661782547756, 0.21894908413971315, -1.4586336615408158, 0.49142360776609184, 0.040555327635072885, 1.6100724903838286, -0.5854809988482292, -0.05078429934886239, -0.08238326233665325, 0.2598407794181214, 0.03196103122292645, 0.15238850559515713, -0.2651026547608927, -0.17269718186039237, -0.07666421751794421, -0.23585031128952003, -0.12329614321404854, 0.14280020632697094, 0.25539351782338204], "trans": [-50.90076767108028, 7.130056084592686, -0.8449544463295576]}