{"betas": [-0.04531959800123942, 0.25816046623113975, -0.10443940742347267, -0.07597029208210594, 0.013911735992459227, 0.013954990810594958, 0.00840059268463032, 0.018210526354907698, -0.01144635948893292, 0.002226290135924623], "pose": [-1.5707175877813766, -0.018448930706739062, 0.018448930706739062, 0.20510847694578926, 0.05309258840287626, 0.02889969997124829, -0.6966996869594936, 0.004139884772274931, -0.12774182634037742, 0.4000567986521478, -0.07958699569890251, 0.03570595773898506, 0.12539028349954887, -0.018965128936684936, -0.1598360620598317, 0.3508460766512228, -0.12244388407390826, 0.11441045621305555, 0.00318452694157381, 0.0021919270361954895, 0.012941593926479074, -0.10669173826785401, 0.07504630707760929, -0.052306260702367734, -0.026105785966792396, -0.20694105641856841, 0.251217163244196, 0.022077207847557824, -0.053005677292512744, 0.012028579782512358, -0.25839002024336016, 0.2105859967456411, 0.10383035265946748, -0.05601774316874073, 0.16864417645633392, -0.39077094465260614, -0.12736572795757134, -0.0032876572950585824, 0.043312569786051226, 0.03150218525242855, -0.15078230929891212, -0.38850417503755863, -0.025517240423077094, 0.19907990654621396, 0.3660201966286778, 0.18535006130289738, -0.09728688835389834, 0.003567435589444635, 0.06896891446175978, -0.35029962096592027, -0.7974218848251065, 0.14530093451955017, 0.2560666752760706, 0.7487212207107318, 0.21443244587658083, -1.0660993859691157, 0.27911988071631016, 0.00817447264425947, 1.0228176607016037, -0.29190559342203515, 0.05777608387621232, -0.08776790165376631, 0.1590311536189462, 0.119950030648362, 0.09322400201454706, -0.14145914872080415, -0.16928123200471776, -0.08115577411105442, -0.1957050663599427, -0.11822298469792623, 0.1395821453294374, 0.21492148415012077], "trans": [-28.27848712151251, 1.1905048590512426, -0.8089250001085104]}