{"betas": [-0.04531959800123942, 0.25816046623113975, -0.10443940742347267, -0.07597029208210594, 0.013911735992459227, 0.013954990810594958, 0.00840059268463032, 0.018210526354907698, -0.01144635948893292, 0.002226290135924623], "pose": [-1.6195603532392415, -0.12308623232699256, 0.09808623232699257, 0.14813836400554994, -0.019133986790901197, -0.02192430265873993, -0.3370771138067183, -0.0027258615987982814, -0.07654727533266174, 0.29428911514205014, 0.05094530686558435, -0.009442435486674023, 0.017974002711566503, 0.0158501073467439, -0.0009317128853052817, 0.8169201818010868, 0.1244690771328196, 0.06079450764202241, -0.037670861752197735, -0.045427395759011675, 0.0356738383411196, -0.02726229366582482, 0.07758736691016227, -0.03554848206794507, -0.18101904054278828, -0.11685125378675129, 0.15685413790886152, 0.03047629293329085, -0.03250280513444758, 0.01070741478488908, -0.25002517937139396, 0.22973051177265275, 0.17470818720274375, -0.13630011753945714, 0.10823500011268176, -0.2767775538540709, -0.2123916903248195, 0.16718079641067732, 0.029939450531015696, 0.015216545736401261, -0.12735653362562055, -0.4221374234695486, -0.01719434908877611, 0.15525011333940414, 0.4453309199504741, 0.4441096473785527, 0.011220588546291502, -0.0007122894857070211, 0.07511874027362102, -0.3156682436904565, -0.8494797251921995, 0.20061389458138906, 0.043524310169009726, 0.9123917727433689, 0.13546515930404257, -0.3530829309936361, -0.1419995063128685, -0.027981316714122018, 0.20639249908579244, -0.07500294070868699, -0.015300814813755823, -0.009935782933108105, 0.1533735994764399, -0.04904238617980112, 0.056225472394990435, -0.11418205684939402, -0.2019366987437004, -0.07287183513547482, -0.23173198184808583, -0.14631171960502953, 0.12788266241404206, 0.24266507861011904], "trans": [-26.60699348278141, -12.968612141081488, -1.1529953245607756]}