{"betas": [1.8964894903024812, 0.31493576625010133, -0.1035326407414528, -0.4364464500446508, -0.04973432451903863, 0.09833628269918979, 0.014303769774192097, -0.026993742994641887, 0.07112343154180402, -0.03308173982274214], "pose": [-0.21288323711550072, 2.1159042309026566, -2.1159042309026566, -0.09652302380929001, 0.060092531565080064, 0.02952741373762102, -0.4402877721047236, 0.06963912143152995, -0.07417970992155345, 0.14265101390806986, -0.0799600905621833, -0.03739501179531863, 0.08093056137635493, -0.04247724051978794, -0.06482198394681805, 0.8837808192768848, 0.09651166853702403, 0.06870736638919817, 0.07899473767517555, 0.09419803409260526, 0.021687531052451393, -0.04861263934344419, 0.17230183498732218, -0.033502974219099195, -0.02769528552735807, -0.16568644572096614, 0.2531150265871355, 0.07384551611219943, -0.13567891373300803, 0.0015631809940398235, -0.2006718842499851, 0.1933798277158573, 0.19940657596973008, -0.1256830953715549, 0.20548894805052148, -0.3191517187413638, 0.04774945970825198, 0.019652441712945216, 0.08519895548265466, 0.05031047382497366, -0.2535688362271139, -0.2831537598776076, -0.05457984996650598, 0.2296438327935778, 0.27037144148057163, 0.28400001712997464, -0.14547165252388689, -0.007154686113980182, 0.20525466191280523, 0.07155414207641311, -0.9108907556471689, 0.35999094569791806, 0.2668928614836416, 0.905235694563054, 0.5487871362811146, -1.0508072209849428, 0.05319661061721544, 0.5005305947997618, 1.1633550822903445, -0.1179825325053921, 0.0506073213557524, -0.09058164032142633, 0.13104141750343298, 0.048717200812115766, 0.09204625767154764, -0.08226986433431338, -0.23850770842710034, -0.046566256304374505, -0.1711106126953573, -0.15786473007071156, 0.11711426019009591, 0.1750250116734135], "trans": [-11.143315102059907, 1.7519786150322536, -0.7808853824885083]}