{"betas": [1.726796659765029, 0.41891031545459445, -0.15139553369490252, -0.5462419580768579, -0.07855182412525559, 0.07595039952460043, 0.008045347212360082, 0.06009336300381875, 0.04481580265154796, 0.006120580758014304], "pose": [-0.20327192444776973, 2.1211087096085115, -2.1211087096085115, -0.12692811129444798, 0.004053942158740285, 0.05043611014287971, -0.5814161120426549, 0.34658746124463524, -0.10540812684988604, 0.2808879023955688, 0.06073663893367541, -0.020529171774961885, 1.0842071040506787, -0.20289261079604318, -0.1644816975110921, 0.46291762640408957, -0.24981299992558953, 0.1387046508192852, -0.01035393837640899, 0.09466500672776104, 0.02010919982576669, -0.18125078163018143, 0.023912893473577897, 0.07346895479368859, -0.005100621062956145, -0.2712062467863742, 0.21849507077447008, 0.06045411629668321, -0.005679467466872097, -0.007291830640184306, -0.38177007292469567, 0.25186150765621645, -0.024194915484170153, -0.08889775848815541, 0.15053890917239426, -0.41194509440823435, 0.001358649069145762, -0.08177416969662939, 0.026858226693902296, 0.044828441446530386, 0.10637209882146832, -0.44187295235523444, -0.035042810841796904, 0.06441936404088383, 0.3835396362334468, 0.10969465055673859, -0.02759405222180819, 0.08371324312425335, 0.1156778587472394, -0.02373440632835036, -0.7821502643354871, 0.7636706417074448, 0.16075704384344922, 0.7160371209645261, 0.23860954551911068, -1.2830202955767356, -0.7793237419646963, 0.25112254725355143, 1.347065582418627, -0.29860317194184965, -0.13928949543954716, -0.00013906867645997457, 0.03541413874658709, 0.1270223759787597, 0.009368498822603393, -0.12455690120536761, -0.10720914553552337, -0.09917891118205724, -0.239679115146229, -0.0919686076091126, 0.15780729734690602, 0.24560869201716853], "trans": [-10.082392001585085, -1.2014055393077983, -0.7853262154932651]}