{"betas": [-0.10716845975804463, 0.03555393559239171, -0.022909588301634677, -0.0022321960585287635, -0.011360188238027402, 0.007048778770267401, 0.0026244476494828445, 0.001119221678184007, 0.011361241992361597, -0.011308692156923365], "pose": [-1.2923206622381798, 1.0694907384577963, -1.0694907384577963, -0.3949223759969782, -0.03572403412550038, 0.11890102979518619, -0.39071740111994085, -0.016816938834448802, -0.11486025151732268, 0.33206275872499424, 0.007493992330669897, -0.009919979064733065, 0.725764174515274, -0.002630108503997416, -0.14256814426637657, 0.849898116008782, -0.02154484337100395, 0.07644168161714017, 0.02767401076200364, -0.014855475673231797, 0.013785974649678047, -0.09975194200821419, 0.0378581360319635, -0.008042870388355348, -0.17796739992002147, -0.14179028794236964, 0.16107425020216923, 0.01358363773750939, -0.028608754890780443, 0.0014617957066898602, -0.30507029062068314, 0.326024911888518, 0.14461332045019956, -0.13510453073744355, 0.11023240906978261, -0.2851896082903053, -0.1665685401350134, 0.11107725857019264, 0.04625233700526818, -0.01249817311963527, -0.21424013982794343, -0.3452397231305052, -0.05145724210913703, 0.2639586279972481, 0.3254733307597965, 0.18151491906194991, -0.03174429542434292, -0.049255945191436425, 0.08000350645522306, -0.4936472193668262, -0.8751880724187882, 0.21493151763679125, 0.4240541009510257, 0.9044798419679796, 0.287975668002115, -1.808231123493917, 0.6119448831861006, 0.13501113303488574, 1.773814521899583, -0.6183511625331263, -0.0985388182245069, -0.10768840244978968, 0.27253505893569363, 0.023445054897677113, 0.15481414229558005, -0.23566203442954342, -0.08178153629491339, -0.06316941754318536, -0.2108680629906499, -0.10212378232861756, 0.14314058791290998, 0.22978798016147112], "trans": [-62.865094351002384, 4.700941224259277, -0.9560017034713649]}