{"betas": [0.33303066142902105, 0.22906885785386125, 0.1321746135337195, 0.03485680493593007, -0.034928744222964915, 0.03738652273642406, 0.06435992437738675, -0.06135207138309116, 0.004712805749211021, -0.03328562850670294], "pose": [-1.1875741742656625, -1.3964907116665344, 1.3714907116665347, 0.013369391891422458, 0.04578778335480605, 0.013749849078072654, -0.4969887869380496, 0.03602324702170595, -0.023630194998694495, 0.24563962271850445, 0.10639762743321506, 0.0030525151618520786, 0.3983560296319829, -0.08727024549331293, -0.17524286026240532, 0.31889621287429354, -0.046979118036456824, 0.06011603656846783, 0.006626195401437143, 0.028018591313727383, -0.005253848107559247, 0.08065649622186746, 0.08450380923436764, -0.08140073956419532, -0.14217076550295055, -0.17071792068323247, 0.15764171598654506, 0.056377856004607825, 0.03503207129395993, 0.0016808783566077815, -0.2747352483209565, 0.22780154972964456, 0.21986656136810462, -0.15056572144480784, 0.14672416043218836, -0.28893075342259195, -0.1607176326613649, 0.2549538935861317, 0.03702026019703617, 0.026666163489854833, 0.08773306174215596, -0.4340243491335997, 0.006361628013262985, 0.11952665675607778, 0.41674243991716636, 0.15955724846043565, 0.13068615953855217, -0.09887815425374036, 0.2292905060492453, -0.11543306395343263, -0.9438806376417264, 0.2611580745591971, 0.3826803994354647, 0.8842132629383006, 0.2926068610740403, -1.1428845324057046, 0.2742699493983474, 0.12223254277580493, 1.1228746217085697, -0.2248564961679476, -0.06146970556088369, -0.0748117675588029, 0.21349678257090002, -0.013530494418435006, 0.11676463689145428, -0.20544505224006346, -0.22080118732899445, -0.07246041561811031, -0.2265837707464387, -0.15155399399651576, 0.10809184452253115, 0.24640248965868436], "trans": [-23.360001293669377, 11.185684557709932, -0.6354484446390227]}