{"betas": [0.33303066142902105, 0.22906885785386125, 0.1321746135337195, 0.03485680493593007, -0.034928744222964915, 0.03738652273642406, 0.06435992437738675, -0.06135207138309116, 0.004712805749211021, -0.03328562850670294], "pose": [-1.5113520829095166, -0.7710947239924824, 0.7460947239924823, -0.06243647518001293, 0.05628861739587067, 0.04670371639970091, -0.2873404657508418, -0.010866382655764284, 0.08500713186556379, 0.2650811842352361, 0.007986814053625455, -0.0032162339166144195, 0.8049486851366059, -0.03721736292777491, -0.3126491486998621, 0.4115271019879198, 0.05248990353184598, 0.08553165734296922, 0.022440780078441268, -0.00174881633690372, 0.01816452723091442, -0.049025857333623635, 0.08142399045160677, -0.0023448907002828674, -0.1920131925770047, -0.1664910635317617, 0.13088135063833417, 0.04357002592672893, -0.024883478012294843, 0.001162801165678828, -0.3243475706976821, 0.27706584131579565, 0.11940564942142871, -0.1320812448759128, 0.1355548094287709, -0.27316151488109924, -0.1299630700506213, 0.16661043841320405, 0.054451582732929125, 0.014101076411569049, -0.061603474941335175, -0.3634173851159955, -0.03135340663854658, 0.13944997158082414, 0.35098681760512546, 0.18576012444893134, 0.05978754948835027, -0.07636187991919303, 0.14873547018273586, -0.33550075035306387, -0.9058799495291769, 0.2675635464532326, 0.3331232676774556, 0.9073101100283638, 0.37955972648640474, -1.6844670385223985, 0.5126047892623894, 0.20457293917096256, 1.5996979485743843, -0.48804307056140617, -0.06322640077083466, -0.10426023182450915, 0.24635153877494143, 0.025104056159533778, 0.14548385915037107, -0.21131452644991047, -0.13297437422434968, -0.06593485906594472, -0.20984979628356687, -0.10032829511523146, 0.1281669781382633, 0.23158281630413527], "trans": [-15.144961856813953, 10.865072932277402, -0.4832071504250341]}