{"betas": [1.7511515842605234, 0.3670231778082652, 0.03978433168027672, 0.004913282851196045, 0.02958606384598556, 0.001461046037256542, 0.028411238985692, 0.012589726574853976, -0.014340388809218167, -0.004234100351574732], "pose": [-1.383340424707181, 0.8849268900266106, -0.8849268900266107, -0.01265386674052113, 0.004221015133839441, 0.02316346029363818, -0.2945127402341566, -0.07358968056797713, -0.08994831744536858, 0.2005575448679225, 0.0044005188594316135, -0.02081237669284545, 0.059079311936952365, -0.05082369677877661, -0.01494758746663756, 0.8792585210692567, -0.01774544661655321, 0.07609518138022338, 0.028198249703522235, -0.018025667655902012, 0.030893437128684836, -0.08476096817769185, 0.1171148216294147, -0.04828640034781754, -0.17082836031471016, -0.20684678699439793, 0.20338467525992543, 0.027433402309803342, -0.09740048372917179, -0.024650385924386432, -0.25383647909982054, 0.25580400098365247, 0.19747892228928965, -0.13365290799563156, 0.15953333209407822, -0.32732005475301024, -0.16969907003583898, -0.232952347935843, 0.05990928661383827, -0.03978796029836226, -0.15794207758603407, -0.2546760655755388, -0.10253752036772018, 0.15266366373456194, 0.22378811255280026, 0.28658290784133467, -0.4509643404355678, -0.05387060010333354, 0.2545948970599283, -0.4849227636456417, -0.6828599251993228, 0.33896006353092095, 0.1354610118975532, 0.8413431802940988, 0.1526157951511629, -1.4948364287334415, 0.46244523207352484, 0.16547301956621618, 0.6180699495024498, -0.10796030162487497, -0.02239993641228959, -0.12453131275568702, 0.1861007343622453, 0.010580311582795404, 0.16031591830304665, -0.16999656334199137, -0.15352374237837327, -0.05187478572951007, -0.22059109672730826, -0.10151010165174038, 0.11965873716801124, 0.21869279146004672], "trans": [-24.896483373068286, 13.368130172471963, -0.6676706206839693]}