{"betas": [-0.459125293958982, 0.2836700625543276, -0.2828307762064238, 0.06170009900103966, 0.04114696315793381, 0.017447099752977802, -0.018216663065381097, 0.013285817624318214, 0.01584973647464493, -0.019639755817989615], "pose": [-1.584570920616812, -0.4451510415589578, 0.4451510415589578, 0.045835332611250994, -0.009464810724260087, -7.501318116828054e-05, -0.23559761919970382, 0.016407971624330293, 0.007186891023013314, 0.47118363146817127, 0.010449057819790735, 0.011243163260093015, 0.9309667209747602, -0.001749235851794366, 0.02266491873355514, 0.30519382680525153, 0.0017651505020596023, -0.010919048138206454, -0.05510395199950493, -0.002121527343399742, 0.0075367444198310915, -0.05813613120874123, 0.06496266595212478, 0.01334261201720436, -0.13766103617221745, -0.2335924881408536, 0.1470449067625179, 0.03493619721229734, -0.010586924282229465, 0.006433766875045572, -0.27224852201210226, 0.22295444393085215, 0.04742594758333457, -0.07578958572214688, 0.1825948027082933, -0.3387615614659252, -0.1946900909429284, 0.021385394620054364, 0.03481073937450963, -0.03316692922958924, -0.12180097733414993, -0.32288659386529295, -0.10225910797453548, 0.231034799213376, 0.2835251331467885, 0.13903034128102026, -0.08975328127853507, -0.009662674718751367, -0.0886761349838615, -0.2405493608516519, -0.6516304501652362, 0.03697610883341292, 0.3398099409648622, 0.7290739756275408, -0.08464280346232675, -0.8229192202148836, 0.3605755345217472, -0.13061413254448498, 1.1873912600063226, -0.5494643181997914, 0.04657918045028159, -0.0651411737058641, 0.2344331633126782, 0.0808111238758636, 0.12885557365747302, -0.26281222813724464, -0.20923880325129032, -0.08871337069469941, -0.23476379696786057, -0.09625064412025834, 0.14370236962589455, 0.2530540746200369], "trans": [-13.151877402816494, 9.480563319270619, -0.3469698326800027]}