{"betas": [0.19173745763710806, 0.20679507266967936, 0.025545764337162807, -0.024244743693028488, 0.0007202369641003663, 0.013236882350636182, 0.021343764601424748, 0.007373052342460504, -0.01918535564321634, -0.005662447391478864], "pose": [-1.5551523344224933, -0.2596815230732403, 0.2596815230732403, -0.6326777581140811, -0.03377833493091275, 0.020942758162491623, -0.15053043661708465, -0.04294508259826605, -0.014148514483454042, 0.3408367900028684, 0.007272723140538281, -0.0005355985107122398, 0.6832484597199254, -0.027652149676469697, -0.15877723731615154, 0.2526605061461409, 0.04214393011514503, 0.08794212772046286, -0.01394634320806957, 0.016421590258691356, 0.007651332021178999, -0.06258186957521725, 0.05608994641012971, -0.06728555040396397, -0.1536877884472666, -0.15733517296281221, 0.19943131707133838, 0.023207374025664466, -0.020623752161358182, 0.008169063878205353, -0.3042299512917594, 0.2727883814796491, 0.18848089816302388, -0.12926595302265947, 0.09521986172141696, -0.3253318774136772, -0.17562312879125663, 0.13978333938265874, 0.029523648070671007, -0.014942446795735883, -0.0324941445531002, -0.33883395215396545, -0.026704722776037273, 0.1085272746820411, 0.348106263680967, 0.1585916591752041, 0.017343922706574293, -0.04070527468065549, 0.8924103452026333, -0.8677355794074985, -0.8400875107368144, 1.0667659258307103, 0.5330812224065294, 0.8086599191511734, -0.07122742098104903, -1.2473120381067742, 0.4111469542500608, -0.29319877950892, 1.2751568908206612, -0.3609942782813395, -0.14890904697018562, -0.07304960207433776, 0.2273653354092804, -0.02882898840652156, 0.09403081117816507, -0.16968051265583803, -0.08001316860548706, -0.0633023753464665, -0.2025334015633267, -0.10200165804452134, 0.12060822777532694, 0.22240828693576728], "trans": [-29.875641328251394, 8.465405732365241, -0.5774974212815819]}