{"betas": [1.0007394031128156, 0.13998077818863408, 0.20322321153559939, 0.06919845010960525, -0.06355964225067326, 0.0988583210768853, 0.031004152589175965, -0.07600298470585287, 0.01954775199647453, -0.05391534064665776], "pose": [-0.1566378258790418, 2.1457470894750617, -2.1457470894750617, 0.25480412119259815, 0.04867543806897307, 0.026282418992245857, -0.5503523971583099, -0.022712282857589767, -0.006361550522576205, 0.25064146876850557, -0.10177032910598352, 0.04140078806964301, 0.5156489302582663, -0.23937530097467719, -0.08511039127245004, 0.21278539179243777, -0.13201237844861743, 0.10911585135166563, 0.0430507791789961, -0.005792236099946024, 0.02211991302242167, -0.09355497763280081, 0.08105507765492338, -0.027885286540391945, 0.012354453504300051, -0.21304014722389142, 0.2534339326575481, 0.043005334635190115, -0.06768495189738002, 0.004152294850151062, -0.28584503714084175, 0.20679710998981168, 0.0728156465106549, -0.04303201892268194, 0.19243032835994844, -0.3988415091065411, -0.04838110340454303, -0.05392342676206583, 0.07239597838898551, 0.06871985080899622, -0.10650915564840319, -0.38508282311009406, -0.02297642956422077, 0.14415170238925418, 0.35096228408667396, 0.25984802717029676, -0.1140660451610861, -0.010150227114420252, 0.19632323921339984, -0.40158221398231053, -0.9508596902736758, 0.25480663545877263, 0.2646678000874164, 0.8349488024295968, 0.4876013932006084, -1.3874703521815772, 0.27561218704065626, 0.2149167288586531, 1.2743561175546412, -0.2803225893399763, -0.0006778609691681037, -0.13678758930217103, 0.11007266503563726, 0.116811018050857, 0.12391212316057944, -0.10640268685833401, -0.1386167280835225, -0.07433391676683535, -0.18285422230639672, -0.09795231098513212, 0.14048723292536328, 0.2034103793172133], "trans": [-10.357212087390243, 1.077121977648376, -0.7100935280263577]}