{"betas": [-0.459125293958982, 0.2836700625543276, -0.2828307762064238, 0.06170009900103966, 0.04114696315793381, 0.017447099752977802, -0.018216663065381097, 0.013285817624318214, 0.01584973647464493, -0.019639755817989615], "pose": [-1.4640669072205292, -0.9276515336742823, 0.9276515336742824, 0.0953299086769494, 0.011481324625681584, 0.005655468425565892, -0.47288816813523693, 0.007128184175441046, 0.00872426646257004, 0.19611773052675566, 0.005909247246461075, 0.0009526262279245786, 0.2565313520619138, -0.029910448980600208, -0.01067964394877264, 0.18575634339670175, -0.0022585776832173485, -0.0039598342413201745, -0.0003548938538040805, -0.0044872938405095455, 0.007485338093253815, -0.06928678859094316, 0.04937865791160338, -0.05653305780896735, -0.19355834680246775, -0.13065287064759867, 0.18319639589968253, 0.021084359037249572, -0.02752822656600506, 0.0012208268477867281, -0.29651667324118053, 0.2869787704663649, 0.2112212903740373, -0.14160035887755051, 0.08916971652843728, -0.322536032469355, -0.18310412489817304, 0.21095523485082734, 0.03679567629748701, -0.009822794250600748, -0.09402433453008216, -0.376795295337319, -0.062494323158328965, 0.15819744650185222, 0.31969376944956646, 0.16105096204204747, 0.08816283029895636, -0.0901919774680053, 0.05893860987746023, -0.34354567907685873, -0.8915085443817976, 0.10346629243079158, 0.4112877555133843, 0.8114986654880539, 0.13817348612325756, -1.3939810933532792, 0.508150520218175, -0.13147679501190657, 1.5347528781567994, -0.6353071964280659, -0.13601952983313392, -0.05105367405400563, 0.20432328042883977, -0.05822947828464011, 0.11702909102457744, -0.212911494570075, -0.16564632848509372, -0.07465147072631723, -0.2577553329411035, -0.14295898327194234, 0.13213548215474274, 0.27573837398868406], "trans": [-15.698343243338151, 12.072288479828226, -0.33590378400521803]}