{"betas": [0.33303066142902105, 0.22906885785386125, 0.1321746135337195, 0.03485680493593007, -0.034928744222964915, 0.03738652273642406, 0.06435992437738675, -0.06135207138309116, 0.004712805749211021, -0.03328562850670294], "pose": [-1.618143168843228, -0.2820673706626269, 0.23206737066262687, -0.09683259308540862, 0.018435442032494045, 0.006601289119255921, -0.3914920102619548, 0.04061452105370435, -0.012145616352263404, 0.21773778631485322, -0.037788981445737765, -0.005599705784652135, 0.22037826717570835, 0.011798234205910973, -0.01058599152409588, 1.0757497139256051, 0.047682094032417986, -0.01058384980218812, 0.05324042199381435, -0.050600325807630284, 0.04758682953670323, -0.13047404873506363, 0.08205297734048653, -0.041541970105605626, -0.1415876210225843, -0.12032207256860085, 0.2457770145576052, 0.03361346067505278, -0.07152559825765507, 0.0028574699880609283, -0.29165960425278303, 0.28545277761743193, 0.2147597562627238, -0.134573403095577, 0.10810593848713622, -0.3552498317126677, -0.14261556858583052, -0.008062901684768982, 0.09531934718114797, 0.01589821961571577, -0.1517447848393434, -0.3033438658238819, -0.0575877780648187, 0.11407457640332938, 0.28127814888058156, 0.3180944898213439, 0.18289595068339115, 0.019333351556619516, 0.1332885267497806, -0.5282848011511143, -0.8863777305411991, 0.17709748400338726, 0.34516121683088163, 0.8076384120991319, 0.4783836785329029, -1.8261580385781844, 0.5237432634431642, 0.03517273178614835, 1.6246385931400509, -0.5724829346743544, -0.11367358924590451, -0.10412190588931922, 0.0934030385125418, -0.051772751796727925, 0.10438938157755777, -0.08177565763056255, -0.12247065662153273, -0.04889887173875541, -0.23390878390140835, -0.14317561692647052, 0.12623298958658186, 0.24405866109064087], "trans": [-11.519391181755719, 2.6410368394997596, -0.6740901820176649]}