{"betas": [0.12182979554792384, 0.0498104030700563, 0.01874907528210161, 0.028247290178977192, -0.01045515424154793, 0.003794310233826808, -0.007750463989420916, 0.008476040652062412, 0.013630708331879994, -0.014916307566096007], "pose": [-1.1456560593987837, -1.2969885914922719, 1.296988591492272, -0.3816425261592145, -0.028609154788944845, 0.10089313798861077, -0.4408356804833275, -0.015438583415603903, -0.0984303590382216, 0.3312075235234142, -0.003874043685028219, -0.0008500655337939207, 0.71245467439409, -0.03494992544924932, -0.14490914317541886, 0.81520356578208, -0.02213469459328038, 0.08745191333029542, -0.00616683815579204, 0.004161076369901395, 0.014056744810292201, -0.08044776152431136, 0.0669028553590599, -0.02739371015476314, -0.15748604931340554, -0.17581132494395058, 0.18621505765272223, 0.02808771979178615, -0.03027440533765696, 0.0030027011308510643, -0.3035782027737303, 0.26181083797747184, 0.15319233682004066, -0.13384999155139743, 0.1301177171641943, -0.33679968953239287, -0.20061863472907934, 0.11984412519409078, 0.04111871456478145, 0.02296912275456846, -0.057142724434484704, -0.3931469328542267, -0.024736338241894834, 0.1313036209878218, 0.379399298610453, 0.14553027993783396, 0.0008006132659593366, -0.05262654034297614, 0.12127218770054891, -0.31080362254063776, -0.8794820574368923, 0.22921728792508886, 0.2925207061442935, 0.8730054926036195, 0.2959766384294908, -1.4677372008891003, 0.44631696724074316, 0.09287034448037824, 1.4287647844722202, -0.45456744116324305, -0.04156376152262836, -0.0843311736826128, 0.20595105200840702, 0.033217339476930154, 0.1259103444709181, -0.17752965028121298, -0.15636718471882674, -0.07427623047698458, -0.22208653168268763, -0.11783390917769467, 0.1330026398569687, 0.2363749858730733], "trans": [-56.23997996236479, -13.029084875904994, -1.331566924386246]}