{"betas": [-0.459125293958982, 0.2836700625543276, -0.2828307762064238, 0.06170009900103966, 0.04114696315793381, 0.017447099752977802, -0.018216663065381097, 0.013285817624318214, 0.01584973647464493, -0.019639755817989615], "pose": [-1.2206522816410095, -1.2878162505184543, 1.2378162505184547, -0.013759143004310068, -0.005477066224303776, 0.0063445924406955526, -0.5989679949823592, 0.006919967762841886, -0.0005630204236821215, 0.2462420364116363, -0.0296541472984349, 0.009741639969259107, 0.4233132444383517, 0.009662960361098406, 0.005663944469023512, 0.3307229830238616, 0.00740590642395271, 0.011253104186432834, -0.020807406214237885, -0.009512791078843964, 0.010069547431042781, -0.09332770272656775, 0.04322782627336882, -0.08390175869571143, -0.0984539813277694, -0.11806367302850074, 0.26851889319254, 0.015648085010346723, -0.04090379540411908, 0.014200050527385811, -0.27059619088366593, 0.2771420030213354, 0.22212251332624863, -0.14542554656878715, 0.08514582342973433, -0.40434598172742103, -0.20494354354447683, 0.13390638185705106, 0.021992661360744802, -0.01377799275783028, -0.11003840775152043, -0.3146655744841143, -0.06949700767363251, 0.14774033472634587, 0.26985502198846917, 0.09446086212020754, 0.013915619806208127, -0.030470167914489813, -0.016859469218610406, -0.37194141891005894, -0.8400372213586433, 0.11130606119857014, 0.38488368368892, 0.8312252182151263, 0.007358273256088995, -1.318837234508812, 0.511468903624701, -0.10442984950400483, 1.5639669462448802, 0.07734408037396956, -0.14179555125192297, -0.06448648738613605, 0.2715840614260136, -0.04364401030693531, 0.1308928681715441, -0.24682683627657093, -0.12528104877830795, -0.07736376174871835, -0.24100450850732735, -0.13670724443837226, 0.1417915316567555, 0.2642985182159137], "trans": [-19.64439117036537, 12.445067700917233, -0.4580204952168563]}