{"betas": [0.33303066142902105, 0.22906885785386125, 0.1321746135337195, 0.03485680493593007, -0.034928744222964915, 0.03738652273642406, 0.06435992437738675, -0.06135207138309116, 0.004712805749211021, -0.03328562850670294], "pose": [-1.6014382874133612, -0.2887702438217257, 0.2887702438217257, 0.26007333087496615, 0.006951664592763707, 0.010475276406613172, -0.447943329473683, 0.03773864814242876, 0.016532890331746042, 0.20145528897378542, -0.060146989543766176, -0.002287560440368869, 0.38924871300699315, -0.23085117589394918, -0.15593849495790124, 0.20550223227015357, 0.18085864903362103, 0.06847549682644628, 0.03790838032598087, -0.04966646305688604, 0.04183453799350637, -0.016015447340044394, 0.06443461749367788, -0.013252349662587242, -0.07883862596476494, -0.15424440214430035, 0.1754524617990728, 0.028446425786713032, -0.07251587683729575, 0.011436340662434322, -0.2971100565821471, 0.24571104248537956, 0.07133366574363771, -0.04587618395218256, 0.15513392898332504, -0.31282501963079606, -0.12078940640629633, 0.10280673063161133, 0.06311508907265889, 0.020502058375580536, -0.14742794480744556, -0.3468729881250274, -0.06043667707144736, 0.1072659937056791, 0.3482242315617989, 0.20839974907933734, -0.02408476285853301, -0.04245705952049834, 0.1508249801468035, -0.4633371352585099, -0.9516467839799267, 0.3192697440352032, 0.2835611565385697, 1.0002848721822928, 0.4503308759089358, -1.8771064021517518, 0.5686871970012252, 0.23553517635099405, 1.9180633104246827, -0.6611789890744203, -0.029185592096358886, -0.16457804239081603, 0.2263730308018804, -0.01893928709819146, 0.20553252310584827, -0.2055592608488183, -0.12602418797971734, -0.08294108004073775, -0.2351163000652638, -0.08448056932981395, 0.1531788758219046, 0.26976321984154855], "trans": [-13.5244960597331, 8.417778244306312, -0.5091038741661752]}