{"betas": [-0.459125293958982, 0.2836700625543276, -0.2828307762064238, 0.06170009900103966, 0.04114696315793381, 0.017447099752977802, -0.018216663065381097, 0.013285817624318214, 0.01584973647464493, -0.019639755817989615], "pose": [-1.6017223308209947, -0.286651176305262, 0.286651176305262, -0.3232170517513324, -0.009689814277663314, 0.01190356386450448, -0.13712841703220016, 0.002571004929142577, 0.0024120047330388403, 0.32723194772511877, 0.006489572449474449, -0.021324393339310813, 0.4990655898410863, -0.009768061645117378, 0.0031505851514262093, 1.1550790671790283, -0.005097993434241582, -0.005688638525987576, -0.03720735180035357, 0.009481656920626491, 0.017878987440885306, -0.13943467446850416, 0.09179811582121418, -0.05240686262887908, 0.33884131655271194, -0.010183506532113758, 0.0222089025944419, 0.01768387553823954, -0.02064777298931847, -0.007551549947056021, -0.2747686507249186, 0.20636867845838297, 0.20096401563527602, -0.1301949014949123, 0.09449569072761148, -0.26724366348456585, -0.21248605072521592, 0.003388411772591517, 0.07349775477216344, 0.017570346043586052, -0.06519696435593092, -0.39600469163208024, -0.06054052035893317, 0.18621282660683333, 0.3696798980579888, 0.13740482675447824, -0.16057207554149283, -0.022175528812852077, 0.07812288971776082, -0.18388387025331643, -0.749183389263687, 0.10274125380266838, 0.32250378397248525, 0.7143337614335384, 0.13837879706158962, -0.7950177378204094, 0.16702438432679484, -0.04211569876993923, 1.02496684115911, -0.3381528915520136, -0.018398231941676096, -0.012893176069253352, 0.03713920767786345, 0.02032834700213739, 0.05389096188515557, -0.03689403492301715, -0.22910436563444914, -0.05300814010625423, -0.20113273881000196, -0.10304336722425794, 0.11529973610789802, 0.17205254376253212], "trans": [-12.032138658395557, 6.507510067525356, -0.475668558901135]}