{"betas": [0.12977417203956745, 0.49847687971378624, -0.19179541608583497, -0.1113183526768453, 0.0549914925669735, 0.1034291447522722, -0.013453424082682812, 0.010035343166627214, -0.014576049326274527, -0.02308049036666073], "pose": [-1.4482969623833155, 0.7196449794485372, -0.7196449794485372, -0.0898890290852763, 0.06643957911903667, 0.15184979233055812, -0.5906809705257623, -0.021769659990490516, -0.17363150480998188, 0.31453438352107554, -0.08656701967025497, 0.02906923312656521, 0.7598984327906165, -0.21086390198449967, -0.13491602325511617, 0.6713521358921296, -0.04422861601204382, 0.11573354820627633, -0.026503338333075777, -0.005745647301239397, 0.016969923268692295, -0.1466661480825715, 0.11890301810658852, -0.06542441441669776, -0.04808077306637299, -0.2641662424370081, 0.26888229819712534, 0.038431196156137076, -0.07053466702784679, -0.0021129500550971783, -0.27365062046308686, 0.12960979510000822, 0.10538285996042948, -0.0838936465084812, 0.17386942168036185, -0.4413142090494438, -0.16920815714202575, -0.1914740462132962, 0.05318296149707394, 0.06920258327024353, 0.03344993859840347, -0.38866774149809274, -0.028664457450051327, 0.009250924688442911, 0.3543224318199661, 0.12322922640817907, -0.21251478441458307, 0.052158426952380675, 0.0717536156049154, -0.17068015853531368, -0.735696083081208, 0.12121564512371882, 0.009607675035400571, 0.6132818577015805, 0.2335415009508389, -0.7406583813887739, 0.10266266843167487, -0.05076534275382972, 0.6616072470879704, -0.1486961256329707, 0.033227072505075346, -0.07080300858905608, -0.009923884453487335, 0.13869243043815505, 0.0410572070612327, 0.007864115029744564, -0.1777268679591362, -0.06508507582333298, -0.17581963651054727, -0.09019175121839984, 0.11778628517108224, 0.16849440109286257], "trans": [-19.745165940791367, 9.848064886426547, -0.6208015029457524]}