{"betas": [0.5425939922495325, 0.47738774179747123, 0.15292601182064422, 0.1712734498191424, -0.026676199413162845, 0.029053080237652254, -0.052279591306768236, 0.04030904345707816, 0.08374319963315201, -0.11291980133855471], "pose": [-1.028198392629895, -1.449431089755536, 1.449431089755536, -0.4212907933185759, -0.044061103917880706, 0.0812732522069909, 0.2008664463631906, -0.024940559192246078, -0.0659043262228457, 0.36984046789041886, 0.022791994180814814, -0.004548347605338177, 0.24410121698047185, -0.1078016471309504, -0.1362466382454304, 0.03748004912552151, -0.01893261878104311, 0.05056351850234921, 0.0011126663302689136, 0.012690026663394999, 0.0007941356897720456, -0.053120244354720444, 0.06189869224232324, -0.018584593163515427, -0.16038292075343846, -0.18580909526629313, 0.12831217817078155, 0.034842004901104326, -0.011095710716355844, -0.004761162846362142, -0.280806804452594, 0.2607347887777871, 0.12287944562424981, -0.1169055529437971, 0.1442939345043267, -0.2578237805249869, -0.30128141487587046, 0.7530775271454161, 0.017164497307449122, 0.01799779903551017, -0.09322506566152074, -0.45210620893878367, -0.024204061742721494, 0.20941595785513314, 0.4343463875008457, 0.34596797874763563, 0.44680717522636565, -0.06948478896648536, 0.08744425492966466, -0.2607712065185766, -0.870200841682368, 0.18685940507315502, 0.3974902376550875, 0.8752345416447807, 0.1540881740809055, -0.9053386002741936, 0.2623612649051789, 0.013684098883035425, 1.0776918721554611, -0.33825833633341484, 0.01708978571738066, -0.01818126710760296, 0.16481618317550117, 0.023837302838566672, 0.07765772120210407, -0.16236148735055694, -0.21295801819054122, -0.08129551668267831, -0.21886174791497356, -0.12596953524131227, 0.1337774826617463, 0.24086797068975496], "trans": [-25.53749827205944, -12.508259612788711, -1.2341502591521736]}