{"betas": [1.7511515842605234, 0.3670231778082652, 0.03978433168027672, 0.004913282851196045, 0.02958606384598556, 0.001461046037256542, 0.028411238985692, 0.012589726574853976, -0.014340388809218167, -0.004234100351574732], "pose": [-1.3956400245676481, 0.7512394229590357, -0.7612394229590357, -0.2468591761190929, 0.016831952161831212, 0.023349886440179837, -0.4742673480800952, -0.005297357136071077, -0.032220562387368826, 0.38553066889313525, -0.015384092881601759, -0.004912999507738379, 0.5816339025947813, -0.08715017992626972, -0.12790359759613357, 0.8022164445597357, 0.027010020394788867, 0.08326926740423755, -0.009567005290239882, -0.009103833572646105, 0.024012583123915743, -0.08136514763056665, 0.05196358627887948, -0.03138813494691144, -0.13293821021298438, -0.12819552008188775, 0.20857347976796017, 0.024888623927765845, -0.04608566321077928, 0.010873856047206606, -0.3026677491465078, 0.27768775042716454, 0.1649774222222307, -0.1411511845196491, 0.09243436866410593, -0.33594320614743406, -0.19018117165104595, 0.10377772239052988, 0.028750980623097687, 0.02729541184502468, -0.09355988485911891, -0.39125594325834107, -0.0045202410321100025, 0.1228308860365892, 0.39941951918745133, 0.14654257018894218, -0.02726153880746539, -0.023200802734101827, 0.08350386848633323, -0.420934976214561, -0.9210864053753413, 0.2332143761025522, 0.2774909022832644, 0.9572768758093425, 0.2459184535642032, -1.5022917914725147, 0.5210549446565901, 0.039647221039879846, 1.3353377097374994, -0.4838030304190019, -0.09596173314093359, -0.06117907363933772, 0.22304923468754437, 0.000314808971224082, 0.09604053371873474, -0.16683278252111106, -0.11110862266707856, -0.07321892900098013, -0.21513105301441063, -0.12686163709778162, 0.13783186751625365, 0.236569463917326], "trans": [-28.447192265123068, 11.366958056299373, -0.5867283059290536]}