{"betas": [-0.10716845975804463, 0.03555393559239171, -0.022909588301634677, -0.0022321960585287635, -0.011360188238027402, 0.007048778770267401, 0.0026244476494828445, 0.001119221678184007, 0.011361241992361597, -0.011308692156923365], "pose": [-1.320073068049709, 1.0174336911674795, -1.0174336911674797, -0.5206265172284578, -0.06335470082588021, 0.1320042060780536, -0.4924682858532704, -0.007943904246751853, -0.11413900562853521, 0.40436203404368515, 0.013196005680738613, -0.010692118530550207, 0.8542288657923952, -0.023394422118855687, -0.15546454157682574, 0.8785415531593769, -0.020345166960116616, 0.0825822978546098, 0.006660888115119554, -0.013524189308189657, 0.013014760042032678, -0.09812861681539517, 0.02398633927581239, -0.00828729824222807, -0.1881905708413266, -0.141551063458206, 0.15734589310803884, 0.013020665967649761, -0.0228037163816664, 0.006750962409347982, -0.3105735729491601, 0.32566703191373747, 0.13240856796484643, -0.12642781918174129, 0.1034707057304354, -0.2939399732911043, -0.179271445401505, 0.09852197331874611, 0.03206354248874989, -0.03892456875500174, -0.23965697582714812, -0.2973757612107062, -0.06790061521385769, 0.2898824809434746, 0.28101257659539086, 0.15614521330096762, -0.050700913581355055, -0.028683909571455043, 0.02737458931677758, -0.5035254574627572, -0.8074686412022443, 0.142501355952428, 0.4209836113893316, 0.845664676423067, 0.2094207334949736, -1.8041595645525461, 0.6630330827587254, 0.046727281440111575, 1.7400619561449706, -0.6731946510304893, -0.10672864326083928, -0.09858838706144821, 0.29916106977601375, 0.016916356406766603, 0.1444338670735611, -0.26032830121438916, -0.06970120167627987, -0.06291205705839399, -0.2126250952771486, -0.0989971229454236, 0.1442665255299478, 0.23384365778328847], "trans": [-63.661208502365184, 4.484736301310586, -1.2037104312928102]}