{"betas": [1.0007394031128156, 0.13998077818863408, 0.20322321153559939, 0.06919845010960525, -0.06355964225067326, 0.0988583210768853, 0.031004152589175965, -0.07600298470585287, 0.01954775199647453, -0.05391534064665776], "pose": [-0.10094308862469518, -2.1738770413661426, 2.1738770413661426, -0.47606638605950663, -0.10075008462293478, 0.05533605455909159, 0.12461775675307316, -0.04711727320338946, 0.0072861178620008005, 0.18328724119633147, 0.10817452567946131, -0.045192859121114246, -0.024271550901962646, 0.04082026331745758, -0.10599171629476348, 0.3204680765430258, 0.17916723811244456, 0.006629217752609515, -0.014268440179781069, -0.02606021352898172, 0.03524340345403614, 0.1699943315076995, 0.11396346075079615, -0.12290331607526937, -0.05852667487896919, -0.11751184609214063, 0.16609319163724073, 0.09160814932750419, -0.00019297228474612785, 0.008723726599412247, -0.25515542228504157, 0.18960905462315225, 0.24888228626131342, -0.14651990227294326, 0.1064422610412904, -0.23144622929871744, -0.04522397760704507, 0.0014782877913493211, 0.033556647021005435, 0.021413629708614542, 0.1874838440336238, -0.34055973956275304, -0.011322109738192608, -0.09238578758310224, 0.4142749420688184, 0.29478396881139457, 0.08047084287719428, -0.1545547403598839, 0.24045860801367996, -0.3201444248158058, -0.8773443585822289, 0.2865250708401714, 0.3116940274020032, 0.8387116573495581, 0.5112343260530143, -1.4141774856268152, 0.2351620745857284, 0.30640907530529754, 1.2587025345265934, -0.19667284233725607, -0.21044959401557925, -0.05302731385800828, 0.21114667781832552, -0.2043028319999657, 0.10280807954356427, -0.13040880819252887, -0.13294557734075227, -0.058765446794042955, -0.19325162114148559, -0.0911514754749933, 0.10235125904638097, 0.21743638738840326], "trans": [-10.042271290618341, -1.273494291035296, -0.7629452008167208]}