{"betas": [0.19173745763710806, 0.20679507266967936, 0.025545764337162807, -0.024244743693028488, 0.0007202369641003663, 0.013236882350636182, 0.021343764601424748, 0.007373052342460504, -0.01918535564321634, -0.005662447391478864], "pose": [-1.5707633609114098, -0.011937416959665142, 0.011937416959665144, -0.014386416204661752, 0.07449527982586107, 0.004914258282362312, -0.6787538400854631, -0.022060890334761454, -0.01098454720629561, 0.32892220183389365, -0.06366557887389307, 0.008849309801791598, 0.2953579213373896, -0.1802617570179269, -0.10524341216390476, 0.2402401357837314, 0.0004136385256758744, 0.09998165819341467, -0.06591821262843446, -0.01619036448767815, 0.03182319502733821, -0.0896958001225047, 0.10883097053852843, -0.07139210380469223, -0.08241528150193425, -0.19063287561758485, 0.2733959978374357, 0.029419023172754494, -0.06892953999464645, 0.014321895152324503, -0.25517913475743564, 0.16194451699536383, 0.15384495979725737, -0.09915375682919668, 0.15465900839210836, -0.43090279500484197, -0.24193934251520013, 0.08523229172123786, 0.03261190379086516, 0.025162946177187128, 0.0299507237081096, -0.378969825204114, -0.031110813339838797, -0.03491267045836153, 0.3982100372840114, 0.10878271014165161, -0.012993991181046334, -0.011354399400578375, 0.8924103452026333, -0.8677355794074985, -0.8400875107368144, 1.0667659258307103, 0.5330812224065294, 0.8086599191511734, -0.07122742098104903, -1.2473120381067742, 0.4111469542500608, -0.29319877950892, 1.2751568908206612, -0.3609942782813395, -0.015178290998049815, -0.04814711302804069, 0.08736024579601964, -0.012081542264098579, 0.05407959998582188, -0.04113013719100929, -0.1780535807441822, -0.07889712817758339, -0.21571972334402226, -0.11120767262453397, 0.1174347072639588, 0.22406820571854458], "trans": [-28.348303239985256, -3.0079549350870836, -0.9040678655902455]}