{"betas": [1.726796659765029, 0.41891031545459445, -0.15139553369490252, -0.5462419580768579, -0.07855182412525559, 0.07595039952460043, 0.008045347212360082, 0.06009336300381875, 0.04481580265154796, 0.006120580758014304], "pose": [-0.18522542359245572, 2.13076312357904, -2.13076312357904, 0.27308782047527447, 0.18288661624028502, 0.11694089685136999, -0.7908947427286533, 0.1042088766889435, -0.15057527796390074, 0.4873319067108754, -0.1526529273043243, 0.10163270445925471, 0.22042048282490856, -0.13360574054625715, -0.046844808514164726, 0.3888399592318406, -0.3101037370817985, 0.13867188694169802, 0.1214575173936821, -0.03157017309032309, 0.023738338734352306, -0.10536631168337066, 0.09253928816650644, -0.06801043057902467, -0.19534385352395928, -0.2934593385073387, 0.3324960116730485, 0.004042196938019342, -0.08049175341251456, 0.03716291168114436, -0.18647344868622173, 0.21884096321057692, 0.07493401134831323, 0.012754939151484547, 0.29120449899642986, -0.45428279721925013, -0.13705044872167224, 0.08735167341306502, 0.002643290840757059, 0.05621881605302902, -0.44697112394961125, -0.44061471877291514, -0.011369419471347014, 0.4041651541876166, 0.3827096533206695, 0.15625898918527234, -0.011516144744441199, -0.044852369680346366, 0.1418549343060567, -0.3630511401667702, -0.6582931496891562, 0.188478142802397, 0.2072862504567756, 0.5692654110552006, 0.4383851475184022, -1.2974182232741824, 0.16524353530637964, 0.14046758684258562, 1.4813859331271804, -0.2903101640848337, 0.403529731910693, -0.23995267242714716, 0.2540729182056282, 0.34709456713184494, 0.2500796284433942, -0.29591096429095587, -0.30280974536900535, -0.1154632039425202, -0.24055363501766996, -0.18726732735287993, 0.1732490550157001, 0.2784316651575531], "trans": [-11.198321425321293, 6.08514047361787, -0.6010846497166134]}