{"betas": [0.12977417203956745, 0.49847687971378624, -0.19179541608583497, -0.1113183526768453, 0.0549914925669735, 0.1034291447522722, -0.013453424082682812, 0.010035343166627214, -0.014576049326274527, -0.02308049036666073], "pose": [-1.4521694546795838, 0.7084297619267844, -0.7084297619267844, -0.5223397711452122, -0.07945406497542447, 0.02276564018331686, 0.1178647977875218, -0.09614304133124474, -0.018990509066345945, 0.24333729604864845, 0.10754113478307648, -0.011084518733378339, 0.539549605700647, 0.05866979908855105, -0.15452855625233639, 0.42299716581139524, 0.14109870869146568, 0.04485845665846563, -0.028654634751992248, -0.009099103982486293, 0.0027986656460310963, 0.05500856090807869, 0.08808689140621405, -0.03437669364147273, -0.0844566723338952, -0.1896361972159612, 0.13713642603941006, 0.07921907938893119, 0.0009512056688942235, -0.01770265417473914, -0.26337955056412443, 0.22260680144881784, 0.14301495780602355, -0.09605235038638785, 0.1863934809912289, -0.24244758941243386, -0.02774506124451187, 0.12166711589932278, 0.050504862499457466, 0.0334079001929221, 0.10597176603435789, -0.5015928362086163, -0.01276802064698173, 0.03888746264738955, 0.5150273264115143, 0.3478602400101944, -0.001981495325810263, -0.0918008780555606, 0.09778008948436201, -0.1812073405887195, -0.903382844804006, 0.17891846233068875, 0.3119654911159273, 0.8258352124904336, 0.1737265587450766, -0.4945025779639549, 0.12752931806725232, -0.08328134516126827, 0.4921777611193891, -0.13481364738473378, -0.03588323782876272, 0.0026955899460774, -0.04918199582873298, 0.008823022875456539, 0.017133235951205292, -0.0018394781301853409, -0.19602514723355066, -0.07336754430615808, -0.19689316988199837, -0.11669917402467037, 0.11264491286761623, 0.24026637662931488], "trans": [-21.852429372169713, 8.3480720286294, -0.635588250035069]}