{"betas": [-0.04531959800123942, 0.25816046623113975, -0.10443940742347267, -0.07597029208210594, 0.013911735992459227, 0.013954990810594958, 0.00840059268463032, 0.018210526354907698, -0.01144635948893292, 0.002226290135924623], "pose": [-1.5677829071830764, -0.045186691447302675, 0.045186691447302675, 0.12843302530820433, -0.010498026643842508, -0.006484144706106247, -0.3054458700139, -0.0006265494899678828, 0.023843492261981264, 0.29501394361434524, 0.023103969315395722, -0.003708509278872277, 0.6978580250186722, 0.012474187515706739, 0.004164292649596273, 0.2968230835396517, 0.0013524095258266658, 0.00229866829290417, -0.027350867115189272, -0.004764674363651936, 0.020736610398748703, 0.014347399573496148, 0.08683692724409563, -0.02572430501502127, -0.07924068584924594, -0.1862916300117565, 0.15979789159001953, 0.07112110938459346, -0.03165173725885503, -0.011113961533762465, -0.29316508058566554, 0.21213215091480686, 0.11561015837702479, -0.0944553366694704, 0.18216944945268285, -0.2749068829246989, -0.2123916903248195, 0.16718079641067732, 0.029939450531015696, 0.044462411723107664, 0.05806043419310806, -0.46221789084109427, -0.011448622921863251, 0.03450938557588249, 0.49368879445500113, 0.4441096473785527, 0.011220588546291502, -0.0007122894857070211, 0.06820656862290463, -0.23965999274086786, -0.867551369970993, 0.1914130304282774, 0.24850371122426854, 0.8412786654409212, 0.16123064994270328, -0.6213408679099205, 0.15093585605370818, -0.0645733887030982, 0.58710973832684, -0.15504609987228768, -0.02379282396239362, 0.001026741347918986, -0.010027211265636736, 0.016473559224999604, 0.016972658316430935, -0.005431610640478151, -0.18769823238556022, -0.07091446738154172, -0.19685180233147548, -0.10904147032685109, 0.11805624797159348, 0.22873182638611403], "trans": [-26.6093532316034, -12.51456334224959, -1.0938354637131922]}