{"betas": [1.7511515842605234, 0.3670231778082652, 0.03978433168027672, 0.004913282851196045, 0.02958606384598556, 0.001461046037256542, 0.028411238985692, 0.012589726574853976, -0.014340388809218167, -0.004234100351574732], "pose": [-1.562595882724932, 0.4022260724672977, -0.45222607246729774, -0.5437458677368364, 0.11388475237266543, 0.09523805824554787, 0.036771905695405255, -0.10704091023739645, -0.050089105769646446, 0.2005575448679225, 0.0044005188594316135, -0.02081237669284545, 0.2592089682665948, -0.046448913649878014, -0.18256019244318603, 0.1317139168951045, 0.011131061683396289, 0.053617632588272894, 0.028198249703522235, -0.018025667655902012, 0.030893437128684836, 0.009252358711708455, 0.08755806172492193, -0.11226974099285728, -0.14386674880351372, -0.13197000300144462, 0.19355129512136915, 0.027433402309803342, -0.09740048372917179, -0.024650385924386432, -0.26055476710237024, 0.23347806078573716, 0.2485066128949494, -0.11826776908640028, 0.07051323870418111, -0.28189794718431327, -0.094699070035839, 0.017047652064156982, 0.05990928661383827, -0.0022490589534101004, 0.010387661093190082, -0.3588254803938957, -0.01994454368050439, 0.03957641386680548, 0.3736145445854779, 0.3365829078413347, -0.15096434043556767, -0.02887060010333354, 0.2545948970599283, -0.4849227636456417, -0.6828599251993228, 0.33896006353092095, 0.1354610118975532, 0.8413431802940988, 0.16616110553991761, -1.3171512695600434, 0.3854515191949185, 0.16547301956621618, 1.0180699495024501, -0.007960301624874967, -0.14851782639662892, -0.057873579549190785, 0.16444289053113423, -0.09089706729696549, 0.0742727804847528, -0.1202532145516015, -0.12068667259385503, -0.05671001565101366, -0.21149883757792615, -0.11991037497175742, 0.10907035723168833, 0.22723572067061054], "trans": [-20.44892864857942, 17.161675966198484, -0.5834909400063715]}