{"betas": [0.33303066142902105, 0.22906885785386125, 0.1321746135337195, 0.03485680493593007, -0.034928744222964915, 0.03738652273642406, 0.06435992437738675, -0.06135207138309116, 0.004712805749211021, -0.03328562850670294], "pose": [-1.604389626394325, -0.2659181635562952, 0.2659181635562952, -0.09683259308540862, 0.018435442032494045, 0.006601289119255921, -0.3914920102619548, 0.04061452105370435, -0.012145616352263404, 0.2330276227296605, -0.03357750886729876, -0.021371701672697047, 0.22037826717570835, 0.011798234205910973, -0.01058599152409588, 1.0757497139256051, 0.047682094032417986, -0.01058384980218812, 0.017865138652727135, -0.0317823357166366, 0.04320091070174626, -0.11399286367169723, 0.09344970978360534, -0.04062323707311774, -0.1820778796874235, -0.1437142742766612, 0.19260069302739324, 0.02513337176331452, -0.06950898182468901, -0.0008497197190341826, -0.2950755320111883, 0.25137639542960377, 0.19703446069668035, -0.14117471544324225, 0.09174762072137789, -0.30458216547874933, -0.15647902421139195, 0.10059571894764181, 0.07079230243082818, 0.04017911528172912, -0.04300458804476208, -0.3933145329850963, -0.029167609255288163, 0.028402573367953998, 0.40166598952523913, 0.19524418551453773, -0.03664387683816185, -0.057019228561448705, 0.11382055418429575, -0.3885533324231636, -0.8963555238536866, 0.24203593288106587, 0.22628003414417366, 0.9094843907899174, 0.3598768128858857, -1.5220400531184903, 0.46169571066780585, 0.0267570413732367, 1.4063137805606805, -0.5167600052466665, -0.08076897773158702, -0.0637039407156184, 0.07297908358013486, -0.056961668115715715, 0.08578613000745024, -0.042182874873860944, -0.1539437825012788, -0.05896477335109118, -0.22692626389960519, -0.11994908385066336, 0.12356717712291501, 0.23055434963691912], "trans": [-13.386910395161491, 7.988053598386997, -0.5209993513894622]}