{"betas": [-0.04531959800123942, 0.25816046623113975, -0.10443940742347267, -0.07597029208210594, 0.013911735992459227, 0.013954990810594958, 0.00840059268463032, 0.018210526354907698, -0.01144635948893292, 0.002226290135924623], "pose": [-1.5698177923046972, -0.0650323003196622, 0.0650323003196622, -0.0740240648186789, -0.007882085112127218, 0.022036981951622382, -0.37759773580693196, -0.018748715436911232, -0.056380987390407346, 0.24356697005916167, -0.040267507043953515, 0.01467612714114445, 0.9751417970424423, -0.20251269320690204, -0.12874728356444942, 0.30528564656722246, -0.03723475560319424, 0.11921407425743971, -0.01709795975467912, 0.011478874558280176, 0.02288798371519989, 0.00821498198515933, 0.07076520404939661, -0.010738559488267754, -0.015991146443812155, -0.21392215734691808, 0.1726961858474612, 0.0676431408970403, -0.050341541167448274, -0.014610591633963341, -0.3235217077942203, 0.1915577002046377, 0.023576753142038855, -0.05213497521473856, 0.22564920950961811, -0.32059543398062595, 0.006774425259606115, 0.027580092250183725, 0.06980764625785336, 0.05682725309105902, 0.07460970176912551, -0.47975144185353524, -0.013868940584979514, 0.007552580324955681, 0.5324875685377377, 0.36691559903149834, -0.07257619367288606, -0.06304485654071866, 0.05102061011685123, -0.25621573778264545, -0.868833440451893, 0.19752094558463898, 0.19611047654688113, 0.8513066397829723, 0.1539756220485578, -0.547699159441513, 0.1370846923313569, -0.10327318024082817, 0.4537088194599871, -0.13782625437746818, -0.013472857861534645, 0.011068556340638776, -0.06140231551687359, 0.032721966068683626, -0.011311575875531115, 0.027899006132800226, -0.164054721344121, -0.0836752725471802, -0.19444479913805168, -0.08468231387865673, 0.12821120262474736, 0.2373175739783632], "trans": [-28.25965377585292, 0.09521712034741646, -0.8793802385443611]}