{"betas": [0.40466836330444017, 0.05863328700476435, 0.12669029315925331, -0.03563903324106255, -0.03161275739992719, 0.041330373522867565, 0.0442195718616265, -0.05240537505411271, 0.026760476646685124, -0.027919142557181535], "pose": [-1.6207869574846347, 0.006364037592773497, -0.006364037592773497, -0.5193166900074887, -0.06325660210071861, 0.09711074737326278, 0.2646266417769071, -0.023585330005149504, -0.029295695503928656, 0.23912393767783066, 0.0714888935631922, -0.0522833428131055, 0.14550133588023154, 0.13221136147317025, -0.13104359289884288, 0.3608318010343121, 0.19542792689047522, 0.01024577307213518, 0.05728408299362754, -0.08824089980076812, 0.04584545389618201, 0.08453584661433737, 0.10180969218420179, -0.06997347537913073, -0.15087443343281987, -0.10292185064571122, 0.1789656121050598, 0.061457712962895546, -0.03655049489371284, 0.020862211519501787, -0.2714240337035563, 0.2855858014610356, 0.22406579647109548, -0.15560299153462553, 0.16019062816604787, -0.25706103915742234, 0.006267525974316319, 0.5024190210092299, 0.0024955190513650687, -0.028474226501731172, -0.26318376863569254, -0.24491517954510125, -0.07690792648121478, 0.11664974306194796, 0.12144882959258622, 0.2144071446228778, -0.016810166875601357, 0.0024533911699791758, 0.09415604244278683, -0.5535021273090825, -0.7409358765981029, 0.2979517252922716, 0.3610868919323772, 0.8802567954842748, 0.4916270150325839, -1.7546850981168292, 0.17012393618171273, 0.3767490235599156, 2.0105575767520376, -0.5741895266242819, -0.00903992562125848, -0.12100527523202863, 0.2693895341867835, -0.11302809994465417, 0.13964206856824324, -0.1312992482746696, -0.12292830949317682, -0.05040408891667101, -0.20355859015122363, -0.14654466619314563, 0.11438995725125184, 0.23835677220699178], "trans": [-10.613421596843112, -3.7482760442891028, -0.7983107226438109]}