{"betas": [-0.459125293958982, 0.2836700625543276, -0.2828307762064238, 0.06170009900103966, 0.04114696315793381, 0.017447099752977802, -0.018216663065381097, 0.013285817624318214, 0.01584973647464493, -0.019639755817989615], "pose": [-1.4523247722689792, -0.9525954954751189, 0.952595495475119, -0.21797163941927733, -0.01160083916228135, 0.010414739652807627, -0.2375915712906214, -0.006318885740720925, -0.0021541609294980432, 0.18179010405710058, 0.02080100638696691, 0.004434340877446782, 1.0602885442906254, 0.0018956605628920181, 0.007410398465167493, 0.38805020037964166, -0.0027278817818319687, 0.0019271043462672152, -0.005844487207318377, 0.012774548594168397, 0.014299689522866551, -0.11297242568993136, 0.06086791083459996, -0.0075251135388213425, -0.18361127438765357, -0.17733697776529223, 0.15409636024331264, 0.04283761915057887, -0.01715778655173081, -0.0026492998048153523, -0.3175455854332524, 0.2835396062341812, 0.13811836463028032, -0.1653110804324094, 0.1205108900038823, -0.3229960663424472, -0.1509337544771428, 0.1579865937254276, 0.0669235751258983, 0.036702131757742326, 0.02224833887761439, -0.426375928974085, -0.0493979177499671, 0.10738352786230301, 0.38347554212083224, 0.17414663153859525, 0.0609994071887525, -0.09252539151064228, 0.1023629159585071, -0.15655113048220512, -0.9163033089458195, 0.19612828990199638, 0.3676671070937303, 0.8695281597029821, 0.22528837402113833, -1.151383342079874, 0.35625107769883757, 0.04730193228244944, 1.5045825380528564, -0.5047644988296598, -0.011331924723650293, -0.030908353751243497, 0.19988724728764387, 0.01627502671925949, 0.11963940166093165, -0.2360989853553392, -0.22609512519456668, -0.08697136994658196, -0.2630511400613894, -0.1378027749140378, 0.1436382954527762, 0.28494617564816394], "trans": [-15.953484610185004, 12.230409709564102, -0.35379602671753485]}