{"betas": [0.12977417203956745, 0.49847687971378624, -0.19179541608583497, -0.1113183526768453, 0.0549914925669735, 0.1034291447522722, -0.013453424082682812, 0.010035343166627214, -0.014576049326274527, -0.02308049036666073], "pose": [-1.4836760019248616, 0.6088549819201289, -0.6088549819201289, 0.09558120727215855, 0.030155872739647104, 0.016057609965382417, -0.45891170108390483, 0.009080949782120883, -0.05794150891377001, 0.23588027604580455, -0.07489365551539005, 0.021719175934187217, 0.35899163888267305, -0.2505818845376737, -0.06739249813829952, 0.409905314941364, -0.08753820426329444, 0.11704452954286691, -0.013224953636856971, 0.011487889000533347, 0.024221271470111348, -0.04564309806682663, 0.09587700502218398, -0.015745500195604074, -0.028169147381741647, -0.2338210630338261, 0.1922417979515177, 0.05875969605908298, -0.05907488959842246, -0.0083357605397942, -0.2336620745669385, 0.17741156030569144, 0.040933345076390404, 0.015921439607236434, 0.22700693178693573, -0.31541206422526713, -0.01129091860353955, -0.026012199465599344, 0.09260930581783974, 0.05561088932453769, 0.05648948318606169, -0.4775483030009592, -0.029684757494561103, 0.024669832423953472, 0.5318556646051171, 0.34901259884424907, -0.1674495162317101, -0.04569460443037876, 0.04904680934624412, -0.27381112312997713, -0.8535056363282472, 0.1909746667588821, 0.2085042110166873, 0.8432360663439014, 0.11909516412427819, -0.543531412031727, 0.13686770910629403, -0.11018235223657462, 0.4685554743895467, -0.1462524323560553, 0.01867133373179631, 0.002002045139725378, -0.055828939129708335, 0.056421409993471255, -0.0002105153363982111, 0.027266338413755295, -0.17303638308987554, -0.08346714784071539, -0.17486041054651885, -0.091216778957375, 0.12946440597494493, 0.2205872593783167], "trans": [-16.197228225052196, 12.479096780842687, -0.4764771180909436]}