{"betas": [-0.19266644468801378, 0.5771463667239267, -0.16308379457488245, -0.06462538974507079, 0.08054580167251779, 0.027975024271901693, 0.03561269911626106, 0.05188376016633901, -0.05289357868361275, 0.00684608270928935], "pose": [-1.5484460772212516, 0.3102027693549612, -0.3102027693549612, -0.4714495631551679, -0.022422843297632385, 0.037481354553876176, 0.31099171585777685, -0.0791834627474571, -0.021638843980429825, 0.3745906371157506, 0.013991444973206653, 0.03766487761248463, 0.1875117732142357, -0.14663839791756764, -0.1261445160916656, 0.6072045113556458, -0.09361464106382916, 0.10419075788003244, -0.05562353750313951, 0.054066632764919506, -0.024175937962657483, -0.008047842687788628, 0.07631854015111868, -0.08204017665446671, -0.08552633710595553, -0.25874828570206954, 0.1906560616729239, 0.02449442620519799, 0.011129854833437139, -0.001224480572296467, -0.2475165549585342, 0.1728972953997584, 0.12542937489540557, -0.06156202585043764, 0.15858309477533805, -0.33754680263426873, -0.19154852321014454, 0.009534792199189466, 0.03206003488038734, -0.027590188850965647, 0.08305629826980371, -0.4025957397550661, -0.060570625587160344, 0.10494448133208274, 0.3685811393282878, 0.1656752619573257, -0.05524549914610091, -0.025847149553617256, 0.17830983926912072, -0.4070698721059294, -0.728438203321721, 0.1854446256235248, 0.52971536615297, 0.6891452434228609, 0.4385988342214581, -1.7744181780305708, 0.4059668995915141, 0.3804772871434778, 1.7381622414381337, -0.34059515627155923, -0.07319565315016896, -0.025089375057027286, 0.12214607251949906, 0.043988149931037085, 0.03568173637329119, -0.14919254723141992, -0.17518196590731394, -0.08092392928186604, -0.2021761728806274, -0.08876001858412251, 0.10727665339704759, 0.21749431264156208], "trans": [-16.466089357463012, 12.643531498018886, -0.36282641730589577]}