{"betas": [-0.459125293958982, 0.2836700625543276, -0.2828307762064238, 0.06170009900103966, 0.04114696315793381, 0.017447099752977802, -0.018216663065381097, 0.013285817624318214, 0.01584973647464493, -0.019639755817989615], "pose": [-1.6456283254451993, -0.14939585841840805, 0.14939585841840805, 0.3314364746115551, 0.011247899077927288, -0.023337154334567487, -0.38472748205747875, 0.0173915282896365, 0.00563953528784782, 0.2167093416394451, -0.08280016643131784, 0.014688053678053137, 0.417809997968109, -0.011231800273547067, -0.09224361314545715, 0.19846589549568225, 0.009937692826033094, 0.01648034830209237, -0.028685767842355096, -0.02327971578541988, 0.03158639572066741, -0.09233972271103594, 0.10607246760077613, -0.03664030401383865, -0.027729624326797576, -0.2366152587638783, 0.2426580787894209, 0.020271063120234585, -0.059694208248596656, 0.014258729911430703, -0.22392685382982958, 0.1709716167737382, 0.05177315061490246, -0.040789408440998445, 0.24266841364829778, -0.3930157541595445, -0.17378073745413689, 0.08278634054650173, 0.06708890053130265, -0.009198129780394528, -0.13833943914358543, -0.33276965483745174, -0.0781265157443079, 0.14383461844767503, 0.3624261141823931, 0.1703968936784024, -0.052289052438149866, -0.015663040787297352, 0.006577667568727795, -0.28525979054413464, -0.6503067063564101, 0.09186518473468223, 0.34104337683499514, 0.7374512073469814, 0.1059992969191624, -0.9112666620955008, 0.20341644827754093, 0.28661280021161445, 2.179523122612234, -0.3440411534457892, 0.13820435032367667, -0.11509986154495849, 0.16713402507504954, 0.06460094879585021, 0.13555622353863425, -0.11723808491607819, -0.1827499297241998, -0.08288450194927725, -0.19469053435193182, -0.06727077759919246, 0.13421144372132476, 0.20893500948163274], "trans": [-10.861134812607974, 3.1940243427361708, -0.5754549729727889]}