{"betas": [1.8964894903024812, 0.31493576625010133, -0.1035326407414528, -0.4364464500446508, -0.04973432451903863, 0.09833628269918979, 0.014303769774192097, -0.026993742994641887, 0.07112343154180402, -0.03308173982274214], "pose": [0.0901727459728224, -2.293770634150692, 2.243770634150692, 0.04469535514821394, 0.04515745217776264, 0.03377995332834895, -0.4838998222102257, 0.0032691391379525143, -0.1306211936357426, 0.3420512656094226, -0.045073543237848096, 0.0023711417460909852, -0.03864432240207453, -0.05943857716040904, -0.10440832610952892, 0.6516399457342881, -0.01466772871239868, 0.09308140674881914, 0.04047573839686758, -0.05103995182942967, 0.039158799702656816, -0.07174741684603823, 0.11023175312102561, -0.0681519644178859, -0.04624996173381326, -0.17016569831626463, 0.24042644305983038, 0.028436273675465293, -0.05752472153196702, 0.01581496170176941, -0.22162604687484672, 0.2114286681047817, 0.16784565087816344, -0.07202560486719183, 0.17321098600743715, -0.3300256851988742, -0.06300805812280261, 0.06702145835337539, 0.05499475421787182, 0.01898086555942717, -0.2893783572770234, -0.3204984127742381, -0.027539490892773532, 0.2743091102986917, 0.3288217288160906, 0.22229778106002698, -0.09833228968124161, 0.0029392579361819256, 0.11870041480594762, -0.4561499272365752, -0.7291658259948338, 0.23037193940039846, 0.3458903566572893, 0.7718362029121139, 0.3607092715098228, -1.1406515612589336, 0.1723326730498132, 0.229138998359207, 1.1349856583542903, -0.19169336579062585, 0.11544002231922007, -0.12400731672672771, 0.15737400975208746, 0.09187239706751985, 0.11675667941074522, -0.09946514376516521, -0.186351984479866, -0.05757147914331529, -0.18326896154318195, -0.13435229936227572, 0.12988621903884298, 0.18860818250621733], "trans": [-12.066885904138207, 9.03606158102104, -0.5253655518343475]}