{"betas": [0.33303066142902105, 0.22906885785386125, 0.1321746135337195, 0.03485680493593007, -0.034928744222964915, 0.03738652273642406, 0.06435992437738675, -0.06135207138309116, 0.004712805749211021, -0.03328562850670294], "pose": [-1.327660280501571, -1.1795634782853561, 1.1545634782853564, -0.39398962988877667, -0.004846979836181069, 0.015184017072293374, 0.18516644714672761, -0.019953209939279994, 0.046021952504043846, 0.1961790081144506, 0.06300237090297998, 0.006161720874920242, 0.20992898703160884, 0.06770166528183896, -0.005580516883811205, 0.09696565389003595, -0.005830176176585468, 0.04908057105959934, 0.04517458720333512, 0.030041839396345076, -0.009477911445853776, 0.04858711315653295, 0.06240678420675207, -0.055798118193144265, -0.12248366536642936, -0.17041922648608246, 0.14075635355183344, 0.06338987330804806, 0.011721238211185113, -0.005799865077349489, -0.33595450645582825, 0.2794070780054126, 0.17316569512607502, -0.15623841481590706, 0.11179437958521882, -0.2675322118778076, -0.07421616164478659, 0.1193736165074858, 0.05382985674747912, 0.04788760516862573, 0.1116133131614417, -0.39745247648222404, -0.002794360837719517, 0.07310268499506072, 0.3596266125007297, 0.18950325663286063, 0.05147850562757164, -0.07015450794186313, 0.2156699738617201, -0.21764012686972994, -1.038049616403661, 0.33227003192401955, 0.34443247043809033, 0.9977323116248329, 0.37366911206265907, -1.7008677375666854, 0.5130164402487726, 0.2782177669108671, 1.6806372207565028, -0.44234288087481377, -0.1732386759794165, -0.12101258032878677, 0.28730289675189263, 0.016108151678035584, 0.1719268773583296, -0.2735973895210864, -0.10895577245975148, -0.06527477939691101, -0.19572960074028228, -0.09889433334676524, 0.1237942524558021, 0.2285658633332565], "trans": [-16.775854744631186, 11.53348316582165, -0.5300812335205921]}