{"betas": [0.12182979554792384, 0.0498104030700563, 0.01874907528210161, 0.028247290178977192, -0.01045515424154793, 0.003794310233826808, -0.007750463989420916, 0.008476040652062412, 0.013630708331879994, -0.014916307566096007], "pose": [-1.1456560593987837, -1.2969885914922719, 1.296988591492272, -0.381642500534505, -0.028609128154672602, 0.10089313738420852, -0.4408357969273043, -0.015438553533246678, -0.09843046228376755, 0.3312076036654754, -0.003874100299433195, -0.00084990824597354, 0.7124546834752549, -0.03494991951055838, -0.1449091388329812, 0.815203509782912, -0.022134708230615373, 0.08745189856292714, -0.006166794627067369, 0.004161067772639733, 0.01405686534031285, -0.08044777443870443, 0.06690285429058739, -0.027393707935907462, -0.1574860233274144, -0.175811307411048, 0.18621506798756732, 0.028087737271734057, -0.03027441752612614, 0.0030027866951695035, -0.3035782320247543, 0.26181086168240664, 0.15319234412023908, -0.1338499946372416, 0.13011768981228689, -0.33679970165467865, -0.20061860774035878, 0.11984408653090133, 0.04111875847222256, 0.022969154762675317, -0.05714272588138937, -0.3931469137965125, -0.0247363172657558, 0.13130362462068298, 0.37939931436180646, 0.1455302750983464, 0.0008006178968822751, -0.05262653133082744, 0.12127222351750351, -0.31080365683125855, -0.8794821513502578, 0.22921728325957266, 0.2925206970582058, 0.873005514346858, 0.29597674603548174, -1.467737547417242, 0.44631709842778483, 0.09287033200157949, 1.4287648985271173, -0.4545674923393169, -0.04156380878179155, -0.08433119005908338, 0.20595107850935163, 0.03321736816975491, 0.12591034770650072, -0.17752970055804806, -0.15636716271565393, -0.0742762287473024, -0.22208653371819054, -0.11783392659958186, 0.13300263969499687, 0.2363749790775506], "trans": [-49.77387889320116, -10.863603665101701, -1.1810583705952709]}