{"betas": [1.8964894903024812, 0.31493576625010133, -0.1035326407414528, -0.4364464500446508, -0.04973432451903863, 0.09833628269918979, 0.014303769774192097, -0.026993742994641887, 0.07112343154180402, -0.03308173982274214], "pose": [-0.19214807433082245, 2.0497850526446104, -2.0997850526446102, 0.15184289065318138, 0.02206518948698348, 0.005508206283389237, -0.4302877086796377, 0.01733779113960931, -0.01937732366600796, 0.14265101390806986, -0.0799600905621833, -0.03739501179531863, 0.6452163854324223, -0.18649363437625455, -0.09622693424398805, 0.3239518091808613, 0.017064599356905057, 0.006543058135008294, 0.07899473767517555, 0.09419803409260526, 0.021687531052451393, -0.19088595482573462, 0.12218343485937544, -0.02290415474749638, -0.028773938829597813, -0.18336761988184688, 0.26406875188865087, 0.07384551611219943, -0.13567891373300803, 0.0015631809940398235, -0.25625799020794027, 0.11782306662011582, 0.08497046761097156, -0.009513048797167179, 0.15981728059057024, -0.40823098388198625, -0.03662519362443743, -0.6157553537829762, 0.05322743108249022, 0.07894676669252366, -0.18267004736597872, -0.2846068869854101, -0.07086000607493739, 0.17875844051812348, 0.2709458707468005, 0.31390487475493434, -0.2883960803984025, 0.034453217557527345, 0.20525466191280523, 0.07155414207641311, -0.9108907556471689, 0.35999094569791806, 0.2668928614836416, 0.905235694563054, 0.5487871362811146, -1.0508072209849428, 0.05319661061721544, 0.5005305947997618, 1.1633550822903445, -0.1179825325053921, -0.09383061273404714, -0.09104188322138795, -0.1483977943817752, 0.08638797124235488, -0.04026976367563084, 0.0968081359758409, -0.14813982921991675, -0.040827725916642674, -0.1916484675780054, -0.13745593980992277, 0.11442447810550631, 0.17726593249514738], "trans": [-10.52569503273811, -2.0798690790790446, -0.7712675912016024]}