{"betas": [1.0007394031128156, 0.13998077818863408, 0.20322321153559939, 0.06919845010960525, -0.06355964225067326, 0.0988583210768853, 0.031004152589175965, -0.07600298470585287, 0.01954775199647453, -0.05391534064665776], "pose": [-0.024658932043840988, 2.2102164751125883, -2.2102164751125883, -0.3457891836795188, 0.01948461368790006, 0.01626275162967082, 0.05950087528796539, -0.05078486749261928, 0.013267925369649242, 0.24455138006296553, 0.01153969970135691, -0.0065755972893017664, 0.15634581231467615, 0.044504616076306985, -0.12742935616552056, 0.5189030087004197, 0.15103436967073727, 0.038899142833532095, 0.032489662184914045, -0.014973627671338148, 0.01998495260563222, -0.044008858588690795, 0.12235532940747446, -0.05300166754608003, -0.16719202984483295, -0.19043920493291466, 0.14891632232408425, 0.0359869180210404, -0.026727036910892413, -0.005812585907393393, -0.25403010525006897, 0.2188666754937306, 0.1987486059189863, -0.09066414279986966, 0.13625896231009937, -0.24381597269466523, -0.06193527257185241, 0.06120724528771042, 0.06882132968784668, 0.026396189621928055, -0.13783826963965548, -0.39101675139640313, -0.016510232019915628, 0.21332177332769445, 0.37612975856737907, 0.2818309566865798, -0.08588537258671711, -0.04243601667994194, 0.1672289724183, -0.36712602614896644, -0.8178029482425582, 0.16801061999538486, 0.35297313740042746, 0.7476197614482448, 0.3748497662177199, -1.1953747254126514, 0.23567828436438473, 0.07449327091154533, 0.9982329890339574, -0.2344090862514818, -0.011471232726371282, -0.07776205253473992, 0.04648511870583472, 0.041860848940747514, 0.06853185386240605, -0.02435899249625454, -0.18887490912021648, -0.044442524750055494, -0.17823597989833662, -0.12063742777476102, 0.1061591877138516, 0.16762312368703433], "trans": [-11.28789095632414, 9.81271818924579, -0.4813419868197419]}