{"betas": [1.7511515842605234, 0.3670231778082652, 0.03978433168027672, 0.004913282851196045, 0.02958606384598556, 0.001461046037256542, 0.028411238985692, 0.012589726574853976, -0.014340388809218167, -0.004234100351574732], "pose": [-1.567697486233045, -0.11570650507869691, 0.11570650507869691, -0.46518569398650067, -0.007601270209398968, 0.09762187276358614, -0.18639572278279307, -0.04942825071843575, -0.06959357985679421, 0.24480209001182704, 0.0004891461875476381, 0.002176433179812293, 0.7234965572991949, 0.029906816326806366, -0.14930303665534975, 0.2102631712494753, -0.029051240986664346, 0.075032662344714, -0.013249501528349517, -0.04454681520056547, 0.023123167974478, -0.05926220762554027, 0.06542318900471389, -0.05088540092457384, -0.11383774661034621, -0.14140527817679063, 0.1778521455410813, 0.018640303258610685, -0.04806628927594073, 0.006529106439941815, -0.25828771557642616, 0.21124126196368517, 0.12228083225608823, -0.04586928597614651, 0.07158764168299937, -0.2950480044034654, -0.14384276022122572, -0.14266924926233185, 0.03776230846202742, 0.009550721684944058, -0.12503089634113354, -0.35178229730436317, -0.04710183710363613, 0.15164202636079954, 0.3314794405057496, 0.1831886454401132, -0.23150890226899543, 0.05692994974275583, 0.03512877252796741, -0.436113913757262, -0.8432379503887527, 0.030376537049048552, 0.2239279199764271, 0.7472011287784932, 0.191108990581705, -1.5082858031810935, 0.5002136404718941, -0.19370554917992824, 0.9880165460708968, -0.5103656480988367, -0.13894141293652582, -0.07166426752243513, 0.09082951610814893, 0.004956340068012447, 0.05238781151068556, -0.09798777755781451, -0.08046452942095057, -0.05495756328633604, -0.19292249500949865, -0.09358759054156378, 0.12766430257809122, 0.20535161408527794], "trans": [-28.908996815150676, 5.769932030460369, -0.7978269027405037]}