{"betas": [0.12182979554792384, 0.0498104030700563, 0.01874907528210161, 0.028247290178977192, -0.01045515424154793, 0.003794310233826808, -0.007750463989420916, 0.008476040652062412, 0.013630708331879994, -0.014916307566096007], "pose": [-1.1039930644383364, -1.3595618186466643, 1.3595618186466645, -0.44226270505723636, -0.019387911957370198, 0.14521602023350005, -0.5425194845520618, -0.0036309194023796715, -0.12621198025107144, 0.3818885743890333, -0.014757890306301806, 0.0016142383116325612, 0.7194150353079868, -0.039823975849784976, -0.14314772479563795, 0.8120148804000564, -0.018462180679586018, 0.09371562669725304, -0.009107335930593471, 0.003152784382135589, 0.02131510870368833, -0.07945646889026595, 0.07473762662473941, -0.04980170998531269, -0.1512562679325391, -0.15935221639542416, 0.19742942799127874, 0.03184565605717486, -0.03738446251548061, 0.010270350127739329, -0.30223111033144345, 0.24910429685756805, 0.1833182969811045, -0.13093282674539106, 0.0986678035997142, -0.3415281022268478, -0.18806523107668735, 0.09003147172171107, 0.03799982432487555, 0.04344349032235147, -0.03288177475366995, -0.3918746360908721, -0.006682511281030259, 0.1024811296184053, 0.37933251222313863, 0.11968639668461181, -0.030473478616233417, -0.02808978286669456, 0.13585406198001115, -0.28455608713852415, -0.8885422731808201, 0.2380199346335089, 0.25249506193005894, 0.8864360729760498, 0.32274697635435484, -1.4363988401470722, 0.42633334152313684, 0.120570881789715, 1.3933591650065003, -0.4282823295172847, -0.01792446007957271, -0.08048790151646566, 0.2173412586338771, 0.04488482575227047, 0.12310792899542916, -0.18277434591390004, -0.1779372405971822, -0.07398780607702272, -0.2244201045177021, -0.13519021839331605, 0.1341398772112544, 0.23748982766941323], "trans": [-54.98048972876145, -12.598521051486944, -1.323969240185611]}