{"betas": [0.33303066142902105, 0.22906885785386125, 0.1321746135337195, 0.03485680493593007, -0.034928744222964915, 0.03738652273642406, 0.06435992437738675, -0.06135207138309116, 0.004712805749211021, -0.03328562850670294], "pose": [-1.6110772626786947, -0.35479126580196924, 0.3047912658019692, 0.32264190811058496, 0.011839442561243342, -0.021535565884177363, -0.3639965924241473, 0.06269232251125377, 0.024748363871278378, 0.1954361350336343, -0.08750528867244411, 0.03790102905571934, 0.6253744013093084, -0.2685799281607284, -0.1481396420839657, 0.15540669321399997, 0.0052880553895, 0.040750471248902034, 0.056628050068068814, -0.021853624832025784, 0.028702446373868727, -0.09697446465650034, 0.08703806430953333, -0.013038467223225818, -0.05323255733328283, -0.21012346359070627, 0.23385901118733138, 0.052278808732127646, -0.0645608559878019, 0.005347332712228602, -0.3142356543238739, 0.23896089007114574, 0.07259220077426942, -0.04774741210991184, 0.1975075955795203, -0.39326370427271556, -0.14261556858583052, -0.008062901684768982, 0.09531934718114797, 0.021642630381675906, -0.14751368850678503, -0.2672025622974525, -0.06428682291933221, 0.15684931974130198, 0.22010157271952263, 0.3180944898213439, 0.18289595068339115, 0.019333351556619516, 0.1849468107087333, -0.4763609842915514, -0.8681490991634767, 0.2129451420484428, 0.30928651713682814, 0.7324267482951186, 0.5827133222455501, -1.8891208118404144, 0.4485613074776609, 0.2585685416349949, 1.6936725426441583, -0.4478039131463321, -0.049399502262844064, -0.19039008700919716, 0.15224813239113863, 0.0921215054304139, 0.16741235342037764, -0.1437592985506996, -0.08958647145319493, -0.05677597662502345, -0.1841380526325077, -0.07941142539265604, 0.1327743797566743, 0.20315461222092973], "trans": [-11.32854654137575, 1.6950655327375117, -0.6730785914142827]}