{"betas": [0.12182979554792384, 0.0498104030700563, 0.01874907528210161, 0.028247290178977192, -0.01045515424154793, 0.003794310233826808, -0.007750463989420916, 0.008476040652062412, 0.013630708331879994, -0.014916307566096007], "pose": [-1.1456560593987837, -1.2969885914922719, 1.296988591492272, -0.38164179845874346, -0.02860894032651419, 0.1008932173007462, -0.4408358194680497, -0.015438519665879558, -0.09843049860016674, 0.33120758386606386, -0.003874262674632269, -0.000849884040879641, 0.7124548917176918, -0.03495003536032248, -0.14490909730144705, 0.8152034726362223, -0.0221347958630034, 0.08745192928234861, -0.006166688837843228, 0.00416097150141479, 0.01405689200271386, -0.0804478646822987, 0.06690287359434159, -0.02739368146905859, -0.15748595879333854, -0.1758113399806443, 0.1862150372538852, 0.02808772207587924, -0.03027453190058814, 0.003002788638735841, -0.30357825620201206, 0.2618108750977076, 0.15319218434212403, -0.1338499410392161, 0.13011774457154623, -0.3367996621933364, -0.20061849351657843, 0.1198439911160148, 0.04111880273854259, 0.022969180465672367, -0.05714300560894096, -0.39314699338729525, -0.024736351268464327, 0.13130371341011352, 0.3793993751887707, 0.14553038565874885, 0.0008005895079332424, -0.05262650854840744, 0.12127211075355292, -0.31080384884340984, -0.8794821232661996, 0.22921731341283033, 0.2925206328247646, 0.8730055422857944, 0.2959767342018961, -1.4677372362490768, 0.44631694374282793, 0.09287035569472582, 1.4287648396725872, -0.4545674801669394, -0.041563699272770614, -0.08433118940151381, 0.20595101070471872, 0.03321744238815742, 0.1259103284458332, -0.1775296667814386, -0.15636712550810813, -0.07427623936608495, -0.22208650732819712, -0.11783388882727264, 0.1330026693609328, 0.23637497565432633], "trans": [-49.49847117205478, -10.961677531829425, -1.1093589428360613]}