{"betas": [1.7511515842605234, 0.3670231778082652, 0.03978433168027672, 0.004913282851196045, 0.02958606384598556, 0.001461046037256542, 0.028411238985692, 0.012589726574853976, -0.014340388809218167, -0.004234100351574732], "pose": [-1.4454727713343698, 0.7277051733484082, -0.7277051733484082, -0.5437458677368364, 0.11388475237266543, 0.09523805824554787, 0.036771905695405255, -0.10704091023739645, -0.050089105769646446, 0.2005575448679225, 0.0044005188594316135, -0.02081237669284545, 1.0592089682665953, -0.046448913649878014, -0.18256019244318603, 0.1317139168951045, 0.011131061683396289, 0.053617632588272894, 0.028198249703522235, -0.018025667655902012, 0.030893437128684836, -0.0611272943447133, 0.03816755196458828, -0.029474458460005334, -0.11979736934926485, -0.12708841018859773, 0.20705694867627453, 0.027433402309803342, -0.09740048372917179, -0.024650385924386432, -0.30022726385206505, 0.28325390445965415, 0.1400607306881621, -0.12235487496186298, 0.09810546541250018, -0.35036528468419637, -0.16969907003583898, -0.232952347935843, 0.05990928661383827, -0.020393706504157057, -0.1049533641710223, -0.2772566645801326, -0.098247392645859, 0.09318088235270233, 0.25456850909842427, 0.28658290784133467, -0.4509643404355678, -0.05387060010333354, 0.2545948970599283, -0.4849227636456417, -0.6828599251993228, 0.33896006353092095, 0.1354610118975532, 0.8413431802940988, 0.05782375641333845, -1.5096994486730684, 0.6226767845848654, 0.16547301956621618, 0.6180699495024498, -0.10796030162487497, -0.15422067202183673, -0.07010579125866613, 0.25643068536164354, -0.0702380683053511, 0.12871584362786795, -0.2586178694197027, -0.09551196938196316, -0.07295747636433812, -0.2509965498504453, -0.10820882631991638, 0.14796934696915345, 0.28119520845983736], "trans": [-24.189190669082002, 13.7615945657806, -0.6878272830582972]}