{"betas": [1.7511515842605234, 0.3670231778082652, 0.03978433168027672, 0.004913282851196045, 0.02958606384598556, 0.001461046037256542, 0.028411238985692, 0.012589726574853976, -0.014340388809218167, -0.004234100351574732], "pose": [-1.5857610407294376, -0.14549318539653544, 0.14549318539653544, -0.49595108271976845, -0.02476540760110642, 0.12696973119735647, -0.21754180599792164, -0.055974172289077265, -0.0887673393830353, 0.27405866194888684, 0.04157509365734262, -0.02343118462836314, 0.5406393571690514, 0.003951346299489721, -0.14459706228310046, 0.7342344987546987, 0.1335069368583923, 0.062113597980795805, -0.014600842282031649, -0.022213564961742302, 0.017788635231930073, -0.033147447140960996, 0.11688155749738734, -0.10686293915919974, -0.18770663743344068, -0.1683193538642609, 0.20302094340928786, 0.0345588072736641, -0.022154342344971167, 0.002596392118676209, -0.2550676098278329, 0.2264616702645075, 0.26230557936661514, -0.14304488079121627, 0.10953877394417033, -0.30811525235260706, -0.15144611685639595, 0.15122610488280253, 0.04134619419365871, -0.027768610858504458, -0.013216885037505231, -0.29144638344374996, -0.05394630149056474, 0.059059950921534765, 0.29652418942866765, 0.1587648974292551, 0.011741492237561857, -0.038000013206562155, 0.0019588849644327153, -0.28599424158677905, -0.6529763701116381, 0.11374697806258971, 0.2520314719968153, 0.6866493311095364, 0.08068255537647301, -1.3142878923489534, 0.44167169868723, -0.10091207704996905, 1.2223382146936403, -0.4368644526024847, -0.10199105709095982, -0.0811860976756613, 0.16179823310780841, -0.06303054693903193, 0.09556067207484253, -0.1073961279540437, -0.13796272457934497, -0.04452155031369562, -0.20390264064138308, -0.1098074665301224, 0.09811246989385099, 0.20335144402182315], "trans": [-28.56193543296311, 3.617848518149639, -0.8430239794036913]}