{"betas": [1.7511515842605234, 0.3670231778082652, 0.03978433168027672, 0.004913282851196045, 0.02958606384598556, 0.001461046037256542, 0.028411238985692, 0.012589726574853976, -0.014340388809218167, -0.004234100351574732], "pose": [-1.568030994201111, -0.1966063796201713, 0.17160637962017128, -0.04013209230298184, 0.043243746642449774, 0.009759289337584617, -0.5416364707991229, -0.000696269620741621, -0.03975619182303673, 0.270761950854298, -0.08445317916123019, 0.022893666525683636, 0.6206798346949927, -0.12793662465762126, -0.11037951900691459, 0.6295337527218411, -0.10721914858769711, 0.09837821118491559, -0.010387497058229762, -0.007308551773155577, 0.03031722917208741, -0.11993146685366836, 0.06759955631819559, -0.015627710811403062, -0.04786399264701535, -0.1966403356375001, 0.24477136069704486, 0.021616093356738555, -0.07145775650402822, 0.007116308591280678, -0.2917341471494617, 0.21850955243300765, 0.06610906062891286, -0.080054880099667, 0.16507748710742268, -0.3956731208232241, -0.18975951838652483, -0.01885325932846366, 0.05867450820913027, 0.03476405923224248, -0.04087391038475931, -0.4043989148479219, -0.03624672791832598, 0.05164277530672321, 0.4166703977418855, 0.1852334189829703, -0.09420520165485799, -0.013234668659124217, 0.058976265314258466, -0.3828544169819911, -0.8830276583108375, 0.19794821906872204, 0.15783127200765004, 0.8596520346632762, 0.23561938308243424, -1.3764474128591409, 0.46458452977707143, -0.05427213978189463, 1.162269611500814, -0.45101306573009725, -0.0616832702996177, -0.08523964776715044, 0.12522123377569494, 0.03885933142657866, 0.08585279379717946, -0.10177698223628238, -0.10094463791525139, -0.08220276609900684, -0.2054551559386524, -0.08210140720281146, 0.13793473819408558, 0.22754198126178474], "trans": [-28.970564033352577, 6.890710856534136, -0.7457472789288698]}