{"betas": [-0.459125293958982, 0.2836700625543276, -0.2828307762064238, 0.06170009900103966, 0.04114696315793381, 0.017447099752977802, -0.018216663065381097, 0.013285817624318214, 0.01584973647464493, -0.019639755817989615], "pose": [-1.63463239943161, -0.21945787025538438, 0.21945787025538435, -0.007377608902537892, -0.004589981407567799, -0.003198411702693381, -0.43585803452976035, 0.002713573591690166, -0.07673672194277575, 0.4602622874894038, -0.014897509013770315, -0.0177036752417364, 0.261484818177384, 0.0030297203829155253, -0.029806285299532595, 0.9094347117800222, 0.03688754962226705, -0.020621067559231765, -0.044243155709292686, -0.017412601885847052, 0.02638943242176146, -0.1246010640310607, 0.0879168714471704, -0.008320003739436251, -0.16901187990005886, -0.20059301040161018, 0.16314167208344385, 0.01278681362609759, -0.03427016049715077, 0.004417689412953811, -0.23688437305619195, 0.22315063070169686, 0.1283609581794245, -0.11564298362854487, 0.1458107437293021, -0.30195348329133836, -0.23074778511108907, 0.025849369775431213, 0.05505463605511525, -0.01286950492169532, -0.18020917288614555, -0.35972675817135313, -0.08503106586821763, 0.2415589622582676, 0.35611299805271285, 0.12291684686562188, -0.15628279985751012, -0.007568612172688243, 0.015266772091555952, -0.23402153580059765, -0.8601990885525831, 0.11279849339505969, 0.31767286912658343, 0.7477250057069673, 0.029058855932909317, -0.8464757507805095, 0.250889009680526, -0.10664284038792367, 1.1648339762276145, -0.43121134624515317, 0.08541067841353848, -0.03623679135138101, 0.18278428841779956, 0.056951692347853376, 0.10275231436833134, -0.16654869764821414, -0.23440406140789394, -0.07660869098490763, -0.22371975299653202, -0.11178192608377528, 0.13912877774513893, 0.22031656034225872], "trans": [-12.530766759787639, 7.889550008090261, -0.4104370719140151]}