{"betas": [0.33303066142902105, 0.22906885785386125, 0.1321746135337195, 0.03485680493593007, -0.034928744222964915, 0.03738652273642406, 0.06435992437738675, -0.06135207138309116, 0.004712805749211021, -0.03328562850670294], "pose": [-1.5687229318464673, -0.09465406456020663, 0.09465406456020664, -0.15075322235547925, 0.0046509425105620145, 0.023513712145060775, -0.4795430660265218, 0.019356831861688482, -0.0112482096207707, 0.14495807341413558, -0.07876413425267006, 0.005143161548331677, 0.30002300103440316, -0.062428976915448214, -0.10290805833626657, 0.7338010035307548, 0.07633081540469878, 0.06861051906429992, 0.0035651277189768437, -0.024350197491853062, 0.029341322993397957, -0.10576182018960412, 0.1151961356375051, -0.002743577667254662, -0.09943612735502615, -0.1670499233413971, 0.24309791959376076, 0.07507940691635213, -0.08256612619351975, -0.015484473694001563, -0.3167094936533461, 0.21705077630765546, 0.12153972478663055, -0.09968836842589782, 0.14225239566370979, -0.37351660414000887, 0.0037832282767556805, -0.15945630444534117, 0.0774303848675091, 0.022493285683404075, 0.02366429689036583, -0.26871484298973175, -0.06343939175881229, -0.02446739385598641, 0.23903507014483072, 0.3302337499198146, -0.19435289587072738, 0.016690249567797005, 0.0774451958001476, -0.5111243994748202, -0.8867352570505702, 0.2979517252922716, 0.3610868919323772, 0.8802567954842748, 0.31495297695266905, -1.6436728660773043, 0.5299379856721431, 0.5267490235599157, 1.610557576752039, -0.29918952662428167, -0.3097486632604045, -0.0773130181581019, 0.018808294040631363, -0.05346545352391341, 0.0191478732442783, 0.02019348403193548, -0.004640816814826311, -0.02749607670378176, -0.14639628542786437, -0.05763057706727471, 0.0973551287783703, 0.15116524133204218], "trans": [-10.71562248243251, -1.7893323205796323, -0.768618534602085]}