{"betas": [1.7511515842605234, 0.3670231778082652, 0.03978433168027672, 0.004913282851196045, 0.02958606384598556, 0.001461046037256542, 0.028411238985692, 0.012589726574853976, -0.014340388809218167, -0.004234100351574732], "pose": [-1.4390373190528436, 0.7457156625168452, -0.7457156625168452, -0.09078708553130227, -0.0010567820865298276, 0.060912297434340894, -0.16011570540047232, -0.08143085180179274, -0.125084447595889, 0.2005575448679225, 0.0044005188594316135, -0.02081237669284545, 0.7347923643294201, -0.1121129141402524, -0.13046398330757766, 0.2776321227482764, 0.00808637847301244, 0.07570745484799608, 0.028198249703522235, -0.018025667655902012, 0.030893437128684836, -0.07103024285173622, 0.03773858467481054, -0.037385305341182354, -0.09689066463197926, -0.15734749432123743, 0.2053677506222723, 0.027433402309803342, -0.09740048372917179, -0.024650385924386432, -0.3459464638014014, 0.29302469010417814, 0.126306859670761, -0.14450643090091186, 0.11950261150231047, -0.3395712260199, -0.21969907003583897, -0.4079523479358431, 0.05990928661383827, 0.04079798710018725, -0.10172384623063012, -0.3520489672820563, 0.019822202544202833, 0.11779168534025727, 0.3733605707809178, 0.28658290784133467, -0.4509643404355678, -0.05387060010333354, 0.2545948970599283, -0.4849227636456417, -0.6828599251993228, 0.33896006353092095, 0.1354610118975532, 0.8413431802940988, 0.37491088545068313, -1.6847132684003627, 0.4894935379581805, 0.16547301956621618, 0.6180699495024498, -0.10796030162487497, -0.08442896429181453, -0.11121122168809276, 0.2557817187798156, 0.04465743245441928, 0.13333093126134582, -0.1629542134126366, -0.04624123762285456, -0.06524502144810744, -0.17302247797091055, -0.09014296343784252, 0.14117385380171774, 0.20225432023156795], "trans": [-25.538526120665722, 12.959064622925862, -0.6619783339030533]}