{"betas": [-0.10716845975804463, 0.03555393559239171, -0.022909588301634677, -0.0022321960585287635, -0.011360188238027402, 0.007048778770267401, 0.0026244476494828445, 0.001119221678184007, 0.011361241992361597, -0.011308692156923365], "dual": [-0.005169109172936323, -0.0035661686957790054, -0.003884834195746898, -0.005377573743293878, -0.001612251501379055, -0.0002679983540669192, 0.00120042373034182, 0.0003533234956288739, 0.0001969889304424717, 0.000565739700103535], "pose": [-1.2833813345190566, 1.0856120549997172, -1.0856120549997175, -0.5366559850193084, -0.04586675911706843, 0.11886700869581632, -0.4658987038102368, -0.02042969059478011, -0.1056428675842712, 0.40671237189247234, 0.01923416185552719, -0.005890695936939046, 0.7893493362365664, 0.013051359444471581, -0.1618757593792242, 0.8996768848047061, -0.017044115908487572, 0.09055923323224031, -0.0070278243638613475, 0.001226478457432469, 0.008759083829714638, -0.07862127911988664, 0.0575858305240764, -0.017389780989896044, -0.1862344267761491, -0.1645591624009009, 0.15761404339504326, 0.029019605401943375, -0.019770320650575865, 0.0014844707596104085, -0.30238933240146376, 0.29013274671823747, 0.16108733605318803, -0.1414052124662241, 0.10568939404521775, -0.30225887417263375, -0.17370293726062566, 0.10801103162715807, 0.03740960028249399, 0.00434867673896041, -0.09733363381173907, -0.3715511433911665, -0.044664299485657, 0.1861825658368904, 0.3381167161485864, 0.1570866398076643, -0.019726017395318856, -0.047419120380558996, 0.07509550770439313, -0.32031087275836345, -0.8600453604321465, 0.15959393851956297, 0.3578527676158959, 0.8472770276503265, 0.21296088925872136, -1.4772274300015145, 0.5093482854842357, 0.02089790656657384, 1.542514224565552, -0.5675896930702233, -0.05781173845655464, -0.06782200661130494, 0.24823905007542613, 0.028092561462407704, 0.13180266339352262, -0.2369102405019642, -0.16088449962343943, -0.07350677589903915, -0.23097436165113996, -0.12391192386652584, 0.13850314440691985, 0.2477931392694962], "trans": [-52.108805035317985, 6.9860255983511435, -0.9373716855443549]}