{"betas": [1.0007394031128156, 0.13998077818863408, 0.20322321153559939, 0.06919845010960525, -0.06355964225067326, 0.0988583210768853, 0.031004152589175965, -0.07600298470585287, 0.01954775199647453, -0.05391534064665776], "pose": [-0.06080949116966278, -2.2665516234604506, 2.116551623460451, 0.08377842549217278, 0.010449495565337075, 0.0006456569508982782, -0.5169549275710825, 0.004246550355129459, -0.011898988325638106, 0.3386025740441919, -0.07066306812921329, 0.021179009077870806, 0.21481209025402032, -0.12680844110899941, -0.11789809950648544, 0.3653576419277489, 0.029376043191287195, 0.0982683267601878, 0.021456199581664122, 0.020980790838344032, 0.013164772783469541, -0.06122084865502464, 0.054215949444547384, -0.02913168222380399, -0.037022928687963905, -0.16837951183951697, 0.21984249996639096, 0.05344284330502713, -0.04847283733904803, -0.002227783315856806, -0.31323000019109026, 0.2357087074043881, 0.11288276921391309, -0.10777446220526714, 0.14285254810938797, -0.3525467004229979, -0.06831780162886164, -0.033716455100234105, 0.06539825259868398, 0.0674821712482862, -0.01676763095718236, -0.41690203190009706, -0.01908801889856551, 0.11689868182497162, 0.3861094498998286, 0.2265234697808045, -0.1271538994499865, -0.01533703983272702, 0.1613097821472717, -0.3334834038871633, -1.014449413019113, 0.2622827650172784, 0.3013316582682053, 0.9487230496561992, 0.29045514248776905, -1.2253558570370102, 0.33096945236981523, 0.12064189878117418, 1.2389197387424464, -0.34629583317583984, -0.09172710266168844, -0.06333748180971854, 0.18868148586774983, 0.04618098198958952, 0.09518086034067953, -0.17164347679897787, -0.14403680321007456, -0.07727984386820512, -0.19664940965875857, -0.11177086936888313, 0.1405076254737674, 0.22229855430277518], "trans": [-11.197581560946753, 7.9200320068008665, -0.5316149934690446]}