{"betas": [1.7511515842605234, 0.3670231778082652, 0.03978433168027672, 0.004913282851196045, 0.02958606384598556, 0.001461046037256542, 0.028411238985692, 0.012589726574853976, -0.014340388809218167, -0.004234100351574732], "pose": [-1.3897989180081414, 0.869779698190707, -0.869779698190707, -0.556727629166198, 0.018222262304243595, 0.08354957136911492, -0.11897249664467628, -0.01170481326454785, -0.02441098566181981, 0.34396774650628, 0.016997418398818857, -0.003347634196422521, 0.6487147206460325, 0.05957748273415082, -0.09536069745039025, 0.45946535874676087, 0.18737196182114355, 0.13173668620752388, -0.012126749250221225, -0.016070497542018024, 0.022657350854181354, -0.04065024788402731, 0.08252394964760718, -0.049518038739220574, -0.13230858432759887, -0.16646081490416, 0.19077536873492176, 0.024485376951709766, -0.02117788946502995, 0.013558389449981839, -0.2594536975795892, 0.23158548289180445, 0.14854316459666006, -0.10192708182814457, 0.14864185653442744, -0.31045138325248817, -0.18616322811269084, 0.10428999539685523, 0.03439170662515075, -0.01883762136148639, -0.1509409297543219, -0.33049607236569756, -0.02974143294054765, 0.2080135462678739, 0.3576017953811687, 0.15240035197283866, -0.043489344015277, -0.011493430229033761, 0.06157607949510738, -0.39147674239448865, -0.7410587740405071, 0.17234530580633928, 0.30276359936121844, 0.7863402850432151, 0.18963263688801685, -1.3138556942000876, 0.40741859722994517, 0.033163577971465553, 1.064048936637893, -0.3201501002724596, -0.03570039023029652, -0.09030899350204577, 0.20534497378188724, 0.025138559362089787, 0.0886660828266877, -0.13806746304493905, -0.1139705971946613, -0.0581787542611464, -0.18404463065893975, -0.10351576579574968, 0.1172849587351634, 0.19461864957957917], "trans": [-27.801295460838908, 11.703233293023526, -0.5595713230723067]}