{"betas": [-0.459125293958982, 0.2836700625543276, -0.2828307762064238, 0.06170009900103966, 0.04114696315793381, 0.017447099752977802, -0.018216663065381097, 0.013285817624318214, 0.01584973647464493, -0.019639755817989615], "pose": [-1.6487202258058156, -0.2197157890662295, 0.2197157890662295, -0.0661572161622892, 0.012679527813584827, 0.05945224614160612, -0.14543888685232528, -0.005740993246714447, -0.025733849302930753, 0.26267463699457233, 0.004171090847071937, -0.016872225014654397, 0.12557291707639953, -0.004513011504499859, -0.1527057743767898, 1.1612906295925953, 0.0013077427177948034, 0.011050774097171291, -0.025927431732993684, -0.03151419585140667, 0.04200816841707105, -0.10106806116563109, 0.140889411229612, -0.08046304578481629, 0.21756320589283254, -0.151624451222504, 0.21441437997490712, 0.031846928350794466, -0.044423996105691844, 0.003893918598472562, -0.22872311707073442, 0.17889055325256134, 0.26530131032067344, -0.1440315799273487, 0.09830853023618602, -0.34073936218530354, -0.06160885394206638, 0.06601377444960056, 0.06853413863698704, 0.04914424159629515, 0.010071774851954691, -0.40339466710965644, -0.041022753260442385, 0.04856427266955189, 0.3829495513494686, 0.1210854451697488, -0.08302301454704054, -0.033004939453034794, 0.13382901388079196, -0.14955022080806799, -0.9914415176228086, 0.09186518473468223, 0.34104337683499514, 0.7374512073469814, 0.23415270753528095, -0.223182043608865, -0.04091113642185506, 0.28661280021161445, 2.179523122612234, -0.3440411534457892, 0.009245559968725892, -0.029325359729209632, 0.04369901623327232, -0.03231147403439411, 0.06951891625230291, -0.048375205154484256, -0.2855772839252348, -0.0633456165235576, -0.25156406761233435, -0.16749138506397135, 0.11469921819055846, 0.2352719167967193], "trans": [-10.848431415398423, 2.7471515700326505, -0.6128274587141063]}