{"betas": [1.7511515842605234, 0.3670231778082652, 0.03978433168027672, 0.004913282851196045, 0.02958606384598556, 0.001461046037256542, 0.028411238985692, 0.012589726574853976, -0.014340388809218167, -0.004234100351574732], "pose": [-1.4278698183562892, 0.7758802752958135, -0.7758802752958135, 0.23570274256906773, 0.0423327340336857, 0.07946801423923877, -0.5552166929589794, -0.007552938806945512, -0.14480758195060317, 0.2005575448679225, 0.0044005188594316135, -0.02081237669284545, 0.2990245486818519, -0.16289223086796223, -0.10121409916080455, 0.2787956025127323, 0.043231581229652025, 0.10839049417251309, 0.028198249703522235, -0.018025667655902012, 0.030893437128684836, -0.0857856699234518, 0.09063416104408033, -0.10231705903603867, -0.05337492937244595, -0.1998961978180247, 0.2769692506450242, 0.027433402309803342, -0.09740048372917179, -0.024650385924386432, -0.2769693361347248, 0.22609818795812797, 0.16641855532273844, -0.09236845230946514, 0.17447688654509613, -0.40985230158789027, -0.11969907003583899, 0.4170476520641571, 0.13490928661383828, 0.0002206003612564605, -0.19885532280897492, -0.24440970571077528, -0.010944113152292137, 0.2005637712675833, 0.24471133011469962, 0.13658290784133467, 0.09903565956443233, -0.02887060010333354, 0.2545948970599283, -0.4849227636456417, -0.6828599251993228, 0.33896006353092095, 0.1354610118975532, 0.8413431802940988, 0.3243009899682827, -1.4751148645057932, 0.31071435643319606, 0.16547301956621618, 0.6180699495024498, -0.10796030162487497, 0.0045524939267292805, -0.17011844142650007, 0.22554122549697214, 0.10328705356420151, 0.14476720360024914, -0.10906702224090312, -0.0635920133536124, -0.04659351981003428, -0.13233982704305133, -0.0823331752621804, 0.11807631105309796, 0.14479469458346036], "trans": [-23.114987058031343, 14.381329369892207, -0.6660671134602855]}