{"betas": [1.7511515842605234, 0.3670231778082652, 0.03978433168027672, 0.004913282851196045, 0.02958606384598556, 0.001461046037256542, 0.028411238985692, 0.012589726574853976, -0.014340388809218167, -0.004234100351574732], "pose": [-1.4448882519542683, 0.7293612024755666, -0.7293612024755666, -0.5437458677368364, 0.11388475237266543, 0.09523805824554787, 0.036771905695405255, -0.10704091023739645, -0.050089105769646446, 0.2005575448679225, 0.0044005188594316135, -0.02081237669284545, 1.0592089682665953, -0.046448913649878014, -0.18256019244318603, 0.1317139168951045, 0.011131061683396289, 0.053617632588272894, 0.028198249703522235, -0.018025667655902012, 0.030893437128684836, 0.0018491376241223506, 0.049849347466856195, -0.05083558883096356, -0.12971720588563349, -0.12349557837018862, 0.15608537169267353, 0.027433402309803342, -0.09740048372917179, -0.024650385924386432, -0.2851611086967524, 0.27688282530870273, 0.1547145738403824, -0.13118461738197454, 0.1228258650395649, -0.25560813297584145, -0.044699070035839, 0.192047652064157, 0.10990928661383828, 0.0007723761486524122, -0.2286271279106066, -0.3361821007856286, 0.02700837833591062, 0.27124878935780566, 0.4054865912574862, 0.18658290784133466, 0.2240356595644323, -0.02887060010333354, 0.2545948970599283, -0.4849227636456417, -0.6828599251993228, 0.33896006353092095, 0.1354610118975532, 0.8413431802940988, 0.34765609332324354, -1.4565044052811633, 0.37773920850801346, 0.16547301956621618, 0.6180699495024498, -0.10796030162487497, -0.02608118430467332, -0.10025542763085786, 0.2731877532733146, 0.01028707986929508, 0.11333725507207885, -0.1539719682414444, -0.07990562839481902, -0.05710102714206913, -0.16595653699264068, -0.11110915928569406, 0.13027239652255052, 0.1892105326339371], "trans": [-22.785343290195108, 14.74740117487619, -0.7074629915728814]}