{"betas": [0.23095163209771685, 0.04109343311864416, 0.025248775430059576, 0.03225921746385679, -0.011730228160678488, 0.01411489487013554, -0.004068968651146599, 0.0031222508939531494, 0.007432816158778922, -0.011705167054862173], "pose": [-1.106700409535812, -1.3500875972752477, 1.3500875972752477, -0.48553617016881, -0.03715680321832648, 0.11986349543784762, -0.4511954213331744, -0.021985290180611513, -0.10924711074050136, 0.3526314235509777, 0.010576012277594474, -0.0022741571304594134, 0.705317661264507, -0.018379686446093155, -0.15588546267516334, 0.8253624881807439, 0.011579510829812886, 0.08621126439662706, -0.029435556063472954, 0.015487298701949292, 0.009152619009350205, -0.05666465233934462, 0.08291792840294868, -0.047271119888556395, -0.166047381599224, -0.18100835052993636, 0.19358347348222424, 0.03725887217995867, -0.022211937866791813, 0.003949240280591328, -0.2989061544863989, 0.23915261597105142, 0.18692461151051987, -0.1490371756532716, 0.12510482356425257, -0.35013186035102123, -0.21167745041824476, 0.1666474563771697, 0.029435619149987713, 0.030998647700808193, 0.025441941899448223, -0.4062657739234199, -0.007977920078469234, 0.06892146103628352, 0.3950363908180724, 0.12451423137226494, 0.04983320308068582, -0.0601047608112925, 0.12179082452401521, -0.21464279441382847, -0.8666260360961459, 0.22032939520082984, 0.25595327547548996, 0.8572345463559656, 0.24571294738022598, -1.2556632679554907, 0.36937788414642136, 0.04627904576517407, 1.2292702865609346, -0.37070176473387395, -0.03487224798150329, -0.05846119006078013, 0.18664480575433368, 0.01573342461945218, 0.10390696652504622, -0.15314006055869456, -0.19327236001860146, -0.07625374953991403, -0.2258988420137543, -0.13270918930011966, 0.12320972344245841, 0.23772798685665864], "trans": [-64.77807616984366, 3.8374717191814716, -1.244593186478908]}