{"betas": [-0.459125293958982, 0.2836700625543276, -0.2828307762064238, 0.06170009900103966, 0.04114696315793381, 0.017447099752977802, -0.018216663065381097, 0.013285817624318214, 0.01584973647464493, -0.019639755817989615], "pose": [-1.2356244497002327, -1.125563490996151, 1.1255634909961512, 0.13075477818174785, -0.005015261989819188, 0.005062336652868184, -0.510502218351686, 0.014351604690906246, 0.0024170980265890638, 0.22402945571065522, 0.008645968496706293, -0.005488863118593044, 0.21450451839199008, 0.0006410686554005895, 0.00031812486308737536, 0.3136013858616201, 0.012517069640904446, 0.004482086807748205, -0.02838641507316728, -0.022680305174588234, 0.023858817614464015, -0.08248227485638035, 0.08398226215604071, -0.04702344051624629, -0.15173587166764851, -0.17005069833327036, 0.18298345392837362, 0.0242229962917828, -0.028768237761445135, 0.005817839748466881, -0.2443843902569515, 0.22349384038214895, 0.170203870403309, -0.10969130253128709, 0.12657222658926032, -0.32604427338530284, -0.19196210885174256, 0.0805931202649607, 0.058165920815148264, 0.0025698986984588586, -0.09706079143738393, -0.37231011510302725, -0.07725363866218551, 0.1710397897740159, 0.3413053608667872, 0.1459175115803531, -0.06308876470975068, -0.03166320313351795, -0.07146852376394151, -0.5413502347209614, -0.5746179003281622, 0.15553034510153713, 0.3926388773741477, 0.7516244540760151, 0.11637158483471469, -1.4807403120547507, 0.4603836450556577, 0.03513199629079689, 1.583268071338421, -0.5318618607134896, 0.009650661957329013, -0.050421922836974865, 0.16723334332454806, 0.0016010310228568153, 0.11368033421788903, -0.18183176070607687, -0.22955425206181482, -0.07729481541282597, -0.2467679703157576, -0.13025094624589395, 0.13541989467616553, 0.2515921388060236], "trans": [-20.937095278082726, 12.279465525089945, -0.466631939588267]}