{"betas": [-0.04531959800123942, 0.25816046623113975, -0.10443940742347267, -0.07597029208210594, 0.013911735992459227, 0.013954990810594958, 0.00840059268463032, 0.018210526354907698, -0.01144635948893292, 0.002226290135924623], "pose": [-1.5689570697437494, 0.0891514923568259, -0.0891514923568259, -0.5138663863657131, -0.0700556976076851, 0.042237689768042555, 0.10421205348796246, -0.08719029350825586, -0.0269694151874801, 0.4544134734240984, -0.017321140740874267, 0.016060685215946096, 0.15214528696225305, 0.0481376249682371, -0.15008975772298014, 0.47768245553882865, 0.15267649146908183, 0.05535235207514374, -0.009058446458692974, 0.005788168697152948, 0.007195449276864481, -0.06347000301416225, 0.07685634814622865, -0.05754602314498005, -0.10402400129417756, -0.1842487521036006, 0.2030325169778205, 0.031048082759198507, -0.030636626714355637, 0.009672500749208335, -0.2677174407742986, 0.22500101568017553, 0.16320097105212605, -0.09566087819211105, 0.12659318993642524, -0.34236705930785355, -0.14830420615257933, 0.08218270633614624, 0.026738306047683257, 0.04118823219952801, -0.09819749745105472, -0.4215355182390968, -0.004197070447945172, 0.18274564851546368, 0.3890426436265073, 0.15606352571154228, -0.034155255285307856, -0.021121100868786415, 0.11252956744796713, -0.26207030996958525, -0.8487805208872085, 0.15548357601174476, 0.2871364249990389, 0.7983952992301312, 0.23548569855609675, -1.0106636494468462, 0.26206392894593833, 0.011547933172104388, 1.033460427259833, -0.30253570739086355, 0.050594878955134405, -0.05567437482956889, 0.175552564300954, 0.08807763129323903, 0.09097126696218419, -0.1670451359766235, -0.22402543672735292, -0.08203461034636582, -0.2189278658460359, -0.15155550665136042, 0.13551952623390948, 0.2358906818973082], "trans": [-28.506889816093086, 9.418839487206458, -0.567727846326008]}