{"betas": [-0.10716845975804463, 0.03555393559239171, -0.022909588301634677, -0.0022321960585287635, -0.011360188238027402, 0.007048778770267401, 0.0026244476494828445, 0.001119221678184007, 0.011361241992361597, -0.011308692156923365], "pose": [-1.2609471291888312, 1.1248146056835289, -1.1248146056835289, -0.5291672903252563, -0.04383741919890676, 0.11837704102141756, -0.4966019126944119, -0.012109964819476507, -0.10541175991248278, 0.4124486463145712, 0.01128029101484634, -0.005585118358711137, 0.7870190862685976, 0.015467541075263932, -0.15894105133602918, 0.906045370943317, -0.030400439493278898, 0.09035021064518599, -0.005927023676515593, 0.00014217914323703216, 0.01071344607649775, -0.08337876570697475, 0.04948854318670752, -0.011151006354868598, -0.18225790789942195, -0.15305335634847142, 0.15745656933312854, 0.02507947636361382, -0.025023682389534903, 0.002589826091907721, -0.30633886169014696, 0.29614609012067067, 0.15458794819069216, -0.14133915919556356, 0.09690055557147677, -0.30166806380020716, -0.1885198480515214, 0.09826785683147791, 0.03648563220517833, 0.013961042466242735, -0.10661516622068645, -0.38968122001613165, -0.037116858136980325, 0.18927275996000584, 0.35759179088145804, 0.14829331613728547, -0.03118656950779989, -0.0441143217743172, 0.09007930355400384, -0.34223033399567554, -0.9057244784336772, 0.18544596357978158, 0.35883106683392046, 0.8980798890911813, 0.2391104039175533, -1.5162359620521086, 0.5259032588388715, 0.04804188121576947, 1.5744998175916944, -0.5806678280413189, -0.06269211944636505, -0.0669734631813301, 0.2550997834622668, 0.030103732664868287, 0.1344511924283619, -0.2420477498963612, -0.1553508006197303, -0.07649253772968911, -0.23277104897861264, -0.1258310762397769, 0.14359515532016262, 0.25167684981806404], "trans": [-56.914500438938205, 6.229733181482378, -0.9368266649457854]}