{"betas": [-0.04531959800123942, 0.25816046623113975, -0.10443940742347267, -0.07597029208210594, 0.013911735992459227, 0.013954990810594958, 0.00840059268463032, 0.018210526354907698, -0.01144635948893292, 0.002226290135924623], "pose": [-1.5705457165300227, -0.032913110330522306, 0.032913110330522306, 0.18675191460301527, 0.07737080562583185, 0.06725370067976699, -0.6321445256909435, -0.0035946485653052984, -0.06588297004506558, 0.3896385682796223, 0.04064607348360421, -0.023695418329537924, 0.6805715972564516, -0.16949372393044404, -0.11597791144888962, 0.49744976967029564, -0.10423337784054862, 0.11890094778100399, -0.007876293295289279, -0.023399978471057268, 0.02230161962105554, -0.059007383859928035, 0.11314365224473355, -0.07647319862583797, -0.18990946487107363, -0.161173792841613, 0.17398313611633118, 0.030690455669576993, -0.023297143786726364, 0.0052484131678571175, -0.24242492925494494, 0.22777818570688257, 0.23249787937732536, -0.14467798574606364, 0.10680572812777701, -0.26739033784280936, -0.1443029461372768, 0.14048591644742342, 0.037269307570352336, 0.005407828781816279, -0.10767373178736336, -0.3744766313114212, -0.013574110852710158, 0.161662193567612, 0.38775232434938056, 0.16631665981111746, -0.025366949130545893, -0.026622900933484614, 0.04324497311365439, -0.28737897941134016, -0.7032166613386815, 0.14288819035189515, 0.2791500487710302, 0.7540820822628681, 0.1339141733285064, -0.9452403096102572, 0.26325013562033306, -0.04494669381615165, 0.8753882412863856, -0.2630722601565256, 0.016603438609901284, -0.030963762637169292, 0.1362352757374979, 0.006324957753633552, 0.05049461966526482, -0.0849825563126446, -0.20149822790440408, -0.053602111182272136, -0.20156445745802445, -0.14415082096096304, 0.10919025110897146, 0.20134448080589112], "trans": [-28.782258151010762, 7.481376460493212, -0.5946303004645006]}