{"betas": [-0.04531959800123942, 0.25816046623113975, -0.10443940742347267, -0.07597029208210594, 0.013911735992459227, 0.013954990810594958, 0.00840059268463032, 0.018210526354907698, -0.01144635948893292, 0.002226290135924623], "pose": [-1.5700297117957733, -0.057562279827901706, 0.057562279827901706, -0.4018865868822058, 0.0013019943650094282, 0.14239530487404112, 0.1400921025196164, -0.060001359691665805, -0.044033679856558754, 0.35534920385672014, 0.032886319336627695, -0.005531569876076586, 0.11560808365476988, -0.01271092312219806, -0.1492109391288976, 0.7628321911417939, 0.034189177385774434, 0.09197362298030425, 0.02043952955280563, -0.011566000440211662, 0.011925352228923634, -0.04042434839617383, 0.12039487244644485, -0.07155561809482829, -0.1544527727679719, -0.2022256079033625, 0.15698710936223734, 0.04344876848130307, -0.017718664062777792, -0.0003322251638134369, -0.24798249273427633, 0.21725572078775784, 0.19904059645446256, -0.11550600590947896, 0.13547542083091127, -0.2609859607959347, -0.07027492920542455, 0.11707412363206456, 0.05294815387505985, 0.03453576612176028, -0.07372542079562973, -0.4097875173732212, -0.009271692510700695, 0.16549533990636903, 0.3902069309709321, 0.21429166186237736, -0.01359915683881055, -0.04172824170149829, 0.10961681295389449, -0.20409322955014025, -0.7517501876051279, 0.17275079454959866, 0.28757596106508715, 0.7400101179850339, 0.24550587366061474, -0.9007622755551685, 0.17284841847008264, 0.06341856023049211, 0.9721891976539532, -0.21693233791820046, 0.08599571444994747, -0.05791632594188326, 0.1281001152309099, 0.0718399817362288, 0.08561006453991492, -0.11768722909102046, -0.2475560349597755, -0.062334717707464286, -0.20402232967171066, -0.14345802627949292, 0.1158627227993774, 0.20946656433185298], "trans": [-27.916330126233, -3.984152960124765, -0.8022910994504923]}