{"betas": [1.7511515842605234, 0.3670231778082652, 0.03978433168027672, 0.004913282851196045, 0.02958606384598556, 0.001461046037256542, 0.028411238985692, 0.012589726574853976, -0.014340388809218167, -0.004234100351574732], "pose": [-1.579091891531725, -0.1829884798479166, 0.18298847984791664, -0.11897249664467628, 0.01170481326454785, 0.04941098566181981, -0.556727629166198, -0.018222262304243595, -0.08354957136911492, 0.2933528088250603, -0.06242894414123414, 0.021091049718048836, 0.559465358746761, -0.18737196182114355, -0.1067366862075239, 0.6487147206460325, -0.05957748273415082, 0.09536069745039025, -0.02664945553219716, 0.017471971248895202, 0.018660048264038755, -0.07937184316108246, 0.08052782800949396, -0.055017642616709855, -0.04816148006109943, -0.22212767901878108, 0.2732267809217212, 0.032088092802583006, -0.04430471287897378, 0.013869803916182373, -0.2904683362501763, 0.22931053905726728, 0.1071835965503792, -0.09702208944230323, 0.19421176972193216, -0.4077741650848681, -0.14131369408002578, 0.10823467523001609, 0.03759981967158742, -0.04731984820342006, -0.028980723752279624, -0.2641905479277409, -0.05391181466566258, 0.04966430258604641, 0.3174508127310985, 0.1993234001602493, 0.010371012048152406, -0.02260538201872253, 0.12567046246869396, -0.42041619367776845, -0.7087138451331142, 0.27511241712866175, 0.42334739991172443, 0.8067205140147645, 0.2988000541394352, -1.4221326234210727, 0.31537818275919244, 0.31538216072056374, 1.1737007900691403, -0.13003520931444168, -0.10678560967049924, -0.09808922723100147, 0.21627957988081, -0.0030112412391062326, 0.0789841058165893, -0.12188058530188486, -0.0341941976234285, -0.06590126006020809, -0.17171451131059162, -0.05708678293645932, 0.11251013577191475, 0.19614290431377082], "trans": [-27.986931597868548, -0.022080307573658864, -0.9572691716784177]}