{"betas": [0.19173745763710806, 0.20679507266967936, 0.025545764337162807, -0.024244743693028488, 0.0007202369641003663, 0.013236882350636182, 0.021343764601424748, 0.007373052342460504, -0.01918535564321634, -0.005662447391478864], "pose": [-1.5174003156628841, 0.6035380282836528, -0.6135380282836528, -0.5143439666963191, -0.01261100752509142, -0.049112882783074886, 0.041435489533495885, -0.017558305618924516, -0.009447513471199216, 0.19065393410476256, 0.05651307891880376, -0.048713357419574645, 0.18262047404572299, -0.08614866951631547, -0.13887519897287956, 0.7444718264777553, 0.03918357716468501, 0.08170017508950274, -0.07331266323707093, -0.06460069961173329, 0.0342658050925493, 0.03246589956899145, 0.1498029187337234, -0.10503566112731329, -0.18393556967465946, -0.1631861626440719, 0.21180471885948599, 0.0418265542991543, -0.04255273391572432, 0.0024372572102364016, -0.22251680348548633, 0.15075498469953796, 0.24799600535402377, -0.13649470309789338, 0.13808824655206536, -0.3354943693465088, -0.24440930960532856, 0.16754531521253735, 0.03203461921094632, -0.02171332277067936, 0.08274907735982687, -0.31384188210576835, -0.05954128535064418, -0.1045746461560326, 0.35175916003182295, 0.11242100899885364, 0.024529834624387046, -0.022445191329720532, -0.008512968202836292, -0.20234278396810826, -0.655011692241285, 0.15900949435244985, 0.1189778965660586, 0.7319117583225833, -0.0006768988467187486, -0.9597713273144648, 0.3169708948610522, -0.16160640137649213, 0.9195351411435334, -0.3608546707425766, -0.11723966364047844, -0.0651681801110986, 0.07426956146735161, -0.15455251310714557, 0.07672138178147007, -0.005590888019524745, -0.15908535435860596, -0.049004530957660844, -0.21313521897657678, -0.09080285670756147, 0.086038189575154, 0.2048747028103122], "trans": [-23.195073827732983, 15.258126706410263, -0.5189148487661266]}