{"betas": [-0.04531959800123942, 0.25816046623113975, -0.10443940742347267, -0.07597029208210594, 0.013911735992459227, 0.013954990810594958, 0.00840059268463032, 0.018210526354907698, -0.01144635948893292, 0.002226290135924623], "pose": [-1.5679646441506307, -0.11060910914486147, 0.11060910914486147, -0.5747348328050983, 0.02057269551757464, 0.07651860277386804, 0.0662565329403791, -0.011048754136994427, -0.043003322020349004, 0.4065889355109733, -0.02273462763174477, 0.006337791937614547, 0.4583938242430253, -0.0034696510767094125, -0.0994215462835157, 0.09670353688825714, 0.05052302869516157, 0.11898975951745844, -0.026770777792802045, -0.006602629763210914, 0.014037100033754406, -0.05262562466994944, 0.10784231502683161, -0.07664723390575552, -0.10296361433533686, -0.19983216719164784, 0.22782238282297257, 0.04699822978514433, -0.0460593790477226, 0.006627094422107614, -0.2691752564197319, 0.19173890755373785, 0.18507312005435392, -0.1101528084430096, 0.13159605637746113, -0.3684155885829566, -0.12740941385211701, 0.06720100045823584, 0.027556748396127206, 0.042690911904163784, 0.005268939740643515, -0.3881756804127406, -0.009067843404189741, 0.03879389714142886, 0.3674116467680721, 0.15708385623432036, -0.027243654735043917, -0.00835199496982239, 0.06495920816609975, -0.20668292328093515, -0.7735010042280727, 0.14444021109285848, 0.15639821703381543, 0.7392396313461164, 0.17285184699142284, -0.9282469776561548, 0.24425216337587366, -0.059213873843571116, 0.9226424196352533, -0.2874134902468474, 0.023290918171616246, -0.05125944128039686, 0.12554312770404333, 0.049075458782966916, 0.07411234354615184, -0.10236248330149383, -0.21644686290759493, -0.07399340205112247, -0.21256170056538184, -0.1371729637222601, 0.12083343907794503, 0.22324323456301234], "trans": [-28.031940764559035, -2.7804224703242255, -0.8225394418417041]}