{"betas": [1.8964894903024812, 0.31493576625010133, -0.1035326407414528, -0.4364464500446508, -0.04973432451903863, 0.09833628269918979, 0.014303769774192097, -0.026993742994641887, 0.07112343154180402, -0.03308173982274214], "pose": [-0.09149465184333502, -2.178513181411138, 2.178513181411138, -0.12436709183465766, -0.14786678340576195, 0.0331455902378744, -0.12036148509607192, -0.1873662668944078, -0.10176605310307213, 0.14265101390806986, -0.0799600905621833, -0.03739501179531863, 0.17041850261849173, 0.0016395830730076347, -0.10998873020024003, 1.0058503624262194, -0.056809466449758365, 0.10756183931775251, 0.028111979873933872, -0.014368234566669622, 0.013687481963378476, -0.08014072188933576, 0.18436483938101422, -0.014222957025669308, 0.293521627288115, -0.15076372332905508, 0.13570369388769815, 0.07384551611219943, -0.13567891373300803, 0.0015631809940398235, -0.1887648845316737, 0.17094089316539238, 0.14793816175899724, -0.08116095026610395, 0.19310633350708567, -0.2010560857924964, -0.3966184260615718, -0.5112502052025297, 0.05479757802282894, 0.051657530785024816, -0.33890458393082035, -0.37406243284197227, -0.04395290184831032, 0.2052774091477643, 0.4607990080971023, 0.36375919045520344, -0.0012511680142957907, 0.0007163117001225448, 0.20525466191280523, 0.07155414207641311, -0.9108907556471689, 0.35999094569791806, 0.2668928614836416, 0.905235694563054, 0.47732984092118413, -0.9817120741515768, 0.026359019832854706, 0.3465704130945151, 0.9782310509869233, -0.1112991704253715, 0.18761371593816709, -0.1052178549756539, 0.055163771763075485, 0.046934205847740815, 0.10005276033096856, 0.01993525418729156, -0.23907193049821754, -0.04640835176130314, -0.1734767173111269, -0.10327515455183775, 0.12066718643824938, 0.15726042689129108], "trans": [-12.159691948684946, 10.588478304302965, -0.4533199949015916]}