{"betas": [0.19173745763710806, 0.20679507266967936, 0.025545764337162807, -0.024244743693028488, 0.0007202369641003663, 0.013236882350636182, 0.021343764601424748, 0.007373052342460504, -0.01918535564321634, -0.005662447391478864], "pose": [-1.5656695054047145, 0.14880000751654232, -0.14880000751654232, -0.6370571561981057, 0.0070686554212820146, -0.05370811779621663, 0.11570504281545016, 0.15714530173037533, 0.06766741382312254, 0.38871030306153365, 0.04497398271207238, -0.003171094209842058, 0.2081326783451169, -0.06676501934924847, -0.02449471976264972, 0.09595210438118193, -0.13318746359349004, -0.05039408465775554, -0.032435239509719535, 0.006968425541193152, -0.0057329908660942825, -0.07466283644914615, 0.05048715010157958, -0.10126206409986484, -0.20384427297952248, -0.13225274923381197, 0.20728146322603833, -0.004266322716887287, 0.009665420844988675, 0.00893151616654499, -0.2513743443069307, 0.28379587128207723, 0.2622436968575152, -0.1262188394369763, 0.07034184311274799, -0.3309391643252864, -0.2629335820348935, 0.09584536704146308, 0.023099880322360357, -0.09379090541392039, -0.15395508637115612, -0.2277396413007176, -0.11181374277754337, 0.2742025891203416, 0.1853541292786365, 0.07874409264409281, -0.05973483974460266, -0.023968870905031452, 0.8924103452026333, -0.8677355794074985, -0.8400875107368144, 1.0667659258307103, 0.5330812224065294, 0.8086599191511734, -0.07122742098104903, -1.2473120381067742, 0.4111469542500608, -0.29319877950892, 1.2751568908206612, -0.3609942782813395, -0.21060191444405055, -0.09064475255789803, 0.28254352449021675, -0.0615780588602161, 0.12568696895950715, -0.2527772305172732, -0.07691126318305265, -0.04719690228500988, -0.2172908938694032, -0.1077911677367095, 0.11487480396563945, 0.21971617127156737], "trans": [-30.098997281079317, 9.89959835463297, -0.5442545922636214]}