{"betas": [-0.10716845975804463, 0.03555393559239171, -0.022909588301634677, -0.0022321960585287635, -0.011360188238027402, 0.007048778770267401, 0.0026244476494828445, 0.001119221678184007, 0.011361241992361597, -0.011308692156923365], "dual": [0.0028278555051930443, -0.0026486476458301364, -0.0008404585264263874, -0.0022974710497287586, -0.00048350012306439503, -8.350329476838891e-08, 0.000566650086124392, 0.00013711892813687886, -4.2712989647331404e-05, 0.0004949758229529783], "pose": [-1.2836021232325059, 1.0852174430397405, -1.0852174430397408, -0.5306455257210126, -0.0412314179592844, 0.14166556307192205, -0.5008726142388268, -0.011235893085192027, -0.1295706818150968, 0.4013188045243411, 0.010134372617314298, -0.005017899506398185, 0.7829090985996161, -0.0017061070831905277, -0.1574171783979453, 0.8912278494143762, -0.0020240496522584226, 0.08611390567789715, -0.009398620570474223, -0.0012316827138676564, 0.012378501437118538, -0.09283933534978868, 0.053204891353016176, -0.025092155078431655, -0.1816876864271825, -0.15182759524940634, 0.17464404753863916, 0.02303357363053543, -0.02429704757668047, 0.0041897968674813775, -0.29997733405454285, 0.2934920438334276, 0.17079409932637907, -0.14357704338694496, 0.09721324044535223, -0.3159968152782775, -0.19107337644027553, 0.09906683669435842, 0.03747192035123497, -0.0029806213961540494, -0.10850535678751032, -0.3543848029793457, -0.05090198361326517, 0.18644198430438663, 0.3258221211440019, 0.1423681571675647, -0.03212980778070999, -0.04089947277704695, 0.056870569292680084, -0.35257070631017284, -0.8493706487811861, 0.15084473720098887, 0.36117603576302537, 0.8443175043868669, 0.18875003062116782, -1.5323402503578953, 0.5464409690246471, 0.00021584984389284032, 1.5720642912088976, -0.5944947708240289, -0.082387881333883, -0.07039625986857029, 0.2548976626257197, 0.013494749124192018, 0.12985427190134663, -0.2356903161338173, -0.1402580799592958, -0.0709293856123061, -0.23036386547513307, -0.12215782093080745, 0.13838589138768978, 0.24630063959827167], "trans": [-52.36806622125957, 6.989541678666805, -0.9477025935901338]}