{"betas": [-0.459125293958982, 0.2836700625543276, -0.2828307762064238, 0.06170009900103966, 0.04114696315793381, 0.017447099752977802, -0.018216663065381097, 0.013285817624318214, 0.01584973647464493, -0.019639755817989615], "pose": [-1.6470560217489314, -0.17711201126984344, 0.07711201126984345, -0.4211593641422807, -0.01872993482953756, 0.09090863597276505, 0.27848051317254563, -0.01754259037182887, 0.011786303724856173, 0.17927773313330664, 0.07167236803025717, -0.01178057990684944, 0.2545443913228795, -0.02140028980931946, 0.005294334943396942, 0.3725586121758003, 0.018633140515916663, 0.15282796721660352, -0.024547544571743306, -0.03571912897594048, 0.02552293264614386, 0.03626805256649554, 0.12671271827136604, -0.0701433943741341, -0.27402077497959954, 0.050797361529178214, 0.05079857733747922, 0.06053378616749192, -0.022467156000594624, -0.010218289788173534, -0.24388127030687554, 0.1889770097254521, 0.21376969061810874, -0.09242851746184856, 0.1339985114762738, -0.2393475319938333, -0.22963543636340145, 0.06605020380396547, 0.052218443806014626, 0.049894573365524914, 0.07523921247077178, -0.468995233204155, -0.03101976996193676, 0.04604414199273254, 0.4723388459885491, 0.36997398088820693, -0.0877517093376442, -0.012479529122200624, 0.14235451135057728, -0.15811210058387115, -0.9052658913117491, 0.09186518473468223, 0.34104337683499514, 0.7374512073469814, 0.26683820394358515, -0.08418216633489999, -0.01673747801568773, 0.28661280021161445, 2.179523122612234, -0.3440411534457892, 0.0023887378295164036, -0.018397055765388505, -0.03951954320130143, 0.006204818171488989, 0.03881477276587711, -0.006336956645750434, -0.2494830293159617, -0.05596063545889145, -0.21488453213794104, -0.1421810192551314, 0.10733788564043538, 0.22843348822531784], "trans": [-10.599102587452796, 1.1956132985906622, -0.5961660610720909]}