{"betas": [0.19173745763710806, 0.20679507266967936, 0.025545764337162807, -0.024244743693028488, 0.0007202369641003663, 0.013236882350636182, 0.021343764601424748, 0.007373052342460504, -0.01918535564321634, -0.005662447391478864], "pose": [-1.5616479904721554, -0.19869759084318941, 0.19869759084318941, -0.24447167733106315, -0.009488139191764132, 0.017940787998638366, -0.25993991511094505, 0.005222737768565257, -0.011520544391981614, 0.2996611168696398, -0.037165186004715633, 0.0059694154505597185, 1.0580474574390262, -0.12833858765015016, -0.0842992357781316, 0.27654263543381774, 0.04701582872383438, 0.14972703988801594, -0.041609824097063694, 0.012902113136366572, 0.021705506207908818, -0.10617542898740881, 0.08434167915226573, -0.04441033889021338, -0.1312760924792774, -0.18912257978870578, 0.22367224366724875, 0.03260244767832519, -0.04716868429079908, 0.005127970900926584, -0.3059976145091217, 0.21422853361949395, 0.14470094872879105, -0.12628859496360487, 0.125252313637435, -0.38457805567974446, -0.21709341148587524, 0.05372042326003391, 0.047705496375016164, 0.031454305852720195, 0.07212141811789857, -0.3859402050161505, -0.023968749714461182, -0.010967705076717514, 0.39521960433488434, 0.13255725359006024, -0.03257677321180682, -0.026801493579777184, 0.8924103452026333, -0.8677355794074985, -0.8400875107368144, 1.0667659258307103, 0.5330812224065294, 0.8086599191511734, -0.07122742098104903, -1.2473120381067742, 0.4111469542500608, -0.29319877950892, 1.2751568908206612, -0.3609942782813395, -0.08867531047103598, -0.05594889699596899, 0.1283400509299188, -0.0013826017908805115, 0.07108280277010341, -0.08985966865654453, -0.13339328085859797, -0.07225393564338854, -0.20971873687421022, -0.09699533308466024, 0.12088799971898741, 0.21974831020776248], "trans": [-29.233362289833767, 3.095249729649042, -0.7695785903220855]}