{"betas": [-0.10716845975804463, 0.03555393559239171, -0.022909588301634677, -0.0022321960585287635, -0.011360188238027402, 0.007048778770267401, 0.0026244476494828445, 0.001119221678184007, 0.011361241992361597, -0.011308692156923365], "dual": [-0.013706296214462566, 0.008112895979467287, -0.008385790681252968, -0.013102487092946796, -0.0011991360919504732, -0.0021692492793685915, 0.0011108308106727452, 0.0022782908894296494, -0.0009310689067998975, 0.0013010329350860612], "pose": [-1.3008809308294575, 1.053767596102766, -1.053767596102766, -0.5366461448999723, -0.04568976593533873, 0.1254871447591997, -0.46706001312348056, -0.018455592201502842, -0.11037342000014198, 0.40203059825251103, 0.01863339804848096, -0.006322210045192227, 0.7718003678293763, 0.014595811811434427, -0.15871085197457796, 0.8894584940607443, -0.012755546202173323, 0.08784400729804646, -0.008058870459074897, -0.001162924615994134, 0.009455088386387927, -0.07938208207322338, 0.055252395903940835, -0.02136727273730385, -0.18704589319167844, -0.15645603361117888, 0.16096203286467758, 0.024216487511530285, -0.01969914611748047, 0.0030594278054865277, -0.29781838329847227, 0.29231245562673724, 0.16524394086297672, -0.13918361742222474, 0.1016787269323721, -0.3019312778350709, -0.18591195635023358, 0.10910872381897407, 0.03628210344722402, -0.004611905201167585, -0.11386501970630211, -0.3600430673301639, -0.05017068640386168, 0.19821037066901645, 0.3290710729846521, 0.14860067066247637, -0.023548067191289903, -0.044862825045266536, 0.06375406202245384, -0.34400586134781425, -0.8517207375043887, 0.15167643695240438, 0.3710100634147606, 0.8455754961342098, 0.1931628881391126, -1.5156099703391808, 0.5363419135877527, 0.009946122492299729, 1.565270712204934, -0.5874512960157728, -0.07342422232568413, -0.07184579610144949, 0.25678418042608303, 0.018116412879026413, 0.1336477746123255, -0.24012064375613942, -0.14723930542324365, -0.07156056691652235, -0.22903956969020492, -0.1206400854105842, 0.1378720482330602, 0.24555533835655136], "trans": [-53.316277678031724, 6.770695900664529, -0.9384685600530125]}