{"betas": [0.40466836330444017, 0.05863328700476435, 0.12669029315925331, -0.03563903324106255, -0.03161275739992719, 0.041330373522867565, 0.0442195718616265, -0.05240537505411271, 0.026760476646685124, -0.027919142557181535], "pose": [-1.6207773530464973, -0.00905639005931498, 0.00905639005931498, 0.02816740691459138, 0.01843544203249405, 0.006601289119255921, -0.3914920102619548, 0.04061452105370435, -0.012145616352263404, 0.29939083152707624, -0.04926623758979582, -0.025660868173648932, 0.22037826717570835, 0.011798234205910973, -0.01058599152409588, 0.550749713925605, 0.14768209403241797, 0.03941615019781189, -0.03783303509740838, -0.061744018167275094, 0.06790444771298289, -0.07791724125825106, 0.11033261311607491, -0.030195086153851573, -0.0022498742384724105, -0.09224532974007282, 0.24187993727819485, 0.06924403611611307, -0.08726952988195114, 0.007905945574012719, -0.2377965185831773, 0.20893238005874223, 0.11029320603418748, -0.11992791494871148, 0.08453515869678538, -0.29702697611333534, -0.1609233415241564, 0.08071850412613676, 0.013641629351361276, 0.010819909524128115, 0.06906059255680479, -0.27338460754918087, -0.09025856442881841, -0.08652075252827993, 0.34708713256843376, 0.2144071446228778, -0.016810166875601357, 0.0024533911699791758, 0.18325512233123273, -0.4705856247052162, -0.8460748992023948, 0.17295172529227162, 0.2610868919323772, 0.9802567954842748, 0.4916270150325839, -1.7546850981168292, 0.17012393618171273, 0.5767490235599155, 1.8105575767520374, -0.5741895266242819, -0.243710004957058, 0.022908318263975463, 0.17352549455273616, -0.16606522823827974, -0.00924340910948957, -0.09660377402711223, -0.01919409406571322, -0.04756279926976159, -0.1608603026816135, -0.04426804970049952, 0.11943028455369165, 0.18985753163297728], "trans": [-10.55760666336885, -3.195586176490128, -0.8103329247266619]}