{"betas": [1.7511515842605234, 0.3670231778082652, 0.03978433168027672, 0.004913282851196045, 0.02958606384598556, 0.001461046037256542, 0.028411238985692, 0.012589726574853976, -0.014340388809218167, -0.004234100351574732], "pose": [-1.5947947529389683, -0.06511102767653658, 0.06511102767653658, 0.1997514389206412, 0.0554333681924352, 0.02656122730049814, -0.5024102224504039, -0.03166235152745631, -0.020336026385484332, 0.2948115391569109, -0.08837663139288589, 0.03713700683533041, 0.5089799166798118, -0.21485519454476878, -0.08992347758361427, 0.2521964538785467, -0.12400912538811291, 0.09972454061798296, -0.018890554334099634, 0.010186463840060764, 0.012867161621831182, -0.08249551908101904, 0.07498744476693542, -0.06067977558616739, 0.013712537825854852, -0.23076688099479278, 0.2759489004113206, 0.02641465729915841, -0.06297017997862528, 0.007575762362326724, -0.27514370819007977, 0.18465657518124662, 0.07040622708885792, -0.05589985700377368, 0.16895257433417946, -0.4076239741817487, -0.13061810951700226, -0.08294114964344922, 0.04442883758161887, 0.010565034623357403, 0.019491183008528135, -0.36662648392391656, -0.03687253877473689, 0.0049759479554428365, 0.38236444040499323, 0.20298369427161506, 0.7481850036510891, 0.02474811037119101, 0.12567046246869396, -0.42041619367776845, -0.7087138451331142, 0.27511241712866175, 0.42334739991172443, 0.8067205140147645, 0.2988000541394352, -1.6721326234210727, 0.31537818275919244, 0.31538216072056374, 1.1737007900691403, -0.13003520931444168, -0.09382141359812618, -0.07306911496457409, 0.10711176995941563, 0.041958414405482425, 0.04503614050890484, -0.07444858202398406, -0.0655031532380268, -0.07696203835261972, -0.17622258028854057, -0.06227787763054228, 0.12337167044407638, 0.2027838775427911], "trans": [-27.146093897382816, -5.722155142046726, -0.955706607999847]}