{"betas": [1.0007394031128156, 0.13998077818863408, 0.20322321153559939, 0.06919845010960525, -0.06355964225067326, 0.0988583210768853, 0.031004152589175965, -0.07600298470585287, 0.01954775199647453, -0.05391534064665776], "pose": [-0.17700603716027102, 2.135109869195128, -2.135109869195128, -0.3573373695106926, 0.0074175109670620186, 0.036814078271984615, -0.26721400001722373, -0.014030730530740549, -0.022261680737521897, 0.3852615683233924, -0.02640117639186825, 0.020020237134393624, 0.8185890777105136, -0.03716877172941198, -0.15390885147648456, 0.3188073304906527, -0.03555605991069606, 0.1009093592027125, 0.02864598743142091, -0.012776094807858124, 0.020883404199015857, -0.11255396454354791, 0.07955089383145383, -0.011972263814769114, -0.12086302957796342, -0.17400888558700028, 0.16687237386372067, 0.04546400278444154, -0.04149161502083156, -0.00012273321740559573, -0.28599726163253447, 0.24693623263204142, 0.10967690297979299, -0.0677479860391387, 0.12481658434986419, -0.2923663043644753, -0.007054952797332318, -0.0367459068962217, 0.06864785742952423, 0.03976725548063965, -0.16646517882950937, -0.37703589733027154, -0.027315305648374266, 0.23952266667957645, 0.3329192779710627, 0.29643052703714917, -0.1282997569340548, -0.008704501385970145, 0.1343189882874381, -0.41372932043788746, -0.8778719911318456, 0.10999184729014783, 0.36838391890152117, 0.7387301701251661, 0.3730222062709065, -1.2000079868224915, 0.28784096843681717, 0.04125723269588871, 1.048403726698563, -0.3092602871999992, -0.030778275545153198, -0.06247949161566728, 0.08528011585714167, 0.08165910872553758, 0.05713066368929483, -0.09867009986615637, -0.1506029974630306, -0.05609788814066101, -0.18560650114678884, -0.12038445228390868, 0.13076047176512065, 0.19622570906040726], "trans": [-11.095617637749642, 5.630300833703765, -0.6305007771859233]}