{"betas": [1.0007394031128156, 0.13998077818863408, 0.20322321153559939, 0.06919845010960525, -0.06355964225067326, 0.0988583210768853, 0.031004152589175965, -0.07600298470585287, 0.01954775199647453, -0.05391534064665776], "pose": [-0.037496110980176536, 2.180463495005625, -2.180463495005625, 0.11879379091249696, 0.005465570227339925, -0.03325442845538654, -0.5331483905667396, 0.022072180968769194, -0.035645298052557506, 0.1837250959604885, -0.11341370110397941, -0.011052485350005345, 0.4512761520880695, -0.19514349555895, -0.2684482927815637, 0.42650575679384817, 0.05440048136066889, -0.0008757966599627007, 0.0538238779082186, 0.004205970448347733, 0.03475160533760011, -0.09082462470018123, 0.07072224439750484, -0.0007714259682902702, 0.002178992320304246, -0.2246221619727963, 0.2450290722517363, 0.05390907290273516, -0.061971293841437784, 0.004335296230447555, -0.308104864718328, 0.23976840969514318, 0.051039182826518474, -0.07302738927682427, 0.2316983574092295, -0.3935491749657578, -0.02101768724254145, 0.09223916992011204, 0.08755763644940927, 0.05782585374434346, -0.06435916614387696, -0.41506380449378216, -0.025445159836319623, 0.10439625539926808, 0.4138633608333496, 0.3171676866330228, 0.008681273377571854, -0.07500784013229585, 0.17187137075470083, -0.35704159694095083, -0.9196492437473914, 0.27404739424952074, 0.2581166196969103, 0.8579371182529281, 0.4571876750845406, -1.4194439804157404, 0.3314147896964098, 0.13061719871370414, 1.332681259157695, -0.34665210297812377, 0.06628664848032535, -0.10544880381160761, 0.14428827151917595, 0.08374545201708672, 0.11720449486578371, -0.15009890168774526, -0.18782628523602607, -0.09229039933641503, -0.23055453108928284, -0.12233595796519613, 0.14611343373815344, 0.2651961910429659], "trans": [-11.199345158590344, 8.98885754199731, -0.46124806497447574]}