{"betas": [1.0007394031128156, 0.13998077818863408, 0.20322321153559939, 0.06919845010960525, -0.06355964225067326, 0.0988583210768853, 0.031004152589175965, -0.07600298470585287, 0.01954775199647453, -0.05391534064665776], "pose": [-0.11867135152217205, 2.1650726981446544, -2.1650726981446544, 0.09428679635188913, 0.023859674207753975, 0.01952372393127909, -0.5412681070934715, 0.0008466766229184388, -0.02119445905027094, 0.25764005702732873, -0.06862787125789016, 0.0332081770357862, 0.13366246123966383, -0.20828099883473392, -0.06715520197910722, 0.12411015508734141, -0.07032173299971448, 0.08235444733605027, -0.019228087926915365, 0.017296937218045975, 0.016596794229704614, -0.041978607488601945, 0.06527326999728038, -0.08319459264319379, 0.06778827945018255, -0.1656047349803285, 0.27557443405046017, 0.04546503305694838, -0.04908609560283342, 0.001092964671707036, -0.2545188223952974, 0.17400303444434906, 0.1401325369795782, -0.06053160962706435, 0.10047546067439016, -0.3727861445913857, -0.04522397760704507, 0.0014782877913493211, 0.033556647021005435, 0.03583449565407028, 0.09199273940127932, -0.3804294297931518, -0.05927832818080081, 0.008571264995263296, 0.3575724251697449, 0.29478396881139457, 0.08047084287719428, -0.1545547403598839, 0.24045860801367996, -0.3201444248158058, -0.8773443585822289, 0.2865250708401714, 0.3116940274020032, 0.8387116573495581, 0.5112343260530143, -1.4141774856268152, 0.2351620745857284, 0.30640907530529754, 1.2587025345265934, -0.19667284233725607, -0.285378190404252, -0.02044553168046758, 0.08145515232772449, -0.056933661376899695, 0.023551438102573506, -0.08618634722382228, -0.0669441177532256, -0.07222679313301242, -0.18244179613746078, -0.07177358628915521, 0.12746633657288323, 0.1981733534845109], "trans": [-9.942205872548282, -1.9767032663124617, -0.7954699306294163]}