{"betas": [0.12182979554792384, 0.0498104030700563, 0.01874907528210161, 0.028247290178977192, -0.01045515424154793, 0.003794310233826808, -0.007750463989420916, 0.008476040652062412, 0.013630708331879994, -0.014916307566096007], "pose": [-1.1456560593987837, -1.2969885914922719, 1.296988591492272, -0.3816426558921369, -0.02860919860694771, 0.10089349839414956, -0.4408353590687352, -0.015438672349232737, -0.09843064712135224, 0.33120719279120536, -0.003873981966038878, -0.0008500720617858543, 0.7124544128329742, -0.034949949503247923, -0.14490914800145227, 0.8152034417583266, -0.022134563985111707, 0.0874518175488356, -0.006166933966734952, 0.004161159702074978, 0.014056678510965178, -0.08044768004089257, 0.0669028284855051, -0.027393771773891996, -0.1574862717905407, -0.17581139611100666, 0.18621499059352611, 0.02808767796750113, -0.03027435832474668, 0.0030026973606220894, -0.3035782626875369, 0.2618108512357518, 0.15319244351963474, -0.1338500813750743, 0.13011769794630731, -0.33679971881929965, -0.20061882915694346, 0.11984467092680703, 0.0411186574116254, 0.02296909223781474, -0.05714228761550033, -0.3931470090281338, -0.024736294727718208, 0.13130331386681948, 0.3793993653575139, 0.1455302073758214, 0.0008011853282749575, -0.05262673517902027, 0.12127220656802398, -0.31080323918681624, -0.8794820466720198, 0.22921737708160486, 0.2925206942591862, 0.8730055631417173, 0.2959766417415934, -1.4677372607096717, 0.44631700228192195, 0.09287047710221344, 1.428764890612001, -0.4545673651283146, -0.04156385228281024, -0.08433114626141311, 0.20595100859883297, 0.03321724251265788, 0.1259103682085993, -0.17752954404756635, -0.156367227803186, -0.07427623061254117, -0.22208656323386422, -0.11783390370749675, 0.13300259032933426, 0.23637499931862244], "trans": [-56.55414286883651, -13.042267875908541, -1.3175908338260904]}