{"betas": [1.7511515842605234, 0.3670231778082652, 0.03978433168027672, 0.004913282851196045, 0.02958606384598556, 0.001461046037256542, 0.028411238985692, 0.012589726574853976, -0.014340388809218167, -0.004234100351574732], "pose": [-1.625238354544316, -0.042001493742770846, 0.042001493742770846, -0.5037166968392921, -0.060708517909065465, 0.07965499200317028, -0.20092546236625958, -0.08969407672818115, -0.05315325830397938, 0.32047794945537306, 0.07426930871084662, -0.005034841144039671, 0.5759080719894357, -0.023393297237398688, -0.14008766975551387, 0.6060668485381836, 0.03572934634601032, 0.06319001773619258, 0.0015910962038130597, 0.011706081727806721, -0.019597292514978895, 0.018973792250101547, 0.08694796647410526, -0.11598164335949904, -0.16454932061764962, -0.1951802311248828, 0.17282865968198952, 0.0290171549172545, 0.021614744792500057, 0.004070576946654426, -0.26379809625383965, 0.23742270205238333, 0.23397871278076787, -0.11542740153706178, 0.11910785129296084, -0.28970416475652805, -0.141195206934064, 0.13706492437130313, 0.012000024611269757, -0.04322169408916632, -0.08888034164717955, -0.2688280356783983, -0.03479397836832118, 0.22222459913912315, 0.2444894486948578, 0.124620995184075, 0.013825389642725939, -0.019982632325948005, 0.05326727415031905, -0.29562478426959843, -0.6667976354248892, 0.1109539330171193, 0.34843165951510274, 0.6741141246725442, 0.1402849262368984, -1.6479110193333129, 0.42798416298703595, 0.05126555310878633, 1.252297076911937, -0.3423605562358243, -0.09250574655697881, -0.1203256810696808, 0.23360972542014677, 0.026868379500799965, 0.12535232968123494, -0.1770409058996397, -0.10820004118241706, -0.042081470440307196, -0.16590866596804354, -0.09891315793883819, 0.10077596534100228, 0.17254622391164798], "trans": [-26.927373080845133, -6.70530897442375, -0.9824363981598903]}