{"betas": [1.813289222669109, 0.20156947919784157, 0.0011390909961732187, -0.4871353642584728, -0.16755291678885467, 0.02420319783742449, 0.0691750353522659, -0.03790042278230592, 0.027389876576093666, 0.006434531786996541], "pose": [-0.480638521675466, 1.951808946095683, -1.9518089460956831, 0.18188493093579755, 0.08884447548623677, -0.055418666020132096, -0.6247544322242835, 0.042282842914206524, -0.025937084350080658, 0.23479340559952602, -0.12592051264162943, 0.05171845644158761, 0.330919275856974, -0.1498773354873305, -0.06134958005902953, 0.42769419710414797, -0.11379732283971371, 0.09020135227227341, 0.0319125490078278, -0.015971942797651555, 0.02064541695979855, -0.08312781791173168, 0.13088473029107123, -0.0554114921338604, 0.03160617084419394, -0.29440549052862713, 0.34495114094387525, 0.07075772654947347, -0.07095060301524259, 0.008766749296910686, -0.2716205427276793, 0.1798057857140727, 0.1151665386710115, -0.06739542534149624, 0.27688154794941683, -0.551746148616539, -0.0881831399215364, 0.012142009591198745, 0.04487722524230619, 0.023673388723430788, -0.025502554440846478, -0.18174466561571406, -0.11525720669750603, 0.03596551838358118, 0.11366639915121829, 0.13872742963265086, -0.023071043141409765, -0.037980235628362655, 0.13040981695882972, -0.20379947340717322, -0.6839487486273851, 0.16767263885422548, 0.183660269861828, 0.568744398723037, 0.43032537884093996, -1.6673549358695965, 0.32572962706940245, 0.15488403906510442, 1.8934803724433134, -0.4797070688344031, 0.06547351802918787, -0.2261472820816035, 0.20675162052499318, 0.10927778733841964, 0.23904340105204663, -0.22990905125027325, -0.20985832683864325, -0.07869528455756121, -0.22865680441472624, -0.10949730523704038, 0.1353385735980443, 0.2514524221052405], "trans": [-12.84466348649984, 0.016294100605416736, -0.8411197912550276]}