{"betas": [0.19173745763710806, 0.20679507266967936, 0.025545764337162807, -0.024244743693028488, 0.0007202369641003663, 0.013236882350636182, 0.021343764601424748, 0.007373052342460504, -0.01918535564321634, -0.005662447391478864], "pose": [-1.5486357034256355, 0.08756610233942157, -0.08756610233942157, -0.6326777581140811, -0.03377833493091275, 0.020942758162491623, -0.15053043661708465, -0.04294508259826605, -0.014148514483454042, 0.31329562109302045, -0.013505735092714546, -0.003206250191796648, 0.6832484597199254, -0.027652149676469697, -0.15877723731615154, 0.2526605061461409, 0.04214393011514503, 0.08794212772046286, -0.044455332120687654, -0.0026254787506871623, 0.017488155611603495, -0.07941877245493266, 0.09023775072110737, -0.0771036733916714, -0.1450227571027683, -0.17128033145958246, 0.23429551719816197, 0.023581097833057785, -0.03635417445115477, 0.007590571677212557, -0.2719746005911478, 0.21644049918129654, 0.1980613614836461, -0.12500189142658216, 0.11760207042686842, -0.3758166718415542, -0.23008308645716924, 0.07668510113950336, 0.036094956861879496, -0.013152867623743273, -0.0007377840109491159, -0.31648910993246626, -0.05394921803002502, 0.05218281353385058, 0.3192593186577444, 0.10998963734575572, -0.03980812411223042, -0.01749026562854585, 0.8924103452026333, -0.8677355794074985, -0.8400875107368144, 1.0667659258307103, 0.5330812224065294, 0.8086599191511734, -0.07122742098104903, -1.2473120381067742, 0.4111469542500608, -0.29319877950892, 1.2751568908206612, -0.3609942782813395, -0.11752822353912343, -0.07153640928291616, 0.16281389412628805, -0.03629313215911369, 0.08562735634633971, -0.11154528709780209, -0.11889486520133238, -0.05997574409900716, -0.20594148710404955, -0.09851897531926886, 0.11236599592428685, 0.20998854240594092], "trans": [-28.696481548190743, -0.8792046157705087, -0.8702852925197861]}