{"betas": [1.7511515842605234, 0.3670231778082652, 0.03978433168027672, 0.004913282851196045, 0.02958606384598556, 0.001461046037256542, 0.028411238985692, 0.012589726574853976, -0.014340388809218167, -0.004234100351574732], "pose": [-1.635743801656086, -0.1130380127459549, 0.1130380127459549, -0.5334693477625223, -0.13877235336421775, 0.11954268879046545, 0.045931210806546975, -0.04634773924615897, -0.02005762865093548, 0.3054818955511995, 0.030995695508884206, -0.025117925816536563, 0.6020259845017628, -0.014457723248256667, -0.14989406470126546, 0.26258369464528686, 0.2407894753309558, 0.06590615476165844, -0.05268426006611557, -0.025483296532799075, 0.026814172329521643, -0.01948822983478966, 0.10924058326794146, -0.0959601887352781, -0.16365127208993244, -0.16923648696783133, 0.21646758191690393, 0.03770249188357285, -0.02880678808415735, 0.013402779391648904, -0.2588692250429901, 0.21784925092835727, 0.21383663085272656, -0.13011926321984774, 0.12832028063343204, -0.32978973901989833, -0.11406257983775456, 0.25736423180752793, 0.027067870270294652, -0.06374261242774397, -0.007444062493036273, -0.2378156114216653, -0.06321156227654118, 0.013171802240478146, 0.2924740911888847, 0.152683156738806, 0.03630584395117798, -0.01722143276084843, -0.42432953753130614, -0.6454161936777686, -0.7087138451331142, 0.27511241712866175, 0.42334739991172443, 0.8067205140147645, 0.2988000541394352, -1.947132623421071, 0.31537818275919244, 0.31538216072056374, 1.1737007900691403, -0.13003520931444168, -0.13099984396133094, -0.06929891757327362, 0.20061595689520859, -0.1036774157413609, 0.07473311375525131, -0.10294431260148328, -0.07900404847504655, -0.048091545123983434, -0.18896627527436397, -0.07788698670498706, 0.09625186978386065, 0.19817542345680603], "trans": [-27.5290714313323, -2.1404861902164685, -0.9718303964489408]}