{"betas": [1.726796659765029, 0.41891031545459445, -0.15139553369490252, -0.5462419580768579, -0.07855182412525559, 0.07595039952460043, 0.008045347212360082, 0.06009336300381875, 0.04481580265154796, 0.006120580758014304], "pose": [-0.19256337167652215, 2.1268559356602226, -2.1268559356602226, -0.01785304841249101, 0.032762694864123865, -0.02816739975800893, -0.6207220337019452, 0.09403438676921626, -0.13353004253293574, 0.37958539590256574, -0.0933596587745561, 0.052954804991019316, 0.16632312462010954, -0.20651245023868584, -0.04369294690300058, 0.7315848393082592, 0.046601380316486134, 0.0354416960372723, 0.11538892005160993, -0.022515847585837113, 0.02406044747510559, -0.06036544120370723, 0.0926013718580096, -0.04344289528446102, 0.04285894538727064, -0.22501712485906317, 0.3359895949006308, 0.05030883046676096, -0.05809365099227619, 0.012359233846446181, -0.2239071237604106, 0.2458566538785784, 0.13888164282985752, -0.09847631740828404, 0.27182406253547836, -0.44029807504381335, -0.0724264818605927, 0.07617111544944413, 0.014022988687160755, 0.028420529946661697, -0.31418635638878056, -0.35336807762181316, -0.032854859719210094, 0.3163814856384599, 0.31667854087457825, 0.1993120963166564, -0.06304629175949175, -0.048774187791328784, 0.14786271025289474, -0.39838052221346176, -0.7001284701597539, 0.1672634176587643, 0.2514168095591741, 0.6314533565322756, 0.38688964165247186, -1.398034367994117, 0.27541177027927427, -0.002413585708005476, 1.3102180510072996, -0.31979698890646147, 0.20109394713774623, -0.1576925286147259, 0.24555618465453982, 0.17959618080082776, 0.15632390730705367, -0.25266282922823735, -0.2546638017604924, -0.08516164879243422, -0.2423968797423364, -0.2072717539694731, 0.14551461192660076, 0.2758697485437049], "trans": [-11.321538139093848, 6.40948945760404, -0.5861185794003675]}