{"betas": [0.33303066142902105, 0.22906885785386125, 0.1321746135337195, 0.03485680493593007, -0.034928744222964915, 0.03738652273642406, 0.06435992437738675, -0.06135207138309116, 0.004712805749211021, -0.03328562850670294], "pose": [-1.5563815376858035, -0.6193516608553116, 0.5943516608553115, -0.09683259308540862, 0.018435442032494045, 0.006601289119255921, -0.3914920102619548, 0.04061452105370435, -0.012145616352263404, 0.263549371104954, -0.028111823860424507, -0.008525104181082495, 0.22037826717570835, 0.011798234205910973, -0.01058599152409588, 1.0757497139256051, 0.047682094032417986, -0.01058384980218812, 0.04882095734478419, -0.01240177935073224, 0.026042201333486135, -0.10034474081018077, 0.04961679805722698, -0.010197639934468272, -0.15470869326594522, -0.15743407679130178, 0.16328944206818902, 0.02911247825491346, -0.04519924125390811, -0.0001300603673500021, -0.32642024844872697, 0.29962139657953224, 0.1327351757126581, -0.13400322565556289, 0.11926721613007975, -0.2873166127455445, -0.10974954802021923, 0.09179741192490218, 0.06814010297340255, 0.02117457990171802, -0.15520698124121002, -0.34851590417911926, -0.0411760643028433, 0.19206280194672998, 0.33761418666453225, 0.20566694003501204, -0.04217141719388863, -0.053528326274738865, 0.1442881662933015, -0.4639042034377932, -0.9297531745298158, 0.292134476637591, 0.3667579945955722, 0.9612096157010466, 0.4320283184093597, -1.793759213423684, 0.5271406775823205, 0.25359632078144917, 1.774867768391649, -0.5532770937859414, -0.07239903283947142, -0.11303606241046191, 0.2209240465658355, 0.028600777446713698, 0.1501791784903081, -0.18372282782175292, -0.1046995787680701, -0.061790608223971234, -0.204598168052588, -0.09821447527746195, 0.14167632254528648, 0.22194306545957784], "trans": [-14.688182621323516, 10.405058808255655, -0.48883049458529587]}