{"betas": [1.7511515842605234, 0.3670231778082652, 0.03978433168027672, 0.004913282851196045, 0.02958606384598556, 0.001461046037256542, 0.028411238985692, 0.012589726574853976, -0.014340388809218167, -0.004234100351574732], "pose": [-1.3940894687677663, 0.6497815886176517, -0.6697815886176517, -0.4839832975142522, -0.00477500524586166, 0.13652746130489782, -0.3072057372397027, -0.03132509080824044, -0.09756637581309616, 0.4111538671178174, -0.000310338148030903, 0.006532112228707698, 0.4962770882173674, 0.0356194525293773, -0.1329847979429784, 0.6819576870873721, 0.10919741513035121, 0.05855563541605507, 0.0034057975962561524, -0.0005866321034550921, 0.0034996515500627583, -0.09755184264675949, 0.06885054527331874, -0.04570754860229448, -0.16494649236421405, -0.1652966667032424, 0.1786455018198246, 0.007682010216748936, -0.021098590368591887, 0.008624009259635933, -0.2633087129576003, 0.26035091692013307, 0.1566776232394096, -0.10715796703715967, 0.1252603028852166, -0.29540834470897764, -0.19257253230587934, 0.11727867973022132, 0.022213989177397232, -0.004870860558971588, -0.2343059587141121, -0.3802545561254056, -0.007873284024768504, 0.3058224697739958, 0.37042934183910825, 0.1399327138528148, -0.0223703052375198, -0.02580966107480559, 0.07780604309667416, -0.4224116066369802, -0.7722142194951995, 0.14968603064698577, 0.3627643817688636, 0.7728064453493902, 0.23320644817539277, -1.2167222628843604, 0.35293472702427386, 0.058998526391881065, 0.9918980326561472, -0.26768019486489275, 0.01204753728464338, -0.06975051482225238, 0.188764936236106, 0.09355378082278411, 0.07217629575313694, -0.1324234814839335, -0.13410203403235918, -0.05847851923355666, -0.1761828440279074, -0.1247281000177418, 0.12283109598796198, 0.18545818596777128], "trans": [-28.728961909467408, 11.177803019730323, -0.6184317065258366]}