{"betas": [0.33303066142902105, 0.22906885785386125, 0.1321746135337195, 0.03485680493593007, -0.034928744222964915, 0.03738652273642406, 0.06435992437738675, -0.06135207138309116, 0.004712805749211021, -0.03328562850670294], "pose": [-1.6165024565823656, -0.2861870741800887, 0.2361870741800887, -0.4189896298887767, -0.004846979836181069, 0.04018401707229338, 0.2601664471467276, -0.019953209939279994, -0.05397804749595616, 0.22257741745510776, 0.017990941544640284, -0.024171494404685284, 0.10992898703160886, 0.06770166528183896, -0.005580516883811205, 0.6469656538900362, -0.38083017617658554, 0.04908057105959934, 0.052091174959788426, -0.07727744964522924, 0.0461543905155405, -0.031053763431534976, 0.10807785870877101, -0.08881385341845174, -0.1742356500470007, -0.09051768300314032, 0.19571571856039358, 0.03661330090984462, -0.05819252051457892, 0.0071201681590544845, -0.2556951723690185, 0.24459327649107934, 0.25860389091771635, -0.10259369907303878, 0.07327857106928647, -0.26328495165161453, -0.14261556858583052, -0.008062901684768982, 0.09531934718114797, -0.0037150205018490617, -0.18949350151155975, -0.29103273664344564, -0.03523617094232387, 0.1319475385393348, 0.28844160615390874, 0.3180944898213439, 0.18289595068339115, 0.019333351556619516, 0.11612033134872086, -0.569172902819622, -0.8399868453944159, 0.12852404697138553, 0.34434568173671126, 0.77736340123871, 0.40708894472454393, -1.6299693740001429, 0.47287728709659144, -0.038606327003886144, 1.2273018899275228, -0.46384243047111334, -0.1655934615602526, -0.0973777689064407, 0.06301648380429724, -0.09824287888207837, 0.06518223677348627, -0.022329570000186635, -0.09906514864596827, -0.03073340976196189, -0.20030733057497152, -0.13782060420683329, 0.10321003716568425, 0.20572996035165547], "trans": [-11.463847111764435, 2.376524577109936, -0.6376360603619325]}