{"betas": [-0.459125293958982, 0.2836700625543276, -0.2828307762064238, 0.06170009900103966, 0.04114696315793381, 0.017447099752977802, -0.018216663065381097, 0.013285817624318214, 0.01584973647464493, -0.019639755817989615], "pose": [-1.5521498682000319, -0.57893348003343, 0.57893348003343, -0.007377608902537892, -0.004589981407567799, -0.003198411702693381, -0.43585803452976035, 0.002713573591690166, -0.07673672194277575, 0.48850346448524873, 0.01778211936298124, -0.009051328132119164, 0.261484818177384, 0.0030297203829155253, -0.029806285299532595, 0.9094347117800222, 0.03688754962226705, -0.020621067559231765, -0.045099426975584264, 0.021268720281533947, 0.0012945821088915827, -0.14285062731195597, 0.0721064339163654, 0.012833945262625816, -0.24223890334844, -0.21811931582541372, 0.11563859298641042, 0.031252981932833435, -0.0021042895112200807, -0.0063221933352675865, -0.29195136118592885, 0.26686670790564454, 0.12098026653063416, -0.16097604095632578, 0.13674752950625702, -0.28750806325523964, -0.2026596940438661, 0.04995951453928999, 0.056126390080675666, -0.015115505871315322, -0.11041740608103913, -0.3468850819694859, -0.09027787864608933, 0.26660196881559284, 0.2968437083357938, 0.11012402632460311, -0.09103704448029899, -0.03661147414152071, 0.015266772091555952, -0.23402153580059765, -0.8601990885525831, 0.11279849339505969, 0.31767286912658343, 0.7477250057069673, 0.029058855932909317, -0.8464757507805095, 0.250889009680526, -0.10664284038792367, 1.1648339762276145, -0.43121134624515317, 0.05790714741753976, -0.023880791993880473, 0.24252068429459575, 0.10017913060542384, 0.1164361140656578, -0.24455686045545072, -0.23187711979081096, -0.07055246014455357, -0.21688363956045514, -0.10447869577485601, 0.13623643417977296, 0.2138406096734216], "trans": [-14.411642691291958, 11.241413745739687, -0.41948715728503944]}