{"betas": [1.0007394031128156, 0.13998077818863408, 0.20322321153559939, 0.06919845010960525, -0.06355964225067326, 0.0988583210768853, 0.031004152589175965, -0.07600298470585287, 0.01954775199647453, -0.05391534064665776], "pose": [-0.0833335764477499, 2.182486447706252, -2.182486447706252, -0.3101428173869988, 0.00756221796261872, 0.14938448538186822, -0.2751572061929912, -0.027388007834918543, -0.149883360770036, 0.26877236556759126, -0.0014979802434456342, -0.013575379987190215, 0.5101725117962876, -0.019418047464589628, -0.12928447089206702, 0.8469406116587964, 0.06499016364789867, 0.08071775482408391, 0.040325060251386886, -0.019875814173981855, 0.0342551555499882, -0.06964534826852964, 0.11370010406939181, -0.055751007703514, -0.15286894546638477, -0.163242964501759, 0.1866809673922783, 0.04598542013152393, -0.04812345172162988, -0.0055217565708474605, -0.2805217844037692, 0.238283296413052, 0.22671199851972978, -0.14506281885419223, 0.10900267724767873, -0.28422700461428096, -0.07759075075974194, 0.07928014990921138, 0.07635191871819, 0.06960107012574447, -0.012523135294362499, -0.4376489736056566, -0.0013966357579779018, 0.06228235097350055, 0.4271833730751809, 0.24650863184454763, -0.05396444505625055, -0.05697813137688269, 0.1807268953977524, -0.29000599511539016, -0.9082777497746303, 0.2547976066964401, 0.2524937308387602, 0.8689645700417795, 0.4067946746648265, -1.2865080663848023, 0.29824273934074214, 0.08831813501523218, 1.22695082593183, -0.3438714754423903, -0.010044362293234192, -0.060028687435469553, 0.08304578858606425, 0.009842181442771337, 0.08570801133308878, -0.07238137246162445, -0.22045273440036683, -0.0606669734659926, -0.22710523506109823, -0.15205747111073392, 0.12022625437536391, 0.22856256370814626], "trans": [-11.190987551828837, 6.594796338598478, -0.5567819146238966]}