{"betas": [1.7511515842605234, 0.3670231778082652, 0.03978433168027672, 0.004913282851196045, 0.02958606384598556, 0.001461046037256542, 0.028411238985692, 0.012589726574853976, -0.014340388809218167, -0.004234100351574732], "pose": [-1.594583114786713, -0.07179092462554797, 0.07179092462554797, 0.11719570835616364, 0.020949074101503647, 0.019948968028925998, -0.5415728558306088, -0.040371468331282696, -0.009659310774506692, 0.3178309513095822, -0.04347962620380428, 0.02885562135241104, 0.09098960869251957, -0.17245415482416526, -0.12414350286549414, 0.7369034978173337, -0.023245326443025724, 0.10754058565096956, -0.042190113720976044, 0.020722386728533673, -0.005751438329023013, -0.09967913493968686, 0.11191430844186762, -0.07566669650808479, -0.09225365900252773, -0.2560942600986038, 0.2563626512836069, 0.027483382557269793, -0.02601292923300524, -0.0033104750403364466, -0.24781178196603806, 0.1735407729489714, 0.1481778757076643, -0.0813646515551301, 0.18162816558070732, -0.40438350114064175, -0.16717263693582549, -0.07101065537786315, 0.043666532892649434, -0.04758815261986869, -0.01590579427721584, -0.26478200576188043, -0.0979100569535151, 0.11145520732267751, 0.22759482827987887, 0.16405028603636165, -0.13108734948428213, 0.006739658637260217, 0.12567046246869396, -0.42041619367776845, -0.7087138451331142, 0.27511241712866175, 0.42334739991172443, 0.8067205140147645, 0.2988000541394352, -1.6721326234210727, 0.31537818275919244, 0.31538216072056374, 1.1737007900691403, -0.13003520931444168, -0.11247016298630613, -0.07369195911674188, 0.0892113103768594, 0.04458988187420299, 0.046237534365479185, -0.07041335881423977, -0.10676272657145237, -0.04998136940924791, -0.166871651010592, -0.06587527583905793, 0.09613766611276123, 0.16241357561988096], "trans": [-27.102131049885006, -5.9702670133051665, -0.9710567750732786]}