{"betas": [-0.10716845975804463, 0.03555393559239171, -0.022909588301634677, -0.0022321960585287635, -0.011360188238027402, 0.007048778770267401, 0.0026244476494828445, 0.001119221678184007, 0.011361241992361597, -0.011308692156923365], "pose": [-1.36308167112247, 0.9297745754101061, -0.9297745754101062, -0.5471686168256984, -0.050716072772171786, 0.10010882066314304, -0.39737858922745467, -0.028726836624377333, -0.08479329735698986, 0.3853261990140942, 0.03375311090513274, -0.010582514332021857, 0.752807254543581, 0.03786025473088984, -0.16358592434171682, 0.8796981657559886, -0.008925857062356017, 0.08648724796448129, -0.011415896440115971, -0.0005642845953570856, 0.010962444323669407, -0.06665982908969117, 0.06677716271314764, -0.019259050836667308, -0.19035913858510603, -0.16675681141280105, 0.15281460712653952, 0.03025524139104661, -0.01377066426667802, 0.0008322092694452051, -0.2926635887585837, 0.28052142016712767, 0.1699427786272092, -0.14425704529649502, 0.1089516316562459, -0.2968174509710163, -0.1870156865416836, 0.10604592002489785, 0.042670350800643526, 0.005635574873607566, -0.07148891757164516, -0.37363556022264316, -0.047918087500989734, 0.1736455521781389, 0.34470884847402194, 0.14913388082934004, -0.029079062728458893, -0.04870544416156362, 0.08931146566869637, -0.2805700361742181, -0.8587722611957855, 0.17191278873681481, 0.3598493416176465, 0.8525294838879667, 0.217992293141793, -1.4482918208166067, 0.48633895910259534, 0.038993341702402755, 1.5500419935673366, -0.5540849322116184, -0.04932077710082982, -0.07075279715103494, 0.24561066187827868, 0.020528389967747106, 0.1386360746756084, -0.23744646271173023, -0.17692581325885812, -0.07323911308059038, -0.23544982473683523, -0.12449677784938774, 0.13627042953389834, 0.24891042216142983], "trans": [-64.4912855388896, 4.164994173312023, -1.2093497867930054]}