{"betas": [-0.19266644468801378, 0.5771463667239267, -0.16308379457488245, -0.06462538974507079, 0.08054580167251779, 0.027975024271901693, 0.03561269911626106, 0.05188376016633901, -0.05289357868361275, 0.00684608270928935], "pose": [-1.4619610899572533, 0.6791703682231169, -0.6791703682231169, 0.09725404899628945, 0.04835490670970844, 0.023820692702263044, -0.5703330563889855, -0.015983247156744106, -0.02024661018774905, 0.3529597215099414, -0.04052994088549772, 0.027002812057370068, 0.6110793633592972, -0.13021600048503768, -0.09752082008014225, 0.19010771375968036, -0.09246364105339672, 0.09045093074336792, 0.06364674126735374, -0.005656920891062543, -0.009514232253437447, -0.1286504537120522, 0.049746724720384446, -0.10071617516361521, -0.08980121411273043, -0.16880616587424513, 0.23411811562078177, -0.01488334583793908, -0.02151206079859533, 0.014981343215950786, -0.24414466402712445, 0.28028223306572, 0.18220417023581292, -0.06304655471566109, 0.13213947251858882, -0.3464412103430178, -0.15779252212644282, 0.07651389242180616, 0.027927949935078272, -0.014346065854182946, -0.3890261032550796, -0.2897514199307159, -0.03696892297306391, 0.45738419895725296, 0.23473337241432907, 0.10291622472337811, -0.06171678598157354, -0.006763864196404029, 0.12284085199765307, -0.5072218486751477, -0.7244774863958221, 0.20354328747321646, 0.493442468406649, 0.7277061347099018, 0.38500292366354444, -1.5908184609085538, 0.3559156033310231, 0.36897852717435814, 1.6461613363486205, -0.3168416066645793, 0.07415484908304001, -0.18805301732471189, 0.278709082504324, 0.17160823651855012, 0.190370339814497, -0.22833890208580268, -0.10881221969900111, -0.05185030747068121, -0.1656076104790245, -0.11890416108848251, 0.1411564742619241, 0.17640522365370281], "trans": [-19.954054713626864, 8.967574849913278, -0.5579613383023794]}