{"betas": [-0.19266644468801378, 0.5771463667239267, -0.16308379457488245, -0.06462538974507079, 0.08054580167251779, 0.027975024271901693, 0.03561269911626106, 0.05188376016633901, -0.05289357868361275, 0.00684608270928935], "pose": [-1.5349253283174924, 0.39250545834290873, -0.3925054583429088, -0.2826948501122071, 0.016165969218205258, 0.027666436395872587, -0.22290243131210016, -0.0815384703484242, -0.022979110633139413, 0.33498621359400105, 0.02570216411207106, 0.007234061790695501, 0.40042618069029323, -0.10878031115770237, -0.1438291006902016, 1.0375777268957382, 0.03588644524875852, 0.10229024724924188, 0.008024145507810516, 0.010945924256146355, 0.0006879016013944062, -0.06330377979998651, 0.14902927312748154, -0.08520567383312586, -0.12617024602642798, -0.2697007129772837, 0.19190134072447795, 0.04525817223728278, -0.004784696277880788, -0.0104895601678077, -0.22343278046364354, 0.16957915874997592, 0.19609651959139376, -0.11024084709894458, 0.18047898490440054, -0.3023482367705145, -0.08599832507014915, -0.02800659859932961, 0.06590070275318399, 0.017952054273656967, 0.0007615208864378812, -0.37975076184279216, -0.03971612460943545, 0.1472522110049217, 0.35085831660837646, 0.20531281906251117, 0.2659899026790782, -0.01520555692656804, 0.17830983926912072, -0.4070698721059294, -0.728438203321721, 0.1854446256235248, 0.52971536615297, 0.6891452434228609, 0.4385988342214581, -1.7744181780305708, 0.4059668995915141, 0.3804772871434778, 1.7381622414381337, -0.34059515627155923, 0.12363299995603474, -0.057501437538298505, 0.07220638145993456, 0.13134360330725442, 0.058215168700102946, -0.08043319822381007, -0.266706456337871, -0.054112636308628434, -0.190152950913985, -0.12816308358821638, 0.09958174019252994, 0.17944915652832724], "trans": [-16.35661158232526, 12.855882011786747, -0.4114955855229311]}