{"betas": [1.0007394031128156, 0.13998077818863408, 0.20322321153559939, 0.06919845010960525, -0.06355964225067326, 0.0988583210768853, 0.031004152589175965, -0.07600298470585287, 0.01954775199647453, -0.05391534064665776], "pose": [0.08427204408946995, -2.277766393121025, 2.277766393121025, 0.2032853002289926, 0.0808853921139254, -0.09357603811764698, -0.6508934256668335, -0.005214219270355038, -0.014649954316805089, 0.28069004085601146, -0.10381991907113845, 0.03853911450922778, 0.189142507392442, -0.13135891646576772, -0.06721512260378527, 0.16827718909593248, -0.10993993357673644, 0.07546202735232738, 0.027203358384033306, 0.008773892107447305, 0.008516375029439272, -0.05477240486017835, 0.06603866782741313, -0.028979139463078087, -0.00600637310053665, -0.2007950603367329, 0.23374857701139182, 0.04414768216912661, -0.053068373191564766, 0.003179544806774831, -0.2826801380973799, 0.20517678894313734, 0.06502850265300827, -0.03643770026880754, 0.21119914017443558, -0.38367081809808506, -0.060352719372513235, 0.017744415173796924, 0.054604495164424525, 0.03080664246741357, -0.17600810228439415, -0.3628711181720401, -0.04166815219834985, 0.23934638750847673, 0.32412002316097177, 0.24737689477958166, -0.08028205033183734, -0.021532851444993433, 0.16266487080793884, -0.4159083853816501, -0.9048923070547396, 0.20626343248646475, 0.36163355329661984, 0.8086223313034372, 0.3390497920401356, -1.1665008835633495, 0.23056513037562154, 0.1453399803350266, 1.1190113933538002, -0.24171944112315003, -0.002938969980778018, -0.10416696564534107, 0.15623571015743662, 0.08807916535144489, 0.10333517914188141, -0.13486751981231596, -0.15384984082471964, -0.07588634849882875, -0.17988270505137216, -0.10291396103120284, 0.13648032101120194, 0.20418456937117666], "trans": [-11.222265175146147, 7.766334101317791, -0.4608410650261387]}