{"betas": [0.19173745763710806, 0.20679507266967936, 0.025545764337162807, -0.024244743693028488, 0.0007202369641003663, 0.013236882350636182, 0.021343764601424748, 0.007373052342460504, -0.01918535564321634, -0.005662447391478864], "pose": [-1.5658519135171902, -0.14613134278182216, 0.14613134278182216, -0.6326777581140811, -0.03377833493091275, 0.020942758162491623, -0.15053043661708465, -0.04294508259826605, -0.014148514483454042, 0.3022804868073975, -0.04879387766224123, 0.012064663333542981, 0.6832484597199254, -0.027652149676469697, -0.15877723731615154, 0.2526605061461409, 0.04214393011514503, 0.08794212772046286, -0.025807543743137717, 0.021644363984499093, 0.01614973588045785, -0.10825220006166834, 0.03427144993843435, -0.0394730760847606, -0.12147664032549127, -0.13864064749249774, 0.24300458515020348, 0.020913956002943452, -0.04621420564845004, 0.004892607553252976, -0.3349421844633977, 0.2779718088774905, 0.1686129566805396, -0.13755898604390412, 0.07897917634700051, -0.4102986277646281, -0.2533358486055066, 0.00022747407258699582, 0.047554077006476986, 0.02011157159729193, 0.06407768273597836, -0.3535039974033694, -0.05867403318898829, 0.014696311539578226, 0.3230600399614263, 0.1023163447740623, -0.0830278901802243, -0.028184462303586236, 0.8924103452026333, -0.8677355794074985, -0.8400875107368144, 1.0667659258307103, 0.5330812224065294, 0.8086599191511734, -0.07122742098104903, -1.2473120381067742, 0.4111469542500608, -0.29319877950892, 1.2751568908206612, -0.3609942782813395, -0.23807209360147874, -0.09257966503640044, 0.2466847523014784, -0.05080596598217085, 0.14277108199303448, -0.23220200991345433, -0.07333238048256772, -0.07839083377113855, -0.24351709838899108, -0.09961926545224299, 0.1417615633788232, 0.2655232722098171], "trans": [-29.68435646339894, 7.235357136557501, -0.6100278766665347]}