{"betas": [0.19173745763710806, 0.20679507266967936, 0.025545764337162807, -0.024244743693028488, 0.0007202369641003663, 0.013236882350636182, 0.021343764601424748, 0.007373052342460504, -0.01918535564321634, -0.005662447391478864], "pose": [-1.544173505173814, 0.611276377474312, -0.5912763774743119, -0.3021955119160502, 0.0003449007171520725, 0.023929876490932797, -0.48619668299254165, -0.07828546680334426, -0.0035002612092533483, 0.3132956809436121, -0.013505484241773733, -0.0032061701071401404, 0.3643464940047718, 0.04517933275232926, -0.1065790805040176, 1.1183618782659113, 0.2014330964295708, 0.11690252484338878, -0.04445527046669722, -0.002625230426841096, 0.017488155605959312, -0.07941877670779968, 0.09023770926345115, -0.07710370568749979, -0.14502275035741527, -0.17128032807654814, 0.23429546248384742, 0.0235810616614296, -0.03635389119193799, 0.007590627762623631, -0.2719745285924025, 0.21644060976229942, 0.1980614397835969, -0.12500196533221147, 0.11760204853596247, -0.3758165189569684, -0.23008305874964488, 0.07668528663894615, 0.03609500420409254, -0.013153006824216905, -0.0007377593440830744, -0.3164889915641516, -0.05394924941233996, 0.05218334033316675, 0.319259327590136, 0.10998967549367361, -0.039808102857827765, -0.01749037925447967, 0.01047510599274063, -0.2985651292640492, -0.7394425283331254, 0.11852099525858517, 0.22294857971527243, 0.7420394763316368, 0.0822333837195932, -1.307440998841322, 0.4659299048663517, -0.11813562327237269, 1.180024253662503, -0.4541121290113934, -0.11752821660120116, -0.07153643383655187, 0.16281407732405817, -0.0362930866054812, 0.08562740718233512, -0.11154542779157048, -0.11889482472313148, -0.059975721541389165, -0.20594144002073325, -0.09851895522074845, 0.11236597958203273, 0.20998847616126706], "trans": [-24.16380665280309, 14.528661817106256, -0.5448748019935138]}