{"betas": [0.23095163209771685, 0.04109343311864416, 0.025248775430059576, 0.03225921746385679, -0.011730228160678488, 0.01411489487013554, -0.004068968651146599, 0.0031222508939531494, 0.007432816158778922, -0.011705167054862173], "pose": [-1.2725074807193566, -1.1048306564921069, 1.104830656492107, -0.3845005604667086, -0.018456105857580143, 0.053457214574709165, -0.4466098907015198, -0.02363880138667758, -0.05723694756219319, 0.3603982291778946, -0.006589727422089448, 0.00236464583842388, 0.7111833524285275, -0.005240121002335146, -0.15672693205683694, 0.8046214723947791, -0.05293794261486705, 0.09847738124579998, -0.020715143100682887, 0.0016583226054237795, 0.012096243014717957, -0.05956192339481496, 0.08830758858983934, -0.009504259973251179, -0.13418457316115676, -0.2129690200515564, 0.1844222916918857, 0.042381740275330884, -0.034123977232871715, 0.0010173539976790766, -0.2942947928562839, 0.22915933380588643, 0.11658459186122601, -0.12290485667549285, 0.1701674698867427, -0.3500189108268573, -0.18380113601024728, 0.11526153529169524, 0.03398396644942391, 0.041540069274886085, -0.02745653780871032, -0.42393092204255717, -0.01020438293410097, 0.09684642571383441, 0.4110243522384648, 0.15935324432639408, 0.011113564691134944, -0.047995304793458246, 0.13317505496537768, -0.22897067701687038, -0.8606172849200784, 0.23778593074758153, 0.22214918056899285, 0.8478685576899145, 0.30663433213513386, -1.1898603579776674, 0.3072869530816128, 0.09585038290011019, 1.181117306679087, -0.3299980160786443, 0.043618802264585775, -0.07260123690046741, 0.17056506240415825, 0.07523237425338389, 0.11294801086329617, -0.1499531628462566, -0.2080316584504187, -0.08316753566245137, -0.2202077800805816, -0.12243218062533885, 0.13204037405691077, 0.23570893766412077], "trans": [-61.74905469978563, 4.033405086246388, -1.2305432060211605]}