{"betas": [-0.459125293958982, 0.2836700625543276, -0.2828307762064238, 0.06170009900103966, 0.04114696315793381, 0.017447099752977802, -0.018216663065381097, 0.013285817624318214, 0.01584973647464493, -0.019639755817989615], "pose": [-1.5950212319012915, -0.39198381147000405, 0.3919838114700041, -0.4447927557727833, 0.011814575322472563, 0.017346822412395033, -0.1523643329402986, -0.005803038364641612, 0.004764894998926454, 0.4795544385213078, 0.0007374607862727909, -0.007327872085931208, 1.153315144815764, 0.07826325062677537, -0.10389287938168368, 0.5502185911898834, -0.000486293484709098, 0.006314408276604629, -0.05903474153004427, -0.009565936300610332, 0.019979578976195546, -0.12573771068425973, 0.06849775411302324, -0.013262560344726611, -0.22859671502350193, -0.16436322813762397, 0.12818575707522384, 0.02121826512298443, -0.02743881830387954, 0.009468472179397948, -0.2827473573254823, 0.23561221431399734, 0.11682834128396848, -0.10307161887158338, 0.0849718544584509, -0.2972576861490253, -0.22510449083771222, 0.02985372933596024, 0.041016682902500746, -0.004951923859024968, -0.11136052247251843, -0.3416184319178571, -0.0731306109717172, 0.1960987904547712, 0.311688857674321, 0.08252132265748327, -0.10283520470717118, -6.321908186785108e-06, 0.032596190986914395, -0.2519642480857107, -0.8054170715349187, 0.05807257555501123, 0.3581759056882064, 0.7689938910822754, 0.11847966725077318, -0.5868698728181975, 0.08808203036264664, -0.11234402483625545, 1.1762877068418127, -0.5056187662348745, 0.006106278956344027, -0.035561493770322306, 0.19923846157447955, 0.03414297127951688, 0.09846274906617633, -0.19733304561106713, -0.1945431581982481, -0.07101223899874123, -0.22553377009432773, -0.10702730933982706, 0.13890665055172713, 0.23001607901007598], "trans": [-13.198452430669283, 9.613773501364934, -0.36889854525631666]}