{"betas": [1.8964894903024812, 0.31493576625010133, -0.1035326407414528, -0.4364464500446508, -0.04973432451903863, 0.09833628269918979, 0.014303769774192097, -0.026993742994641887, 0.07112343154180402, -0.03308173982274214], "pose": [-0.06391138068062868, 2.1918269925925546, -2.1918269925925546, -0.6089274022094393, 0.004628285306702337, 0.12269611373264569, 0.11758933565587346, -0.07013772300356684, 0.03751867346372357, 0.14265101390806986, -0.0799600905621833, -0.03739501179531863, 0.17975262461407257, 0.2512829520578147, -0.12389363779429209, 0.3335407360740669, 0.18918254641038554, 0.017191023176077833, 0.07899473767517555, 0.09419803409260526, 0.021687531052451393, 0.06571008206381439, 0.16275653898197348, -0.14684856643763683, -0.11681131514739665, -0.08975402127240335, 0.1896565654310617, 0.07384551611219943, -0.13567891373300803, 0.0015631809940398235, -0.1528545281016071, 0.15357481441882648, 0.33082156937831725, -0.07593146221075064, 0.0765144611335688, -0.2364610479941401, -0.054941050846797436, 0.021812274051149626, 0.05948932683433725, 0.0640086963183315, -0.23214334052522903, -0.30519259422884765, -0.01266962248127247, 0.17454271748379638, 0.3046453566789049, 0.17336445041286838, -0.164416618420964, 0.05777910052969751, 0.20525466191280523, 0.07155414207641311, -0.9108907556471689, 0.35999094569791806, 0.2668928614836416, 0.905235694563054, 0.5487871362811146, -1.0508072209849428, 0.05319661061721544, 0.5005305947997618, 1.1633550822903445, -0.1179825325053921, -0.014630315848693044, -0.1291124541805002, 0.0788128160539302, -0.041137766045485226, 0.11228315249766228, -0.046261182402663914, -0.224550053643511, -0.02823965705166889, -0.18762268474804922, -0.17347265546409685, 0.1061352610900401, 0.1786249362432023], "trans": [-11.147704033557504, 2.30604846628098, -0.6987535926273838]}