{"betas": [1.7511515842605234, 0.3670231778082652, 0.03978433168027672, 0.004913282851196045, 0.02958606384598556, 0.001461046037256542, 0.028411238985692, 0.012589726574853976, -0.014340388809218167, -0.004234100351574732], "pose": [-1.5950063910912233, -0.058431130727525205, 0.058431130727525205, 0.12004444504327397, 0.006770869532963936, 0.05608269259338746, -0.4466202018751174, -0.029726094177035624, -0.02318888239939311, 0.2769678515602453, -0.027600710189317333, 0.015671919609985506, 0.7677103518495001, -0.15262481020067625, -0.12198187406080867, 0.6501354238071824, -0.06055521196146652, 0.08279610789976646, 0.030782399236132255, 0.0036974034895881744, -0.0012169516174012377, -0.13933452812435848, 0.05403409249620186, -0.0533785542760651, -0.10613868048867707, -0.2156204221893355, 0.22539946908344102, 0.022731994681757888, -0.027969336705932078, -0.0012045116784130264, -0.31069577436153567, 0.2761774295841502, 0.14155068092505918, -0.12101361398593957, 0.13586806096889312, -0.38237676743778115, -0.14192636705879705, -0.07058386952764457, 0.0562446029568453, 0.0012714284322820908, -0.12181916280371075, -0.2644153056385484, -0.07433214372299561, 0.2092786706749555, 0.20578208396928427, 0.12038940225408408, 0.335437272035399, 0.033857536197773555, 0.07536143235431651, -0.3595818480029168, -0.7612061255056086, 0.1941059927805798, 0.31482110858866597, 0.7310170116796453, 0.31692995169251303, -1.9942360192176898, 0.4952480582322884, 0.24883424601056844, 1.8697867572058875, -0.5265660907860849, -0.06719238610290343, -0.16827585701619138, 0.24696324850180668, 0.11927628125043517, 0.19175081988055678, -0.22985852177574143, -0.06902242101187156, -0.05307007752352582, -0.18040964495192158, -0.0708386259809, 0.13911443461959486, 0.18782885271591634], "trans": [-27.19005674488062, -5.474043270788287, -0.9403564409264152]}