{"betas": [-0.04531959800123942, 0.25816046623113975, -0.10443940742347267, -0.07597029208210594, 0.013911735992459227, 0.013954990810594958, 0.00840059268463032, 0.018210526354907698, -0.01144635948893292, 0.002226290135924623], "pose": [-1.5696764809671213, -0.06956882078318008, 0.06956882078318008, -0.20438028458208085, -0.03464967891207459, 0.03134400896886525, -0.18453144949418068, -0.04846018281991367, -0.05296516517917718, 0.25228700567696033, 0.016721002632271366, -0.0040813002886192365, 0.13808328217439308, -0.09246791781739581, -0.14212381877936553, 1.1418398121055635, 0.053817858324169715, 0.10282874308392594, -0.015783310840992906, 0.007895903844471587, 0.022874184235565125, 0.031097905081814425, 0.08865502144229066, -0.0022712943342100794, -0.05275972641884805, -0.18490883164845034, 0.14090850982782063, 0.07362028354122012, -0.03029151238093754, -0.020247345214751498, -0.29274076061250887, 0.20791909650541443, 0.09295863968377184, -0.10085882242943266, 0.19067957181354037, -0.22593561650692418, 0.047357856448671104, 0.06599158783781493, 0.07697668224261187, 0.050645062757576305, 0.09688880080588237, -0.48736221500050614, -0.010130525151430416, 0.01315853027038652, 0.5263957135706115, 0.38576563601273317, -0.05683914852119865, -0.08834801672994323, 0.06846697356277574, -0.22372897875267858, -0.8775304096516628, 0.19031372801879712, 0.25216745029883825, 0.8478829065992879, 0.14164483621079033, -0.5249665093596424, 0.13830463888125075, -0.10588038444966828, 0.4818947208319187, -0.147644844687579, -0.03650674178061928, 0.02262653586023347, -0.06281805323852602, 0.013305320222183354, -0.0025589467932266847, 0.031411720568441936, -0.19909007075255306, -0.07173206064518596, -0.19451836904503272, -0.09928287872249948, 0.11640230013406251, 0.22784573294870353], "trans": [-28.460766837650635, 5.4711240518173225, -0.7621843081978246]}