{"betas": [1.7511515842605234, 0.3670231778082652, 0.03978433168027672, 0.004913282851196045, 0.02958606384598556, 0.001461046037256542, 0.028411238985692, 0.012589726574853976, -0.014340388809218167, -0.004234100351574732], "pose": [-1.5683645021691772, -0.2775062541616457, 0.2275062541616457, 0.09469421268918271, 0.03035389162560712, 0.028721177616452404, -0.5412815548894856, -0.0010115593348797682, -0.04336903009236244, 0.1978510129621127, -0.07070390717151223, 0.015516663124721856, 0.10884138723684395, -0.11091806526372226, -0.10864527976265408, 0.5210849715733249, -0.06929962401789976, 0.09412169739285778, -0.008878251144463953, -0.00829647310392791, 0.021599747760571577, -0.08128097968072859, 0.07837423040810965, -0.040058337198487545, -0.060947611692376745, -0.19854835637232884, 0.25024182860027727, 0.0314302835899685, -0.06528740174810285, 0.008115601549007886, -0.2898868080942309, 0.22349308978609655, 0.10675786678934057, -0.09066081161003761, 0.17054260318696984, -0.39525881381442235, -0.15911275621751617, 0.07698462953483788, 0.03819506354897918, 0.017321057867670943, -0.04970016652941905, -0.364665794828523, -0.031503150387775763, 0.04672372988453035, 0.3742108085203403, 0.18199170797100248, -0.011303821488843875, -0.027250627762781147, 0.039099293418786485, -0.3756613764175545, -0.8092993476113728, 0.1978845018230479, 0.16302568653002408, 0.8203092555464159, 0.20213193163524976, -1.6020736073271644, -0.18667707075913825, -0.03384027260234946, 1.214897439284752, -0.4357401735558565, -0.0468629837296951, -0.09650419219996344, 0.16583987950092827, 0.02720345009394976, 0.10279210216870208, -0.11905298170975984, -0.11087860979943144, -0.07802045561894042, -0.2018359561480306, -0.09154003346782671, 0.1301962100031105, 0.22658766634393207], "trans": [-29.03213125155448, 8.011489682607904, -0.6936676551172359]}