{"betas": [1.0007394031128156, 0.13998077818863408, 0.20322321153559939, 0.06919845010960525, -0.06355964225067326, 0.0988583210768853, 0.031004152589175965, -0.07600298470585287, 0.01954775199647453, -0.05391534064665776], "pose": [-0.05596741564746939, 2.195601030447379, -2.195601030447379, 0.05646711760012081, 0.051308716318608, 0.011687907538238616, -0.5624336657751784, 0.01238936899449084, -0.04817308404837045, 0.3384041649692757, -0.08339574361313025, 0.041801446604693246, 0.40425555933251694, -0.15509853703413148, -0.0679904386039248, 0.47809424128123373, -0.16911475121153802, 0.1094077229814318, 0.04934382514529619, -0.002794469468939234, 0.015560811917331678, -0.026920418723817077, 0.08399690151602221, -0.05099131894740959, 0.03331509335079096, -0.2216064515952044, 0.23560457739797872, 0.046505832687763454, -0.05331350013191921, 0.009310471868928454, -0.2669786000277736, 0.1968881969521339, 0.08665981281039212, -0.03211883205622587, 0.19956634263194575, -0.3675137176819029, -0.025518976522519995, -0.00490931715389031, 0.05751945057729029, 0.0686271482804777, -0.12843223137336662, -0.4067219889932272, -0.01325984950015831, 0.18880753756409224, 0.3698233934528236, 0.24442016289576501, -0.09046392921463375, -0.010790183739953378, 0.19011368231052597, -0.31533202538014327, -0.9021164877597069, 0.25388031230142055, 0.2709371751737761, 0.8306637565790432, 0.4196462386191581, -1.191737503409722, 0.21298950805541497, 0.21733131743835613, 1.251075268731116, -0.25736285988682167, 0.1145801047036795, -0.13620966232366907, 0.19184314221257084, 0.15322812452500095, 0.15156494758580458, -0.19480083029177828, -0.2168809277429812, -0.08859557646696756, -0.2039488899246931, -0.12675921363626144, 0.1474635427657973, 0.232580849438132], "trans": [-11.200779204175477, 6.114209074844364, -0.5866110280319417]}