{"betas": [0.19173745763710806, 0.20679507266967936, 0.025545764337162807, -0.024244743693028488, 0.0007202369641003663, 0.013236882350636182, 0.021343764601424748, 0.007373052342460504, -0.01918535564321634, -0.005662447391478864], "pose": [-1.620701129052154, -0.004714351445209722, -0.02028564855479028, -0.24447167733106315, -0.009488139191764132, 0.017940787998638366, -0.25993991511094505, 0.005222737768565257, -0.011520544391981614, 0.20275490528942972, -0.009469425233932799, -0.006915027824559117, 1.0580474574390262, -0.12833858765015016, -0.0842992357781316, 0.27654263543381774, 0.04701582872383438, 0.14972703988801594, 0.02661507440713713, -0.007483755327938892, 0.024247479741965467, -0.05928384706339617, 0.07400720191054924, -0.045006969469614244, -0.15062050121808876, -0.13869451205658628, 0.1875112635969146, 0.026321934736996802, -0.03983089590587462, 0.0004766686143594648, -0.29956644401625815, 0.24537478652271727, 0.17591191741268553, -0.12613239170995882, 0.11116421159681476, -0.2998587566187334, -0.16969164327428649, 0.11339590267791905, 0.054452821255344445, 0.032134224217638174, -0.06383351582247213, -0.39936623645147173, -0.004182444086692284, 0.1137521108010592, 0.40911380546331866, 0.1913128237921244, -0.013151070424992231, -0.05760875712154383, 0.18728271277182085, -0.4368423311091066, -0.9740029450975964, 0.26216096548109896, 0.3001731822673439, 0.9398153215590019, 0.4274731192543498, -1.572238304633052, 0.44701423948409413, 0.09687023501780248, 1.1972033083962494, -0.36690518109771963, -0.1409656702421584, -0.0808032150022934, 0.1053772467090028, -0.028342986663735154, 0.07069347521018923, -0.0571437640018483, -0.10362553638668794, -0.05482710186474117, -0.19412067487182516, -0.11451589136342126, 0.11564783824302567, 0.20497178585020745], "trans": [-20.943031658551718, 19.622012803665005, -0.45063876457379015]}