{"betas": [-0.5591252939589819, 0.2836700625543276, -0.2828307762064238, 0.06170009900103966, 0.04114696315793381, 0.017447099752977802, -0.018216663065381097, 0.013285817624318214, 0.01584973647464493, -0.019639755817989615], "pose": [-1.671862092180235, -0.4063625188706179, 0.2863625188706178, -0.014948261032645016, -0.002813591729689771, 0.0190216846666334, -0.11302148825657068, -0.0054562715651219305, 0.004993803152435056, 0.3333827497455851, -0.10971231068480822, -0.011526347125817397, 0.20390975456261967, 0.003443922461614478, -0.00024709543911441423, 1.164990739330085, 0.015028358694516991, 0.007365896495510213, -0.04563007685154667, -0.02624613715937249, 0.030847154092491978, 0.0006207714068368481, 0.01676950937022767, -0.010696422748605924, -0.16346365277743716, -0.17924678900076912, 0.22853149024263544, 0.016392291887925955, -0.04779977219500296, 0.004235121561299964, -0.21340871416242188, 0.16240784875602812, 0.21472019196185596, -0.12362360304620415, 0.138724130619299, -0.3635034994050393, -0.22963543636340145, 0.06605020380396547, 0.052218443806014626, 0.031224843414766137, -0.050816987956496085, -0.4038567444166856, -0.039991204393621374, 0.0982514094104594, 0.3979963090630319, 0.36997398088820693, -0.0877517093376442, -0.012479529122200624, 0.09506563316875566, -0.27438013769357283, -0.8946032031266198, 0.09186518473468223, 0.34104337683499514, 0.7374512073469814, 0.14293179947652038, -0.46282161268751454, -0.17098388754064606, 0.28661280021161445, 2.179523122612234, -0.3440411534457892, 0.055543522993313985, -0.03992296109327921, 0.0465728281507822, 0.020363146483428726, 0.05884865513749013, -0.020071440879564386, -0.2536297415243825, -0.06303676811142313, -0.21768316438074922, -0.13910944827764765, 0.11138027113440661, 0.200543243566387], "trans": [-10.584843458808619, 1.3981642252192952, -0.6118630677800961]}