{"betas": [1.7511515842605234, 0.3670231778082652, 0.03978433168027672, 0.004913282851196045, 0.02958606384598556, 0.001461046037256542, 0.028411238985692, 0.012589726574853976, -0.014340388809218167, -0.004234100351574732], "pose": [-1.580203023961317, -0.13632805299104667, 0.13632805299104667, -0.0872682474839897, 0.03309658313803139, 0.031046490335484844, -0.49725485909270867, -0.009670632943422372, -0.04272984373065751, 0.24754305490397807, -0.07653082875817813, 0.01481298457951204, 0.6994455893679501, -0.11742938321577881, -0.12336822757685621, 0.6379967914931048, -0.0793848608459774, 0.09488315164198573, -0.014078092411447661, -0.0041404446123165985, 0.031307891797303575, -0.11576473346436206, 0.07413392042357933, -0.018196297031371565, -0.07484566446613575, -0.19715204295266053, 0.23441734836475464, 0.03639649407177791, -0.07563478511159058, 0.003797481630142536, -0.3227504466314888, 0.22076465186059874, 0.07823040384900058, -0.10018919192655196, 0.14520117191923243, -0.3942374931919093, -0.16706473504749217, -0.012575310078650898, 0.058670199610594845, 0.05257164524987881, 0.054811499902890255, -0.40419937864840955, -0.02038397383865071, -0.048601435999993135, 0.41937962242562554, 0.18664998646023517, -0.06651112699572442, -0.01497722409540829, 0.07057448059970378, -0.3410287902515684, -0.904362839999636, 0.23255284096905468, 0.08494986234643549, 0.8871105066612531, 0.2787260974438431, -1.477492887804267, 0.5015304472769273, -0.0237005535999345, 1.2157536588999092, -0.46640666324552815, -0.09848947325651768, -0.08127803753188748, 0.11434282658849695, 0.01727434164713466, 0.08296711430614055, -0.08397362373278647, -0.08894227140233397, -0.07834193384854216, -0.20412827382221152, -0.07612781838144782, 0.1329742560824978, 0.22684339163056536], "trans": [-28.668723550559285, 4.280028060399095, -0.829117186584249]}