{"betas": [-0.10716845975804463, 0.03555393559239171, -0.022909588301634677, -0.0022321960585287635, -0.011360188238027402, 0.007048778770267401, 0.0026244476494828445, 0.001119221678184007, 0.011361241992361597, -0.011308692156923365], "dual": [-0.010722505974077728, -0.038466594826335965, -0.012433598741114715, -0.043956845306996416, -0.013142354435196743, -0.0007913586869931315, 0.003739725077095809, 6.630614582541937e-05, 0.003832269001152768, 0.0017748384181523764], "pose": [-1.3014067935576101, 1.052792323793083, -1.0527923237930832, -0.484523664806785, -0.03852146676317881, 0.16960543391866034, -0.51557995944555, -0.0035241556512084046, -0.16246521696102212, 0.37412614858343285, -9.057728947798021e-05, -0.00620881261456343, 0.7485760657245785, -0.035016439346819105, -0.1455235087437266, 0.864972385610444, 0.019736424673502933, 0.07604488305834838, -0.001242814584672142, -0.005702656425588074, 0.011300105159136258, -0.10729107494555144, 0.042780762144044505, -0.03629156009475732, -0.17322197051241972, -0.14040237312930895, 0.19933192730284036, 0.014494246276264618, -0.027054210079039975, 0.005943374759540474, -0.2992521766050287, 0.3129746252119633, 0.17927973879442013, -0.1453112398186878, 0.10057501126357293, -0.3308293689117555, -0.19090942851828777, 0.11118348387015146, 0.03418987748827814, -0.03464923346551346, -0.16746620772141274, -0.2946142032607261, -0.06851928600674594, 0.22050076191839657, 0.2746981043646328, 0.14119814143523599, -0.028006044063285378, -0.03646818864749294, 0.007573269653280277, -0.4543180371076809, -0.7881642235151676, 0.13709400839269223, 0.39346417264434286, 0.8169201174947283, 0.13827987824983276, -1.7295218185492571, 0.6419211736070961, -0.004721872541382456, 1.7020622574123847, -0.6487428702176494, -0.13456464500357423, -0.09306559460702139, 0.28689371338169867, -0.007994474876392208, 0.1392928384105685, -0.2409083905796103, -0.07587492748792495, -0.06107663238112952, -0.21483755977519614, -0.10499535845477564, 0.1356972789828665, 0.2315586699907143], "trans": [-52.86065225764595, 6.968677698407665, -0.8336061179983799]}