{"betas": [0.33303066142902105, 0.22906885785386125, 0.1321746135337195, 0.03485680493593007, -0.034928744222964915, 0.03738652273642406, 0.06435992437738675, -0.06135207138309116, 0.004712805749211021, -0.03328562850670294], "pose": [-1.5915447946796841, -0.3546566667560766, 0.3546566667560766, 0.19764190811058494, 0.011839442561243342, 0.07846443411582264, -0.43899659242414735, 0.06269232251125377, 0.024748363871278378, 0.2892418339936788, -0.04372332456853976, 0.004267481681813625, 0.17537440130930812, -0.2685799281607284, -0.1481396420839657, 0.08040669321399999, -0.24471194461049997, 0.015750471248902033, 0.024034242812012004, -0.024367087079578173, 0.029120646366141173, -0.0015614892275549895, 0.06841600204702718, -0.054145752719424046, -0.06373614490982055, -0.1605694091318101, 0.20285872808273714, 0.03146407302348171, -0.05561499013909731, 0.01590283743830439, -0.29439003822419496, 0.23104851194022857, 0.13173509741419262, -0.0626133410891056, 0.13142865678963553, -0.34091754158965704, -0.13440852123472596, 0.10130980793854327, 0.03996366344677316, 0.04513435348968687, -0.09005377604975658, -0.36587338515113627, -0.018225544252383347, 0.09847859446333365, 0.36180293020208404, 0.15710853808762973, -0.022688192348102376, -0.026001569918151536, 0.18482928085999586, -0.3662709323671039, -0.9406545166165751, 0.3193900838553574, 0.24674697264802192, 0.9762654795937689, 0.46701925420922713, -1.7275888100567771, 0.48261103844356956, 0.26094767348415204, 1.7334173937431252, -0.5249910864991854, 0.02252419267026501, -0.1553549326128634, 0.2458952577721154, 0.032485381037852125, 0.19522721430578446, -0.21696366940052203, -0.17202705267398014, -0.08498770674808494, -0.23463631046278297, -0.11917371608527608, 0.14909045478715108, 0.26448889426124816], "trans": [-14.073542815069644, 9.632399278426522, -0.5059597151201982]}