{"betas": [0.19173745763710806, 0.20679507266967936, 0.025545764337162807, -0.024244743693028488, 0.0007202369641003663, 0.013236882350636182, 0.021343764601424748, 0.007373052342460504, -0.01918535564321634, -0.005662447391478864], "pose": [-1.565315097425964, -0.15385229771410133, 0.15385229771410133, 0.19132094368975427, 0.08664087416928098, 0.07231813545726803, -0.733802726131848, 0.00966512780105393, -0.0041422227519165924, 0.3077066102102113, -0.035608655864201096, 0.0013773483615306095, 0.3236658855013602, -0.1666139750706412, -0.11021781877994619, 0.5225820541701647, -0.022863229034607493, 0.1116510336698588, -0.026880761609823677, 0.0016863421565659956, 0.01610613228192845, -0.10674764189382697, 0.05863865920379775, -0.055589421133097706, -0.14952565715941046, -0.1537848029793292, 0.23765826017364045, 0.020844422166176407, -0.05022409772369134, 0.0032022298126863466, -0.3130685003141154, 0.2616753523923128, 0.18730343618750867, -0.13818533978554828, 0.09257519641761144, -0.3924000285802562, -0.23829959255919397, 0.04497514571020674, 0.0384285469640625, 0.006476125921612094, 0.016465082360313785, -0.3405493689501971, -0.05587595536858317, 0.024303978656365976, 0.31779968137912074, 0.11049810028027753, -0.04835529345735312, -0.029141926069264967, 0.8924103452026333, -0.8677355794074985, -0.8400875107368144, 1.0667659258307103, 0.5330812224065294, 0.8086599191511734, -0.07122742098104903, -1.2473120381067742, 0.4111469542500608, -0.29319877950892, 1.2751568908206612, -0.3609942782813395, -0.17773449095439578, -0.08574776644698388, 0.1988929039965346, -0.041497533823064946, 0.12005431512829778, -0.17034010872116737, -0.09115347621801397, -0.06809523759203216, -0.22993030480803728, -0.10140631394184633, 0.12912925555134017, 0.24360735809423692], "trans": [-29.367070549004506, 4.263583001924311, -0.6997734395562376]}