{"betas": [1.8964894903024812, 0.31493576625010133, -0.1035326407414528, -0.4364464500446508, -0.04973432451903863, 0.09833628269918979, 0.014303769774192097, -0.026993742994641887, 0.07112343154180402, -0.03308173982274214], "pose": [-0.030632303020725445, -2.2074595939472177, 2.2074595939472177, -0.5430524350975797, 0.017916259749903005, 0.013314801007827906, 0.19292105378583288, 0.017701677266390548, -0.0012633069983562575, 0.14265101390806986, -0.0799600905621833, -0.03739501179531863, 0.05985903715033091, -0.10800397287016161, -0.09121455942492679, 0.1401296973351446, -0.03518418503374957, 0.09314997587055324, 0.07899473767517555, 0.09419803409260526, 0.021687531052451393, -0.14740840809140823, 0.18177447171922784, -0.05782324442294879, -0.37166011425469697, -0.24914227015139578, 0.35405763622989933, 0.07384551611219943, -0.13567891373300803, 0.0015631809940398235, -0.10234916267430455, 0.05641913325253359, 0.047610172256332926, 0.010912662997733876, 0.2655532191623771, -0.4781876031784976, -0.03879994257238239, -0.40808729163442925, 0.10580966376362472, 0.021322375508036846, -0.40018259089927294, -0.1467725932266467, -0.13446641788454827, 0.3463803094483401, 0.14200485657863493, 0.39141216810030316, -0.4490192471946767, 0.21308222877563224, 0.20525466191280523, 0.07155414207641311, -0.9108907556471689, 0.35999094569791806, 0.2668928614836416, 0.905235694563054, 0.5487871362811146, -1.0508072209849428, 0.05319661061721544, 0.5005305947997618, 1.1633550822903445, -0.1179825325053921, 0.25208054974041555, -0.10861392701093985, 0.08109974422907999, 0.21884394304100474, 0.0422987344433163, -0.09073527126203099, -0.24653364772909903, -0.054257824072265974, -0.14024018725100085, -0.1191872470269067, 0.13174784188511682, 0.13369898487785953], "trans": [-10.429911385315863, -2.5415686995574434, -0.7350796380052304]}