{"betas": [-0.10716845975804463, 0.03555393559239171, -0.022909588301634677, -0.0022321960585287635, -0.011360188238027402, 0.007048778770267401, 0.0026244476494828445, 0.001119221678184007, 0.011361241992361597, -0.011308692156923365], "pose": [-1.391766848162424, 0.8654816961680023, -0.8654816961680023, -0.5713586391985955, -0.03154653834471872, 0.19864391667809164, -0.6155253161772608, 0.006338071730218085, -0.18483621443788437, 0.4232245082042883, -0.006255169170490002, -0.0032256090413717766, 0.8079014035685967, -0.030669384552318015, -0.15708218346955252, 0.9270579798257105, 0.027600341831640857, 0.08582156942358286, -0.020308095924275717, 0.002711942732314291, 0.013885543653741924, -0.12194858872219974, 0.04924211863176436, -0.043891913543540315, -0.18216014329440353, -0.1364467480006434, 0.2056677651709036, 0.018777177476096685, -0.03233726797157137, 0.006464415834420588, -0.3018151243798383, 0.29467915277617196, 0.2051867399863293, -0.15874844276932468, 0.07346156765342206, -0.3491419655075844, -0.2160805829684843, 0.09187454383795446, 0.03429815238792567, 0.002766951222466455, -0.0821772881530613, -0.3504400457992994, -0.05087927552518958, 0.1531574498204606, 0.31611652160580156, 0.10955933710804043, -0.03799359285550776, -0.03516171887451594, 0.039095408580230646, -0.34160896812436403, -0.8494721000399217, 0.13649743813156065, 0.34556520183528017, 0.8379626652731099, 0.15013951571251172, -1.5026300323254076, 0.5533474937076017, -0.041967377403614524, 1.5819483791713969, -0.6167760319695136, -0.10192438119653408, -0.057371746915344406, 0.25305931692017114, -0.0018940478365870022, 0.12161970374055676, -0.23167026184822428, -0.1427090654507623, -0.07125464917585173, -0.23958171979162426, -0.1343136750356044, 0.13926124025769496, 0.2529375749727778], "trans": [-60.30219449739079, 5.236364102876969, -0.9261608338873318]}