{"betas": [-0.10716845975804463, 0.03555393559239171, -0.022909588301634677, -0.0022321960585287635, -0.011360188238027402, 0.007048778770267401, 0.0026244476494828445, 0.001119221678184007, 0.011361241992361597, -0.011308692156923365], "pose": [-1.3184640198557238, 1.0161306833959554, -1.0161306833959554, -0.4462650029023344, -0.04011366111685439, 0.1027091310307604, -0.37832421991379467, -0.024796729885286084, -0.09670554896683681, 0.3457169575600389, 0.017511968711132662, -0.010483795557803075, 0.7351555936252705, 0.013976413628924888, -0.15282856505146866, 0.8771130850888471, -0.01664468918770658, 0.08323071212413097, 0.005531976779677933, -0.007878933643646625, 0.01641571727652945, -0.08594554685033669, 0.05634850894425708, -0.008382633322923893, -0.18277268709593716, -0.1603829470482625, 0.15661327851851975, 0.024921748615133184, -0.02495507361144675, -6.04069656821881e-05, -0.3023805921932647, 0.2990720879354604, 0.1514661241357639, -0.14279970621602844, 0.1116602557624256, -0.291992687516306, -0.17409986462326452, 0.09457809273143375, 0.0508092198314682, 0.00021075604504670528, -0.1108062559090758, -0.3656586369655189, -0.052915844741951816, 0.18376135737709448, 0.34544115451985385, 0.17488624477364587, -0.03843322815282532, -0.050209308583655375, 0.07639638054676724, -0.3701577159925144, -0.8708559154997089, 0.1898691321575585, 0.3628460412752127, 0.8796405976694311, 0.24001814870436033, -1.6225518446537897, 0.5607844835289972, 0.05116170763117749, 1.6507574962751195, -0.607542409395833, -0.08298188888158754, -0.0830277762708497, 0.2451749427001579, 0.012391691286510877, 0.14142220646964812, -0.22804427634564983, -0.13094076315019607, -0.06970885171080515, -0.22710829675952987, -0.10946999772287022, 0.1390382240728425, 0.24301912763444222], "trans": [-64.31067529629391, 4.22460190816638, -1.2115500833199269]}