{"betas": [-0.19266644468801378, 0.5771463667239267, -0.16308379457488245, -0.06462538974507079, 0.08054580167251779, 0.027975024271901693, 0.03561269911626106, 0.05188376016633901, -0.05289357868361275, 0.00684608270928935], "pose": [-1.5441033810324793, 0.3388694725346085, -0.3388694725346085, 0.26678951357426484, -0.01561972381650209, 0.013668958081169122, -0.5350445562113421, -0.03226512945114449, -0.03269488628019036, 0.246303852209923, -0.019556248812398674, 0.004766699344600332, 0.5132452624796926, -0.19721542273990667, -0.11525610480456988, 0.363960355450057, -0.019625400612372522, 0.11280912031378414, -0.0021382563095731656, 0.009278075856507894, 0.024873161627293413, -0.016394544280394396, 0.07565303951526856, 0.02841534569794888, -0.032830832676636466, -0.1957240799816175, 0.13959957327810973, 0.06936934137905014, -0.04284071752831923, -0.01616014073660137, -0.26707362310581534, 0.204283877612273, 0.010121793013744952, -0.03896704868985504, 0.19735677602308285, -0.22530178335791323, -0.16338596109073614, 0.31264055256008966, 0.07394796375623916, 0.0631804568132917, 0.07412330162657498, -0.48331697699964693, 0.0017145888576247136, 0.012426264916837564, 0.5359047726708879, 0.19765200840449612, 0.48299530021512255, -0.07629598669655187, 0.17830983926912072, -0.4070698721059294, -0.728438203321721, 0.1854446256235248, 0.52971536615297, 0.6891452434228609, 0.4385988342214581, -1.7744181780305708, 0.4059668995915141, 0.3804772871434778, 1.7381622414381337, -0.34059515627155923, -0.05009193482862458, 0.028631606203000155, -0.08127150430806383, 0.013432386402885351, -0.02155718580602544, 0.0534416891294534, -0.15930984283799632, -0.07746209565583836, -0.17881978291309883, -0.08168602293861843, 0.12689694399617168, 0.22563100714322143], "trans": [-16.051804464731383, 13.269259371945227, -0.41213339619073647]}