{"betas": [1.7511515842605234, 0.3670231778082652, 0.03978433168027672, 0.004913282851196045, 0.02958606384598556, 0.001461046037256542, 0.028411238985692, 0.012589726574853976, -0.014340388809218167, -0.004234100351574732], "pose": [-1.5760345113852263, -0.12945420368693009, 0.12945420368693009, -0.4826015488134497, -0.013790906304280016, 0.13403618940138293, -0.3150375717933293, -0.039247620224556884, -0.09532783273034423, 0.2753017454503588, 0.017313533971721435, -0.018308751620708576, 0.5191686596353721, 0.003522419681450846, -0.13578568083295753, 0.6928217823283831, 0.11206685636074631, 0.06298382430286333, -0.027387916658495357, -0.025976914949030976, 0.01910290917987686, -0.04030657145552205, 0.11024253361920802, -0.11495539520681446, -0.170241707069027, -0.15924847222241414, 0.23213065690794762, 0.027681600216822852, -0.03513797898299673, 0.006158878148362417, -0.25708493288131845, 0.2158217719047669, 0.2660509465317174, -0.1342768630956231, 0.10202047493082553, -0.35306111723804695, -0.20388027913481327, 0.12499457284312683, 0.03219962067711561, -0.020214057522534083, -0.0019571790962919495, -0.2892493018635736, -0.05702347210860519, 0.02765523981338436, 0.28521861845096896, 0.11276177279241484, -0.0034644269929721043, -0.025846130662768307, 0.01332812650154848, -0.2925281700140129, -0.6876226337728868, 0.11858797251503346, 0.22090476421018332, 0.7005428900988404, 0.09962549065393975, -1.3896429253097633, 0.4700012265515462, -0.10624253977320684, 1.299770851240679, -0.4804895136922413, -0.12295768904222394, -0.09412597140667174, 0.1620327740424326, -0.06981529160591556, 0.1087766624453679, -0.10968205588004891, -0.1317236926343942, -0.049368434456941994, -0.2132636939415985, -0.1110616158894067, 0.10292395087077565, 0.21282596098166065], "trans": [-28.748814638756414, 4.776662717086186, -0.8186870919696673]}