{"betas": [-0.04531959800123942, 0.25816046623113975, -0.10443940742347267, -0.07597029208210594, 0.013911735992459227, 0.013954990810594958, 0.00840059268463032, 0.018210526354907698, -0.01144635948893292, 0.002226290135924623], "pose": [-1.5698857541068656, -0.06273371600329083, 0.06273371600329083, 0.1897316911678581, 0.01653888716646412, 0.05535420913643909, -0.59675875705866, -0.00839021768126037, -0.034995497863919825, 0.41433307988843876, -0.03330316422271176, 0.0025778217236600695, -0.04389253583772438, -0.04712560647473788, -0.14425447600014918, 0.44109692811598256, -0.0005335266104503905, 0.10025374243263202, -0.03533109208743143, -0.015878292997307787, 0.021984942097616006, -0.0744477929406537, 0.09716685100688768, -0.06755020996118014, -0.1075039092751678, -0.17961321740082942, 0.2341877174932864, 0.02971689054865473, -0.05398625101797757, 0.01236249211079423, -0.2575979807486629, 0.20008874711119728, 0.1717876175918052, -0.10722085135771194, 0.1317821352935177, -0.3691059879364932, -0.18491494865684996, 0.10069073491279455, 0.02291929063412655, 0.02862700624759065, -0.06239969393081672, -0.39509775342067993, -0.010070322433723179, 0.07574881728411044, 0.3978171236728083, 0.13370161798815675, -0.019236646857398072, -0.01004791405364467, 0.0392766300841789, -0.27704292874362624, -0.7639237161914948, 0.15474401575333505, 0.17376238657207252, 0.7778720597852251, 0.13924973856810063, -0.9401956429764404, 0.2772548557393721, -0.0761238735020827, 0.8876299297777634, -0.30143547814766425, 0.03224522175153051, -0.04558542706917761, 0.13470169773855167, 0.03462341927212024, 0.06572457773438892, -0.09186180159801705, -0.198241633755927, -0.07672149892255534, -0.21405997087627163, -0.13554424378739807, 0.12477218849996466, 0.22563126599307307], "trans": [-28.281498011095575, -0.4358038609738573, -0.8530140639916922]}