{"betas": [-0.04531959800123942, 0.25816046623113975, -0.10443940742347267, -0.07597029208210594, 0.013911735992459227, 0.013954990810594958, 0.00840059268463032, 0.018210526354907698, -0.01144635948893292, 0.002226290135924623], "pose": [-1.567382228493031, -0.12144617597261655, 0.12144617597261655, -0.02056181822109565, 0.07348145845267348, 0.04326661423363165, -0.4328158044162042, 0.05488357425212781, -0.043059142461366696, 0.2547271532870224, 0.06218584710328345, -0.017327754594126294, 0.8599388780981766, -0.1179167236132273, -0.08273112249903547, 0.3453482337978062, 0.007516022689154083, 0.1579577224640595, -0.021249408398998186, -0.016887678096221718, 0.022315056779217086, 0.0532402275090274, 0.08945344330466166, -0.015233088246279792, -0.08570863022684296, -0.17150305100938326, 0.11766989075509195, 0.07706429219562079, -0.02526272775365254, -0.019980122422654813, -0.2865828752662329, 0.2176466292050249, 0.11383382093985638, -0.10111358491967136, 0.17302449375575307, -0.2056058319857594, 0.03185786111721239, 0.03770848278917263, 0.0736431804019492, 0.04902544470760225, 0.09463768340301597, -0.4889557353477899, -0.013230942447560727, 0.014929229987090639, 0.519503986643349, 0.37259886843675055, -0.08161516649158403, -0.06811174970660505, 0.07087905364101542, -0.21622663427567432, -0.8796949757577469, 0.19303406158614939, 0.25726383085159277, 0.8509798077270614, 0.1527740278171367, -0.5166802127148138, 0.13745080278819197, -0.08005246431127931, 0.4811206212308031, -0.1437537353386768, -0.04606315402396603, 0.02229098381022108, -0.059075433913575635, 0.004202916059843455, -0.0020848917056133756, 0.02557076242411602, -0.19078497260365754, -0.06556438968215916, -0.19248641918884407, -0.10045496503516788, 0.11355252292932216, 0.2245822926181821], "trans": [-28.169394283706602, -1.521386418503733, -0.8645999499998438]}