{"betas": [0.19173745763710806, 0.20679507266967936, 0.025545764337162807, -0.024244743693028488, 0.0007202369641003663, 0.013236882350636182, 0.021343764601424748, 0.007373052342460504, -0.01918535564321634, -0.005662447391478864], "pose": [-1.5683239252979964, 0.43145825294084184, -0.4439582529408419, -0.3021955119160502, 0.0003449007171520725, 0.023929876490932797, -0.48619668299254165, -0.07828546680334426, -0.0035002612092533483, 0.33180230674644434, -0.01844441208319579, -0.02324232359257751, 0.3643464940047718, 0.04517933275232926, -0.1065790805040176, 1.1183618782659113, 0.2014330964295708, 0.11690252484338878, -0.06994204215131103, -0.008070863007199686, 0.026035159183199895, -0.11691596402513585, 0.09088817937432693, -0.04763461981270177, -0.19641143952912207, -0.142552385611004, 0.22611271894268103, 0.010151038923478267, -0.0447055580629263, 0.006799853510743569, -0.26495310134560013, 0.24754973201238897, 0.20127585658429187, -0.16578834213771415, 0.10654602037771156, -0.34609008604931407, -0.2783148418814223, 0.1448924377548464, 0.03437907910691491, -0.057679661630991245, -0.04342853963867119, -0.2938799185489811, -0.07579703544672253, 0.05365165275834029, 0.3341092700485172, 0.1105743673430296, -0.011443901366805875, -0.03559186155407065, -0.11058320963080825, -0.3954000378220973, -0.6839445153747273, 0.07777226315685438, 0.24975068526386754, 0.7811160690219722, -0.12596490471055796, -1.3077440214400549, 0.5952197311351947, -0.28676882346183286, 1.1075446557163497, -0.5595022472839988, -0.1903126711304298, -0.020035739637612807, 0.1752701293129168, -0.11857180058343035, 0.04319814168033128, -0.08185514691860431, -0.07227976136942905, -0.0544879164558398, -0.19938884311024296, -0.08282408705350144, 0.1054415138978446, 0.20201767231050635], "trans": [-21.988054616954294, 16.570194949934223, -0.5003522868743082]}