{"betas": [1.7511515842605234, 0.3670231778082652, 0.03978433168027672, 0.004913282851196045, 0.02958606384598556, 0.001461046037256542, 0.028411238985692, 0.012589726574853976, -0.014340388809218167, -0.004234100351574732], "pose": [-1.5746450071931961, -0.1271629205855579, 0.1271629205855579, -0.38103965153467645, -0.0023965961688230774, 0.10873808584744532, -0.3419079951927585, -0.024405965879605827, -0.08907264351768052, 0.26619577797591754, -0.008130830423375996, -0.01818195661068042, 0.5693268208143883, -0.033206047279349435, -0.13934060082163768, 0.7992324872331122, 0.09542811580778134, 0.07120770107863877, -0.02003476274574875, -0.02484126080327813, 0.031938357487125146, -0.07849430404374301, 0.10758884308244664, -0.07023256700034018, -0.16026240466972194, -0.16171806437603983, 0.2240930170561644, 0.03135563850838791, -0.05167391721360972, 0.004131216851648782, -0.2728669550782122, 0.22525875432230558, 0.2121629988766454, -0.1483361293053057, 0.11747816763378932, -0.3406773752135112, -0.19035306030331492, 0.1115796675264004, 0.04703667630279386, 0.004552318572880743, -6.856725131479812e-05, -0.3424796171798959, -0.03696948626546046, 0.007106215798445447, 0.3657755962493055, 0.151309077196391, -0.015538170172214845, -0.033224279368348986, 0.024110147937932456, -0.3262649312085348, -0.7510175524017667, 0.1803161552895987, 0.18171162486596562, 0.795346631140261, 0.14413169021009975, -1.3337317060292488, 0.4503498920952404, -0.07855856105742702, 1.1592387798119543, -0.4289574387379953, -0.10242205039893831, -0.06517865494134466, 0.13235870549976586, -0.05436671617924995, 0.07573229662962981, -0.07005531277005835, -0.12480580560206798, -0.05503587608970288, -0.2061496787587517, -0.10552633202423178, 0.1085176575036479, 0.20986289952419204], "trans": [-28.77551166815546, 4.9422076026485495, -0.8152103937648066]}