{"betas": [1.7511515842605234, 0.3670231778082652, 0.03978433168027672, 0.004913282851196045, 0.02958606384598556, 0.001461046037256542, 0.028411238985692, 0.012589726574853976, -0.014340388809218167, -0.004234100351574732], "pose": [-1.5838760322550425, -0.06533527798351357, 0.034566047214282775, -0.3824334955739464, -0.007394335318478495, 0.1076115487901029, -0.3406082407237068, -0.023536991552983295, -0.08709232846453197, 0.26730632854190545, 0.0033871735997174557, -0.012829196972384953, 0.6300253220811782, -0.030579439605668963, -0.13936536251397016, 0.7796704904736305, 0.07712097851923842, 0.0713509238350768, -0.007456637450069199, -0.018559103768751417, 0.02448476221790672, -0.10131041001781774, 0.08730303170548347, -0.06865141374183949, -0.18443095576080704, -0.15229548375993499, 0.2058148069746739, 0.01649293717206003, -0.03660340634624427, 0.003280202088621892, -0.26909747994786365, 0.2520942049019591, 0.2143441732898112, -0.13703008546915843, 0.10613423759941328, -0.32737296676397115, -0.20780745949140622, 0.11579978633128865, 0.05524527800313374, -0.009990517492055383, -0.0639926589152383, -0.3380687731928404, -0.05838198314671575, 0.10568145127294984, 0.33519705782508885, 0.14288855246975798, -0.02160031244644674, -0.04623317896492626, 0.03980982164013818, -0.3434613626688988, -0.7640415573247598, 0.15546713526233727, 0.2987841684397474, 0.7753403556068171, 0.16246633805955152, -1.5599742234596297, 0.3543447563156085, -0.04184986075231676, 1.395357363861317, -0.5052805527375152, -0.10160961879979712, -0.08086978043797277, 0.15947374355852564, -0.04363376619840903, 0.10610852774807476, -0.12296081624944277, -0.12708244634582266, -0.05541868814396046, -0.21826907509012153, -0.10875264453108657, 0.11720739263581895, 0.22065773695692792], "trans": [-29.085221904432334, 8.93421753851586, -0.6816183035134539]}