{"betas": [1.8964894903024812, 0.31493576625010133, -0.1035326407414528, -0.4364464500446508, -0.04973432451903863, 0.09833628269918979, 0.014303769774192097, -0.026993742994641887, 0.07112343154180402, -0.03308173982274214], "pose": [-0.24082905735767873, 2.114300290243544, -2.114300290243544, -0.5475755925054397, 0.01335330793752063, 0.07782701005988592, 0.13082768197065464, -0.04568229849872585, 0.014001567804895565, 0.14265101390806986, -0.0799600905621833, -0.03739501179531863, 0.31637073624984363, 0.01553696216540014, -0.010508764115342885, -0.03380405021696936, 0.011244486298527596, -0.006802841366576988, 0.07899473767517555, 0.09419803409260526, 0.021687531052451393, 0.046349757198110714, 0.18794683143974367, -0.14794968884957319, -0.04464776049870996, -0.14590676195628055, 0.23122626756699483, 0.07384551611219943, -0.13567891373300803, 0.0015631809940398235, -0.11429757971455164, 0.06735628011204006, 0.2501924973975982, -0.08161265909317407, 0.12699758985957157, -0.33749896008033886, 0.19486444933186142, 0.01176488053642951, -0.12202668031823419, 0.026727752422019826, -0.1763947471828054, -0.12551264779128063, -0.10787565279353084, 0.11322888510881327, 0.13768010373643613, -0.004786381022993922, -0.7568325676592985, 0.06677441605359609, 0.20525466191280523, 0.07155414207641311, -0.9108907556471689, 0.35999094569791806, 0.2668928614836416, 0.905235694563054, 0.5487871362811146, -1.0508072209849428, 0.05319661061721544, 0.5005305947997618, 1.1633550822903445, -0.1179825325053921, 0.025292764061273433, -0.10739485168488334, 0.044162550492720214, -0.06288649547642589, 0.0901934856257351, -0.04771992533420447, -0.25019268675545403, -0.029860435003128655, -0.17347776825547456, -0.13715347757072144, 0.10460062779756192, 0.17052619825791052], "trans": [-10.727908917058901, -0.7759805414946098, -0.7890830884124213]}