{"betas": [0.33303066142902105, 0.22906885785386125, 0.1321746135337195, 0.03485680493593007, -0.034928744222964915, 0.03738652273642406, 0.06435992437738675, -0.06135207138309116, 0.004712805749211021, -0.03328562850670294], "pose": [-1.2282324970983887, -1.3385900748579698, 1.31359007485797, -0.15075322235547925, 0.0046509425105620145, 0.023513712145060775, -0.4795430660265218, 0.019356831861688482, -0.0112482096207707, 0.2833280549735451, 0.07046724622143097, -0.0025587380891285913, 0.3250230010344032, -0.062428976915448214, -0.20290805833626654, 1.1838010035307545, 0.07633081540469878, 0.06861051906429992, 0.03951620026363131, 0.04050760281142988, -0.024042104262464184, 0.06675513274961102, 0.05222420667292775, -0.031793667438666205, -0.1622543677718574, -0.1836024561852831, 0.11711207147208089, 0.0677810825809237, 0.009931322705741574, -0.015739685442928003, -0.3573962721586097, 0.3035171580302687, 0.18665314885999082, -0.15106633167550285, 0.10962077605685985, -0.26107015014482005, -0.06424789348316283, 0.18152769904143115, 0.032956647886861, 0.06597934950460735, 0.11008896496694669, -0.46762745709521913, 0.02551702986654317, 0.06403043171595585, 0.4041614163407901, 0.2456502634628996, 0.10302780989271326, -0.10189662185983997, 0.26115892829876813, -0.226295286162139, -1.105636744073852, 0.32716831010230635, 0.3367217456903414, 1.0178640940644297, 0.450269792851363, -1.8181450039603375, 0.5484742138039161, 0.22771411824902435, 1.7599477729203936, -0.5148688224860566, -0.1507351998397191, -0.10856619638623398, 0.27085156646133707, 0.025376747467718026, 0.18262820581369119, -0.2725608620943876, -0.15811265781457748, -0.0791274302305015, -0.2248905427339305, -0.12510864680587724, 0.13144526280966617, 0.2582835178337268], "trans": [-20.078175408556746, 11.632988299753894, -0.6429139561257924]}