{"betas": [1.7511515842605234, 0.3670231778082652, 0.03978433168027672, 0.004913282851196045, 0.02958606384598556, 0.001461046037256542, 0.028411238985692, 0.012589726574853976, -0.014340388809218167, -0.004234100351574732], "pose": [-1.5656184224875067, 0.33912116141059023, -0.34412116141059024, -0.007453317717512599, -0.01893196568154086, 0.015717499617114286, -0.46234648863155037, -0.017075402126829727, -0.05724315848353745, 0.23484157677122078, 0.016432805408049388, -0.010625597967031606, 0.22880517311926965, 0.022681627759875707, -0.14304639688236734, 0.7505791081840809, 0.012432677717775932, 0.07690584646241552, 0.01679922152481512, -0.03391923357575533, 0.014070135092485654, -0.05363056531348171, 0.0715354924507795, -0.06203510672296428, -0.1386748348509664, -0.14652666332665226, 0.19088672491901318, 0.022322443067436245, -0.027583728931274757, 0.01356111057455423, -0.2559180394501252, 0.27772325159909006, 0.19291387433515714, -0.11728365043273205, 0.11200770556444879, -0.29983351364755506, -0.1307699113668213, 0.11496520115523405, 0.020020514351868357, -0.009639864889482656, -0.25182109413565795, -0.3058568787749735, -0.034863153416835484, 0.2812881424514726, 0.28773309759494525, 0.13544181857600626, -0.04500793290589321, -0.0032580825605808064, 0.05327886709899247, -0.41680388325391127, -0.7407055201535342, 0.1880239750954428, 0.37728372154723133, 0.8145779953149822, 0.22201751977940432, -1.4111508652235083, 0.41788614553873865, 0.16165322364019943, 1.4982047910065126, -0.4407452237516643, 0.02528040547912015, -0.1098196326522216, 0.2883508606305438, 0.06278469328049921, 0.15278074027513366, -0.2356426445677176, -0.14990271081971612, -0.06117828777767835, -0.20197806812316246, -0.13369400636444423, 0.13764094230057383, 0.21907638527516568], "trans": [-29.11010290555744, 10.545110786664031, -0.6567281541227675]}