{"betas": [0.19173745763710806, 0.20679507266967936, 0.025545764337162807, -0.024244743693028488, 0.0007202369641003663, 0.013236882350636182, 0.021343764601424748, 0.007373052342460504, -0.01918535564321634, -0.005662447391478864], "pose": [-1.5696550532850728, 0.07023111360189825, -0.07023111360189825, -0.3021955119160502, 0.0003449007171520725, 0.023929876490932797, -0.48619668299254165, -0.07828546680334426, -0.0035002612092533483, 0.31055223921355546, -0.010015962631428463, -0.021537317852195526, 0.3643464940047718, 0.04517933275232926, -0.1065790805040176, 1.1183618782659113, 0.2014330964295708, 0.11690252484338878, -0.035017404122864984, -0.01779320269229492, 0.03636696466239401, -0.10112737303435232, 0.08724479355597269, -0.057231229218670694, -0.17391226594994783, -0.1498368440344317, 0.23102168930145708, 0.02552233774107094, -0.051178942236364926, 0.009166586872806446, -0.2892235357330697, 0.2620561606324394, 0.20325924336097495, -0.16627331736370765, 0.11128085255154849, -0.3449152546538931, -0.20247928362685594, 0.15712509007650993, 0.04038332110533796, -0.029983342601936497, -0.024742592610216944, -0.30561769520124593, -0.047468686897391456, 0.01324442760286791, 0.3573765478748598, 0.15616900486183646, 0.012326069007103467, -0.037243613128423794, 0.8924103452026333, -0.8677355794074985, -0.8400875107368144, 1.0667659258307103, 0.5330812224065294, 0.8086599191511734, -0.07122742098104903, -1.2473120381067742, 0.4111469542500608, -0.29319877950892, 1.2751568908206612, -0.3609942782813395, -0.14272440409275458, -0.05214835893573556, 0.1947880653860875, -0.08566740161974977, 0.06895602942929693, -0.10309055147993575, -0.07287602248116698, -0.056123003701326266, -0.2077758957321027, -0.09397678268433433, 0.11138954059706299, 0.21715403474776515], "trans": [-29.95009331252737, 8.943469939787818, -0.566416478275595]}