{"betas": [1.8964894903024812, 0.31493576625010133, -0.1035326407414528, -0.4364464500446508, -0.04973432451903863, 0.09833628269918979, 0.014303769774192097, -0.026993742994641887, 0.07112343154180402, -0.03308173982274214], "pose": [-0.2496686125514497, 2.0955756192423656, -2.095575619242366, -0.38998832175694637, 0.028360790869653096, 0.1814961616595891, -0.17446619881498843, -0.042150540062566, -0.03961289487473351, 0.3335718973177471, 0.03642668041824614, -0.0043367494158012086, 0.3628571482376377, 0.05514546228155049, -0.1290547703511113, 0.3513136661557853, -0.018815274890637567, 0.06871821796669689, 0.015029366231063808, -0.040405192159633, 0.025476787254604786, -0.02783633938967441, 0.12753761823779106, -0.1092803268027563, -0.12381996877253841, -0.16998058044800132, 0.18286434799598142, 0.03126171089290907, -0.01610207766653283, 0.01452724520014483, -0.21386860219385379, 0.17354811068616546, 0.23111222683361538, -0.05826786946826633, 0.11340483048999049, -0.29168298945166876, -0.0965488123323991, 0.012258281673138317, 0.051059818325987244, 0.027304530975611686, -0.18702137459718965, -0.3162947701207321, -0.01818482074434687, 0.26456349088457104, 0.2955714500008798, 0.16721417161885335, -0.1370039775746376, 0.027520011175639084, 0.1904009451285582, -0.30617866637758306, -0.7505772156125025, 0.17040304130561937, 0.374114565965076, 0.7025417360662682, 0.41187995065538224, -1.0293294219252613, 0.08878532444388053, 0.2412962974585539, 1.0273725521022086, -0.12319531926581893, 0.05741373743843842, -0.12179389474139787, 0.10311795445087268, 0.0754803278364034, 0.10913315236319461, -0.07904937784192395, -0.21341554589141817, -0.04350766810449044, -0.18038116259111933, -0.1390498171956232, 0.1142951281924668, 0.1667529832346895], "trans": [-11.482579819698488, 4.088309394436349, -0.7020500144472296]}