{"betas": [1.0007394031128156, 0.13998077818863408, 0.20322321153559939, 0.06919845010960525, -0.06355964225067326, 0.0988583210768853, 0.031004152589175965, -0.07600298470585287, 0.01954775199647453, -0.05391534064665776], "pose": [-0.17393330967295734, 2.1367268123487047, -2.1367268123487047, -0.2347239372603315, -0.006543725241154192, 0.04233327031827815, -0.4625359861239493, -0.022324353115441238, -0.08857520804464178, 0.2094626374175663, -0.04324420758472459, 0.021526056683454857, 0.8745264176326476, -0.09449388169240663, -0.1600196037615243, 0.5542898328580336, -0.021580003628959735, 0.08642789616551538, 0.04178366133097622, -0.01840877614659247, 0.027744659948968672, -0.10084829865757657, 0.1210700061905832, -0.0820829548522019, -0.06530007704263914, -0.21946603392012412, 0.2543887076888625, 0.04769288234959022, -0.046809257078784076, 0.005306362479067976, -0.2699475155584361, 0.18138325270835556, 0.17491639390603042, -0.08379638312116923, 0.1801410871525234, -0.4001327165855363, -0.07402757346004851, 0.0018325584964287039, 0.07196846808977184, 0.06027852817119549, -0.08024404294602, -0.32349910368009427, -0.021789864234406642, 0.1368243924521118, 0.2913949961653649, 0.19339213830137442, -0.07873000171850178, -0.01341275680334456, 0.2318083965664719, -0.2863885750210783, -0.7978275450969351, 0.24954573737209645, 0.26020097035457235, 0.6896938197301401, 0.5641905539797407, -1.2711456836983486, 0.11069529587221423, 0.31363322679427014, 1.2090668017801853, -0.1201105305357201, 0.048416084213388354, -0.15144194072180056, 0.058346225336150505, 0.11208533652306549, 0.1215376899404613, -0.04557762428124031, -0.18644532737434583, -0.05002691789626299, -0.18084755601885338, -0.12076892109062774, 0.11674127615035837, 0.1763231275748312], "trans": [-10.353397125895818, 0.8197467561388413, -0.7395994628753187]}