{"betas": [1.8964894903024812, 0.31493576625010133, -0.1035326407414528, -0.4364464500446508, -0.04973432451903863, 0.09833628269918979, 0.014303769774192097, -0.026993742994641887, 0.07112343154180402, -0.03308173982274214], "pose": [-0.15513034371841178, 2.1465268184341775, -2.1465268184341775, 0.14535080839656184, 0.0794475126779928, -0.025193069040136157, -0.6339873196221828, 0.03214308428828259, -0.035171486816728964, 0.14265101390806986, -0.0799600905621833, -0.03739501179531863, 0.578465005154259, -0.15984576867202777, -0.09724811711904392, 0.4977558747402102, -0.14370551297251208, 0.11407087458111337, 0.07899473767517555, 0.09419803409260526, 0.021687531052451393, -0.10089347163372034, 0.12554004234563845, -0.009329110992425584, 0.028780019749573532, -0.2613568629491883, 0.25805294409859514, 0.07384551611219943, -0.13567891373300803, 0.0015631809940398235, -0.29086733603255654, 0.17799377785231837, 0.0524336596233281, -0.050001482203908924, 0.24475924279401545, -0.4359592264753592, 0.07104644819788246, -0.0552413506357922, 0.08805484308140563, 0.0813666878965953, -0.05374410611688358, -0.2993409333538031, -0.045704113379187075, 0.12477647245908595, 0.25773243623925424, 0.30165674868429937, -0.09441503246726371, -0.010897125462742211, 0.20525466191280523, 0.07155414207641311, -0.9108907556471689, 0.35999094569791806, 0.2668928614836416, 0.905235694563054, 0.5487871362811146, -1.0508072209849428, 0.05319661061721544, 0.5005305947997618, 1.1633550822903445, -0.1179825325053921, 0.053744996786211426, -0.1245621728788498, 0.10414981201071946, 0.13951888625327058, 0.11050902478638855, -0.11012828256871715, -0.1999151262606508, -0.07141417496605816, -0.17348785414345863, -0.10591712299613872, 0.13361981611070348, 0.19395000250540634], "trans": [-11.059390157414807, 1.2238928434443748, -0.7850118900596514]}