{"betas": [0.19173745763710806, 0.20679507266967936, 0.025545764337162807, -0.024244743693028488, 0.0007202369641003663, 0.013236882350636182, 0.021343764601424748, 0.007373052342460504, -0.01918535564321634, -0.005662447391478864], "pose": [-1.6435641037704873, -0.21725877280107891, 0.14225877280107893, -0.24447167733106315, -0.009488139191764132, 0.017940787998638366, -0.25993991511094505, 0.005222737768565257, -0.011520544391981614, 0.38822527107650845, -0.0028786441572385903, 0.012925580910243895, 1.0580474574390262, -0.12833858765015016, -0.0842992357781316, 0.27654263543381774, 0.04701582872383438, 0.14972703988801594, -0.07361024321182492, 0.011118859194981618, 0.011461216796955893, -0.08843388628768596, 0.1278259046676773, -0.07850239544565407, -0.13936136223439993, -0.24225579682275916, 0.21434279953283625, 0.042579704432229845, -0.019288768001395812, 0.009524711808860446, -0.2565292375735658, 0.15054178034167498, 0.15976482393881322, -0.08687036762942915, 0.1491444821618305, -0.384478253434382, -0.17630475193064576, -0.020100051672568953, 0.03766128807550012, -0.004702604567943395, 0.042570231649893805, -0.29087098632536534, -0.05264275219931879, 0.06727644160292827, 0.28240198240327563, 0.11678864019570838, -0.1029804216282951, 0.022582254133637018, 0.8924103452026333, -0.8677355794074985, -0.8400875107368144, 1.0667659258307103, 0.5330812224065294, 0.8086599191511734, -0.07122742098104903, -1.2473120381067742, 0.4111469542500608, -0.29319877950892, 1.2751568908206612, -0.3609942782813395, 0.0011248544317810827, -0.0568917521794157, 0.08490445360614206, 0.057069728691488596, 0.04553202968356266, -0.05889618788463991, -0.1837912714349898, -0.05460855001375006, -0.17828802940189578, -0.09194982964705732, 0.10059314201299976, 0.16995149051919511], "trans": [-28.66285308316938, -1.0851829574780543, -0.87053411250104]}