{"betas": [0.33303066142902105, 0.22906885785386125, 0.1321746135337195, 0.03485680493593007, -0.034928744222964915, 0.03738652273642406, 0.06435992437738675, -0.06135207138309116, 0.004712805749211021, -0.03328562850670294], "pose": [-1.5912847947342974, -0.3562209807022663, 0.3562209807022663, -0.33743647518001296, 0.05628861739587067, 0.02170371639970091, -0.2873404657508418, -0.010866382655764284, -0.014992868134436219, 0.232950870066999, -0.05372295818134519, 0.015432298629311374, 1.3549486851366048, -0.03721736292777491, -0.08764914869986207, 0.4115271019879198, 0.05248990353184598, 0.08553165734296922, 0.049165861814865236, -0.024220690794265955, 0.04231946979358853, -0.0942875859503336, 0.06938550010912402, 0.007954419740767193, -0.10648137002967326, -0.18975435168729993, 0.1667286879850583, 0.044988489970094574, -0.06616950871110351, 0.006556418071495857, -0.3304391219335749, 0.26204488385783153, 0.058196148556595134, -0.07142927262974147, 0.1543250887048332, -0.3198821986689172, -0.04603816627140084, 0.10268406745895349, 0.08117168561323457, 0.05669488467325381, -0.07742369804356856, -0.3998787164137738, -0.02777996171470945, 0.08016415684131169, 0.3912175290843768, 0.2726457148884824, 0.01975446803433019, -0.06604337027400717, 0.17212495849465898, -0.3753182539244943, -0.9468083758869383, 0.284172686085157, 0.24566892658057865, 0.9176878368332395, 0.5370659607311079, -1.7065470921144372, 0.46953782070230954, 0.20247564188988054, 1.6738221592973879, -0.5403240780654244, 0.0331165594992206, -0.12127228751606231, 0.15665990025497742, 0.05038125539011898, 0.151297143048102, -0.16876467583681756, -0.16639163593217976, -0.08443579739505204, -0.24144492655175243, -0.10881235982772838, 0.1516438672547863, 0.27247484149790596], "trans": [-13.611900894828915, 8.606485704088325, -0.5192771795463335]}