{"betas": [0.19173745763710806, 0.20679507266967936, 0.025545764337162807, -0.024244743693028488, 0.0007202369641003663, 0.013236882350636182, 0.021343764601424748, 0.007373052342460504, -0.01918535564321634, -0.005662447391478864], "pose": [-1.5486357034256355, 0.08756610233942157, -0.08756610233942157, -0.6576777581140811, -0.03377833493091275, 0.020942758162491623, -0.15053043661708465, -0.04294508259826605, -0.014148514483454042, 0.31329572263118954, -0.013505810402087079, -0.0032062203928481157, 0.4082484597199252, -0.027652149676469697, -0.15877723731615154, 0.2526605061461409, 0.04214393011514503, 0.08794212772046286, -0.04445535895478706, -0.0026254184580089797, 0.01748813559984035, -0.0794188043296387, 0.09023774624417136, -0.07710368912926295, -0.14502275618589244, -0.17128032222056555, 0.23429556140160526, 0.02358110047786342, -0.03635417159372058, 0.0075905785454248925, -0.2719745995668377, 0.21644048488740208, 0.19806132778342037, -0.1250018393697566, 0.11760206553894277, -0.3758167370830374, -0.23008309266070806, 0.07668514443218392, 0.03609491013001055, -0.013152884662630671, -0.0007377046547393583, -0.31648905467996813, -0.05394922840293968, 0.05218277172365982, 0.319259271237458, 0.1099895967213797, -0.03980808323215297, -0.01749029218873349, 0.8924103452026333, -0.8677355794074985, -0.8400875107368144, 1.0667659258307103, 0.5330812224065294, 0.8086599191511734, -0.07122742098104903, -1.2473120381067742, 0.4111469542500608, -0.29319877950892, 1.2751568908206612, -0.3609942782813395, -0.11752822115630486, -0.0715364287480004, 0.1628139568115562, -0.0362931265375601, 0.08562736905854397, -0.1115453179150151, -0.11889483507138324, -0.059975748749106064, -0.20594147235044924, -0.09851895867665238, 0.1123659970767942, 0.2099885439382684], "trans": [-28.940039379811278, 0.5470215435998801, -0.8620150241574631]}