{"betas": [1.8964894903024812, 0.31493576625010133, -0.1035326407414528, -0.4364464500446508, -0.04973432451903863, 0.09833628269918979, 0.014303769774192097, -0.026993742994641887, 0.07112343154180402, -0.03308173982274214], "pose": [-0.18537502465675781, 2.1306837174699593, -2.1306837174699593, -0.4273424036163881, 0.04559842523933256, 0.10990626328167202, 0.20407636563139608, -0.03244896848853833, -0.10381229142229148, 0.14265101390806986, -0.0799600905621833, -0.03739501179531863, 0.30585987546987087, -0.020008041625376696, -0.10492837701405135, 0.3550113702584665, -0.07857099798355763, 0.14704928671721593, 0.028111979873933872, -0.014368234566669622, 0.013687481963378476, -0.0789520451807947, 0.12338889087293514, -0.08568140508088248, -0.061521810023559075, -0.2307324677524704, 0.2110586013716075, 0.07384551611219943, -0.13567891373300803, 0.0015631809940398235, -0.18243879021364579, 0.2478939550534098, 0.2647659969819973, -0.10034036815900023, 0.1347697750987197, -0.23355733474915358, -0.14661842606157174, -0.011250205202529513, 0.05479757802282894, -0.006896331838770954, 0.014443634222849444, -0.18386748234834963, 0.152426177928504, -0.3859630787254888, 0.334287222560101, 0.36375919045520344, -0.0012511680142957907, 0.0007163117001225448, 0.5254799784856087, -0.2601785422613947, -1.1406621012892686, 0.6510837400507927, 0.7684954422659669, 0.8764565791316427, 0.4619429661773653, -0.9806371589759544, 0.2914898403174079, 0.10575352387410687, 1.110385559030151, -0.3636765497288197, 0.1584292201232722, -0.1260578759005556, 0.18817141747760083, 0.21588528935258253, 0.12352705649392344, -0.14331601591067653, -0.21053614084672415, -0.03637568229465339, -0.14523954895715482, -0.15140400120321348, 0.12955905129297118, 0.1276886342299326], "trans": [-12.180144345622638, 10.944839580302801, -0.46316590594477797]}