{"betas": [-0.459125293958982, 0.2836700625543276, -0.2828307762064238, 0.06170009900103966, 0.04114696315793381, 0.017447099752977802, -0.018216663065381097, 0.013285817624318214, 0.01584973647464493, -0.019639755817989615], "pose": [-1.4544945383161927, -0.948044072005195, 0.9480440720051951, -0.2946085884859284, -0.003946734216834474, 0.008995194211668507, -0.39926950083030865, -0.08756113771187896, 0.00029511233507040907, 0.17668919576275374, 0.015248370070662301, -0.02534033000061228, 0.5184361010721968, 0.0030589525954200017, -0.14080439253223512, 1.385246723353976, 0.008180115731314726, 0.09712920930564883, -0.025190146373678394, -0.0026595630285655113, 0.03110874616058065, -0.12199258349255615, 0.0844564823174264, 0.015186293775407792, -0.20065634501360088, -0.1875022806299613, 0.1439478844480934, 0.04621833867505889, -0.03639348745667295, -0.013027448542490824, -0.3062784316043213, 0.2752691274639242, 0.1522275024066247, -0.1936258033634903, 0.10925461985135776, -0.28918220656403626, -0.16021726631866426, 0.04993324193640599, 0.09262892566436613, 0.03800093096965794, 0.09732045923752466, -0.4310209816113949, -0.07756171280341279, -0.000720423145547032, 0.412147325605623, 0.09787250424801025, -0.5001856416501602, -0.06875801147070051, 0.032947694981212645, -0.1325395175909335, -0.8886073615025295, 0.19474971101699864, 0.26956149464556406, 0.9108909435341552, 0.09836042199772352, -0.33542635960840517, 0.14028653068327554, -0.07141897172544831, 1.587687036780693, -0.6587270144472646, -0.04458828580978222, -0.007581650375403939, 0.18105022742250526, -0.030598041036101035, 0.11785743232594713, -0.21021928471174922, -0.23124588746700608, -0.08470754969634792, -0.2703722556837319, -0.1142925255149101, 0.14234755418046527, 0.2794562826236988], "trans": [-16.606315015669885, 12.407648056857068, -0.36228429425687625]}