{"betas": [1.7511515842605234, 0.3670231778082652, 0.03978433168027672, 0.004913282851196045, 0.02958606384598556, 0.001461046037256542, 0.028411238985692, 0.012589726574853976, -0.014340388809218167, -0.004234100351574732], "pose": [-1.4499695274569924, 0.7148245978618528, -0.7148245978618528, 0.22413894582997565, 0.04304527569634077, 0.005868109685420293, -0.4294937668491863, 0.008469507270071185, -0.18385851756764732, 0.2005575448679225, 0.0044005188594316135, -0.02081237669284545, 0.22310788448147706, -0.14281884966370942, -0.11279315756797936, 0.13181910125889065, 0.0008343079674059881, 0.17706051763474284, 0.028198249703522235, -0.018025667655902012, 0.030893437128684836, -0.055107522139092195, 0.06429475920615502, -0.09189130526629954, -0.0690654996504562, -0.19174197357379663, 0.2473183676266601, 0.027433402309803342, -0.09740048372917179, -0.024650385924386432, -0.29770047708419095, 0.267748286677886, 0.16663760257878485, -0.10592177298205727, 0.15751415529134877, -0.371304903940216, -0.21969907003583897, -0.4079523479358431, 0.05990928661383827, -0.00034932515470638, -0.21318957489730378, -0.2825672948860328, 0.003107970038200701, 0.219627646299388, 0.269499449100051, 0.28658290784133467, -0.4509643404355678, -0.05387060010333354, 0.2545948970599283, -0.4849227636456417, -0.6828599251993228, 0.33896006353092095, 0.1354610118975532, 0.8413431802940988, 0.29766870767455095, -1.5722501668451838, 0.4025729852263855, 0.16547301956621618, 0.6180699495024498, -0.10796030162487497, -0.016605872289768907, -0.15556225417420957, 0.2659683367217651, 0.09829356366025385, 0.15399150177245355, -0.15829697783179292, -0.05959286948449682, -0.05473513699226686, -0.14362730476893162, -0.09172246197850378, 0.12606378276446176, 0.16782539001278518], "trans": [-25.698300415823425, 12.813277284649113, -0.6507479896115542]}