{"betas": [-0.04531959800123942, 0.25816046623113975, -0.10443940742347267, -0.07597029208210594, 0.013911735992459227, 0.013954990810594958, 0.00840059268463032, 0.018210526354907698, -0.01144635948893292, 0.002226290135924623], "pose": [-1.5630671980876112, -0.18265953103110574, 0.18265953103110577, -0.45305837734400084, -0.054229908961670514, 0.04139656978657861, -0.03306946033702372, -0.061544368787357674, -0.06409319906224893, 0.26289720148897383, 0.04343009119614044, -0.0009392830388004797, 0.6565230409907649, -0.04499677049718422, -0.15288033398402598, 0.1566565663620726, 0.08242702834176692, 0.07866038500715931, -0.01943681379211892, -0.0026855513006576043, 0.015884528187976015, 0.03886755665021721, 0.07210640166811888, -0.024438777990149152, -0.0721965101906265, -0.18362649276839127, 0.13016709509568614, 0.0780246996238902, -0.024140029865873176, -0.01738302007510095, -0.30716026448831074, 0.21593941314820603, 0.08270402689751888, -0.06496526384001633, 0.18389988799244034, -0.2506678732269987, 0.0480231881835204, 0.05136223182873829, 0.06401304114180356, 0.05360908248143972, 0.10008902766538313, -0.4901959194623625, -0.00894629859575971, 0.01843846204109274, 0.5211442356910989, 0.38628537033185006, -0.055698608104945424, -0.07263967252648175, 0.0702870985701327, -0.2179815630040744, -0.8876350477380723, 0.17938406376703758, 0.2594000835395857, 0.8409782039661777, 0.15417821495125913, -0.5317371614271708, 0.1430152583851127, -0.09395657286297612, 0.4830289488752625, -0.14170079059231452, -0.04705895058440261, 0.015332218229924642, -0.05965406306400747, 0.006460849373841783, -0.003333512441684031, 0.013153929157645596, -0.17184704326317884, -0.07235516847862532, -0.19176335485012405, -0.09353129401826993, 0.11976877750002102, 0.23382333730273827], "trans": [-28.58159998756365, 6.378112269025518, -0.7423331824021084]}