{"betas": [0.19173745763710806, 0.20679507266967936, 0.025545764337162807, -0.024244743693028488, 0.0007202369641003663, 0.013236882350636182, 0.021343764601424748, 0.007373052342460504, -0.01918535564321634, -0.005662447391478864], "pose": [-1.5703525925298911, 0.043794889308538684, -0.043794889308538684, -0.014386416204661752, 0.07449527982586107, 0.004914258282362312, -0.478753840085463, -0.022060890334761454, -0.01098454720629561, 0.28920842213013614, -0.07696537920808473, 0.02289202164751566, 0.2953579213373896, -0.1802617570179269, -0.10524341216390476, 0.2402401357837314, 0.0004136385256758744, 0.09998165819341467, -0.07763707175813707, 0.025288666762430582, 0.019545166748362236, -0.1078011433907047, 0.09563526112320543, -0.07578937151463011, -0.08356796100251404, -0.20241066849948483, 0.2875317070786566, 0.029633869887876918, -0.05637964254613882, 0.009395442895449507, -0.289001581000405, 0.16499864548715637, 0.16449330061778977, -0.10879912784677873, 0.13495394625361504, -0.4771436494547778, -0.28947384111649377, 0.012099163832472882, 0.044137481819187585, 0.036904377651495734, 0.17735240281465822, -0.374600417612631, -0.04606023708850467, -0.10624535909029169, 0.36480749944824753, 0.06322741591163152, -0.050860442882678075, -0.016169975935273542, 0.8924103452026333, -0.8677355794074985, -0.8400875107368144, 1.0667659258307103, 0.5330812224065294, 0.8086599191511734, -0.07122742098104903, -1.2473120381067742, 0.4111469542500608, -0.29319877950892, 1.2751568908206612, -0.3609942782813395, -0.0957556048803588, -0.06591285285691398, 0.11908014997760193, -0.016027923801607172, 0.08759624083897057, -0.09735319903732555, -0.16769008610096633, -0.0834902369717558, -0.23188501969886066, -0.09998460578326249, 0.12011711237763652, 0.23839768351046123], "trans": [-29.601122695018713, 6.700010206557394, -0.6244462805246799]}