{"betas": [-0.04531959800123942, 0.25816046623113975, -0.10443940742347267, -0.07597029208210594, 0.013911735992459227, 0.013954990810594958, 0.00840059268463032, 0.018210526354907698, -0.01144635948893292, 0.002226290135924623], "pose": [-1.570402447296489, -0.04126155458284796, 0.04126155458284796, -0.05436279965752941, 0.07008185792399256, 0.0627487952363376, -0.6096672957232592, 0.04309956540306553, -0.1275725385391921, 0.35749512222396695, 0.09318807565909122, -0.03791357977814455, 0.6123941803786879, -0.10210016718309133, -0.05336983814039232, 0.4780440094155782, -0.1389763556080457, 0.15345620032251459, 0.024831630024584106, -0.0734886663483526, 0.022608743066506648, -0.16548874298421964, -0.14308190144619368, 0.1346718796857692, 0.047312056825714224, 0.11272669375582392, -0.08471728758279731, 0.024420478521288883, -0.008007502902707377, 0.012797686950538581, -0.18983034989248523, 0.22691122074370565, 0.21221682312970513, -0.08480313580981888, 0.14932915707942668, -0.20100551988289284, -0.09791872624118796, 0.22762037523530063, 0.022430190606089622, -0.031227138243952325, -0.3314703731828365, -0.33368083302805723, -0.01676775918644359, 0.34355693073391125, 0.36099193452179074, 0.20566283654399842, 0.009713627450113612, -0.01781321450108495, 0.0775047155170881, -0.4264474360203602, -0.6512953359787684, 0.19716532384893537, 0.42243019213887345, 0.7759070111054932, 0.20212071328766965, -0.9792556415823295, 0.18851134073811504, 0.15354125734483257, 0.9545434828479283, -0.17562261713070454, 0.0836135329821606, -0.09679497511427733, 0.19019280986413412, 0.010537246047527296, 0.10593119336388766, -0.1173576954751047, -0.1868825721044316, -0.046704846393316096, -0.18083123988167352, -0.13688852683897704, 0.11169626346251539, 0.18672342275690773], "trans": [-27.69815675505348, -6.7097418485274245, -0.8407173477340893]}