{"betas": [0.5425939922495325, 0.47738774179747123, 0.15292601182064422, 0.1712734498191424, -0.026676199413162845, 0.029053080237652254, -0.052279591306768236, 0.04030904345707816, 0.08374319963315201, -0.11291980133855471], "pose": [-0.8503189881896294, -1.6710032081934572, 1.5210032081934577, 0.2037092066814242, -0.044061103917880706, 0.0812732522069909, -0.27413355363680936, -0.04994055919224607, 0.05909567377715431, 0.33828483505850393, 0.0028573387544866147, 0.002353714460969501, 0.09410121698047189, -0.0828016471309504, -0.08624663824543041, 0.6124800491255218, -0.01893261878104311, 0.05056351850234921, -0.039993802295274085, 0.03589474467354795, -0.0014810717712211425, -0.03046177274137765, 0.08451827583156009, -0.06391383209411818, -0.15916426710835135, -0.18552356038906156, 0.2278644324248993, 0.05094889173319218, -0.009049777959201281, 0.0024525861473413367, -0.3058682188891083, 0.22952393809519103, 0.23436979345159895, -0.17663283119776813, 0.15508940608742783, -0.40337204026887574, -0.40128141487587055, 0.10307752714541568, -0.03283550269255088, 0.041156077895503164, 0.056444349466718745, -0.43289093760926145, 0.018037319721387553, 0.06983623390657594, 0.4088397235602317, 0.34596797874763563, 0.44680717522636565, -0.06948478896648536, 0.19180361131296297, -0.17310916907000545, -0.9086993013488709, 0.230749273555164, 0.3016506735889836, 0.8299652518417233, 0.2868117788401925, -1.0564658974546728, 0.21495177038806534, 0.041504548507483294, 0.9754032227957097, -0.18768875519095266, -0.04954157826706891, -0.0342260174056358, 0.15083546814058654, 0.009533428134637697, 0.07308104544264368, -0.11403646606599818, -0.23246666839796776, -0.07959487289782886, -0.23027023931670298, -0.1690960233527959, 0.11201413505203685, 0.2396112672441215], "trans": [-26.95852115274693, -13.229826804428297, -1.3426530595033488]}