{"betas": [0.23095163209771685, 0.04109343311864416, 0.025248775430059576, 0.03225921746385679, -0.011730228160678488, 0.01411489487013554, -0.004068968651146599, 0.0031222508939531494, 0.007432816158778922, -0.011705167054862173], "pose": [-1.108422359747937, -1.3542767670945945, 1.3542767670945948, -0.5215008631065207, -0.04766801223445339, 0.10924322126895226, -0.4196317604390425, -0.029013123620783267, -0.10136639938350286, 0.33558767333749606, 0.02058377322904056, -0.007752177356483889, 0.7018599787385346, 0.003030440560901538, -0.16565822594678895, 0.8964199487567898, 0.026835037029785333, 0.0870740786862357, -0.03935287457438002, 0.02044876430492635, 0.00332662924727007, -0.051872193264813474, 0.08848079644394859, -0.040572236027217594, -0.19620210601292096, -0.1919974827197727, 0.18758666991099004, 0.03718726298863964, -0.017156700585051816, -0.00016440960323121153, -0.30286595422309637, 0.24149024151568982, 0.19351782895625122, -0.16261440962283627, 0.14124361319096887, -0.35319791189777255, -0.23977916673900193, 0.23166776407596926, 0.02255670644694995, 0.020437930718368216, 0.03494621820898388, -0.4108463987704688, -0.007340865065664478, 0.059629802563755475, 0.4005206402934559, 0.12231189092342401, 0.11045140313174676, -0.08596910389154391, 0.12377999594737658, -0.20266347749270544, -0.8483776147194702, 0.22217665339869402, 0.2591528538804926, 0.8391337475940381, 0.24052218954232962, -1.2563542939257655, 0.3620329166535675, 0.031165501755991396, 1.199917703613305, -0.3523799019506418, -0.03925085669434762, -0.05470098701287178, 0.1732744824702151, 0.003033662726949944, 0.10055304441779789, -0.13144081645546662, -0.19842812629518278, -0.07522265971493994, -0.22647106401142914, -0.13120689148184272, 0.11593888613805024, 0.23465359871761965], "trans": [-62.23144747487318, 4.045678452577608, -1.2568427864645215]}