{"betas": [0.12182979554792384, 0.0498104030700563, 0.01874907528210161, 0.028247290178977192, -0.01045515424154793, 0.003794310233826808, -0.007750463989420916, 0.008476040652062412, 0.013630708331879994, -0.014916307566096007], "pose": [-1.1456560593987837, -1.2969885914922719, 1.296988591492272, -0.38164255706752764, -0.028609105325136643, 0.10089316363675535, -0.4408358871450478, -0.015438532566443936, -0.09843043743375951, 0.3312077448282177, -0.0038741295270014724, -0.0008499537073192031, 0.7124546946731137, -0.03494988875495646, -0.14490913906832148, 0.8152035449838991, -0.02213472410671996, 0.08745190634849075, -0.006166777045264595, 0.00416100944376544, 0.014056824377846527, -0.08044776072632122, 0.06690283944085329, -0.027393702429695875, -0.15748601213723076, -0.17581130362425035, 0.18621504979943768, 0.028087732097429517, -0.030274461302811067, 0.003002760003476641, -0.3035782038925117, 0.2618108681787653, 0.15319230425904137, -0.13384996271767, 0.1301177049451445, -0.33679967259905946, -0.20061858233835603, 0.11984410296154001, 0.0411187166047413, 0.022969159204991707, -0.0571429199340076, -0.3931469696961896, -0.02473631970618421, 0.1313037173267657, 0.3793993252306688, 0.14553028456846534, 0.0008006164270979133, -0.05262651148546957, 0.12127217170489539, -0.3108037352521905, -0.8794821231372638, 0.2292172771227431, 0.29252070298571897, 0.8730055313124634, 0.2959766685340677, -1.4677371570611766, 0.4463169511563292, 0.09287032677678844, 1.4287647724786408, -0.4545674637372233, -0.04156372421085588, -0.08433117872883043, 0.205951074598165, 0.033217393829612085, 0.12591035162076208, -0.17752970391813822, -0.15636718747608808, -0.07427623721573098, -0.22208652369576187, -0.11783393196135661, 0.1330026574092192, 0.23637498768417764], "trans": [-46.54156333240033, -9.989912383792422, -0.9268453853662464]}