{"betas": [0.12977417203956745, 0.49847687971378624, -0.19179541608583497, -0.1113183526768453, 0.0549914925669735, 0.1034291447522722, -0.013453424082682812, 0.010035343166627214, -0.014576049326274527, -0.02308049036666073], "pose": [-1.4525951614036061, 0.7071850130403795, -0.7071850130403795, 0.023943327557294662, -0.0013761741013447546, 0.015055329284985448, -0.45586562586283885, -0.0066604024928209405, -0.07340212012707699, 0.2364269528734583, -0.05991982363182942, 0.022585467784241527, 0.6030291464747626, -0.268656119313336, -0.10437033957074511, 0.5867286801665142, -0.06275108405395842, 0.12455930916010066, -0.013374341156238805, 0.02666246043951649, 0.018925743311462673, -0.008607029371610952, 0.06888656279277432, -0.0157160763152556, 0.003356079595477702, -0.22380854970240274, 0.20462294606879078, 0.06622653407714887, -0.048736205335812105, -0.012749102988914553, -0.3086431721260839, 0.18371505783945394, 0.03344494848759584, -0.054100866509905365, 0.23849021436029402, -0.34546807308994354, -0.004472887106695608, 0.08502274710046301, 0.06247810310708613, 0.0509791875235512, 0.07502584567297949, -0.47668905464910083, -0.007145262780381101, 0.005273018598768986, 0.5345738047628892, 0.3623710505318109, -0.02947001556069484, -0.08095308234450763, 0.05161030998558377, -0.26511269669578613, -0.8694872196497536, 0.20029901358889535, 0.19864719111755616, 0.8498033704355725, 0.14408874116412274, -0.5552081026604664, 0.13874345331087287, -0.11452594086060999, 0.45022937989391926, -0.1359693043244412, -0.005683972974828652, 0.002775108449381722, -0.05063731611742459, 0.04160117039402717, -0.005783143690651679, 0.028554715407241846, -0.1680092548401874, -0.08892738797186872, -0.1951116985284652, -0.09324358492362113, 0.12852872381483557, 0.24114414691634015], "trans": [-23.510300258357496, 7.0489996912378174, -0.6442326520050161]}