{"betas": [0.33303066142902105, 0.22906885785386125, 0.1321746135337195, 0.03485680493593007, -0.034928744222964915, 0.03738652273642406, 0.06435992437738675, -0.06135207138309116, 0.004712805749211021, -0.03328562850670294], "pose": [-1.3110556872381471, -1.2081370841041574, 1.1831370841041575, -0.3968325930854087, 0.018435442032494045, -0.04339871088074408, 0.30850798973804533, 0.04061452105370435, -0.012145616352263404, 0.32815814781096864, 0.10844091009189794, -0.01995341235085141, -0.10462173282429163, 0.13679823420591097, -0.01058599152409588, 0.47574971392560494, 0.047682094032417986, 0.03941615019781188, -0.012201482262884355, -0.03348745654680346, 0.001967647057355084, 0.05527254869029848, 0.07771338436338021, -0.02183652162146824, -0.164230267916175, -0.17803420829396038, 0.09178983085774955, 0.01977306844831124, 0.03700595024806431, 0.013434267052564248, -0.20706899759692896, 0.249767072293359, 0.08841977794805767, -0.07504306109397897, 0.20049209824732264, -0.20310994389983542, -0.15607688030982328, 0.22260012371810964, 0.027573239631517487, -0.1253937130121606, -0.3365109551622868, -0.21797528710920805, -0.10753743417176033, 0.44603298300195987, 0.242117592260708, 0.16841112192149607, 0.024663664752422834, -0.03162273047717759, -0.0374214462115512, -0.4158596550164834, -0.6004574027847315, 0.08822956093836601, 0.5735150520904982, 0.7355762810275207, -0.03808210658632901, -1.138842514622088, 0.4015045696422042, 0.06633725790795861, 1.2188418934251117, -0.3844321461832064, -0.021274521430477013, -0.10467382357838947, 0.3186566255244446, -0.003605127861707253, 0.13587683343534823, -0.25343268225209037, -0.09993636307720895, -0.052254144355867484, -0.16266705579580207, -0.06190932067904802, 0.11524378228421549, 0.18269564627674645], "trans": [-17.043808872352137, 11.590337361010357, -0.5121428649134991]}