{"betas": [0.33303066142902105, 0.22906885785386125, 0.1321746135337195, 0.03485680493593007, -0.034928744222964915, 0.03738652273642406, 0.06435992437738675, -0.06135207138309116, 0.004712805749211021, -0.03328562850670294], "pose": [-1.5524420353217987, -0.6343850249885441, 0.6093850249885442, -0.34431669000748855, -0.06325660210071861, 0.09711074737326278, -0.2603733582230929, -0.023585330005149504, 0.12070430449607134, 0.33124537019756206, -0.006428964459734847, -0.002159531219371042, 0.6955013358802319, 0.03221136147317026, -0.15604359289884287, 0.38583180103431214, 0.22042792689047522, 0.11024577307213518, 0.007974994337002392, -0.0045546407562710774, 0.024693284264403346, -0.04829423868074908, 0.037805944282324436, -0.03673415868362198, -0.1815300267164746, -0.11933303089276634, 0.13953738051463954, 0.033459100728619136, -0.03596776768999518, 0.010019866346167723, -0.3374626205375275, 0.28069244871312987, 0.14126565402910596, -0.10729794648254987, 0.058899144529354734, -0.27831298529353954, -0.13309603049164573, 0.10583391787146106, 0.04759050874885273, 0.015591670242256927, -0.03854860540806784, -0.3506030435495866, -0.04083470457850799, 0.09980485694741441, 0.3333857329746792, 0.15691712914250253, -0.006457443051826443, -0.041645034259405425, 0.10496350640495225, -0.3721909716916896, -0.9555240401322757, 0.19994655814650414, 0.3162599342017107, 0.9469625935214417, 0.3005830214674123, -1.7480275401592418, 0.6402653450620779, 0.0521842161870452, 1.6984471829669279, -0.6789294977899045, -0.14341830985159368, -0.08300362967547159, 0.2504820987723665, -0.04660827785451148, 0.1338781492663283, -0.2363623127756053, -0.11144160023779662, -0.07099500763065802, -0.23511039083981347, -0.10758912560045021, 0.14083599958223814, 0.2644444768526494], "trans": [-14.321730310025055, 10.003957809079782, -0.499755851532627]}