{"betas": [1.7511515842605234, 0.3670231778082652, 0.03978433168027672, 0.004913282851196045, 0.02958606384598556, 0.001461046037256542, 0.028411238985692, 0.012589726574853976, -0.014340388809218167, -0.004234100351574732], "pose": [-1.5931829503065618, 0.06196730772336573, -0.08119807695413497, -0.07944666957802088, 0.043504732295905464, 0.025456879122290554, -0.5622859441266388, 0.0052535177572901525, -0.041381889565850136, 0.27350487765933357, -0.08955090021172073, 0.016807430965525925, 0.5943468083510336, -0.11788468450853108, -0.1116064820376016, 0.6198898843336226, -0.08282740692581907, 0.09671596873575816, -0.021236773875950816, -0.015362970302077582, 0.037417753044638305, -0.10226437880495293, 0.08219814963158935, -0.02815871720409388, -0.04533765067774708, -0.19411473834020096, 0.26039323784735396, 0.029306196132714568, -0.08056355003411998, 0.012213816119289215, -0.292626274324542, 0.20352698218114237, 0.08001720371075671, -0.08476309333875816, 0.1701863709290969, -0.41103237816751553, -0.18816882898350998, 0.024109775389130624, 0.04746935348180865, 0.03623470705488078, -0.020722999660304293, -0.38403329426921967, -0.021033776011055754, -0.0036734679241989462, 0.41814769203550595, 0.17068694842057816, -0.05606715681061422, -0.007125450973723912, 0.04936489912239174, -0.38318233143187697, -0.8431177482642792, 0.2324040952747224, 0.09510024762080903, 0.8667266129653992, 0.2353594749717265, -1.4979414388872383, 0.32525521396024626, -0.02196012474277087, 1.0934551818461693, -0.39691729066558795, -0.0506387861762305, -0.09017764369076071, 0.13077017644980013, 0.025251386801935307, 0.08294574547157095, -0.07531061329399652, -0.09628663116790374, -0.07975519644554124, -0.1973084190772827, -0.08144462715919334, 0.1313609627784583, 0.21931103114451284], "trans": [-29.117076296159052, 9.487854252060632, -0.6743886925511845]}