{"betas": [-0.459125293958982, 0.2836700625543276, -0.2828307762064238, 0.06170009900103966, 0.04114696315793381, 0.017447099752977802, -0.018216663065381097, 0.013285817624318214, 0.01584973647464493, -0.019639755817989615], "pose": [-1.5688726926130563, -0.5144902836436596, 0.5144902836436596, -0.25654591695262935, 0.0016904730787328827, 0.01822335006093327, 0.03623840635535594, -0.0033583826639966424, -0.024365701411713472, 0.48144480486406405, 0.016651009160512417, -0.008132518506879767, 0.22297635445715952, -0.01387088670386806, -0.027904040970452446, 0.7820406609302676, 0.0008453201587015138, 0.0009394174303204231, -0.037437362235262374, 2.5855945230902365e-05, 0.010104301411533555, -0.11305373965802618, 0.06887844710141053, -0.021645615937186467, -0.23326130966214045, -0.18991389767558475, 0.117534930684438, 0.023177855579264453, -0.008849926609406535, 0.0028596803919175807, -0.27398627442873186, 0.24597630387032013, 0.13713497259845545, -0.11608480669744888, 0.11629894304541705, -0.2761530631854184, -0.18839468270850632, 0.06086744295760172, 0.049286010162561, -0.027204119497996962, -0.16555852146718752, -0.32648714271861784, -0.09178196058530176, 0.2853399648990308, 0.2827367008659082, 0.11851509944027677, -0.09367725731978103, -0.02134695635977521, 0.1446007418308722, -0.17108175918889576, -0.8829342072694877, 0.09186518473468223, 0.34104337683499514, 0.7374512073469814, 0.21348469735312667, -0.3074147633646105, -0.03748765801141246, 0.28661280021161445, 2.179523122612234, -0.3440411534457892, 0.03136639417727159, -0.03393751749620998, 0.21044300113284148, 0.0520616056080341, 0.10386071741293523, -0.2144790548607776, -0.21883989866289344, -0.06654744849970175, -0.22131114209559494, -0.1109872481164837, 0.1338903699346149, 0.220236308732455], "trans": [-14.23530384002735, 11.03898685788095, -0.38285465243276573]}