{"betas": [-0.10716845975804463, 0.03555393559239171, -0.022909588301634677, -0.0022321960585287635, -0.011360188238027402, 0.007048778770267401, 0.0026244476494828445, 0.001119221678184007, 0.011361241992361597, -0.011308692156923365], "pose": [-1.22960118160405, 1.1768601988847704, -1.1768601988847707, -0.4669471681089814, -0.03139418582215873, 0.12017216297813643, -0.4390084901222795, -0.013385814289771555, -0.1132554119637215, 0.3712247611268452, 0.01386782614704002, -0.0042797354345647165, 0.7353261652096917, -0.0025191279043082614, -0.14966379129211693, 0.8496515503617308, -2.1933308299941923e-05, 0.08316662925147668, 0.005707919012713703, -0.005304128881731736, 0.010719295992536135, -0.09419644017279742, 0.05970709139162763, -0.029429677105481607, -0.17475305099246638, -0.16265495287603657, 0.1746240510186192, 0.02426083623676885, -0.021219203433096367, 0.00037937420445729737, -0.2886877788769374, 0.2901958919457717, 0.17820803800043947, -0.1392935364989882, 0.11009934488320944, -0.3157170214941479, -0.17441077314765938, 0.08817096480108534, 0.04933989957227137, 0.004542602329504808, -0.11771125493568804, -0.35857514380253186, -0.060964910598952336, 0.20878289178892045, 0.31331858785243066, 0.15212790217355016, -0.044488442563132814, -0.04814836131885942, 0.08929628356064039, -0.31756076897007607, -0.8494154752870692, 0.16633199101829152, 0.3959964696973306, 0.8244668431371304, 0.23919475479768423, -1.4924762403583272, 0.477799008684313, 0.06683779959118404, 1.669883626287249, -0.5740931341017516, -0.042651287128379047, -0.0865346108036607, 0.24754577881558987, 0.032420556135388134, 0.15300521815408785, -0.24821202775931353, -0.17146976017913068, -0.07095955497627039, -0.23753221750008058, -0.12820530402617153, 0.1409558394213294, 0.2503287158220814], "trans": [-56.66249187876319, 6.323193270644491, -0.8522242175062484]}