{"betas": [1.7511515842605234, 0.3670231778082652, 0.03978433168027672, 0.004913282851196045, 0.02958606384598556, 0.001461046037256542, 0.028411238985692, 0.012589726574853976, -0.014340388809218167, -0.004234100351574732], "pose": [-1.386103086828447, 0.8783209186358506, -0.8783209186358507, -0.5274484121146377, 0.02990903592998627, 0.051000162386227565, 0.027747618923046814, -0.02169997295259787, 0.01228892710900191, 0.31432535946186935, 0.04676819534798024, -0.011590661887842774, 0.5759063329196489, 0.14723623213904485, -0.09884482340353548, 0.5638802051450607, 0.2002892418916589, 0.09291159622428485, 0.0028386109257560682, -0.034890682166046454, 0.01932201040073513, 0.01132652697630302, 0.09542639015381431, -0.03009642933195309, -0.14201532069246792, -0.17413912971346424, 0.15070695245499058, 0.03155097288310827, -0.0150326298901015, 0.008265254670968386, -0.24775808720289239, 0.22936721610590036, 0.12583780500157452, -0.08919799574707768, 0.1662174775149176, -0.26378586728636294, -0.1590516178458262, 0.10145288814131014, 0.032520672027798465, -0.020975630504054814, -0.17874626950464848, -0.33756128896860876, -0.03211140080128954, 0.23090115865582309, 0.35621336776877643, 0.17922992970638996, -0.04410846567016911, -0.014109100336910076, 0.0891243363716913, -0.3949053825435726, -0.7602799732104314, 0.18840143109955684, 0.31354028236653686, 0.8005614409718337, 0.24201551998017812, -1.3532594946719418, 0.40210170048443056, 0.08024234779247934, 1.1062140625446992, -0.3262142115958399, -0.021413691786141973, -0.10832505755669122, 0.20664663605174288, 0.032681795845949255, 0.10950023667708773, -0.15115202627000426, -0.1222977686554544, -0.056495833364451846, -0.17994839457951875, -0.09706608339183408, 0.11609223482202208, 0.1938210088234853], "trans": [-27.619231880869, 11.776793393101078, -0.5618445319423249]}