{"betas": [1.726796659765029, 0.41891031545459445, -0.15139553369490252, -0.5462419580768579, -0.07855182412525559, 0.07595039952460043, 0.008045347212360082, 0.06009336300381875, 0.04481580265154796, 0.006120580758014304], "pose": [-0.3746830782073813, 2.0213897345565996, -2.0213897345565996, -0.317611799198541, -0.11835300647791946, 0.013654635479684254, -0.16521337742707287, 0.004370135667068703, -0.08466107191076509, 0.22490461492462016, 0.015974722702408475, -0.0770754065205194, 0.16332254395290985, -0.06257131935183427, -0.13144292871033972, 0.9606436923203624, -0.09181740099709941, 0.10751226297543834, -0.05465101654579095, 0.05088997879531457, 0.03128901802667847, 0.03237351911660701, 0.10277473310713717, -0.008958077098026838, -0.059702497962891746, -0.2409964261997847, 0.18681863939078341, 0.07873058308733398, 0.05597540618539289, 0.005055659683597711, -0.2893511575378063, 0.22922673790370093, 0.20798614419742026, -0.18698034992545104, 0.15684022090687022, -0.2919389020941573, 0.07635864906914575, -0.0817741696966294, 0.10185822669390229, -0.008407624059963219, -0.01486743867427016, -0.2220993839740169, 0.010769909085054107, 0.17754622452336014, 0.27694518106504956, 0.10969465055673859, -0.02759405222180819, 0.08371324312425335, 0.11567785874723942, -0.3237344063283503, -0.7821502643354871, 0.28144059939131477, 0.2990603768417997, 0.9507979743207987, 0.23860954551911068, -1.2830202955767356, -0.7793237419646963, 0.25112254725355143, 1.347065582418627, -0.29860317194184965, -0.06406333372619744, -0.0631910003740137, 0.20528099938793565, 0.020895533469364763, 0.11163319816249494, -0.11546461760155834, -0.15955994473664392, -0.05357821938571914, -0.17740522866740221, -0.11243105774022896, 0.12428823572725038, 0.15388489498097294], "trans": [-9.94661693508919, -2.2036506869186288, -0.7793353885775469]}