{"betas": [0.12977417203956745, 0.49847687971378624, -0.19179541608583497, -0.1113183526768453, 0.0549914925669735, 0.1034291447522722, -0.013453424082682812, 0.010035343166627214, -0.014576049326274527, -0.02308049036666073], "pose": [-1.5218110318406342, 0.45813273503706775, -0.45813273503706775, 0.19049702180444952, 0.07416778985719626, 0.021461774016157325, -0.5488431667584448, 0.03625983673819503, -0.03987608861516432, 0.22572885417751593, 0.06414580871802095, -0.024150058675761258, 0.5432922143104688, -0.1307748433653799, -0.06853707591261543, 0.5025830813260287, -0.005655220755954727, 0.14547164281929587, -0.011360266857195826, -0.0337601239751462, 0.0255273318947522, 0.03946083931818937, 0.09678378127662113, 0.002225320465600221, -0.08588909250688624, -0.16551147790216095, 0.08809330972152844, 0.06473492352587, -0.031062411966808073, -0.0208893224771448, -0.24241689101343802, 0.21258559708495975, 0.07643854152718928, -0.06141576207751714, 0.16013126429907742, -0.15998662093036445, 0.018644078156924534, -0.0719407810108166, 0.09594676982064317, 0.05539034613097051, 0.07614284966121314, -0.5035618230643274, -0.025615053710303266, 0.03604909081201579, 0.5318311712778951, 0.33559018246053524, -0.18702264102772512, -0.03201229461047006, 0.06488280990800803, -0.20827021605744345, -0.8639698766814181, 0.18552566500597428, 0.24488808040217808, 0.8526227926802099, 0.15006808520397222, -0.4344109003664264, 0.11634318513213389, -0.0723471659194471, 0.40891639521638096, -0.13529962386632488, -0.02669161560793105, 0.0369514117982204, -0.09446926995062745, 0.01950110312917909, -0.01773824298534723, 0.04733424314773303, -0.19307455461339473, -0.0634295731640725, -0.18736912450282966, -0.0960007871772186, 0.11819456732949794, 0.21957647658860774], "trans": [-15.088910025982358, 13.750991390502739, -0.4833757270356324]}