{"betas": [1.0007394031128156, 0.13998077818863408, 0.20322321153559939, 0.06919845010960525, -0.06355964225067326, 0.0988583210768853, 0.031004152589175965, -0.07600298470585287, 0.01954775199647453, -0.05391534064665776], "pose": [-0.20969123914629373, 2.1176375449962554, -2.1176375449962554, -0.4799990533256091, -0.021271076867354122, 0.11659429174560232, 0.19862499577913967, -0.04987400026429527, -0.009709682599219317, 0.3785328446662184, 0.020679454150634196, -0.002956176354405288, 0.06081824161520188, -0.03224838953621371, -0.13864880445233294, 0.3739214903296133, 0.04336122791911082, 0.07127524889038013, 0.04515637593661842, 0.014154070182637174, 0.008576277695637747, -0.06110056127759179, 0.07394043967793497, -0.0717598400453969, -0.10733321994980727, -0.1557955887166098, 0.1992050908192587, 0.05178527964271277, -0.025351531903346748, -0.014146527693594702, -0.298495638920764, 0.2844330485119719, 0.262891103885226, -0.1668320990191898, 0.06543243565797377, -0.27538890390324483, -0.013415704442618932, -0.08258790831300711, 0.07344591653862398, 0.07841009671762408, 0.013796327599315374, -0.45326448057792945, 0.010590422566984272, 0.12064734168888226, 0.41331973278807155, 0.2994236213316367, -0.19749388622746436, -0.009245994971785772, 0.1419060220441262, -0.33457378273479543, -0.968834617847992, 0.19745087677786816, 0.3146499971726434, 0.8792413601079966, 0.26562232930869456, -1.341016418803284, 0.408418802693058, 0.005502142223626668, 1.2287248722163906, -0.38978081035907564, -0.13272744951099144, -0.04269166907098826, 0.15891759089537455, 0.05187679516367834, 0.07605624502725557, -0.15428832134137407, -0.14914749902903818, -0.054917305558940345, -0.19922050087185786, -0.14546510614341637, 0.12555715580571933, 0.20307824647057243], "trans": [-11.062394675303887, 5.162872655614764, -0.600717067154486]}