{"betas": [0.33303066142902105, 0.22906885785386125, 0.1321746135337195, 0.03485680493593007, -0.034928744222964915, 0.03738652273642406, 0.06435992437738675, -0.06135207138309116, 0.004712805749211021, -0.03328562850670294], "pose": [-1.2007326894543253, -1.378138652362715, 1.3531386523627154, -0.16340852287270624, -0.04630126919648898, 0.09349695694335508, -0.11007601348712462, -0.023098432484176354, 0.08899029520792301, 0.5474525944243787, 0.013504020055359538, 0.000828406844393339, 1.3652874671406092, -0.013589542880197631, -0.20735801623781808, 0.09884877125787353, 0.006197623191670894, -0.0029742070016031304, -0.024860127737698797, -0.0015372040330531665, 0.00811030468915569, -0.12897905772401064, 0.076927163839713, -0.02649927537411659, -0.22383829519058004, -0.15293525108161973, 0.1552524532867216, 0.012843923632836358, -0.012254028442139443, 0.013690630102690402, -0.2567600400388677, 0.2773248762861541, 0.1677539972328914, -0.13247431443771684, 0.10229666092285757, -0.27818746054069077, -0.18933007092642606, 0.14845170318232853, 0.01593081161762641, -0.03558930723228387, -0.2659440782191474, -0.3293816199170387, -0.04026799779270624, 0.3483565521800559, 0.308702007978533, 0.11039405058542469, -0.012714832758497078, -0.025195448382004423, -0.009252721506324202, -0.3662143713850563, -0.6783750501455312, 0.04240436959852059, 0.41906989772910547, 0.697484152581531, 0.07943774297823157, -1.0335956304638716, 0.3618316680291849, -0.05800455151743413, 1.011671381696138, -0.36102985587004555, 0.05550620347752096, -0.02261043071152291, 0.2500210502602848, 0.08807924515350035, 0.0612265688142594, -0.20351302721246511, -0.1859083496554017, -0.06130330791775453, -0.20061161009741774, -0.14780470800409004, 0.12707030510072936, 0.20896426624849337], "trans": [-20.7110711320233, 11.575238008180497, -0.6984912349603375]}