{"betas": [0.5425939922495325, 0.47738774179747123, 0.15292601182064422, 0.1712734498191424, -0.026676199413162845, 0.029053080237652254, -0.052279591306768236, 0.04030904345707816, 0.08374319963315201, -0.11291980133855471], "pose": [-1.1450464212322227, -1.3041046496975413, 1.3041046496975415, 0.05756572792644272, -0.0620216237887895, -0.0226258696335657, -0.1604283472899888, -0.04525923900338503, -0.029167946208034024, 0.24516677184845964, 0.010725347727007709, 0.0009776212046128708, 0.035611483875566965, -0.16603291565817793, -0.09765163834901125, 0.3307438839303607, 0.010404002022752122, 0.06820364220169522, 0.007473714271227613, 0.023766597165791926, 0.016640217247724704, 0.0020781008055692925, 0.04666720467545899, -0.03906169071375274, -0.010396642496374127, -0.22131147509004548, 0.23532755538839442, 0.05432864729839754, -0.029953240483669277, -0.005500327811040674, -0.3090892138667861, 0.2403386693819157, 0.14014721032411806, -0.1574008071210562, 0.18651821700305043, -0.3791709581955174, -0.30128141487587046, 0.7530775271454161, 0.017164497307449122, 0.08064788149919702, 0.16401370880509622, -0.5404521923560714, 0.010405741102221836, -0.06804717612837541, 0.56198195956043, 0.34596797874763563, 0.44680717522636565, -0.06948478896648536, 0.14076980217736113, -0.14154440707505445, -1.0056265281785113, 0.31506850770186573, 0.16473313230094788, 1.0237248570703537, 0.2254486175034181, -1.061775028054584, 0.32525995593933155, -0.07668600968072231, 1.1795623138545148, -0.41501824665476306, -4.691087217205477e-05, -0.024309890432998808, 0.1327770348172783, -0.021820137223692936, 0.09466563317200839, -0.15730310345829254, -0.24731283133567855, -0.11687700297391891, -0.2828233266528186, -0.1538841106511816, 0.1464928108199808, 0.3225741907361802], "trans": [-24.961927006344773, -12.275675470724039, -1.2559767468338447]}