{"betas": [-0.04531959800123942, 0.25816046623113975, -0.10443940742347267, -0.07597029208210594, 0.013911735992459227, 0.013954990810594958, 0.00840059268463032, 0.018210526354907698, -0.01144635948893292, 0.002226290135924623], "pose": [-1.5603968318579935, 0.10766576840338957, -0.10766576840338957, -0.3841860107093641, -0.05862202323954243, 0.03952784111766553, -0.06781068567487408, -0.0640825739481203, -0.030437045220295767, 0.47198879024813695, 0.005462976305954557, -0.024206784242528815, 0.7895609378013921, -0.039308291876655924, -0.16466230192777215, 0.3980095563287716, 0.08131324185636309, 0.07067186314603645, 0.03378444784428819, -0.06929605801174092, -0.022263063531326864, -0.014382207448184223, 0.09313454483828568, -0.0661867480560073, -0.09165534982677026, -0.2172119141497878, 0.194304403708737, 0.03840447057513392, -0.04455581169740219, 0.010184801863721712, -0.16806694682857753, 0.26292375239539495, 0.14721242542674282, -0.04689692033103255, 0.22465702155834996, -0.30494840141641527, -0.0949075714297795, 0.24529407855404986, -0.049162067635633334, -0.018762948891034394, -0.4151662027587753, -0.26243440130603857, -0.0007024175083430186, 0.3423949614108117, 0.256811766961565, 0.1118025495629176, 0.040727910427166586, 0.015523004599350396, -0.08208305690316114, -0.4804916632838083, -0.5843521503719252, 0.2583705191876868, 0.3303446401165653, 0.8313501000336241, 0.007990581546785143, -0.7558853762646662, 0.14423593406075966, 0.23177436303210158, 1.1230418740100048, -0.1756815592035892, 0.03020132365726274, -0.07176575246779303, 0.14364388787037435, -0.06847155014450296, 0.102137473810909, -0.10841006951646796, -0.13048727510419014, -0.05645997171552896, -0.12021396399461423, -0.13808311815743193, 0.1344051148440814, 0.20814346229303982], "trans": [-26.67363606451886, -12.399905474674734, -1.1165129141295755]}