{"betas": [-0.04531959800123942, 0.25816046623113975, -0.10443940742347267, -0.07597029208210594, 0.013911735992459227, 0.013954990810594958, 0.00840059268463032, 0.018210526354907698, -0.01144635948893292, 0.002226290135924623], "pose": [-1.5707640144196355, -0.011818503042236759, 0.01181850304223676, -0.21742284002131562, -0.05669953044912806, 0.03796926602156744, 0.02052124778165983, -0.08022063445491665, -0.03590121484387383, 0.31443981685917666, 0.036122613539611645, -0.030769715001548795, 0.08268064108942827, 0.007446136422962571, -0.1592599164647763, 0.8850148393272471, 0.12415358187352821, 0.0769652995845347, -0.01681061723187841, -0.03586903747486337, 0.027874507802429012, -0.05763387979782476, 0.1325276044442475, -0.07599241558451979, -0.2022051594638186, -0.170491075197348, 0.17557650125624652, 0.032808249225076115, -0.03566073451324913, 0.0003055074612157069, -0.2407037102713551, 0.20143675170046718, 0.23423751647907864, -0.1456786311848276, 0.11433535823238826, -0.28250133707908487, -0.18128205306517062, 0.12282938038014934, 0.04591856625362779, 0.024418445524175242, -0.03868652829429433, -0.39584879153426317, -0.01750824869753861, 0.07413535277533594, 0.4051866716149411, -0.026340718167504162, -0.7857382085556832, -0.05506634074872019, 0.077295893445565, -0.22479623796538692, -0.729051092515023, 0.18410097576150858, 0.21292773401287285, 0.763854101545896, 0.19096869710192169, -0.2516797377910118, -0.08093489989863561, -0.009677774982604215, 0.9130272332690946, -0.2578567843901333, 0.018434728289252432, -0.04291098258274829, 0.08653108803970672, -0.010070275435676023, 0.06353880641977667, -0.045732743696068175, -0.22033946449558722, -0.05398863411874469, -0.2107335077246345, -0.1360056955665364, 0.1054934393410291, 0.20351093903882414], "trans": [-28.32375302491493, 3.794337725893654, -0.7132851276981184]}