{"betas": [0.12182979554792384, 0.0498104030700563, 0.01874907528210161, 0.028247290178977192, -0.01045515424154793, 0.003794310233826808, -0.007750463989420916, 0.008476040652062412, 0.013630708331879994, -0.014916307566096007], "pose": [-1.1456560593987837, -1.2969885914922719, 1.296988591492272, -0.381642524116154, -0.028609091923154483, 0.10089314570418391, -0.4408358927986368, -0.01543852459094648, -0.09843040412120073, 0.33120772152620775, -0.0038741404517030017, -0.0008499700082690557, 0.7124547088949842, -0.034949886507735325, -0.14490914027176616, 0.8152035525617124, -0.02213470857643779, 0.08745191653492206, -0.0061667858059327035, 0.004160981623181619, 0.01405684329859259, -0.08044777582285202, 0.06690286332178319, -0.02739370581522082, -0.1574860034250332, -0.17581130591887648, 0.186215070135046, 0.02808772977674368, -0.030274474375924558, 0.0030027681761468773, -0.3035781828854478, 0.26181084705344615, 0.1531923011956231, -0.1338499544791231, 0.13011772817650927, -0.33679968684851014, -0.20061858122671372, 0.11984410103216336, 0.04111871543872638, 0.022969130423364507, -0.05714298906127125, -0.3931468689893505, -0.02473634841607308, 0.13130373432892808, 0.37939926636732574, 0.14553026889352258, 0.000800588757450663, -0.05262649652973104, 0.12127212785767182, -0.3108037842008514, -0.8794819807869793, 0.22921726192151273, 0.2925206948416671, 0.8730054640927392, 0.29597664919139977, -1.4677371966363308, 0.4463169391702361, 0.09287033809415038, 1.4287647954425065, -0.4545674583292517, -0.041563694150188665, -0.0843312012987568, 0.20595108139883594, 0.0332173782727719, 0.1259103560076457, -0.17752968793904983, -0.1563671753845361, -0.07427622790776844, -0.22208651615898575, -0.11783392114645218, 0.13300265365436773, 0.23637497569405633], "trans": [-52.931493061653065, -12.547621906159339, -1.3200115751796293]}