{"betas": [0.33303066142902105, 0.22906885785386125, 0.1321746135337195, 0.03485680493593007, -0.034928744222964915, 0.03738652273642406, 0.06435992437738675, -0.06135207138309116, 0.004712805749211021, -0.03328562850670294], "pose": [-1.6168572658042846, -0.3054432647633224, 0.3054432647633224, -0.5101002141270533, -0.04121413440503448, 0.13417965646646696, 0.11320824916580902, -0.010435544387431727, -0.03266991742381646, 0.23989344084393963, 0.045221104257568416, -0.021672420849255372, 0.10329689152508453, 0.1426085604679646, -0.13322552706483703, 0.2133733873099492, 0.2043362015876405, -0.006067058469919482, 0.051651019050021625, -0.07862447304354253, 0.032944163919177906, 0.029451866856704877, 0.10536372351587965, -0.10348364126796188, -0.11132154644751698, -0.10375373187233349, 0.1972725008444529, 0.04850036093212265, -0.03740269252496112, 0.005950462569188302, -0.24285311387862038, 0.24569299379603174, 0.25113880520166515, -0.08321097512185169, 0.07487824453782915, -0.2603720059956992, -0.14261556858583052, -0.008062901684768982, 0.09531934718114797, -0.023609686816359485, -0.16814866781325885, -0.20692640616070876, -0.07272378848625981, 0.1617938925507628, 0.1809732417436217, 0.3180944898213439, 0.18289595068339115, 0.019333351556619516, 0.06719649418272666, -0.5342707272401209, -0.7799509445942203, 0.2979517252922716, 0.3610868919323772, 0.8802567954842748, 0.28516762351864355, -1.7460494536442308, 0.5503892230222543, 0.5267490235599157, 1.610557576752039, -0.29918952662428167, -0.2112574397984463, -0.145145805876652, 0.16904360326700993, -0.08608461612342706, 0.1305415453925511, -0.14031212611437766, -0.05752312811001526, -0.024610556875087286, -0.1848685269453922, -0.1059796514419458, 0.11011792631878946, 0.19485294523242297], "trans": [-11.13176676565236, 0.6642379477526829, -0.6986828405307101]}