{"betas": [0.23095163209771685, 0.04109343311864416, 0.025248775430059576, 0.03225921746385679, -0.011730228160678488, 0.01411489487013554, -0.004068968651146599, 0.0031222508939531494, 0.007432816158778922, -0.011705167054862173], "pose": [-1.0668871075004946, -1.364164852884024, 1.3891648528840241, -0.4123086323439783, -0.031790516132619503, 0.05336691703752849, 0.038476483834088616, 0.003252790333807619, -0.061646066511339, 0.33924067758152276, 0.0407709796037818, -0.010749176726812113, 0.2510168182459088, 0.03448053915900739, -0.0925889239016657, 0.8571629304165135, -0.017706347082409875, 0.038850671901785976, -0.03631657856279078, 0.018767879098489253, 0.0013877378307087347, -0.017232369364407273, 0.09706712357313228, -0.037813706016960914, -0.19635288024983483, -0.20069109155400658, 0.1599548316291027, 0.04459997312853251, -0.008043747410232116, -0.001103514971528197, -0.2968081639966915, 0.23073021322500614, 0.18377400654617942, -0.15079582189346868, 0.14352492017795798, -0.3203812009363981, -0.20993490440414087, 0.22202612267078864, 0.023819275535322443, 0.023882423733362197, 0.04779146308254702, -0.41741051561231585, -0.0027153334791874, 0.06319832388322563, 0.40796915148243607, 0.13916604241773997, 0.09990781916303275, -0.08062712431345086, 0.13780100336555864, -0.1683206499811033, -0.8522205864643934, 0.2250776201716692, 0.25705964594290004, 0.8463771433072075, 0.2506006119217711, -1.1986105116920605, 0.33430639963553427, 0.05202417415246306, 1.154922272942286, -0.32810788885668374, -0.01998152327347907, -0.05592150492083457, 0.1745994927152793, 0.01160674905245547, 0.1040551399949412, -0.13931616477214379, -0.21471757341146008, -0.07544131626498259, -0.22221678550698987, -0.12835249159326748, 0.11458988876776256, 0.23182005368398328], "trans": [-59.81549628425508, 4.62031155811208, -0.9578703760212858]}