{"betas": [1.7511515842605234, 0.3670231778082652, 0.03978433168027672, 0.004913282851196045, 0.02958606384598556, 0.001461046037256542, 0.028411238985692, 0.012589726574853976, -0.014340388809218167, -0.004234100351574732], "pose": [-1.3923351691183947, 0.8641521888277098, -0.8641521888277098, -0.037653866740521146, 0.004221015133839441, 0.02316346029363818, -0.39451274023415667, -0.09858968056797712, -0.11494831744536857, 0.2005575448679225, 0.0044005188594316135, -0.02081237669284545, 0.059079311936952365, -0.05082369677877661, -0.01494758746663756, 0.8792585210692567, -0.01774544661655321, 0.07609518138022338, 0.028198249703522235, -0.018025667655902012, 0.030893437128684836, -0.05463355825914723, 0.08220896072350875, -0.024108595543038278, -0.16710926790587333, -0.15352362107549927, 0.16501320121218735, 0.027433402309803342, -0.09740048372917179, -0.024650385924386432, -0.29517479407854863, 0.2647971396657109, 0.16062428815438604, -0.15027437102142818, 0.1231091838679362, -0.2715131948362575, -0.21969907003583897, -0.4079523479358431, 0.05990928661383827, 0.023542987770209266, -0.09724902533765452, -0.40953847207308103, 0.013615977175518094, 0.12016006681495338, 0.450806136521686, 0.28658290784133467, -0.4509643404355678, -0.05387060010333354, 0.2545948970599283, -0.4849227636456417, -0.6828599251993228, 0.33896006353092095, 0.1354610118975532, 0.8413431802940988, 0.2972114234802128, -1.4470943574112365, 0.4380085343629687, 0.16547301956621618, 0.6180699495024498, -0.10796030162487497, -0.07499824419047132, -0.06728814383007033, 0.17162116936456787, -0.005894197036112515, 0.08466529456308776, -0.08358769512639466, -0.10475374754151329, -0.06120195810337328, -0.18322153957204784, -0.10297348439159225, 0.12040023678441336, 0.19536341035210722], "trans": [-26.03685548098023, 12.647101867462256, -0.5992962361580194]}