{"betas": [0.19173745763710806, 0.20679507266967936, 0.025545764337162807, -0.024244743693028488, 0.0007202369641003663, 0.013236882350636182, 0.021343764601424748, 0.007373052342460504, -0.01918535564321634, -0.005662447391478864], "pose": [-1.3811357034256362, 0.8625661023394221, -0.8625661023394221, -0.5143439666963191, -0.01261100752509142, -0.049112882783074886, 0.041435489533495885, -0.017558305618924516, -0.009447513471199216, 0.2132953996910994, 0.061494374737925094, -0.028206208761108905, 0.5076204740457232, -0.08614866951631547, 0.011124801027120428, 0.7444718264777553, 0.03918357716468501, 0.08170017508950274, -0.04445539061726085, -0.0026253532932724536, 0.017488168040789474, -0.07941882919134086, 0.09023774489861429, -0.07710369755549328, -0.14502278485350348, -0.171280334567434, 0.23429553230964809, 0.023581031260137733, -0.036354029769261845, 0.007590601668974341, -0.2719745529932996, 0.21644053180127268, 0.19806139487520655, -0.12500193097473813, 0.11760207603437442, -0.3758166429799502, -0.23008318205563894, 0.07668520814553272, 0.0360950085107824, -0.013153040613759335, -0.0007377263829504792, -0.31648889586617507, -0.05394932943879372, 0.0521830103883648, 0.3192592072512724, 0.10998961994040782, -0.039808090389174836, -0.017490344655738097, 0.01047497477618385, -0.2985652866121634, -0.7394424073806916, 0.1185209207045583, 0.22294828249173318, 0.742039318070291, 0.08223338738669504, -1.307441126240952, 0.4659300135192895, -0.11813581725964774, 1.1800242021026053, -0.4541123106295012, -0.11752823017034499, -0.0715364715323138, 0.16281402563180244, -0.036293150863567054, 0.08562740565956722, -0.11154535947982461, -0.1188947724830803, -0.05997571402715893, -0.20594146604840935, -0.09851890489798804, 0.11236596842177625, 0.20998848513162383], "trans": [-26.517759750089766, 13.087196003849359, -0.4273325905530887]}