{"betas": [-0.459125293958982, 0.2836700625543276, -0.2828307762064238, 0.06170009900103966, 0.04114696315793381, 0.017447099752977802, -0.018216663065381097, 0.013285817624318214, 0.01584973647464493, -0.019639755817989615], "pose": [-1.6162973056136358, -0.25002384699175906, 0.25002384699175906, -0.29087359432978743, 0.004428426141909941, 0.0007550351347061848, -0.23687480877427194, 0.0051457835091120105, 0.007719001434815069, 0.47328764525087974, -0.007946960921002605, -0.005330596125470341, 0.559128852540806, 0.01032130739697331, -0.00769839300415643, 1.021551911791171, -0.09180815955005538, 0.14112998885162703, -0.0490932192340393, -0.007874194131931642, 0.01934730629223145, -0.11322807798416751, 0.0921651434853332, -0.030086696669828394, -0.17768199631066622, -0.19373092273611434, 0.18281718502384595, 0.016732054055509076, -0.023591664593320846, 0.0048902472492055055, -0.23526189013539128, 0.2149306457700959, 0.1680181566927306, -0.11495807415746107, 0.14133454080732025, -0.3320818207237267, -0.23917787627510137, 0.02945207723042536, 0.04769195774435344, -0.022355502154396106, -0.15849709650863253, -0.3396115066321777, -0.09394329534606957, 0.24988025042625, 0.306321487563564, 0.11177887049834524, -0.13788036246107555, -0.014298067976025643, 0.022438786134467915, -0.23944891359975495, -0.7107688821932522, 0.09593963528243148, 0.29006869220489784, 0.7427166907054111, 0.06455628463020378, -0.7435172275923008, 0.20657286331743188, -0.0846625097828082, 0.9575110563001845, -0.3657399165474902, 0.03458547439482012, -0.033963552394727974, 0.17031001048523406, 0.041348004740122755, 0.0916692477674532, -0.17204623204503666, -0.24355010988864975, -0.0723965857523925, -0.2329446992209734, -0.1304500110071619, 0.13020536343401198, 0.2257392066476265], "trans": [-12.946316178028516, 9.005215126500444, -0.3441725647774034]}