{"betas": [1.7511515842605234, 0.3670231778082652, 0.03978433168027672, 0.004913282851196045, 0.02958606384598556, 0.001461046037256542, 0.028411238985692, 0.012589726574853976, -0.014340388809218167, -0.004234100351574732], "pose": [-1.5714668081863503, -0.2350720589260193, 0.1889182127721731, -0.01692793259999703, 0.039658495169325604, -0.029094908951596825, -0.5472371621989089, 0.0017617005020296424, 0.0032193895816547136, 0.28608141855712965, -0.08376258508811106, 0.02526256626259594, 0.589471149893857, -0.11538902622939977, -0.10112570124660962, 0.5946701065134867, -0.14622228510965848, 0.10297689614769462, 0.0004717917354122332, -0.004587742631786586, 0.020163603324326297, -0.0917348730454393, 0.06367896623984175, -0.010619141865243657, -0.03871971305922121, -0.21284874798920445, 0.2354802208728251, 0.03094306769499848, -0.06735849896415015, 0.005183656970774446, -0.3017260581343048, 0.23395144587750075, 0.0536481828194543, -0.07145868456993879, 0.18239133518728387, -0.39619349624134886, -0.14765899122781134, 0.02119750857727761, 0.05202790587516896, 0.028777408915905855, -0.049519591700036274, -0.38574459727533195, -0.04575214924199049, 0.06149643310556481, 0.37750372549259087, 0.2014284281109947, -0.046915651875216464, -0.02716634425702381, 0.05887965744681449, -0.365767132242565, -0.8732780834748893, 0.2114012801791959, 0.1807013783541683, 0.8550264467239562, 0.24535412350833694, -1.4965207356695323, 0.4995136527788323, 0.006209716901389351, 1.4203118988391434, -0.5225330847105247, -0.036505857875576066, -0.1117632176297709, 0.18387225767975407, 0.05571881208963528, 0.13411024530426843, -0.16870312786629976, -0.11303964298374475, -0.0890179568579269, -0.21325088342835485, -0.07944606566376744, 0.14535033664210462, 0.2446900092447526], "trans": [-29.04274938213005, 8.196035253789494, -0.6912577847964795]}