{"betas": [-0.19266644468801378, 0.5771463667239267, -0.16308379457488245, -0.06462538974507079, 0.08054580167251779, 0.027975024271901693, 0.03561269911626106, 0.05188376016633901, -0.05289357868361275, 0.00684608270928935], "pose": [-1.4314722198720926, 0.7662932641331446, -0.7662932641331446, -0.5686605653811201, -0.0925601868297168, 0.06919118580197041, 0.04172987097135524, -0.08766544274345668, -0.013766777115064853, 0.3135035418315668, 0.13545370833659398, -0.025628252962377862, 0.5499122280843816, 0.10291477875847505, -0.14675662572253997, 0.619288459336454, 0.04751095430891222, 0.05021436886847507, 0.04410052873014378, -0.020722642822444945, -0.005487108529938315, 0.052099786754903725, 0.0735684115138411, -0.07607155569072377, -0.219617194970181, -0.1421942557140991, 0.07808651455561362, 0.00999991628752281, 0.0452683744640909, 0.010843341430458842, -0.22169521056782499, 0.2822344863799723, 0.2127981656804798, -0.10034072266347056, 0.1343632167306612, -0.15959046193604484, -0.1421040960706434, 0.3289772777942965, 0.02553817881091975, -0.055469894777192066, -0.33703603927958126, -0.33434302747124683, -0.02242220018902975, 0.47417987747308593, 0.33500371211142743, 0.1704623265632331, 0.10528857150674796, -0.07756722064418894, 0.15387658262366852, -0.40252743785837347, -0.7462113369046495, 0.2330429365508254, 0.6222694355755088, 0.8443092647560841, 0.28494132655538207, -1.3139000286048683, 0.2991801136234126, 0.31865509551570537, 1.3677993706267288, -0.25138248917415446, 0.037440907674656604, -0.12410255305787418, 0.2859050215563789, 0.02950155912782837, 0.1597206380813748, -0.22575502396232694, -0.1675311455140619, -0.04796490907299564, -0.18060275683406307, -0.12855377209419686, 0.115987624263276, 0.19137454076846255], "trans": [-20.534957956387128, 8.636491067436149, -0.5720976685942493]}