{"betas": [1.726796659765029, 0.41891031545459445, -0.15139553369490252, -0.5462419580768579, -0.07855182412525559, 0.07595039952460043, 0.008045347212360082, 0.06009336300381875, 0.04481580265154796, 0.006120580758014304], "pose": [-0.07240553610024174, 2.1877618547193687, -2.1877618547193687, -0.49859825465345453, 0.0025649385752538694, 0.033152882368318745, 0.3108562728134268, -0.11330134923260393, -0.07650106234917277, 0.25340784100962616, 0.04132070306286678, -0.050357021817082494, 0.3241301790866258, 0.13736796930231063, -0.13864163724774967, 0.6777833995351044, 0.25391339304942884, 0.00912447528784704, 0.09710256973087829, -0.12453701516980374, 0.056028603400242565, -0.01678811576245907, 0.15045017233452518, -0.08816036460613949, -0.13613632457056926, -0.1286513072977006, 0.1935376252759913, 0.08299515293926128, -0.07962565332538778, -0.008186537483011713, -0.22834894030465583, 0.23103070438813136, 0.30972567731245926, -0.16696067587354138, 0.09336905586628473, -0.24510414814187337, 0.05420921844391516, -0.021447865950783074, 0.09036688448258817, 0.10999192899290595, -0.0970138855468245, -0.3762071981499147, -0.0103909576404616, 0.07071447656158387, 0.34466622119361673, 0.27958621101530556, -0.16653873772474487, 0.005453576812657051, 0.1156778587472394, -0.02373440632835036, -0.7821502643354871, 0.7636706417074448, 0.16075704384344922, 0.7160371209645261, 0.5366156806417435, -1.2989596361130005, -0.2344506731694765, 0.26696809449844433, 1.3632867253556349, -0.3162054640357105, -0.0024602599721608486, -0.09672682448786217, 0.09264794028719843, -0.0028656746545399287, 0.11460241120043964, -0.09422612663883541, -0.24517251259017456, -0.033608066732233016, -0.21616757537653164, -0.1817501449254801, 0.11633759534576442, 0.21184042744616585], "trans": [-10.878375071600983, 3.1338181272422903, -0.641010563556283]}