{"betas": [1.0007394031128156, 0.13998077818863408, 0.20322321153559939, 0.06919845010960525, -0.06355964225067326, 0.0988583210768853, 0.031004152589175965, -0.07600298470585287, 0.01954775199647453, -0.05391534064665776], "pose": [-0.37170947672956467, 2.0472352261525106, -2.0472352261525106, 0.08551172954287027, 0.08774638123379841, 0.06606381660716248, -0.6507028762812955, -0.024452226085463543, 0.08586071448430319, 0.3053244024071383, -0.027629931632342963, 0.028187486594199566, 0.3288509530274646, -0.06216513536256337, -0.10586206383706573, 0.1340025646520097, -0.18785056329642325, 0.15956813953849514, -0.006281732967370834, 0.040546186643297476, -0.03148923808800663, -0.03979904380993602, 0.06401782059632748, -0.1318802807764995, -0.16361840350465096, -0.11902846666096932, 0.11051183228637515, -0.006110663943054868, -0.005022992878228092, 0.0305504383819786, -0.2060234254749761, 0.2824067776605637, 0.1842921969239947, 0.002486923801554435, 0.0329125158421315, -0.16197924323971374, 0.023246246341899705, 0.48695499186015917, 0.002488880744923535, -0.03953380220753743, -0.2656941622411032, -0.42283924038518583, 0.017393691529812835, 0.34791470160693233, 0.40674501194495644, 0.23662869164213413, 0.3032897411374312, -0.0929951928343669, 1.1629558834763252, -0.39087211942635824, -0.3884954443798144, 0.8208708688861291, 0.534937232545573, 0.800930679256277, -0.23797422819882028, -1.3829015993902585, 0.18183297109943594, -0.09185521199742963, 0.9709886878173898, -0.3847411465929386, 0.1866047724774196, -0.006549784985550429, 0.36525649294445117, 0.038652915156707504, 0.09522453699728455, -0.2854506224526331, -0.23489570303480947, -0.09119009560596213, -0.19835511826961547, -0.14629084024046954, 0.1379807341945197, 0.2466889686205999], "trans": [-9.578255317623535, -3.6331558185963266, -0.8595811387935018]}