{"betas": [-0.10716845975804463, 0.03555393559239171, -0.022909588301634677, -0.0022321960585287635, -0.011360188238027402, 0.007048778770267401, 0.0026244476494828445, 0.001119221678184007, 0.011361241992361597, -0.011308692156923365], "pose": [-1.2645342071887946, 1.1186617071687157, -1.1186617071687157, -0.5305430296631881, -0.039478597527270634, 0.12411385227001866, -0.49330947308871265, -0.01793486464438023, -0.11222560182500443, 0.40959763002671407, 0.011582164734656732, -0.005880670241818128, 0.7867210880940368, 0.003110763683040297, -0.16309390261116483, 0.922454209288842, -0.017013452143870986, 0.09445734519968417, -0.015199976248741712, 0.0050838012833998615, 0.010895866543758086, -0.08334473034380624, 0.06434191405443467, -0.017719112596890716, -0.18168751151866572, -0.16972446680285813, 0.16468807424829626, 0.03270982634435914, -0.024852567011987733, 0.000959134586332976, -0.30482239781579107, 0.2795999843402227, 0.1632373398896375, -0.14828855066358643, 0.10438227017054516, -0.31184178028096815, -0.17909598005596403, 0.09602357507382837, 0.03903847883786605, 0.018694660343984707, -0.05176679733730431, -0.3899720723032955, -0.035288070600464426, 0.14064334936834014, 0.3612138071240932, 0.15096648348381625, -0.02635894199869193, -0.044483522870426, 0.07885774153963028, -0.28205995417584406, -0.8711163540113286, 0.17512059057387758, 0.3132433049814806, 0.8621462754972102, 0.21021550096056524, -1.4011708892286874, 0.4806739478832495, 0.01502633960952493, 1.4693368986040674, -0.5380361281693867, -0.047111461760559095, -0.05661936168534257, 0.23293467213413116, 0.030449553939695794, 0.12215315140023503, -0.22015885345114175, -0.17470146299910705, -0.07608734838737434, -0.23248579474786935, -0.1264824969778261, 0.13754461862461656, 0.24809941890160908], "trans": [-58.077953688932894, 5.996396805443122, -0.9218374483343925]}