{"betas": [-0.459125293958982, 0.2836700625543276, -0.2828307762064238, 0.06170009900103966, 0.04114696315793381, 0.017447099752977802, -0.018216663065381097, 0.013285817624318214, 0.01584973647464493, -0.019639755817989615], "pose": [-0.9685350564580024, -1.6739369585401793, 1.5239369585401794, 0.10839467471389527, 0.07508698479907847, 0.0018070628300110927, -0.34802725618111185, 0.003751369556018933, 0.01150939068015102, 0.23394723368936568, 0.03322980686681, 0.0009915418457694472, 0.7480863012508626, -0.10028971626351216, -0.13087993304020148, 0.31006831461691065, 0.060520666750912444, 0.07848327070155478, -0.0010204568409857891, 0.020525561713741102, -0.01048028651410129, -0.05295275784302878, 0.049430738926594824, -0.10325250905140906, -0.20226661536711046, -0.11003291185504063, 0.19235679499388014, 0.0002499419646165372, 0.006268569247844754, 0.01572217552827567, -0.2689468590832373, 0.29557119914661917, 0.2664812636531353, -0.14529148667680403, 0.0752365202084955, -0.3077850995768841, -0.2551082871773897, 0.2937933896516176, 0.006749332124248444, -0.027025176431748642, -0.18009440339185168, -0.3482229635239228, -0.013248470301353933, 0.2969754932854424, 0.32211497120258065, 0.06024474185315963, 0.12480193476565928, -0.07345523914949129, 0.09046585160152015, -0.3995384989520026, -0.8420234079621791, 0.2806133683822876, 0.44398789380711906, 1.0178388798099256, 0.6978798746684578, -1.3363071307623327, 0.44223629179566276, 0.2661106532973893, 1.4968403210923011, -0.5748011903055181, -0.09321775308198585, -0.09097800817731232, 0.3158978846112958, 0.003508918652267339, 0.1348519000217401, -0.240228394576482, -0.1265532829464759, -0.06014259331456917, -0.20206956438645274, -0.14536406558235188, 0.12100442128292489, 0.2166749838693248], "trans": [-22.52582705450496, 11.987370048718056, -0.5029036643248745]}