{"betas": [0.33303066142902105, 0.22906885785386125, 0.1321746135337195, 0.03485680493593007, -0.034928744222964915, 0.03738652273642406, 0.06435992437738675, -0.06135207138309116, 0.004712805749211021, -0.03328562850670294], "pose": [-1.597817512816133, -0.31451665317120286, 0.31451665317120286, -0.22575322235547923, 0.0046509425105620145, 0.07351371214506078, -0.4795430660265218, 0.019356831861688482, -0.0112482096207707, 0.2505711873524993, -0.025455225986936107, -0.024991532796770008, 0.3750230010344032, -0.03742897691544821, 0.022091941663733433, 1.1838010035307545, 0.07633081540469878, 0.06861051906429992, 0.036078003245396416, -0.02591306157369165, 0.03699388486341118, -0.10475020957060995, 0.07972971007621793, -0.053894575617859826, -0.21045643610540565, -0.12355111488188616, 0.16861419754753354, 0.022170383187446446, -0.06062442381507947, 0.001613627572042386, -0.3118541924023716, 0.2739078529586364, 0.22287293603861683, -0.14114495429545693, 0.06237318457636151, -0.27902605976929523, -0.14790882603053762, 0.13328268262895626, 0.06578189095052632, 0.05111775244799457, -0.08565181888001104, -0.3866572207698233, -0.013033990002083105, 0.08962794456313405, 0.380848672193788, 0.16857792422074955, -0.019137330818017648, -0.060632257981781776, 0.18452686540685592, -0.4094860053698906, -0.9480482192144911, 0.311828114353371, 0.2978349998895538, 0.9755406360043178, 0.4954008753087207, -1.7198224642864564, 0.4717859352917778, 0.23361212906763398, 1.6723897324429424, -0.5166084242957674, -0.05889207951660952, -0.0947325255547949, 0.13501510732972008, -0.026654562583900993, 0.12961483096152096, -0.093308766658559, -0.1573442666256786, -0.05517475656263425, -0.22248992818151384, -0.12813441941127, 0.12985724396260367, 0.22589544498365843], "trans": [-13.937065787893975, 9.285379335354238, -0.4879700219242646]}