{"betas": [0.12182979554792384, 0.0498104030700563, 0.01874907528210161, 0.028247290178977192, -0.01045515424154793, 0.003794310233826808, -0.007750463989420916, 0.008476040652062412, 0.013630708331879994, -0.014916307566096007], "pose": [-1.1456560593987837, -1.2969885914922719, 1.296988591492272, -0.3816427775600462, -0.028609144546722948, 0.10089321594603419, -0.44083583956285666, -0.0154385911008233, -0.09843047834274606, 0.3312078756948792, -0.003874024427295658, -0.0008499315030999785, 0.7124547144459563, -0.034949983676907104, -0.1449091661837624, 0.815203538908464, -0.022134677356860376, 0.0874519101785699, -0.0061668231297691035, 0.004161106764911652, 0.014056851957565045, -0.08044772973945255, 0.06690291610350259, -0.02739375307782567, -0.1574860305912041, -0.17581140378058463, 0.18621503208593454, 0.028087798197097454, -0.03027436182263255, 0.003002805963923781, -0.303578156542827, 0.2618108103526271, 0.15319237573139016, -0.13385003404238904, 0.13011768406424745, -0.33679965173321713, -0.2006184965614881, 0.11984414414968386, 0.04111875225971439, 0.02296912524987118, -0.05714246481518077, -0.393146780574255, -0.02473635099882896, 0.13130350416740996, 0.379399220506827, 0.14553019774652268, 0.0008006318497292851, -0.052626495141856446, 0.12127198818771666, -0.3108031217281958, -0.8794817446303614, 0.22921714737907437, 0.29252059639757394, 0.8730053453446563, 0.2959762977367153, -1.4677365970171796, 0.44631687759942495, 0.092870234604959, 1.4287646312293747, -0.45456740306232635, -0.04156361236330126, -0.08433112697607216, 0.205951119918246, 0.03321739286062489, 0.12591034666782808, -0.1775297555863323, -0.15636732258163927, -0.07427622780966188, -0.22208650975746191, -0.11783392466364385, 0.13300262170321614, 0.23637496960524335], "trans": [-47.419780819548514, -10.107081923300548, -0.8902072887671494]}