{"betas": [1.726796659765029, 0.41891031545459445, -0.15139553369490252, -0.5462419580768579, -0.07855182412525559, 0.07595039952460043, 0.008045347212360082, 0.06009336300381875, 0.04481580265154796, 0.006120580758014304], "pose": [-0.23834269134925024, 2.101904493799368, -2.101904493799368, -0.6200452993443046, -0.42523649200015534, 0.10909647358618735, 0.23497759769245982, 0.2311092669173948, 0.002601694102798112, 0.278886026686001, 0.09424360506018771, 0.020867417607440177, 0.41628166960372814, 0.57657171425447, -0.23859574585554333, 0.6546928241609618, -0.1546987520745812, 0.13896426821620353, 0.014171073186944647, -0.10372064371731705, 0.05184104512997317, 0.0029410637447402493, 0.16150752008225697, 0.11563868868514329, -0.25416540131530374, -0.21976396205293683, -0.07577976868383693, 0.09779775858929883, -0.052404884322250295, -0.0039549703671490355, -0.22662237534756788, 0.22765519663824327, -0.08094567695440413, 0.04655815738377523, 0.3969076475419146, -0.12132115552219776, 0.12437493695095748, 0.8996551994488503, -0.054427409446763365, -0.05514127954923117, -0.5495452244470913, -0.43992759876218684, -0.005265487935778272, 0.49502512401983684, 0.45846307751010307, -0.22268693682866442, -0.700203003210469, -0.26291419241260855, 0.16793479474166345, -0.30508986722733267, -0.7281673267488983, 0.23755560614550894, 0.6076999481882995, 0.744740385570036, 0.33637604931756565, -0.8985917853247971, 0.11560281984565615, 0.3419825776094711, 1.1756202464245618, -0.20319451322339, 0.4488306303670919, -0.13078604973658348, 0.41896461528872553, 0.13896976901797772, 0.25148346915242287, -0.36732836479418934, -0.4112801906627009, -0.12734331301562732, -0.26271221457921035, -0.13987411957610565, 0.13516718782808615, 0.3184573757529281], "trans": [-9.442461185141955, -3.772845439263323, -0.7777871143686624]}