{"betas": [0.19173745763710806, 0.20679507266967936, 0.025545764337162807, -0.024244743693028488, 0.0007202369641003663, 0.013236882350636182, 0.021343764601424748, 0.007373052342460504, -0.01918535564321634, -0.005662447391478864], "pose": [-1.5811859661761118, 0.3978161327913456, -0.4078161327913456, -0.014386416204661752, 0.07449527982586107, 0.004914258282362312, -0.478753840085463, -0.022060890334761454, -0.01098454720629561, 0.2973782400285093, -0.09036582240649668, 0.024387858901963662, 0.2953579213373896, -0.1802617570179269, -0.10524341216390476, 0.2402401357837314, 0.0004136385256758744, 0.09998165819341467, -0.08437116797698459, 0.045184677718133, 0.021172102074911235, -0.08547306305675435, 0.058430361845587676, -0.0651711237891331, -0.03260181210385219, -0.1754879929407551, 0.29210134784294106, 0.01958756708963897, -0.0529868123553628, 0.016243553036539495, -0.2910379363117229, 0.20359744495153131, 0.11151314354988234, -0.09577502685927328, 0.13936859267550594, -0.4278506365441647, -0.23218480181756093, 0.07828417476208953, 0.04303131067049009, -0.03741279921323803, 0.1328821764264654, -0.3372257486679882, -0.0539319487373817, -0.08701844008920921, 0.40940796199722973, 0.1688339484512088, -0.018279152454511793, -0.01937169584073157, -0.14044716619821643, -0.36535713268992276, -0.7618501785589306, 0.06866156328646113, 0.10953146083341099, 0.8234399492290344, -0.23508525126182991, -1.281669373268529, 0.6863940400032551, -0.4615300441352804, 0.8404630866929771, -0.5480209306203441, -0.25159372620671555, -0.016400274374342234, 0.1670983023431507, -0.12752152478500875, 0.010497784892555538, -0.07784449968886616, -0.01648423352942816, -0.08097052555758104, -0.19236219620460046, -0.0504094214340325, 0.11183116129365954, 0.22164558970912757], "trans": [-21.847809771591283, 16.742519252565756, -0.49923576981868323]}