{"betas": [1.7511515842605234, 0.3670231778082652, 0.03978433168027672, 0.004913282851196045, 0.02958606384598556, 0.001461046037256542, 0.028411238985692, 0.012589726574853976, -0.014340388809218167, -0.004234100351574732], "pose": [-1.5681421635237998, -0.22357300446732944, 0.1902396711339961, -0.4162510312693802, -0.01279125808501378, 0.10344485588813068, -0.4211652606683729, -0.02617306883080574, -0.0810973003256962, 0.3099496896918159, -0.00443745281124437, -0.005295320841449547, 0.6804215390557988, -0.03634379745952372, -0.14363336405744911, 0.7315956965720448, 0.032908206273990895, 0.0784065934747547, -0.021750519909151594, -0.007105553355561895, 0.021120852683166127, -0.0787813108841702, 0.08188301876789841, -0.06684814987853821, -0.1569885924666812, -0.15987644344194762, 0.20862345880502045, 0.027309028181270407, -0.03882299014023161, 0.006714547454304371, -0.2877969620237446, 0.23786165711691656, 0.19171765361489596, -0.12724974039311251, 0.10010814625469631, -0.34225809163321286, -0.19003613766696317, 0.09688277457699528, 0.041133936258000034, 0.009048587119352112, -0.007301089246622881, -0.35319428380574996, -0.03273427982798679, 0.05339429395809973, 0.35547099644530183, 0.1421410273959626, -0.01718190258973473, -0.029660033936334547, 0.04947036664391834, -0.31734997862853415, -0.8055189705718561, 0.1622633678768597, 0.23040329076684576, 0.8089001764403028, 0.17941433837599755, -1.3958962971753162, 0.48031389146614256, -0.05337393536296136, 1.2588181187173577, -0.46991127153436063, -0.10501232989626909, -0.07052703907832303, 0.16008493069325844, -0.02874238576914804, 0.09008313015623838, -0.11942034888771341, -0.12435909887779455, -0.062423320736393, -0.21262272014869218, -0.10843485320149128, 0.11918781844270598, 0.2224550786276152], "trans": [-28.991086439419878, 7.264303798558726, -0.7283874043249918]}