{"betas": [0.33303066142902105, 0.22906885785386125, 0.1321746135337195, 0.03485680493593007, -0.034928744222964915, 0.03738652273642406, 0.06435992437738675, -0.06135207138309116, 0.004712805749211021, -0.03328562850670294], "pose": [-1.609761961268759, -0.2931832534512766, 0.2431832534512766, 0.26007333087496615, 0.006951664592763707, 0.010475276406613172, -0.447943329473683, 0.03773864814242876, 0.016532890331746042, 0.22383725532807952, -0.10147354044794035, 0.038994352664153825, 0.6642487130069934, -0.23085117589394918, -0.15593849495790124, 0.20550223227015357, 0.18085864903362103, 0.06847549682644628, 0.03873533011505435, -0.020650558689443196, 0.018144391221943224, -0.06407487716514795, 0.06433020668960364, 0.009639732858361848, -0.04044496477290026, -0.19180356312739516, 0.22490183507540645, 0.047316620880120674, -0.0710359860022199, 0.005576329274295364, -0.32189242448747496, 0.23637849041885428, 0.021157553079274527, -0.02678860010207519, 0.19895719882217508, -0.39059969544180184, -0.14261556858583052, -0.008062901684768982, 0.09531934718114797, 0.0003972951659613714, -0.18728951840704136, -0.27979294819454015, -0.0594259318346978, 0.16353759848126073, 0.23983243116837819, 0.3180944898213439, 0.18289595068339115, 0.019333351556619516, 0.13948522127122975, -0.5831184555751519, -0.9377542085779965, 0.15754973546469192, 0.3092488633665936, 0.7874129840632975, 0.48534798332342577, -1.8314245880255215, 0.5270941094096034, 0.08643365729494923, 1.4302634211343583, -0.4898056844486321, -0.1395741779624827, -0.15337230620784081, 0.13028055177324194, 0.0441397515913722, 0.11769878101033203, -0.10926094595512122, -0.038632001707703416, -0.06437322718531248, -0.17280093411671157, -0.06759831077445304, 0.13213474919445686, 0.2065093927372993], "trans": [-11.579436916135618, 3.136406100721574, -0.6110915907662423]}