{"betas": [0.12182979554792384, 0.0498104030700563, 0.01874907528210161, 0.028247290178977192, -0.01045515424154793, 0.003794310233826808, -0.007750463989420916, 0.008476040652062412, 0.013630708331879994, -0.014916307566096007], "pose": [-1.1456560593987837, -1.2969885914922719, 1.296988591492272, -0.3816428506653763, -0.02860915412914419, 0.1008932443251452, -0.44083586001317965, -0.015438597016387537, -0.09843050998343361, 0.33120794612958276, -0.0038740114377979595, -0.0008499091932781782, 0.7124547312709726, -0.03495000122647059, -0.1449091720728456, 0.8152035394530602, -0.022134673573950128, 0.08745190563611474, -0.006166821987448086, 0.004161123262610359, 0.014056860717407145, -0.08044771812985736, 0.06690291399612816, -0.027393760013755673, -0.15748603445361758, -0.17581141350095286, 0.18621501639086052, 0.028087814698496777, -0.030274349175184193, 0.003002818455327587, -0.3035781575729848, 0.2618108148342145, 0.15319238396477292, -0.13385004959940122, 0.13011766366282165, -0.33679963640011873, -0.20061846744811546, 0.11984413642330581, 0.04111876518524571, 0.022969136189384152, -0.05714237981473697, -0.3931468016305039, -0.024736344433392243, 0.1313034686990026, 0.3793992374295214, 0.14553019533791278, 0.0008006317452323138, -0.0526264874634327, 0.12127195917886842, -0.3108030096945073, -0.8794817637460562, 0.22921712690427168, 0.2925205827311264, 0.8730053647138296, 0.2959762213880824, -1.4677364092235332, 0.4463168640176505, 0.09287020399170415, 1.4287645683619896, -0.45456740570880527, -0.04156359250711946, -0.08433108753581231, 0.20595114061536962, 0.03321740958130775, 0.12591033641333943, -0.17752978790781854, -0.15636735466379378, -0.07427623317950183, -0.2220865127939879, -0.11783393257020595, 0.133002621962361, 0.23637497539829452], "trans": [-48.34611593886895, -10.26512252472114, -0.8861460343468338]}