{"betas": [1.7511515842605234, 0.3670231778082652, 0.03978433168027672, 0.004913282851196045, 0.02958606384598556, 0.001461046037256542, 0.028411238985692, 0.012589726574853976, -0.014340388809218167, -0.004234100351574732], "pose": [-1.5125958827249322, 0.47722607246729776, -0.5022260724672978, 0.22413894582997565, 0.04304527569634077, 0.005868109685420293, -0.30449376684918616, 0.008469507270071185, -0.18385851756764732, 0.2005575448679225, 0.0044005188594316135, -0.02081237669284545, 0.5731078844814773, -0.14281884966370942, -0.11279315756797936, 0.13181910125889065, 0.0008343079674059881, 0.17706051763474284, 0.028198249703522235, -0.018025667655902012, 0.030893437128684836, -0.09615458782463103, 0.10183722188373726, -0.08143291782931118, -0.04077543326778061, -0.2866325007588354, 0.27125033767936607, 0.027433402309803342, -0.09740048372917179, -0.024650385924386432, -0.276710860094858, 0.17108303177979053, 0.08821886670506474, -0.05815746194426812, 0.22029212702400516, -0.42767542165874295, -0.16969907003583898, -0.08295234793584302, 0.05990928661383827, -0.025686072872430032, -0.054731889706592235, -0.2766931847480552, -0.04266267019467208, 0.11520697158888296, 0.2707397179783259, 0.28658290784133467, -0.4509643404355678, -0.05387060010333354, 0.2545948970599283, -0.4849227636456417, -0.6828599251993228, 0.33896006353092095, 0.1354610118975532, 0.8413431802940988, 0.08077529289625952, -1.511761549219735, 0.3514697604455798, 0.16547301956621618, 0.6180699495024498, -0.10796030162487497, -0.041392110805235055, -0.12530294987921997, 0.1099905773303617, 0.12123109683259489, 0.06385635539987791, -0.034681037378437016, -0.04686388610625661, -0.049610091032271555, -0.11761602065055773, -0.03594667192758986, 0.0985802448993724, 0.12392856684058327], "trans": [-21.718351063895447, 15.470865527048147, -0.6225113358881063]}