{"betas": [-0.459125293958982, 0.2836700625543276, -0.2828307762064238, 0.06170009900103966, 0.04114696315793381, 0.017447099752977802, -0.018216663065381097, 0.013285817624318214, 0.01584973647464493, -0.019639755817989615], "pose": [-1.1856244497002328, -1.2255634909961506, 1.2255634909961508, 0.014948100643469409, -0.011850008875533086, -0.0090796140532712, -0.39955547505948874, -0.018684962327302677, 0.05681020182283734, 0.22402950431514915, 0.008645971993503145, -0.0054888772312735885, 0.767142102891863, -0.0007687357202929637, 0.007327509092440142, 0.46755087320621325, -0.013128181495975617, 0.05599586876227528, -0.028386402592940584, -0.02268030368490688, 0.023858794893444224, -0.08248226291779986, 0.0839822593554248, -0.04702344211687917, -0.1517358737021886, -0.17005070681380027, 0.1829834394267478, 0.02422301207518193, -0.028768239006963174, 0.005817823345692449, -0.24438439342257368, 0.22349383952531485, 0.17020387499609071, -0.10969130230749485, 0.12657222057682183, -0.3260442655385025, -0.1919620801013689, 0.08059310599551978, 0.05816591643466936, 0.00256993093972255, -0.09706075554714659, -0.3723101618022817, -0.0772536369876123, 0.17103977498292486, 0.3413053664446825, 0.14591752093124785, -0.06308876836743621, -0.03166320542643224, 0.12183879831631107, -0.3221923820280733, -1.1338700362616563, 0.24594398632750836, 0.37175227284336054, 1.0496809045885191, 0.21182921548070024, -1.3386813753142905, 0.5011101563146214, -0.04187455825175074, 1.5002227596974067, -0.608316029761485, 0.00965066645593874, -0.050421907759435, 0.16723333029136683, 0.0016010386599044782, 0.11368033848696979, -0.18183177368971948, -0.22955428958244128, -0.07729482000751492, -0.2467679761288017, -0.13025095345630824, 0.1354198993931156, 0.25159215005904206], "trans": [-21.165377091130384, 12.212261211688567, -0.4578182807834479]}