{"betas": [0.12977417203956745, 0.49847687971378624, -0.19179541608583497, -0.1113183526768453, 0.0549914925669735, 0.1034291447522722, -0.013453424082682812, 0.010035343166627214, -0.014576049326274527, -0.02308049036666073], "pose": [-1.5004037627109186, 0.5481234211505879, -0.5481234211505879, -0.3713444493818569, -0.05743737693721083, 0.03796791407071708, -0.045377459010752276, -0.06739171763023633, -0.021784354607056338, 0.24056927306021747, 0.05797535272204893, 0.0037082349825128176, 0.8275519175145558, -0.03495092568394573, -0.16336329949859701, 0.26283941772099023, 0.0702760732346143, 0.05913657747081747, -0.023781676618245724, -0.008379876384551907, 0.00636086201101507, 0.034703693262282884, 0.061028369820294366, -0.03586134245093966, -0.050550493421047164, -0.19851769761564594, 0.14325828576117872, 0.06909112102737158, -0.01794381797925368, -0.014735150306511614, -0.30119706830608156, 0.21242680277382817, 0.059170750731513275, -0.040042352942859974, 0.2000317881514443, -0.3007477029095503, -0.03435701017979095, 0.029452574284925547, 0.056552839092966205, 0.04600936636856543, 0.08382423699170695, -0.5004461912876851, -0.019391496835453242, 0.04548518066795397, 0.5242500743179005, 0.33685485197463827, -0.06477582587928796, -0.05381215997192471, 0.0778332036388603, -0.2071844838232254, -0.8904835337329828, 0.16923403028897424, 0.26460182651568326, 0.8255316968379545, 0.1784585703130922, -0.48748593236686133, 0.12398696474787983, -0.08884967122512134, 0.442989227471856, -0.12746883913924847, -0.021185252610910508, 0.006293534006378212, -0.06704896247155585, 0.025480714484332492, -0.0033598741004035914, 0.00256693107551912, -0.16218879796672275, -0.08099295801541304, -0.1988897798211662, -0.09675418122365032, 0.12603296074167095, 0.24811149070016628], "trans": [-15.876785418610112, 12.846941454953978, -0.5126412190027106]}