{"betas": [-0.10716845975804463, 0.03555393559239171, -0.022909588301634677, -0.0022321960585287635, -0.011360188238027402, 0.007048778770267401, 0.0026244476494828445, 0.001119221678184007, 0.011361241992361597, -0.011308692156923365], "pose": [-1.3167523119607896, 1.023832378941806, -1.0238323789418062, -0.4841007430884274, -0.03152287263661057, 0.1658197400577461, -0.5331046511936129, 0.00032323449633881325, -0.15731721429955828, 0.3924155351650662, -0.005810521311407661, -0.004564368319651529, 0.7907016487135782, -0.03428477942106147, -0.15057538317815125, 0.893354342050169, 0.008307438208847735, 0.08298575763714575, 0.0004866887038821078, -0.0048961605741198655, 0.019013867959931423, -0.11617763213217136, 0.046495558767494186, -0.026869035047384, -0.17065470716301023, -0.1391500951479505, 0.18885026276018468, 0.020327114742330548, -0.03440703038667057, 0.0056551570252204916, -0.30643841412109507, 0.3043480124208042, 0.1723249333133818, -0.14893908649300966, 0.0869087260722177, -0.3218246657223961, -0.18207229660130914, 0.0724835778718418, 0.04418905017079876, 0.0022779954825660653, -0.12017937981213148, -0.3489891853178066, -0.0494727861690639, 0.18121574151280528, 0.3276411198729022, 0.14567337979765546, -0.05881157303721046, -0.03149412107396165, 0.048981343335448714, -0.3976454652661954, -0.8584564148109732, 0.1696119351034974, 0.35144331915842775, 0.8698140992967219, 0.20045389737801148, -1.619829062448128, 0.5844602136005798, 0.019504380045686883, 1.6311847713226557, -0.6173669550715545, -0.09855783303475386, -0.07368794251657217, 0.2616957351221028, 0.01131713059421226, 0.12863504236682977, -0.2339451047890215, -0.11551715212836709, -0.06836164518292366, -0.2268788260325864, -0.11941341673208448, 0.14169148715091753, 0.24374330454377732], "trans": [-57.71356811721904, 6.133679824789088, -0.9232670053090928]}