{"betas": [0.12182979554792384, 0.0498104030700563, 0.01874907528210161, 0.028247290178977192, -0.01045515424154793, 0.003794310233826808, -0.007750463989420916, 0.008476040652062412, 0.013630708331879994, -0.014916307566096007], "pose": [-1.1456560593987837, -1.2969885914922719, 1.296988591492272, -0.38164260832202856, -0.028609064847974725, 0.10089317832076553, -0.4408361053537607, -0.015438468159272469, -0.09843039756300492, 0.3312080008899144, -0.003874219759602859, -0.0008500076749388671, 0.7124547498349698, -0.034949831312166335, -0.1449091366057123, 0.8152036091350662, -0.022134748067085645, 0.0874519168854023, -0.006166683834795492, 0.004160887590267562, 0.014056828031071477, -0.08044776505842013, 0.06690283022216698, -0.027393677606621387, -0.1574859507553991, -0.17581127507552102, 0.1862150549299863, 0.02808776461471285, -0.030274565987204082, 0.0030027646246935866, -0.3035781860913261, 0.2618109029261506, 0.15319224684903923, -0.13384992946026017, 0.13011772027688798, -0.33679965748097995, -0.20061847371667824, 0.11984404266172129, 0.04111867117740484, 0.022969196365550316, -0.057143247167150184, -0.3931469505263496, -0.02473631614620964, 0.13130384559154074, 0.37939928896138453, 0.1455303061861333, 0.0008005417540155141, -0.052626444707846755, 0.12127212364654218, -0.31080397711346086, -0.879482132126807, 0.22921729073617367, 0.2925206667415134, 0.8730056086416393, 0.29597669994798875, -1.4677371617886539, 0.44631692960412234, 0.0928703534710402, 1.4287648137201616, -0.45456751885509394, -0.04156368242129245, -0.08433118263043168, 0.20595111805018818, 0.03321743018478451, 0.12591035519883165, -0.17752974127458235, -0.15636716831533481, -0.0742762433465751, -0.22208649818135318, -0.11783395346134419, 0.13300268851790634, 0.23637500376898526], "trans": [-53.46057969308519, -12.474289154311926, -1.332982474737856]}