{"betas": [-0.19266644468801378, 0.5771463667239267, -0.16308379457488245, -0.06462538974507079, 0.08054580167251779, 0.027975024271901693, 0.03561269911626106, 0.05188376016633901, -0.05289357868361275, 0.00684608270928935], "pose": [-1.4883760590458954, 0.5924571786342419, -0.5924571786342419, 0.13846242538621373, 0.06779018259362844, 0.04227092606856755, -0.526227255058399, -0.027855990823381152, -0.04336093683911598, 0.3693543646647252, -0.053929840645683354, 0.027759810919241654, 0.5806406236375787, -0.12721604844696063, -0.0993718548348287, 0.3582575856668413, -0.12349151436457714, 0.10395289012372326, 0.08565574654037458, -0.03125693719921788, -0.011940798688506955, -0.10314804831746947, 0.08680594139426992, -0.08183486166992943, -0.04548048045753651, -0.2275425778531076, 0.2240786883627207, 0.012095795157675272, -0.033427994748716286, 0.007403654678147879, -0.231812205026853, 0.24573517033692255, 0.12065026565824924, -0.02034180441923504, 0.20120559278767544, -0.3334242385195173, -0.02376981390053872, -0.04514480879573072, 0.03200645117285526, -0.010160281063234878, -0.46885056936208913, -0.23821132077014986, -0.041080101503272355, 0.5036626276193198, 0.173229880476291, 0.18324989599815975, -0.1568779132329853, 0.044148008968946724, 0.12569247101451422, -0.5337949237492688, -0.5998303718282876, 0.20310175411067227, 0.4285447747392963, 0.5951344945131297, 0.4627117775111767, -1.4627532385000188, 0.20056053053746076, 0.4992226117688565, 1.465257823005552, -0.13120012198944087, 0.17073469777128206, -0.23013531479543148, 0.2510095365053805, 0.2706546221819596, 0.19755569686361893, -0.1909461309649257, -0.10445992054805377, -0.036578061639851125, -0.1133195924818985, -0.08879938873566183, 0.13376212456153894, 0.1196315792840893], "trans": [-17.597447430634535, 10.700304813187573, -0.505903043792946]}