{"betas": [-0.10716845975804463, 0.03555393559239171, -0.022909588301634677, -0.0022321960585287635, -0.011360188238027402, 0.007048778770267401, 0.0026244476494828445, 0.001119221678184007, 0.011361241992361597, -0.011308692156923365], "dual": [0.005155617265522924, 0.007322304624363195, 0.0074084094879095855, 0.01637996146443916, 0.004514946685129318, 0.0011013900360369094, -0.0011601549197609803, -0.001675297607206945, -0.001331486339883635, -0.0006396791741779418], "pose": [-1.3033594123426828, 1.0491612740450127, -1.049161274045013, -0.5564335035904733, -0.035458202413898354, 0.18223283760404912, -0.6037564147911525, 0.006602710873220259, -0.1693576437833486, 0.43217572343571, -0.007054567481647476, -0.0037274787547808544, 0.8039492516959815, -0.016143244434164615, -0.15506825904839075, 0.927363673210229, 0.0017979972472917994, 0.08539909813164329, -0.0049980188264781835, -0.0013046571379460188, 0.011949822817878826, -0.11106621169891086, 0.03715861790524131, -0.0273737307112175, -0.17904542934753803, -0.12711508476119923, 0.18708256315819807, 0.016961651611880044, -0.03452524138297561, 0.006308719815676175, -0.3087947535195158, 0.31049605128707786, 0.18022908213061692, -0.1502659572853593, 0.07500475722010029, -0.3232923042757444, -0.1975349332124124, 0.10897924745117554, 0.02873456241487354, 0.008244237305969121, -0.14112215093893368, -0.37258536299421785, -0.03421160411366845, 0.1995051226513343, 0.34104986278185645, 0.13259701722257972, -0.025143487297985122, -0.03837321201588802, 0.06361199829217455, -0.41132761394191575, -0.8997712009457075, 0.17071346415772767, 0.37148140099660176, 0.8984884909523018, 0.2100911660790147, -1.566795669715745, 0.5658900718845473, 0.01633512152359667, 1.577098257459661, -0.6007034513188446, -0.09712651717739963, -0.06066736335489098, 0.2616249297034735, 0.013494644477457404, 0.12124045887785129, -0.2326981369533462, -0.12624930978127336, -0.07249078984318527, -0.23007977596045923, -0.13354612894612308, 0.14420759710475517, 0.24957309532416125], "trans": [-55.357074598193115, 6.4905358354137155, -0.8830596901321218]}