{"betas": [1.7511515842605234, 0.3670231778082652, 0.03978433168027672, 0.004913282851196045, 0.02958606384598556, 0.001461046037256542, 0.028411238985692, 0.012589726574853976, -0.014340388809218167, -0.004234100351574732], "pose": [-1.4754327983095505, 0.7777390473879962, -0.8027390473879963, -0.5274484121146377, 0.02990903592998627, 0.051000162386227565, 0.30274761892304686, -0.09669997295259786, -0.11271107289099808, 0.2005575448679225, 0.0044005188594316135, -0.02081237669284545, 0.2759063329196486, 0.14723623213904485, -0.09884482340353548, 0.11388020514506042, 0.10028924189165891, 0.11791159622428485, 0.028198249703522235, -0.018025667655902012, 0.030893437128684836, 0.06286045755513237, 0.08587659991733436, -0.05110513127473448, -0.14989666263784832, -0.13503555440728188, 0.13738038947416428, 0.027433402309803342, -0.09740048372917179, -0.024650385924386432, -0.21310866740836915, 0.235032866380154, 0.15975117386107882, -0.08189183948783842, 0.1539244759386188, -0.22310443935159835, -0.094699070035839, 0.042047652064157025, 0.059909286613838285, -0.05242438641579564, -0.24320429067230906, -0.3288396463929583, -0.035406962472830546, 0.30313140864547466, 0.3730350898806058, 0.08658290784133468, -0.0009643404355676663, -0.003870600103333538, 0.2545948970599283, -0.4849227636456417, -0.6828599251993228, 0.33896006353092095, 0.1354610118975532, 0.8413431802940988, 0.15033727976423722, -1.3007743846385622, 0.4199160290421183, 0.16547301956621618, 0.6180699495024498, -0.10796030162487497, -0.04261579551885986, -0.10409363343764598, 0.24130611234773328, -0.019298235256205717, 0.10565634707502299, -0.17103391924679506, -0.11173049245386964, -0.05272698021367668, -0.18430569289114254, -0.10619485206855288, 0.11213445981450428, 0.1975523549403836], "trans": [-22.517627559065527, 14.881253060359352, -0.6302178880808502]}