{"betas": [-0.459125293958982, 0.2836700625543276, -0.2828307762064238, 0.06170009900103966, 0.04114696315793381, 0.017447099752977802, -0.018216663065381097, 0.013285817624318214, 0.01584973647464493, -0.019639755817989615], "pose": [-1.5969366414431607, -0.3814120477459809, 0.3814120477459809, 0.2278272423079954, 0.01238675396005575, -0.0015232696070557397, -0.3886912852830552, 0.002847974122499826, -0.0013902171621407444, 0.5323168773507183, 0.018779870821274098, -0.0004720939953181735, 0.18830305367715391, 0.0041973680520559775, 0.0017395937827333272, 0.3175228825383075, -0.00617940926887952, 0.006555749592211425, -0.05780198120114241, -0.005560327562487715, 0.00647190849425577, -0.06260465317861773, 0.05367609089650411, -0.0026002647944932625, -0.15195311582244905, -0.23342847410949244, 0.13280160053139453, 0.02236375617786024, 0.0010159450774619543, 0.008896237640812057, -0.24889840819236878, 0.2216369490142153, 0.07212337000773592, -0.07267218982651749, 0.17323906936901562, -0.3160038171173161, -0.22031537885643834, -0.008351813685359751, 0.03708957973351798, -0.0532803527229139, -0.2134726793234979, -0.28446031647300085, -0.12981520690263165, 0.3413875620457936, 0.23815139566603283, 0.09557254272576107, -0.17016965003151518, 0.012607874622036563, -0.06652016645207827, -0.2929377138420517, -0.9377933887817073, -0.017133869994869776, 0.37731733476563123, 0.6405585787506757, -0.11162473282844379, -0.441396532366763, 0.20925188393083938, -0.17955766930759454, 1.1735948501791968, -0.5102205337171282, 0.09177166616340894, -0.07761618533415074, 0.28111702783818004, 0.10074433017562244, 0.16175745573441375, -0.3062545526128304, -0.23514210060916946, -0.08485809292229594, -0.23257727773653464, -0.09473533772520061, 0.15034449573508007, 0.2401468503857753], "trans": [-12.982403760521247, 9.200639904894249, -0.36967930419702677]}