{"betas": [1.7511515842605234, 0.3670231778082652, 0.03978433168027672, 0.004913282851196045, 0.02958606384598556, 0.001461046037256542, 0.028411238985692, 0.012589726574853976, -0.014340388809218167, -0.004234100351574732], "pose": [-1.4213568082346666, 0.7928870467391959, -0.7928870467391959, -0.5274484121146377, 0.02990903592998627, 0.051000162386227565, 0.27774761892304684, -0.07169997295259786, -0.012711072890998092, 0.2005575448679225, 0.0044005188594316135, -0.02081237669284545, 0.2759063329196486, 0.14723623213904485, -0.09884482340353548, 0.13888020514506041, 0.1752892418916589, 0.04291159622428486, 0.028198249703522235, -0.018025667655902012, 0.030893437128684836, 0.046576372015477936, 0.08690426889027142, -0.07636468071772856, -0.15180467677030915, -0.14510473995183576, 0.15515896647485128, 0.027433402309803342, -0.09740048372917179, -0.024650385924386432, -0.21742365875620392, 0.23337005715250742, 0.18480010728867852, -0.09383475625846079, 0.1528340460233064, -0.24537185781919355, -0.16969907003583898, -0.232952347935843, 0.05990928661383827, -0.06237212735124985, -0.2508033608192053, -0.295217837973057, -0.026895279329861577, 0.33110416178630425, 0.33936704197756506, 0.28658290784133467, -0.4509643404355678, -0.05387060010333354, 0.2545948970599283, -0.4849227636456417, -0.6828599251993228, 0.33896006353092095, 0.1354610118975532, 0.8413431802940988, 0.12866281528243814, -1.2327801124639854, 0.36928152645923784, 0.16547301956621618, 0.6180699495024498, -0.10796030162487497, -0.028117217461860182, -0.10290395912382949, 0.25286162105769483, -0.0016749268244714015, 0.09674675149355513, -0.1621385246030578, -0.11007622792812144, -0.047476983105404894, -0.1679962478898385, -0.11016324038161851, 0.10555856916842479, 0.17855928895469508], "trans": [-23.991605919065503, 13.94329496389791, -0.6462353626157696]}