{"betas": [0.12182979554792384, 0.0498104030700563, 0.01874907528210161, 0.028247290178977192, -0.01045515424154793, 0.003794310233826808, -0.007750463989420916, 0.008476040652062412, 0.013630708331879994, -0.014916307566096007], "pose": [-1.1456560593987837, -1.2969885914922719, 1.296988591492272, -0.38164267984364575, -0.02860911283262958, 0.10089327945479629, -0.4408358642677771, -0.015438569499389805, -0.09843047556575027, 0.3312078110580156, -0.0038740783444717397, -0.0008499763471549249, 0.7124547178837217, -0.034949961151330304, -0.14490914575175204, 0.8152035558870097, -0.02213467913668211, 0.08745191398738757, -0.006166804332832666, 0.0041610525508194085, 0.014056818509305773, -0.0804477464305664, 0.06690288872335025, -0.0273937538923888, -0.15748603782035178, -0.1758113557968021, 0.1862150366068645, 0.028087761614388012, -0.03027441708170234, 0.0030027758167235166, -0.30357816823712813, 0.2618108298616113, 0.15319236242158457, -0.13385000272115938, 0.13011768290023382, -0.3367996495243182, -0.2006185343476295, 0.11984417357342211, 0.04111872074236023, 0.022969129313311975, -0.05714267954529558, -0.3931468564547787, -0.02473634203103538, 0.13130358720983676, 0.3793992545682419, 0.145530223731858, 0.0008006604095620101, -0.052626506356263494, 0.12127202596116912, -0.3108033870931344, -0.8794818462289066, 0.22921719591402667, 0.2925206362882272, 0.8730054145171251, 0.29597640254566715, -1.4677367283953133, 0.4463168808636762, 0.09287027582715324, 1.4287646600345285, -0.45456742156563573, -0.04156364139442678, -0.08433114182293792, 0.2059510967708234, 0.03321737936589108, 0.1259103447388059, -0.17752971323762268, -0.15636726933664727, -0.07427623051604937, -0.22208651153949907, -0.11783392617259872, 0.13300263544183663, 0.2363749794188061], "trans": [-48.73441610871592, -10.569276274586645, -0.9312592960893754]}