{"betas": [1.7511515842605234, 0.3670231778082652, 0.03978433168027672, 0.004913282851196045, 0.02958606384598556, 0.001461046037256542, 0.028411238985692, 0.012589726574853976, -0.014340388809218167, -0.004234100351574732], "pose": [-1.5940980658816188, -0.15924088400476863, 0.15924088400476863, -0.359396930377177, 0.0015981270817655437, 0.09996813630881862, -0.3772054284104018, -0.01787621266959016, -0.08493761180063786, 0.27852514094508, -0.017235623489464048, -0.01790481617946618, 0.6229928750966481, -0.04116186287197773, -0.14408871731412462, 0.850234922347066, 0.077380573386178, 0.07850232940091298, -0.019813881084927376, -0.021880585272607014, 0.03494411719398944, -0.0959568421768581, 0.10085942822145179, -0.04717225776357042, -0.16031956828400454, -0.16566555376106956, 0.21658640816590316, 0.033865812446915375, -0.05765647172070457, 0.002388719891782169, -0.2851995777573894, 0.2397836656905959, 0.18504809005556355, -0.15367937792183314, 0.12279590216534417, -0.3359208610272166, -0.17438774113787062, 0.12029075135166013, 0.05310393454690109, 0.011240626488888796, 0.004676412283867663, -0.36541564576296914, -0.034509278808918555, -0.00625359321609863, 0.3934976083612965, 0.17756082664855077, -0.004422528825821904, -0.04240505846273513, 0.01101517445014824, -0.3324436013669575, -0.7699171280402274, 0.19497131881073887, 0.1710506880156507, 0.82834884634657, 0.13659163939769542, -1.3291400732305636, 0.46838946334060594, -0.08649485804461216, 1.1858769469936663, -0.46054025502352186, -0.08811388598138355, -0.05203315852531855, 0.1349002276787476, -0.04972200055325501, 0.07267145986709464, -0.07585140786136912, -0.12669399101198806, -0.06159062074106824, -0.2124810822050172, -0.10326529343333112, 0.11510320641035994, 0.22066192807506874], "trans": [-28.401753256568846, 2.6245792047754564, -0.8638841686328549]}