{"betas": [0.33303066142902105, 0.22906885785386125, 0.1321746135337195, 0.03485680493593007, -0.034928744222964915, 0.03738652273642406, 0.06435992437738675, -0.06135207138309116, 0.004712805749211021, -0.03328562850670294], "pose": [-1.5955324729147617, -0.3297160165923786, 0.3297160165923786, -0.4189896298887767, -0.004846979836181069, 0.04018401707229338, 0.18516644714672761, -0.019953209939279994, -0.05397804749595616, 0.3295428219302092, 0.019973140918188612, -0.01192404372679151, 0.10992898703160886, 0.06770166528183896, -0.005580516883811205, 0.09696565389003595, -0.005830176176585468, 0.04908057105959934, 0.044252978164131755, -0.03750033961654522, 0.020112209538678386, 0.008657704194900546, 0.06605831595060681, -0.10230026664135441, -0.1294050132753721, -0.1042450478337663, 0.18515322032221287, 0.01950641113736644, -0.027952919461544577, 0.012218963319439453, -0.2512943649611939, 0.2587811661839402, 0.23770758781090173, -0.07982269839489406, 0.08128947235250825, -0.2667428629381798, -0.08528605516255666, 0.17735809252074844, 0.03292116079934663, -0.014466186760649822, -0.21947847882407598, -0.3210929484303286, -0.03983988015866109, 0.24415661494031282, 0.3022293356074275, 0.20838603098455008, 0.001650159653169926, -0.04297981928879686, 0.10889226264727066, -0.47673002272565723, -0.8386418167117394, 0.13553452551462067, 0.4296588722485009, 0.8272255562856939, 0.2897952101171475, -1.5230095320951527, 0.4730859117999771, -0.0023282199320558395, 1.4354501312740109, -0.5209313056837898, -0.06982276185631281, -0.09843485720862585, 0.19198165287073268, -0.056554241956283634, 0.11872986773433365, -0.1695188530874794, -0.15962685856309017, -0.058719034042259526, -0.2306822233639001, -0.1547347680110053, 0.1275160039086207, 0.25164347835784984], "trans": [-13.239782796146821, 7.666162832658119, -0.5270176667968162]}