{"betas": [0.19173745763710806, 0.20679507266967936, 0.025545764337162807, -0.024244743693028488, 0.0007202369641003663, 0.013236882350636182, 0.021343764601424748, 0.007373052342460504, -0.01918535564321634, -0.005662447391478864], "pose": [-1.5441603860799815, 0.3385091797116443, -0.3385091797116443, -0.24447167733106315, -0.009488139191764132, 0.017940787998638366, -0.25993991511094505, 0.005222737768565257, -0.011520544391981614, 0.3986213440452319, -0.011225430984888037, 0.032202028618792775, 1.0580474574390262, -0.12833858765015016, -0.0842992357781316, 0.27654263543381774, 0.04701582872383438, 0.14972703988801594, -0.04558566984479094, 0.026478880171464218, -0.025497068235126333, -0.08114576272943996, 0.09610728086909112, -0.12063377942752786, -0.1271234208779772, -0.23400170759450956, 0.24305882018057492, 0.007515610578972454, 0.0006531979200086574, 0.0029132343552656912, -0.2201310216398429, 0.18918306207427205, 0.21356727080895055, -0.06632892642022742, 0.14960949092873665, -0.40023201112677576, -0.22097635933019344, 0.03414599728283367, 0.024524294388280816, -0.06116121094257381, -0.08802714489857913, -0.27348317198124583, -0.1091416917280473, 0.23092611004541433, 0.18684946048224488, 0.09083060907967291, -0.05712107154329685, -0.017238169316186894, 0.8924103452026333, -0.8677355794074985, -0.8400875107368144, 1.0667659258307103, 0.5330812224065294, 0.8086599191511734, -0.07122742098104903, -1.2473120381067742, 0.4111469542500608, -0.29319877950892, 1.2751568908206612, -0.3609942782813395, -0.026622656966455938, -0.09151756118047313, 0.16902186469579872, 0.06191083610528296, 0.10944447558230891, -0.18524005404158986, -0.19233225616103772, -0.06157566954622759, -0.20870022406844665, -0.11059751760376997, 0.10860773432941935, 0.2048612101449796], "trans": [-29.741376169404965, 10.741863684561732, -0.5810416763380757]}