{"betas": [0.40466836330444017, 0.05863328700476435, 0.12669029315925331, -0.03563903324106255, -0.03161275739992719, 0.041330373522867565, 0.0442195718616265, -0.05240537505411271, 0.026760476646685124, -0.027919142557181535], "pose": [-1.5703278946965182, 0.04499707751304985, -0.04499707751304985, 0.2567884554689329, 0.09862869181217179, 0.0648756336008287, -0.4517954925940902, 0.00028538564181217066, -0.045658794415132285, 0.0831649198998154, 0.009144593820569473, 0.011746227386020257, 0.060526175825955035, -0.16283771572183292, -0.08581940303344165, 0.1555155962657243, 0.002091073633978694, 0.04829609072562958, 0.05287963423478337, 0.005877618625867935, 0.014502621652827286, -0.16419526406629992, 0.13744854714234878, -0.013005944169391874, -0.04991239819257307, -0.22312968841471212, 0.3630108918887595, 0.07077750394025192, 0.020964580316720743, -0.005044272976659839, -0.26305743923405284, 0.18072688358284347, 0.08757473223614812, -0.10341487360515784, 0.24056353888402646, -0.4671561654006546, -0.10106914383202162, 0.047199138329281236, 0.0019185967791616534, 0.10247997821761065, 0.003438414405803847, -0.3160410446044726, -0.07690792648121478, 0.11664974306194796, 0.12144882959258622, 0.2144071446228778, -0.016810166875601357, 0.0024533911699791758, 0.18325512233123273, -0.4705856247052162, -0.8460748992023948, 0.2979517252922716, 0.3610868919323772, 0.8802567954842748, 0.5866133266661628, -1.535693836529071, 0.24904533027777975, 0.5267490235599157, 1.610557576752039, -0.29918952662428167, -0.01499965278082667, -0.16149586307072827, 0.03801937811822261, 0.1148336422622746, 0.08000186908550706, 0.043542007167651706, -0.05014783633411119, -0.039279703977814225, -0.1307552996410756, -0.06498030081629741, 0.12012768723645285, 0.12948772643526668], "trans": [-10.664793367176014, -4.557052263055452, -0.8411515226759494]}