{"betas": [0.12182979554792384, 0.0498104030700563, 0.01874907528210161, 0.028247290178977192, -0.01045515424154793, 0.003794310233826808, -0.007750463989420916, 0.008476040652062412, 0.013630708331879994, -0.014916307566096007], "pose": [-1.1456560593987837, -1.2969885914922719, 1.296988591492272, -0.3816423994824617, -0.02860903500758649, 0.10089331675686175, -0.4408358883284896, -0.015438538502208264, -0.09843052644652975, 0.33120767042526256, -0.0038741663766100197, -0.0008499428610070547, 0.7124546878367747, -0.03494991871862925, -0.1449091186660263, 0.815203514890793, -0.02213471256687238, 0.08745191410538909, -0.006166752156437299, 0.0041609996504303045, 0.014056838507267192, -0.08044780345575368, 0.06690284808683813, -0.027393747243590973, -0.15748602548823357, -0.17581127607607502, 0.18621505461774912, 0.02808770941909784, -0.030274487085485663, 0.003002768431312789, -0.3035782069935365, 0.2618108700077211, 0.15319235155092037, -0.13384995723581555, 0.13011765715828152, -0.33679965810850543, -0.20061858281686615, 0.1198440925533319, 0.04111874149530927, 0.0229691784567431, -0.05714293456394273, -0.3931470052282696, -0.024736307931554714, 0.13130369964192534, 0.3793993538428607, 0.14553028953436745, 0.0008006199549283947, -0.05262651048081091, 0.12127217935830976, -0.3108037877245782, -0.879482159751742, 0.22921729161845397, 0.29252069638402256, 0.8730055491001674, 0.2959767191962305, -1.4677372206464248, 0.44631695993235293, 0.09287034722430332, 1.4287647951074633, -0.4545674643892151, -0.04156374098410013, -0.0843311756806398, 0.20595104758300722, 0.03321738966171851, 0.1259103402062469, -0.17752967457522473, -0.1563671776496383, -0.07427623333164542, -0.22208652603672305, -0.11783394217933801, 0.13300265619102022, 0.23637498616656405], "trans": [-50.2023397957109, -11.295033980436418, -1.3048901134459756]}