{"betas": [1.7511515842605234, 0.3670231778082652, 0.03978433168027672, 0.004913282851196045, 0.02958606384598556, 0.001461046037256542, 0.028411238985692, 0.012589726574853976, -0.014340388809218167, -0.004234100351574732], "pose": [-1.5692288042131322, -0.18219057537002728, 0.1821905753700273, -0.5065887975245041, -0.041886244450456446, 0.12381937476209945, -0.1689842204720739, -0.07359120895991295, -0.08363977545860482, 0.2826190475959687, 0.06263458986628825, -0.021313673836263612, 0.45904260440206474, 0.009879514676578603, -0.13001696296970533, 0.6259377469313975, 0.11320407817464737, 0.052563852192459334, 0.00021520851103061517, -0.020595052600143982, -0.0002490076295140706, 0.009151529323302737, 0.10299978546106965, -0.128582943403466, -0.17622775231755328, -0.1700893348468054, 0.19887584877866304, 0.027904703519190138, -0.0012184501630481185, 0.004496818221778835, -0.24414643408940906, 0.24924750428059922, 0.2695152702607244, -0.11940129456837675, 0.11854124388527823, -0.29044118337706437, -0.12165593924396208, 0.17255612761095138, 0.025022287194266545, -0.07914050654085293, -0.10846796168336494, -0.2106059699124927, -0.0761819844611349, 0.16592944868401174, 0.20692846075656887, 0.1654925382602253, 0.022066012226799755, -0.029147730117499607, 0.12567046246869396, -0.42041619367776845, -0.7087138451331142, 0.27511241712866175, 0.42334739991172443, 0.8067205140147645, 0.2988000541394352, -1.4221326234210727, 0.31537818275919244, 0.31538216072056374, 1.1737007900691403, -0.13003520931444168, -0.13771651912698957, -0.12640722042701624, 0.24324739699173495, -0.05910327160257224, 0.13235185250086035, -0.1706057785205181, -0.07863591286967112, -0.03392620885660448, -0.1800924160472287, -0.08977620332908563, 0.09479049555537235, 0.185388210070166], "trans": [-28.14170872985545, 0.7710355439105511, -0.9333684067684735]}