{"betas": [0.12182979554792384, 0.0498104030700563, 0.01874907528210161, 0.028247290178977192, -0.01045515424154793, 0.003794310233826808, -0.007750463989420916, 0.008476040652062412, 0.013630708331879994, -0.014916307566096007], "pose": [-1.1456560593987837, -1.2969885914922719, 1.296988591492272, -0.3816427153323183, -0.02860916911679412, 0.10089324636366118, -0.4408357461211478, -0.015438602157591328, -0.09843051535864371, 0.331207773878587, -0.003874027360610397, -0.0008499632350337047, 0.7124546522053701, -0.03494994772320985, -0.14490915248746494, 0.8152035254852251, -0.02213470835092087, 0.08745188764052296, -0.006166750864416988, 0.004161127378095208, 0.014056774090231166, -0.0804476992644144, 0.06690285607819703, -0.027393736332536014, -0.15748605804462118, -0.175811375053932, 0.1862150015194938, 0.02808779354995681, -0.030274372879953753, 0.00300274663702357, -0.3035782349073428, 0.2618108723017629, 0.15319238395941148, -0.13385002410698885, 0.1301176686352085, -0.33679963984446953, -0.20061846260495855, 0.11984416798441075, 0.04111871208347611, 0.022969205714670603, -0.05714250432231935, -0.39314699533331865, -0.02473626888687595, 0.13130354687680518, 0.3793993350733468, 0.14553031696153693, 0.0008007026396856677, -0.05262655704274094, 0.12127223191367785, -0.3108033086501103, -0.8794821322432419, 0.2292172703282063, 0.2925206536969997, 0.8730055219231191, 0.2959766517355785, -1.4677371069623566, 0.44631694033774216, 0.09287034393225775, 1.4287647791225677, -0.4545673902456732, -0.041563763730051176, -0.0843311367194408, 0.20595108197048415, 0.03321740131259727, 0.1259103490047605, -0.17752973324592602, -0.15636727508004492, -0.07427623742344837, -0.22208652677151297, -0.11783395826183408, 0.13300263461971684, 0.23637499859043548], "trans": [-50.885313226265126, -11.773650685272626, -1.321213298304142]}