{"betas": [-0.04531959800123942, 0.25816046623113975, -0.10443940742347267, -0.07597029208210594, 0.013911735992459227, 0.013954990810594958, 0.00840059268463032, 0.018210526354907698, -0.01144635948893292, 0.002226290135924623], "pose": [-1.562331938802545, -0.19113758004885742, 0.19113758004885745, -0.1732238614007166, -0.01474228649044334, 0.026526741813356326, -0.26343031303268316, -0.032336346375040556, -0.05137390013944872, 0.3143943776917825, -0.03377907120775621, 0.021015373320404294, 1.1229441154754187, -0.13225156251912865, -0.12927107115420375, 0.19671892190140022, 0.01975503721505076, 0.10724238304790155, 0.015520517217714707, 0.006928426032074217, 0.017838591327541783, -0.10803882197843555, 0.09143014157215353, -0.02158057628949756, -0.08543031319013285, -0.2344266521402222, 0.19292892842264564, 0.04079595029954952, -0.042567913136538786, -0.0032239747665370744, -0.28829276372496343, 0.21531399989238958, 0.097076725671409, -0.09727464299785583, 0.164555403982202, -0.3367560542245497, -0.10122315678283322, -0.02560706422436165, 0.07202566876571675, 0.0657205694351712, -0.008493808418503229, -0.45121796538234066, -0.014914339821026277, 0.09815444865775803, 0.43043909295961497, 0.22796909428314865, -0.0978827554625185, -0.026522716393772277, 0.12521379139931393, -0.22270026173064883, -0.8614473469424192, 0.1932134026646101, 0.191149129183152, 0.7875201671411686, 0.3166555445953596, -1.0696138850588275, 0.257716067337874, 0.03190048366753399, 1.0379083432569576, -0.2959265262368573, 0.05236861935199144, -0.06547834519929585, 0.09431794627455027, 0.11446071236662496, 0.08163102630583674, -0.1114625900423466, -0.20262538604313232, -0.07903966364336475, -0.20921489618309136, -0.11404778289226329, 0.13358568059600914, 0.22215228771103115], "trans": [-28.560069903348268, 6.158122815208277, -0.7310664679939598]}