{"betas": [0.12977417203956745, 0.49847687971378624, -0.19179541608583497, -0.1113183526768453, 0.0549914925669735, 0.1034291447522722, -0.013453424082682812, 0.010035343166627214, -0.014576049326274527, -0.02308049036666073], "pose": [-1.4256765819107717, 0.7816532475754122, -0.7816532475754122, 0.04488498013932816, 0.036961042526216625, -0.014246606507684084, -0.5172691244553663, -0.018339035241807515, -0.16854428723970163, 0.32982095175361226, -0.038566716963535426, 0.016823216782148008, 0.6956181279349242, -0.1837148483167311, -0.12158046911833316, 0.6901454578876972, -0.02233947252042318, 0.10364959776060205, 0.01352913951829426, 0.018783412740550624, 0.00640019552337833, -0.09663916635832277, 0.08854726880807358, -0.09510141447040256, -0.10261801940849125, -0.20286173694661505, 0.2196034065790328, 0.028449387133808093, -0.03656688422067527, 0.010221806974471328, -0.28191369116424814, 0.2147599178480881, 0.18112655098649563, -0.11773356277430823, 0.13808140119927148, -0.3525465300467179, -0.12983167414800373, 0.19139959580095373, 0.03939530697853179, 0.062186406033151675, -0.051257928300209914, -0.43697344764950985, 0.02857131781087045, 0.1247573736207172, 0.4304584792135769, 0.14130953675382582, 0.08366549624524429, -0.05320464482190765, 0.13394232818593446, -0.21872929419129108, -0.814818802544768, 0.28037399702599103, 0.24251459461131286, 0.8451635855405228, 0.30124126966848075, -0.8883811005461796, 0.1273892647709528, 0.2038714411106682, 0.9653148038131879, -0.11408376941269302, 0.10269467568158723, -0.06325152979036923, 0.1313283538682556, 0.09212678081085715, 0.08384076900478697, -0.08507886083008581, -0.22003174939594036, -0.07524741351151684, -0.19306595006760827, -0.1393791818855158, 0.12509179395287262, 0.20709589816544058], "trans": [-20.966880689087922, 8.902627873317178, -0.5969429406858129]}