{"betas": [-0.04531959800123942, 0.25816046623113975, -0.10443940742347267, -0.07597029208210594, 0.013911735992459227, 0.013954990810594958, 0.00840059268463032, 0.018210526354907698, -0.01144635948893292, 0.002226290135924623], "pose": [-1.57079436367956, 0.002913078067676531, -0.0029130780676765314, -0.3955607489029467, -0.06242677322868843, 0.044611425816151046, 0.07259944517421571, -0.08475811930040399, -0.028869464093720407, 0.2485660206658614, 0.08445399729269466, -0.020088681450237764, 0.2537964725214331, 0.041060381934663694, -0.1638954528180038, 0.7537009605513899, 0.1449514582247773, 0.06455713331439081, -0.022865447445354743, -0.02591418205913831, 0.018883473213035046, 0.060833364498329046, 0.08956725759771234, -0.02282526669431093, -0.09919030075926542, -0.17046831385538735, 0.10871775151088933, 0.07685221720117097, -0.0199844615991712, -0.019321741946821725, -0.2767492430189072, 0.2209988530195251, 0.121073777625026, -0.092322235780144, 0.16958611909618065, -0.20097539249776447, 0.01354519636147417, 0.035597628947444934, 0.07028102324652719, 0.04595749134119122, 0.09219921986369134, -0.49574116808538016, -0.01557146278659382, 0.022833759603531314, 0.5203649821120185, 0.3602855135429588, -0.08325471886843559, -0.06339129734012504, 0.07643362292082158, -0.20761820382868068, -0.882628480208393, 0.19109502496333639, 0.2680635494009794, 0.8467432057102354, 0.16050314487438228, -0.5015443161115275, 0.13285552805581025, -0.07160058763602817, 0.47636423741553074, -0.1404542758938207, -0.04280571752725988, 0.019965150247039692, -0.059600107856546514, 0.004206314185373252, 0.00012195764067052088, 0.02023951547865808, -0.18873754959975772, -0.06532921959247186, -0.19295669847166771, -0.1030061305301168, 0.11345323090700318, 0.22687158297793825], "trans": [-28.240971263253865, -0.8301967616078417, -0.837615842982489]}