{"betas": [0.19173745763710806, 0.20679507266967936, 0.025545764337162807, -0.024244743693028488, 0.0007202369641003663, 0.013236882350636182, 0.021343764601424748, 0.007373052342460504, -0.01918535564321634, -0.005662447391478864], "pose": [-1.4761357034256357, 0.6625661023394219, -0.6375661023394219, 0.0413209436897543, 0.08664087416928098, -0.05268186454273197, -0.733802726131848, 0.00966512780105393, -0.0041422227519165924, 0.31329549078284835, -0.013505682108597455, -0.003206211309217696, 0.3236658855013602, -0.1666139750706412, -0.11021781877994619, 0.5225820541701647, -0.022863229034607493, 0.1116510336698588, -0.0444553920216284, -0.002625384998266228, 0.01748817901553814, -0.07941880848757193, 0.09023776641378313, -0.07710369242613921, -0.14502277298461838, -0.17128034541471598, 0.23429554815157327, 0.023581072852178073, -0.036354086006514554, 0.007590603722759354, -0.27197458553443765, 0.21644050238206652, 0.19806136845712383, -0.12500192144565558, 0.1176020781233589, -0.3758166730653522, -0.23008312431901629, 0.07668519027488893, 0.03609497591976083, -0.013153005843972818, -0.0007376489257162975, -0.3164889037840797, -0.05394928572320349, 0.05218281810317047, 0.31925922873647217, 0.1099896276912506, -0.039808071378951225, -0.017490313850758315, 0.010474938037431984, -0.2985652904709953, -0.7394424053450337, 0.11852092722301412, 0.22294802574487776, 0.7420393289637911, 0.08223338787797513, -1.3074410908937284, 0.4659300371192928, -0.11813591614207677, 1.1800239333428912, -0.45411229582069795, -0.11752822821190893, -0.07153645297132222, 0.1628140246444141, -0.036293145692154055, 0.08562736666146034, -0.11154533656732238, -0.11889476713485518, -0.0599757231246484, -0.20594145899083474, -0.09851891171471122, 0.11236596573693888, 0.20998849735248795], "trans": [-26.153973765771905, 13.296307166650582, -0.4483051976850231]}