{"betas": [0.19173745763710806, 0.20679507266967936, 0.025545764337162807, -0.024244743693028488, 0.0007202369641003663, 0.013236882350636182, 0.021343764601424748, 0.007373052342460504, -0.01918535564321634, -0.005662447391478864], "pose": [-1.6290542294976476, 0.18285905110178952, -0.19035905110178952, 0.19132094368975427, 0.08664087416928098, 0.07231813545726803, -0.733802726131848, 0.00966512780105393, -0.0041422227519165924, 0.33290434084274384, 0.022739500764642855, 0.012057356957594315, 0.3236658855013602, -0.1666139750706412, -0.11021781877994619, 0.5225820541701647, -0.022863229034607493, 0.1116510336698588, 0.034873689437621674, -0.0073199172358059785, -0.01021391271843596, -0.04702504783508784, 0.03308484051088952, -0.0957789125481784, -0.11408478752652959, -0.1389175773696788, 0.1973962831207181, -0.009880409258536975, 0.0017528147822445145, 0.005644131080990847, -0.23914771515794236, 0.2901459166795864, 0.20599504751547149, -0.07036872070230836, 0.09432709120160367, -0.29130599979258104, -0.16746553738708506, 0.003144538724781454, 0.03770001429472432, -0.07266129353031964, -0.28209783128363175, -0.260838104842122, -0.10238353288926745, 0.39184140702068426, 0.20481501106547173, 0.16266697060054816, -0.13880494490179965, -0.005355341516975012, 0.0045334498070020044, -0.5307420920223289, -0.7598707996533642, 0.007404866871263032, 0.5336743309594644, 0.692161955936954, 0.06379696147198033, -1.7183431088615684, 0.64836578302426, -0.11092009816006741, 1.635276401914418, -0.6548192897927984, -0.1991312913975918, -0.13672594642442085, 0.27544090211776034, 0.0013931476915683017, 0.1501805441832194, -0.2658815402073483, -0.038934212220506026, -0.04788756425729197, -0.18926326183020398, -0.09298907316395841, 0.12870761681058804, 0.2036723715627481], "trans": [-21.183690770662977, 18.088875365263828, -0.4815304204894654]}