{"betas": [-0.04531959800123942, 0.25816046623113975, -0.10443940742347267, -0.07597029208210594, 0.013911735992459227, 0.013954990810594958, 0.00840059268463032, 0.018210526354907698, -0.01144635948893292, 0.002226290135924623], "pose": [-1.5707890680473964, -0.0056015711059420326, 0.005601571105942033, -0.14373981013315235, -0.031142304311908918, 0.03200481109603467, -0.32403084115147524, -0.042353122709810974, -0.05073623903167821, 0.2511603585209719, 0.004723838111642137, -0.0011053004645326268, 0.13021289318131615, -0.11320482108724356, -0.1465338424298107, 1.141349035976196, 0.033304712012253324, 0.10195887582164832, -0.020828775490142, -0.003048597944337577, 0.023246649509409432, 0.026709465733273142, 0.07619851448088977, -0.010694970310987942, -0.041953798482087745, -0.196060474759011, 0.15325663569165576, 0.07161176223682494, -0.04085540313003799, -0.01686437892708125, -0.309613520635597, 0.2042354090187599, 0.059229449946244385, -0.07727873188077612, 0.20696660029247654, -0.27851580794991915, 0.007972290466948818, 0.031404265178683714, 0.07012643809776783, 0.05204818251899874, 0.07832368760846478, -0.4833806877571615, -0.013690455792863996, 0.011178543320645933, 0.5288431870912107, 0.36771466189079166, -0.07729314500249744, -0.06260839126561818, 0.05641619600550667, -0.24611698007467986, -0.8715618487500657, 0.1984538503708104, 0.21851504198528984, 0.8530821263053523, 0.1528192773966793, -0.5385502116846403, 0.13863203300068455, -0.09284225985609847, 0.4579547677918308, -0.13917455738665566, -0.027197755013288114, 0.015584901179310533, -0.058605324394964395, 0.022983188434599157, -0.008503263292460391, 0.0278881274963372, -0.17180666223751642, -0.07663610614229616, -0.19407883320918617, -0.09118610960253722, 0.12238858016380155, 0.2324432663909187], "trans": [-28.26647333965836, -0.6066570783111636, -0.8810784878999626]}