{"betas": [-0.04531959800123942, 0.25816046623113975, -0.10443940742347267, -0.07597029208210594, 0.013911735992459227, 0.013954990810594958, 0.00840059268463032, 0.018210526354907698, -0.01144635948893292, 0.002226290135924623], "pose": [-1.5687879519104522, -0.09315864915088551, 0.09315864915088552, 0.30586154212610667, 0.007702180572305065, -0.0076825034494052355, -0.5695346801773946, -0.022982726515143315, -0.03812087852322304, 0.40438870601158805, -0.014651684246554223, -0.007260965900635748, 0.12812622230653584, -0.012831551545148902, -0.08067473745998238, 0.06863998530723991, 0.020074435820130868, 0.09768203477165877, -0.03299342580263969, -0.027124157424252806, 0.023890279001664936, -0.06575102252552965, 0.10548818163296123, -0.05499951318271629, -0.13324158900837385, -0.18514773795239942, 0.20782762974861435, 0.034419600160999715, -0.05239028549474202, 0.008316837581621188, -0.2559849777651538, 0.20383652166423033, 0.16151986954548808, -0.11029391731934825, 0.1359156414703305, -0.33744883838375717, -0.16704986987802756, 0.10232778022251215, 0.02677872447759645, 0.01927546444422934, -0.06620573981581192, -0.3882186131883644, -0.018908250366508027, 0.07167333693669795, 0.3950435118770876, 0.15418947034620115, -0.020277919224423464, -0.012968791601101712, 0.0191526540598165, -0.27343553490539924, -0.7293288207414284, 0.1405797493064971, 0.16484850705482812, 0.7568371081259083, 0.12252319639567398, -0.9398061354152265, 0.2927490425906644, -0.09796542311831212, 0.8837057274914479, -0.32532001836291163, 0.037007467637201696, -0.042232070861235156, 0.12661459922666898, 0.026719816850504775, 0.06311138878324292, -0.08689907797083754, -0.19738974936666223, -0.07232981636249887, -0.2126872131131031, -0.12728228407804565, 0.1212929154771932, 0.22325189989549402], "trans": [-28.130508942496938, -1.8289095396465642, -0.8243958874137797]}