{"betas": [1.7511515842605234, 0.3670231778082652, 0.03978433168027672, 0.004913282851196045, 0.02958606384598556, 0.001461046037256542, 0.028411238985692, 0.012589726574853976, -0.014340388809218167, -0.004234100351574732], "pose": [-1.5757934956782613, -0.17702597330405567, 0.17702597330405567, -0.3327840147468954, -0.011575106886655598, 0.10915156546025531, -0.41330534368144867, -0.019146058434584223, -0.10609991588622131, 0.28123528082934923, -0.020747174037000434, -0.017348182817966937, 0.6051734423947983, -0.09103643816023764, -0.13678237925864373, 0.8822283555103952, 0.08271471395107835, 0.07924545666272403, -0.014386751223639, -0.014516572557535553, 0.028115205567096173, -0.09381282103985067, 0.09794800526814643, -0.04910290969959704, -0.1554161610259977, -0.18096950458265107, 0.23186334447560647, 0.03567679770039242, -0.04703624775368238, 0.004755671143010436, -0.2915925085182293, 0.2695234005477743, 0.17546835488637424, -0.15415868677557015, 0.1557397734441898, -0.3399435761170741, -0.12521951249360028, 0.16091742986429938, 0.04416330902293527, -0.061097896562234494, -0.076835904322392, -0.23426785217666707, -0.06845989126067269, 0.06126623707839246, 0.285551226591193, 0.2101641672120533, 0.023237951032658608, -0.04022521439042232, 0.12567046246869396, -0.42041619367776845, -0.7087138451331142, 0.27511241712866175, 0.42334739991172443, 0.8067205140147645, 0.2988000541394352, -1.4221326234210727, 0.31537818275919244, 0.31538216072056374, 1.1737007900691403, -0.13003520931444168, -0.14456052981488307, -0.08278656560607987, 0.2173796264810811, -0.0630990964443538, 0.08151439907378608, -0.10695130300667646, -0.031893823956900026, -0.04464892216412357, -0.17497051312142206, -0.06607565643356166, 0.10374477641713864, 0.18694644735287277], "trans": [-28.200045604184037, 1.1930352377361864, -0.916866521785784]}