{"betas": [-0.459125293958982, 0.2836700625543276, -0.2828307762064238, 0.06170009900103966, 0.04114696315793381, 0.017447099752977802, -0.018216663065381097, 0.013285817624318214, 0.01584973647464493, -0.019639755817989615], "pose": [-1.3504572746820347, -1.1425684513207852, 1.1425684513207854, 0.03075477818174785, -0.005015261989819188, 0.005062336652868184, -0.510502218351686, 0.014351604690906246, 0.0024170980265890638, 0.22327519854434738, -0.03269432323127353, -0.019655532406775426, 0.21450451839199008, 0.0006410686554005895, 0.00031812486308737536, 0.3136013858616201, 0.012517069640904446, 0.004482086807748205, -0.01812548827753042, -0.05821149703306276, 0.05817487976003193, -0.2568724467914642, -0.0030877843220898024, -0.004861303204971176, -0.12259855961110051, -0.1443193342447002, 0.2816189057502606, 0.016463460597392423, -0.058550672096682126, 0.025930284525171002, -0.25456843024733106, 0.2864619911703333, 0.17490716904312678, -0.15447430414450977, 0.17538832360052925, -0.4138627333007097, -0.18414435161040638, 0.23997634824695938, 0.03956545199273019, -0.07262690837368153, -0.3205993850279782, -0.18251555898089056, -0.09701444976498472, 0.24017024608285276, 0.2346513877891615, 0.1507175570112949, 0.03183329238774166, -0.035028897112997566, -0.07146852376394151, -0.5413502347209614, -0.5746179003281622, 0.15553034510153713, 0.3926388773741477, 0.7516244540760151, 0.11637158483471469, -1.4807403120547507, 0.4603836450556577, 0.03513199629079689, 1.583268071338421, -0.5318618607134896, 0.01867164528350545, -0.09434210599642512, 0.2577855879265919, -0.038428665022364666, 0.12600929492978566, -0.16257948425898702, -0.11784673662286807, -0.06265949211552965, -0.2303162398656603, -0.12551505060389592, 0.13789002971608863, 0.23904796027857367], "trans": [-16.87811575556873, 12.497819236881865, -0.36016908243891277]}