{"betas": [-0.19266644468801378, 0.5771463667239267, -0.16308379457488245, -0.06462538974507079, 0.08054580167251779, 0.027975024271901693, 0.03561269911626106, 0.05188376016633901, -0.05289357868361275, 0.00684608270928935], "pose": [-1.401788578755814, 0.8416860540702426, -0.8416860540702426, -0.544357548879747, -0.0850393407803249, 0.044226346061518214, 0.14278916284649937, -0.10008307255227616, 0.015227854298256068, 0.31945251212168285, 0.1482254647095063, -0.021416501981298432, 0.46709321789085334, 0.13822520595111074, -0.13644669268223855, 0.4811520489787293, 0.04274718184261696, 0.041562519746045364, 0.05871500492980969, -0.04299302680271933, -0.010792847144928185, 0.08863126421588476, 0.07262414720969344, -0.0860521913964926, -0.19844072294272316, -0.1482598827411263, 0.06704410186261071, 0.006386208760759989, 0.04744186701376943, 0.010766167801576063, -0.19146489457298502, 0.2770772849311973, 0.19800706287055966, -0.06191208003301977, 0.15302750121843559, -0.1371353252843111, -0.10802336006031052, 0.31940192245550336, 0.023907573611197677, -0.07487685504899257, -0.41694283390318404, -0.32902309843805166, -0.0450337709891181, 0.5392054074302975, 0.30839282525443495, 0.20052790537166248, 0.09719475300483782, -0.07059957233053761, 0.12355582306922169, -0.4240055501557719, -0.6934841916615992, 0.17514257797005933, 0.6588777227093299, 0.7665744136071293, 0.2261137586418486, -1.2216650234938486, 0.2793044237731456, 0.2640348727020476, 1.3726689034274084, -0.2830241194645386, 0.07346185086861384, -0.14357829863681967, 0.29501584570105127, 0.043343936960993854, 0.18009743582970336, -0.25938957515761096, -0.1776206544410122, -0.04957291854299496, -0.18473841391164594, -0.12629036228239976, 0.11914858026627374, 0.20012667535920456], "trans": [-19.356938426973098, 9.456065156973406, -0.580198533463383]}