{"betas": [-0.04531959800123942, 0.25816046623113975, -0.10443940742347267, -0.07597029208210594, 0.013911735992459227, 0.013954990810594958, 0.00840059268463032, 0.018210526354907698, -0.01144635948893292, 0.002226290135924623], "pose": [-1.5677829071830764, -0.045186691447302675, 0.045186691447302675, -0.47423794139401604, -0.06338826301839612, 0.06262380618969288, 0.0451956438281653, -0.05903860277217873, -0.08389041090963223, 0.29501390207341144, 0.023103972478878073, -0.00370851437385927, 0.7258568369096261, -0.02477001307802696, -0.1791879538593524, 0.1435359572524019, 0.09511771153763571, 0.08955905507909727, -0.0273508846831196, -0.004764670522924155, 0.020736603040006386, 0.014347401638108603, 0.08683693160145244, -0.02572431034467855, -0.07924067860463138, -0.1862916380617164, 0.15979789942873393, 0.07112109838274243, -0.031651734558617396, -0.011113966575291317, -0.2931650802189293, 0.21213213991859825, 0.11561016541689689, -0.09445534671668386, 0.18216945619628813, -0.27490689821557407, -0.02081426266602985, 0.07046574722514913, 0.060095671574902046, 0.044462406978398164, 0.058060452588646325, -0.46221789567198907, -0.011448628983663119, 0.03450937687068471, 0.4936887985058082, 0.34018197433599057, -0.055519308257747306, -0.06144008209111122, 0.06820657995819086, -0.23965997119959062, -0.8675513747470978, 0.19141303859275366, 0.2485037073426506, 0.8412786669708957, 0.16123065757809515, -0.6213408339243086, 0.15093584682945377, -0.06457338273280959, 0.5871097206469187, -0.15504609764458732, -0.023792820038651425, 0.0010267354477029602, -0.010027213833610524, 0.01647356197960971, 0.01697266125283365, -0.005431611022843917, -0.18769823810823963, -0.07091446913207786, -0.1968518066102793, -0.10904147069720112, 0.11805624680239518, 0.2287318279498103], "trans": [-27.014658625059827, -10.70548789987146, -0.9763837435527492]}