{"betas": [1.7511515842605234, 0.3670231778082652, 0.03978433168027672, 0.004913282851196045, 0.02958606384598556, 0.001461046037256542, 0.028411238985692, 0.012589726574853976, -0.014340388809218167, -0.004234100351574732], "pose": [-1.5125958827249322, 0.47722607246729776, -0.5022260724672978, 0.23570274256906773, 0.017332734033685696, 0.004468014239238767, -0.5552166929589794, -0.007552938806945512, -0.14480758195060317, 0.2005575448679225, 0.0044005188594316135, -0.02081237669284545, 0.09902454868185193, -0.16289223086796223, -0.10121409916080455, 0.2787956025127323, 0.043231581229652025, 0.10839049417251309, 0.028198249703522235, -0.018025667655902012, 0.030893437128684836, -0.31286350794489504, 0.06888497510560013, -0.08674151211476687, -0.11420856136390768, -0.1766069368455847, 0.18980397559672935, 0.027433402309803342, -0.09740048372917179, -0.024650385924386432, -0.25860436591107916, 0.24567731085074757, 0.16418053475069702, -0.09813851893440789, 0.1558653347275869, -0.29972412951925664, -0.16969907003583898, -0.08295234793584302, 0.05990928661383827, -0.04650203149526748, -0.247338256262054, -0.29287794711050463, 0.006185627307837573, 0.3057844203847249, 0.3220043420386005, 0.28658290784133467, -0.4509643404355678, -0.05387060010333354, 0.2545948970599283, -0.4849227636456417, -0.6828599251993228, 0.33896006353092095, 0.1354610118975532, 0.8413431802940988, 0.16616110553991761, -1.3171512695600434, 0.3854515191949185, 0.16547301956621618, 0.6180699495024498, -0.10796030162487497, -0.030634013303629228, -0.10726879839913904, 0.25325391567818356, 0.04123418198658229, 0.09475148427662737, -0.13453200887012037, -0.0775031186461245, -0.054277832300827944, -0.14052196926548127, -0.09966726569542737, 0.11026799888221363, 0.1638047829021655], "trans": [-21.939153283419667, 15.268099871782816, -0.6660886203976346]}