{"betas": [0.19173745763710806, 0.20679507266967936, 0.025545764337162807, -0.024244743693028488, 0.0007202369641003663, 0.013236882350636182, 0.021343764601424748, 0.007373052342460504, -0.01918535564321634, -0.005662447391478864], "pose": [-1.6230877291794379, 0.04887804928250436, -0.06887804928250435, -0.3021955119160502, 0.0003449007171520725, 0.023929876490932797, -0.48619668299254165, -0.07828546680334426, -0.0035002612092533483, 0.21398784175369676, -0.03486077904526315, 0.03915852798436162, 0.3643464940047718, 0.04517933275232926, -0.1065790805040176, 1.1183618782659113, 0.2014330964295708, 0.11690252484338878, -0.003037933450220206, 0.05273111718029184, -0.008673436486269262, -0.12054136408655639, 0.04286960197700856, 0.04287378659645903, -0.1157537641637521, -0.22989917291809275, 0.15559297768377467, 0.019628360835328998, -0.00501170047831161, -0.010390454508433667, -0.3250970730260574, 0.2729606951046118, 0.0010784872777935518, -0.061640296718657915, 0.18421675992864533, -0.3355187540143957, -0.17585593798853885, -0.08920425654710436, 0.08477444201670845, -0.03111728516116221, -0.046350574311233426, -0.3326733019248089, -0.09973565001341346, 0.22789546433558686, 0.2929445626941377, 0.23623435669761228, -0.13834236984746123, -0.0412885657923323, 0.082832636057525, -0.39891118938271847, -0.9053318654744841, 0.09523672088523462, 0.3996488252332906, 0.7602442180982797, 0.2326584147785459, -1.852697108980526, 0.6764276702834924, -0.027547872299914, 1.5643799597316521, -0.6004270130975116, -0.2052958520596502, -0.12026133987318269, 0.2014197433873047, 0.05898861130507599, 0.12427035915064848, -0.21085916372068653, -0.01740659331895782, -0.0657384480349863, -0.1755896936833276, -0.022612399734286297, 0.1311005995637033, 0.19387798067681314], "trans": [-21.01179140486922, 19.183973535550383, -0.4594649519782688]}