{"betas": [1.726796659765029, 0.41891031545459445, -0.15139553369490252, -0.5462419580768579, -0.07855182412525559, 0.07595039952460043, 0.008045347212360082, 0.06009336300381875, 0.04481580265154796, 0.006120580758014304], "pose": [-0.015967058383635185, 2.215898570824811, -2.215898570824811, -0.5503198248811672, -0.0018518190741491044, 0.14504718592183302, 0.04573695221193104, 0.1088491689672193, 0.024060795357134103, 0.24521766594235325, 0.0773901654538981, -0.03421440818132692, 0.1345087438639938, 0.17251945276320654, -0.09803984406692, 0.3038802203139763, 0.08808583148608434, 0.1486776040803823, 0.0807277715384629, -0.08160834685282892, 0.01842000710786093, 0.10081072825438925, 0.14320408336317167, -0.19174575690483583, -0.12161900137164591, -0.14404645023287474, 0.20044298947612468, 0.06832356969725192, -0.03760409544393148, 0.005106316168343695, -0.2204311221485286, 0.18980436639684387, 0.391551202235955, -0.07680703388667562, 0.05934298384503565, -0.2634001205481082, 0.031198628574633933, 0.11124671025535225, 0.037422611180647485, 0.08772996903347006, -0.050075550079945554, -0.3490833931833726, 0.03234114291041985, 0.06093430902694123, 0.29685090483252163, 0.2239522169018936, -0.03391325823228058, -0.0017863421285995648, 0.1156778587472394, -0.02373440632835036, -0.7821502643354871, 0.7636706417074448, 0.16075704384344922, 0.7160371209645261, 0.5366156806417435, -1.2989596361130005, -0.2344506731694765, 0.26696809449844433, 1.3632867253556349, -0.3162054640357105, -0.0073597681916672325, -0.16960149976259414, 0.11504775520598168, -0.0013642358923752734, 0.1761157341164295, -0.10612519585377446, -0.252760562221512, -0.040367798294822045, -0.21695805531279957, -0.19287408541792697, 0.10800742580524275, 0.21822567835962128], "trans": [-10.792115064675158, 3.5252261747105993, -0.6651312616149493]}