{"betas": [1.726796659765029, 0.41891031545459445, -0.15139553369490252, -0.5462419580768579, -0.07855182412525559, 0.07595039952460043, 0.008045347212360082, 0.06009336300381875, 0.04481580265154796, 0.006120580758014304], "pose": [-0.016251965869812184, -2.2140715028617777, 2.214071502861778, 0.08752636651377499, 0.09069841025455892, 0.024767173449875605, -0.5619251964100457, 0.03183858406629024, -0.06569239584743507, 0.2782253157774364, -0.12601151381589354, 0.03991539925679968, 0.7786586269785993, -0.10302064474114075, -0.1177750295435173, 0.5317580119762848, -0.11585664450549175, 0.10014952914455406, 0.04895991629647146, -0.060183622414624764, 0.06437535711673147, -0.14851977837175132, 0.08850566618057004, 0.009116279492228405, -0.00011157688886716403, -0.21341554660326162, 0.24973641470568048, 0.056538865245817, -0.10954874670179397, 0.01931292351480953, -0.30706110057444375, 0.216521548931705, 0.02593582434611916, -0.07367308538780677, 0.20457226356930702, -0.42209567605016335, 0.001358649069145762, -0.08177416969662939, 0.026858226693902296, 0.09682038873510708, -0.15463231314690712, -0.3756991172748057, -0.030615588165724274, 0.09870229544996872, 0.37067071927194906, 0.10969465055673859, -0.02759405222180819, 0.08371324312425335, 0.1156778587472394, -0.02373440632835036, -0.7821502643354871, 0.7636706417074448, 0.16075704384344922, 0.7160371209645261, 0.5366156806417435, -1.2989596361130005, -0.2344506731694765, 0.26696809449844433, 1.3632867253556349, -0.3162054640357105, 0.07197322186035898, -0.12415295422209312, 0.12069347136764953, 0.12738755069146465, 0.12832881817231986, -0.12754585410550257, -0.16333541951830569, -0.08565622649176874, -0.20796461261718863, -0.10885235962249666, 0.1580633874206978, 0.23444553741304194], "trans": [-10.714755465451546, 2.2386952369792734, -0.661530215012905]}