{"betas": [1.0007394031128156, 0.13998077818863408, 0.20322321153559939, 0.06919845010960525, -0.06355964225067326, 0.0988583210768853, 0.031004152589175965, -0.07600298470585287, 0.01954775199647453, -0.05391534064665776], "pose": [-0.11799540833444883, 2.1654109298384485, -2.1654109298384485, -0.4707891836795189, 0.01948461368790006, 0.06626275162967082, 0.03450087528796539, -0.05078486749261928, -0.03673207463035076, 0.38317688675644596, 0.011951228638330477, -0.0031411898728518407, -0.04365418768532384, 0.044504616076306985, -0.12742935616552056, 0.19390300870041952, 0.0010343696707372824, 0.08889914283353209, 0.0398600597451824, -0.026996110421736805, 0.022573678217223923, -0.024986877910339638, 0.10843285592949692, -0.11182055160565042, -0.09288685945772264, -0.16474020065727196, 0.22075761783138215, 0.03889545248016567, -0.03376405285435965, 0.006332460829969919, -0.24526026195144524, 0.23654788648977373, 0.2785331899044235, -0.10158916407145277, 0.10550126289904453, -0.3031600509781563, -0.025109690865706368, 0.06266301519084204, 0.051726691155269, 0.0429458387784532, -0.14967275292730495, -0.3677834758770196, -0.0015959546300775645, 0.19830138997227803, 0.3419885460437087, 0.2611262704779069, -0.0925740403001502, -0.010642916961123686, 0.14735359428268208, -0.365400725685957, -0.7918548497740007, 0.19023930164022856, 0.34344602141347147, 0.7583994845946441, 0.3499608090295704, -1.2696162364018269, 0.25802552577466914, 0.1290595394697134, 1.2647955265697928, -0.293149437176388, 0.03703705469951964, -0.10780892277657127, 0.15066554940534915, 0.06689899179430586, 0.12432009333305202, -0.12457101907479479, -0.21181066573169363, -0.05482585777357597, -0.20667183139247977, -0.1610965655494798, 0.12294506059975686, 0.20361585138619503], "trans": [-11.054975862513322, 5.421856830048563, -0.6041920880923158]}