{"betas": [-0.459125293958982, 0.2836700625543276, -0.2828307762064238, 0.06170009900103966, 0.04114696315793381, 0.017447099752977802, -0.018216663065381097, 0.013285817624318214, 0.01584973647464493, -0.019639755817989615], "pose": [-1.4436657951079142, -0.8841851338675755, 0.8841851338675756, 0.2278272423079954, 0.01238675396005575, -0.0015232696070557397, -0.3886912852830552, 0.002847974122499826, -0.0013902171621407444, 0.3547392716667356, 0.011063248166965738, -0.00946406324523215, 0.18830305367715391, 0.0041973680520559775, 0.0017395937827333272, 0.3175228825383075, -0.00617940926887952, 0.006555749592211425, -0.03074814517956203, 0.00887249406760496, 0.015089702025903942, -0.07727717643308925, 0.07678681507143353, -0.029133297738814897, -0.18649102246038435, -0.1633242149351198, 0.17478965206020594, 0.039342438172305795, -0.02774040260270772, -0.0018306845865091723, -0.2973397786455517, 0.2669507807715373, 0.19421682467949788, -0.173714677104756, 0.10104100839507432, -0.3304897893114381, -0.1944748591129575, 0.18961881151383467, 0.05272617472733879, 0.03040665709357717, 0.07186036860985709, -0.4264963967214564, -0.052085762178933445, 0.02549477751097181, 0.38998021250704035, 0.14509489060388228, 0.06597349467672206, -0.09288393966449067, -0.06652016645207827, -0.2929377138420517, -0.9377933887817073, -0.017133869994869776, 0.37731733476563123, 0.6405585787506757, -0.11162473282844379, -0.441396532366763, 0.20925188393083938, -0.17955766930759454, 1.1735948501791968, -0.5102205337171282, -0.046159487195573466, -0.020971975081843678, 0.2118844182640494, -0.044208323095388004, 0.12801306267015355, -0.2291522951649522, -0.2466624820255497, -0.09163550554395199, -0.27856365170785197, -0.14633261266910633, 0.13916827371925672, 0.2977350436728537], "trans": [-15.494816965457463, 12.033419670686476, -0.39131691996100343]}