{"betas": [1.7511515842605234, 0.3670231778082652, 0.03978433168027672, 0.004913282851196045, 0.02958606384598556, 0.001461046037256542, 0.028411238985692, 0.012589726574853976, -0.014340388809218167, -0.004234100351574732], "pose": [-1.595487570073649, -0.16153216710614082, 0.16153216710614082, -0.37554768586378967, -0.03164307490578532, 0.05946403675671846, -0.03147195226113149, -0.047404491360507395, -0.049380595992305897, 0.2553090069197829, 0.04468088079219136, -0.02830905020921522, 0.38491516019466854, 0.020791328008205313, -0.14674661656307936, 0.7882126148911993, 0.12240385304783379, 0.05728345917049478, 0.00046920084494630847, -0.023759595805845884, 0.02357175557060385, -0.05857503496670178, 0.0951476485433341, -0.07831503592743076, -0.20812817670530748, -0.14322259385589625, 0.1782376103965613, 0.0252601525504997, -0.024321938875504667, 6.499129575020189e-05, -0.2691189665537915, 0.26029662198274595, 0.24662403618880724, -0.1570144571791431, 0.08995467851748523, -0.28064453345405826, -0.17845075348280176, 0.14223701629065846, 0.05502854738748944, -0.010652245671774224, -0.035668266955735814, -0.33969964448321505, -0.04971056738928892, 0.0889350911639171, 0.3440607011103618, 0.16035894749981217, -0.008149247077407249, -0.05153015002492253, 0.12567046246869396, -0.42041619367776845, -0.7087138451331142, 0.27511241712866175, 0.42334739991172443, 0.8067205140147645, 0.2988000541394352, -1.4221326234210727, 0.31537818275919244, 0.31538216072056374, 1.1737007900691403, -0.13003520931444168, -0.11899939232467825, -0.07766649290215402, 0.17786123554242006, -0.06707500536978922, 0.11035260292122603, -0.13537403829164224, -0.13075346163836718, -0.04969110375968128, -0.21777347265548294, -0.11289493361223489, 0.1111535847127575, 0.21985621583771783], "trans": [-28.375056227169804, 2.4590343192130923, -0.8673608668377155]}