{"betas": [0.12182979554792384, 0.0498104030700563, 0.01874907528210161, 0.028247290178977192, -0.01045515424154793, 0.003794310233826808, -0.007750463989420916, 0.008476040652062412, 0.013630708331879994, -0.014916307566096007], "pose": [-1.1456560593987837, -1.2969885914922719, 1.296988591492272, -0.3816425519981038, -0.02860913268629653, 0.10089313871911162, -0.4408357846378314, -0.015438559377435294, -0.09843038495777555, 0.3312076546471235, -0.003874078570439169, -0.0008500110695267136, 0.7124546974418176, -0.03494991232458775, -0.1449091439918998, 0.8152035631389809, -0.022134708681000065, 0.08745191463777492, -0.006166795043415161, 0.004161052006493285, 0.014056787553950512, -0.0804477576498444, 0.06690285936483169, -0.027393711153618546, -0.15748602420433427, -0.17581132319933396, 0.1862150538594035, 0.028087742901999505, -0.030274428388103587, 0.003002732734427447, -0.3035782036101121, 0.2618108473121662, 0.1531923320404406, -0.13384998536504752, 0.130117708629772, -0.3367996813019783, -0.20061858055287415, 0.11984410164232094, 0.04111871713053648, 0.022969158384494287, -0.0571427690306638, -0.3931469414337489, -0.024736323055349722, 0.13130363872144313, 0.3793993082898257, 0.1455302793381465, 0.0008006052794847409, -0.05262652372681864, 0.12127218477914632, -0.3108036115347347, -0.8794820820491442, 0.22921728369443206, 0.29252067909312857, 0.873005508552343, 0.2959766446451072, -1.467737165481815, 0.44631695357201834, 0.09287033359639472, 1.428764788058429, -0.45456744841913205, -0.04156374165439404, -0.08433117140264917, 0.2059510702561035, 0.03321736849783082, 0.1259103489844201, -0.17752968940469382, -0.15636720418334496, -0.07427623477165854, -0.22208652852903493, -0.11783392617396528, 0.13300264729566644, 0.23637499100352008], "trans": [-54.060142758666615, -12.673216505674679, -1.327382286066967]}