{"betas": [0.5425939922495325, 0.47738774179747123, 0.15292601182064422, 0.1712734498191424, -0.026676199413162845, 0.029053080237652254, -0.052279591306768236, 0.04030904345707816, 0.08374319963315201, -0.11291980133855471], "pose": [-0.9646180862850744, -1.5286351376188931, 1.5286351376188931, -0.45844993594251, -0.05086329672925057, 0.08969587942479154, -0.40777111318864284, -0.018507988376287164, -0.0729891415979437, 0.36515184768915576, 0.024107300788256045, -0.004949533367896464, 0.7226146087852426, -0.042432766670353436, -0.15250537917862622, 0.8345384107375163, -0.000652467445775411, 0.08960595139728669, -0.02084827277746939, 0.02501777097598863, -0.00030842601845823943, -0.036909975654185384, 0.06473826998986347, -0.031346274937487414, -0.1720464120288669, -0.1774360741696744, 0.1484632166175805, 0.0379443632314658, -0.011456725564990939, -0.0010783218301178457, -0.2976026382968042, 0.2541971428438649, 0.15567058737486064, -0.13944729773648837, 0.13231962096585867, -0.2947663430533972, -0.1688323511030154, 0.24875106946792916, 0.03639290892073434, 0.033873653254354014, -0.0033626009723075026, -0.4714919098753055, 0.0015931080780943142, 0.12182916985991069, 0.46045462367680007, 0.18335804338982364, 0.11284025332264103, -0.0938134276316742, 0.12502714578388446, -0.20909122881864453, -0.9217608003129405, 0.23719679209950786, 0.341408278577687, 0.9289209599394141, 0.196202371580795, -0.9934784169274686, 0.28910784159334063, 0.04011444098909237, 1.0971143461361659, -0.32535203200379187, -0.004954735889556257, -0.019426888293898697, 0.17690867662573098, 0.00410052303030123, 0.0841821682233674, -0.15692390072926246, -0.22144577884426336, -0.08649179247106571, -0.22957938887358542, -0.1374071151946471, 0.1293717158318272, 0.25139545706503474], "trans": [-25.968656381860445, -12.683283552567875, -1.117086299986058]}