{"betas": [-0.19266644468801378, 0.5771463667239267, -0.16308379457488245, -0.06462538974507079, 0.08054580167251779, 0.027975024271901693, 0.03561269911626106, 0.05188376016633901, -0.05289357868361275, 0.00684608270928935], "pose": [-1.543543113299987, 0.4673900039765694, -0.44239000397656936, -0.2480259817590363, 0.023594799467476307, 0.02866594857029188, -0.13970490743503794, -0.1225128774838942, -0.049127021107858486, 0.3901966043775648, 0.04939110734084745, 0.0019387890219452603, 1.0858095874567613, 0.0798943997371675, -0.13460387102593308, 0.14083296875599013, -0.0906982804180504, 0.08214510429856553, 0.06341253896455884, -0.06635023158329699, -0.007911781741024295, 0.04309099223707503, 0.1023571137166194, -0.07476249923743031, -0.07043954566714464, -0.2040071706623385, 0.10985783254992439, 0.019343138406035385, -0.02054855563098137, -0.003914535054430651, -0.1839216494304797, 0.17677271632429556, 0.09465092011407107, 0.025569084765403913, 0.14773088475298374, -0.1716518639032516, -0.01471357339961313, -0.12152835806362836, 0.02201042415102857, 0.022052454809260616, -0.3459546569905146, -0.4195021300551479, -0.0029309852091914403, 0.39821344856776647, 0.3795668345677828, 0.26603803352349975, -0.23480659059720382, 0.05944738202224874, 0.17830983926912072, -0.4070698721059294, -0.728438203321721, 0.1854446256235248, 0.52971536615297, 0.6891452434228609, 0.4385988342214581, -1.7744181780305708, 0.4059668995915141, 0.3804772871434778, 1.7381622414381337, -0.34059515627155923, 0.12766644469411667, -0.11984703305465251, 0.05721042542082901, 0.18193165500370018, 0.06959167505332207, -0.07525412369963566, -0.17170286490159348, -0.046686810873795496, -0.14047038614448412, -0.1099144791587427, 0.12063659221892557, 0.15346600321042783], "trans": [-16.659839035726264, 12.077824913611723, -0.4328322155131477]}