{"betas": [1.0007394031128156, 0.13998077818863408, 0.20322321153559939, 0.06919845010960525, -0.06355964225067326, 0.0988583210768853, 0.031004152589175965, -0.07600298470585287, 0.01954775199647453, -0.05391534064665776], "pose": [-0.26409248711501904, 2.0874243414010025, -2.087424341401003, 0.010573539651653412, -0.01974771901823953, 0.0422740799525616, -0.55465457511172, -0.023907626725900515, -0.1953059860487315, 0.3157661226214091, -0.029049569550483104, 0.023820854159316274, 0.0742433620341576, -0.17291912181600716, -0.09882987007619493, 0.8521916849622105, -0.045929082316851916, 0.10493972927302161, -0.03753078641813175, 0.07543148025900655, -0.02014453012936133, 0.001458018992365973, 0.041464820576332204, -0.06619899714913843, -0.10491869673959416, -0.17869717125287174, 0.1880918811273841, 0.041975917578244294, -0.021671713677131207, -0.005692436269082757, -0.3283142104367694, 0.2594937348884365, 0.1753182016375009, -0.14387022347195236, 0.10273684702865156, -0.30898933152050273, -0.04522397760704507, 0.0014782877913493211, 0.033556647021005435, -0.004987753066342983, 0.16122472582404937, -0.4910013946236497, -0.010922851627831135, -0.06425610828830003, 0.4742721431021935, 0.29478396881139457, 0.08047084287719428, -0.1545547403598839, 0.24045860801367996, -0.3201444248158058, -0.8773443585822289, 0.2865250708401714, 0.3116940274020032, 0.8387116573495581, 0.5112343260530143, -1.4141774856268152, 0.2351620745857284, 0.30640907530529754, 1.2587025345265934, -0.19667284233725607, -0.3369806376334048, 0.07277127199616593, 0.09251538589196943, -0.17956281100004462, -0.012617784629069461, -0.0709717875614423, -0.10987377711849695, -0.09833353652536783, -0.2214577873280397, -0.09870048448261742, 0.11124173891047294, 0.2603702819339791], "trans": [-9.728992267703646, -3.488849437237626, -0.832814909386722]}