{"betas": [0.19173745763710806, 0.20679507266967936, 0.025545764337162807, -0.024244743693028488, 0.0007202369641003663, 0.013236882350636182, 0.021343764601424748, 0.007373052342460504, -0.01918535564321634, -0.005662447391478864], "pose": [-1.5486357034256355, 0.6125661023394219, -0.5875661023394219, -0.5143439666963191, -0.01261100752509142, -0.049112882783074886, 0.041435489533495885, -0.017558305618924516, -0.009447513471199216, 0.31329550486733226, -0.013505662043427616, -0.003206195684808378, 0.18262047404572299, -0.08614866951631547, -0.13887519897287956, 0.7444718264777553, 0.03918357716468501, 0.08170017508950274, -0.04445536849785504, -0.0026253574333933083, 0.01748817763840746, -0.07941881251104134, 0.09023778023059904, -0.0771037050718563, -0.1450227689836968, -0.1712803622170663, 0.23429553990981195, 0.023581086354244787, -0.0363540631119307, 0.007590605750963508, -0.27197457832022404, 0.2164405006351988, 0.19806138431054257, -0.12500194268985115, 0.11760206519035662, -0.37581665288993765, -0.23008309878226593, 0.0766851763967399, 0.03609498843158684, -0.013152984166114063, -0.0007375457165506928, -0.31648892807022316, -0.05394928120415, 0.05218278666925802, 0.3192592459883131, 0.1099896175638142, -0.03980807023511775, -0.01749032637595031, 0.8924103452026333, -0.8677355794074985, -0.8400875107368144, 1.0667659258307103, 0.5330812224065294, 0.8086599191511734, -0.07122742098104903, -1.2473120381067742, 0.4111469542500608, -0.29319877950892, 1.2751568908206612, -0.3609942782813395, -0.11752822326997601, -0.07153643477147677, 0.16281401840550522, -0.036293132870174855, 0.08562736278714464, -0.1115453544169217, -0.11889479915340113, -0.05997572339322301, -0.20594145955458606, -0.09851891799288282, 0.11236596271913644, 0.2099885004448093], "trans": [-24.325262123648105, 14.407084335555588, -0.549201460864745]}