{"betas": [1.813289222669109, 0.20156947919784157, 0.0011390909961732187, -0.4871353642584728, -0.16755291678885467, 0.02420319783742449, 0.0691750353522659, -0.03790042278230592, 0.027389876576093666, 0.006434531786996541], "pose": [-0.6140415747483807, 1.8542759611262507, -1.8542759611262507, 0.20305937844984612, 0.04881985428282288, -0.023605360386494634, -0.5823853112145999, 0.06784047246755524, 0.022565227802830958, 0.27336229904969606, -0.10821842925731082, 0.04597742316005661, 0.397867640856719, -0.14183006581497778, -0.06705125219313662, 0.5263305275195945, -0.09116172312740052, 0.08292100832331153, 0.05071424982120286, -0.007806628061039063, 0.023421564611835616, -0.0527716473289696, 0.10416177955797083, -0.006264596545947095, 0.019240151024111446, -0.2643728402778936, 0.28284874826472556, 0.09489923280590336, -0.06799948376323252, 0.00015836881072974087, -0.31064481094137614, 0.2366093697534108, 0.0714791588820957, -0.0896764650454376, 0.2638620793044648, -0.4713613516694132, 0.042637446455133635, 0.06469587665816025, 0.0672996916106208, 0.03413438345867338, 0.0032776889217166977, -0.2585910309753663, -0.10060400619374307, 0.016481603551756367, 0.19077156338954987, 0.268942847184113, 0.02455227477016214, -0.06448341791414892, 0.10490173085473681, -0.1910774105506757, -0.75252195171792, 0.699467887503617, 0.10434727263539374, 1.0547946997086515, 0.3949355355339219, -1.659558482121546, 0.4204738274076218, 0.14715507717040968, 1.8757586057137225, -0.5700118588148918, 0.027615586297919412, -0.1740097667897881, 0.2635389328166963, 0.07583224676536644, 0.23496235374575383, -0.2891535297685782, -0.197843358561542, -0.09193926075233137, -0.2410341965600426, -0.1020483146388393, 0.14993701973383433, 0.2801015090495608], "trans": [-13.394901535111721, 1.1082207640905481, -0.8070871603830431]}