{"betas": [-0.10716845975804463, 0.03555393559239171, -0.022909588301634677, -0.0022321960585287635, -0.011360188238027402, 0.007048778770267401, 0.0026244476494828445, 0.001119221678184007, 0.011361241992361597, -0.011308692156923365], "pose": [-1.3799275479993554, 0.8926646924420638, -0.8926646924420639, -0.5140840604009342, -0.027146817845369518, 0.1923338891497122, -0.5815232236132684, 0.0011274268426655293, -0.17615710789409642, 0.4136450303382637, -0.00960036797478252, -0.004022395741019237, 0.8260562374991206, -0.04038726123552461, -0.15521273642866118, 0.9233403780622337, 0.007028470118689315, 0.08918124369011261, -0.006160097660063168, -0.0036112176808105042, 0.01604029768001093, -0.12589327023665578, 0.04321636845786264, -0.031446575358940555, -0.1832798900578961, -0.13477074117828403, 0.18560248116496184, 0.0142681377918189, -0.03584091898271926, 0.006380182701919197, -0.30334059264522273, 0.30140879061899395, 0.17553316164744653, -0.14516754088001305, 0.07731922060486741, -0.31876623553467737, -0.1969179553727816, 0.08908984880869278, 0.037501077236608185, 0.0011835909916596927, -0.1383032182640927, -0.3609068439499786, -0.04377666804436553, 0.19427910847191934, 0.33727430745326, 0.13457763461269082, -0.044518730926706405, -0.032709819652854376, 0.039444869517838585, -0.404368848331092, -0.855192716556215, 0.1508154792102218, 0.35504615312781995, 0.8616275554622211, 0.17881544836663998, -1.5242356881648833, 0.5584468664490397, -0.012334951206993757, 1.527709633924647, -0.5946292839969791, -0.09340779155557259, -0.059451348386088385, 0.24261747365529354, 0.010734807623550061, 0.11208385464863602, -0.2135300025710984, -0.11998229135931752, -0.06858781974675766, -0.22504994299120487, -0.12350784052779946, 0.14065227224326748, 0.24060011552407615], "trans": [-58.737240204150446, 5.777985289174502, -0.9128301473936692]}