{"betas": [1.0007394031128156, 0.13998077818863408, 0.20322321153559939, 0.06919845010960525, -0.06355964225067326, 0.0988583210768853, 0.031004152589175965, -0.07600298470585287, 0.01954775199647453, -0.05391534064665776], "pose": [0.0276692952410319, 2.2882380994902234, -2.2632380994902235, 0.10271438671555222, 0.0168002488211577, 0.018168612879918902, -0.4723302543252619, -7.826286491877511e-05, -0.12769902806353953, 0.27403904607603374, -0.05866854198167911, 0.023829991608214047, 0.6922006041217783, -0.1829515685746639, -0.11490381290238524, 0.24741776311077926, -0.04190286954887039, 0.0805574221356918, -0.02062154366148311, 0.01253322634847383, 0.02855193152541128, -0.11451590900872302, 0.07289923671258021, -0.023221843358893907, -0.009807995725698994, -0.19416050642177002, 0.24007866193505015, 0.05804545837308659, -0.05404458106210999, 0.0007526882584812462, -0.3013241623705732, 0.20408248263786366, 0.08524536437111312, -0.11726623706118589, 0.12234226594738029, -0.3837510060837563, -0.04522397760704507, 0.0014782877913493211, 0.033556647021005435, 0.06090799930098049, 0.14026486922007528, -0.37811975769975587, -0.05273170914132553, -0.045351907540489594, 0.3696895570316019, 0.29478396881139457, 0.08047084287719428, -0.1545547403598839, 0.24045860801367996, -0.3201444248158058, -0.8773443585822289, 0.2865250708401714, 0.3116940274020032, 0.8387116573495581, 0.5112343260530143, -1.4141774856268152, 0.2351620745857284, 0.30640907530529754, 1.2587025345265934, -0.19667284233725607, -0.18464135592262823, -0.028430499999167837, 0.10281357139576237, -0.008044310040901627, 0.05004012850128119, -0.1139524930081036, -0.0994381994552051, -0.07617308361176975, -0.19320114654264106, -0.07212363723305239, 0.13504599729650182, 0.21668020633639914], "trans": [-10.12691349419738, -0.7270824867344277, -0.7322961821698863]}