{"betas": [1.8964894903024812, 0.31493576625010133, -0.1035326407414528, -0.4364464500446508, -0.04973432451903863, 0.09833628269918979, 0.014303769774192097, -0.026993742994641887, 0.07112343154180402, -0.03308173982274214], "pose": [-0.12293090599127507, 2.1629366245982835, -2.1629366245982835, -0.5576370256874327, 0.07825389763207846, 0.09653445409091263, 0.14652091027331188, -0.05348065660244417, -0.049045465293809064, 0.3794854401914565, 0.03877375241085879, -0.019691783112908146, 0.2690347724232929, 0.02236059990307561, -0.0649412801460709, 0.19107291614931796, 0.012837459892949495, 0.09073748073719735, 0.02154581645267646, -0.049618269007009164, 0.02870754215420263, -0.02682087365479157, 0.11806660841782607, -0.09458785207404932, -0.17272973456800952, -0.12489716737662122, 0.128193261233194, 0.016259628375233457, -0.025511578527194344, 0.008505829257115592, -0.20850824276190674, 0.20288252036322318, 0.22866559898850525, -0.044741383224442696, 0.05813699561788644, -0.18720054812410222, -0.07056428599763627, -0.03462313845501498, 0.055215241591836196, 0.01949464268120718, -0.24165183983673325, -0.36055376620693685, -0.00995931947340389, 0.29755287950952036, 0.3583139458377019, 0.23000610159802015, -0.21611046599529912, 0.03792452153700136, 0.13517810254990648, -0.4341777052855735, -0.7771886817254315, 0.13522510740276625, 0.3868185452410447, 0.7635751770612785, 0.31673942542217376, -1.1100382792809182, 0.2402020101184047, 0.11054282108634236, 0.9260684035932535, -0.2297797233443607, -0.004272619165574208, -0.0889757775578955, 0.08453441404144149, 0.034600592333470764, 0.07059629224463701, -0.04442024989724243, -0.1623771771719384, -0.03196609495868714, -0.16314653742348578, -0.12177995745612985, 0.11130138073359497, 0.14768569918558064], "trans": [-11.911434878566986, 6.937009938103064, -0.5810278334886404]}