{"betas": [-0.10716845975804463, 0.03555393559239171, -0.022909588301634677, -0.0022321960585287635, -0.011360188238027402, 0.007048778770267401, 0.0026244476494828445, 0.001119221678184007, 0.011361241992361597, -0.011308692156923365], "pose": [-1.2302500803793954, 1.1758125924630554, -1.1758125924630556, -0.47666356767678847, -0.019500078132665636, 0.16015895028204344, -0.5770179392279795, 0.007716534796792575, -0.14960818438378604, 0.41053164069701104, -0.014100511800766371, -0.0006214228345216715, 0.7984003863636752, -0.02944295029447049, -0.14824411441919352, 0.8842369348917327, -0.012257315440974208, 0.09085993999899308, -0.001635506296812705, -0.012356389221389543, 0.019975243734926425, -0.12593470086468653, 0.04451590935907007, -0.026706465702133173, -0.16577763983654, -0.1416552214866877, 0.18834073998447667, 0.015176917428048997, -0.03909935607810324, 0.005048471303015601, -0.2940396236909964, 0.29242097709768666, 0.16827893307528874, -0.13204473437634806, 0.08480218197002047, -0.3293114232964862, -0.19456169197857384, 0.03572615599814985, 0.04839338178036685, 0.00981727846115434, -0.14236308475637913, -0.36486970612534225, -0.06281690929418812, 0.20257897892888593, 0.3220337457455945, 0.13753035489162932, -0.09409908838122806, -0.02576976727218244, 0.061134876708963476, -0.3715998270464424, -0.875350294275735, 0.14053263494353357, 0.36850259827033277, 0.8443527052182934, 0.20978248199573638, -1.4995903822657484, 0.5257773177023921, -0.004625060663235988, 1.6449373577231228, -0.6392761968836429, -0.06663323489148021, -0.07138255223903839, 0.2378998048169773, 0.023976935781606225, 0.13586989563785942, -0.241048694464164, -0.15253206949515916, -0.07420969957976765, -0.24355410853420467, -0.12976154179549074, 0.14881713379745362, 0.25758974378925853], "trans": [-61.43363460822067, 4.980262262250527, -1.0420861532506962]}