{"betas": [0.12977417203956745, 0.49847687971378624, -0.19179541608583497, -0.1113183526768453, 0.0549914925669735, 0.1034291447522722, -0.013453424082682812, 0.010035343166627214, -0.014576049326274527, -0.02308049036666073], "pose": [-1.4519994457780305, 0.7089261951040311, -0.7089261951040311, 0.08842224770471924, 0.04425784953230997, 0.04635368322747362, -0.5722272574992493, -0.01407347480165029, -0.18801211705500065, 0.33937684168687043, -0.04749184957434618, 0.023003107490772504, 0.6558481189084129, -0.16429058114113132, -0.12036592566761349, 0.6697286172155132, -0.018947489700649134, 0.10229374371738192, -0.005022935265209736, 0.01820264072949028, 0.006866120206467334, -0.10131648791703798, 0.09523707706489429, -0.10429834451052586, -0.09208196902248587, -0.20088209852029265, 0.24566476335458218, 0.024217202305621983, -0.04010197131492113, 0.010480190650730983, -0.26889892460544323, 0.19559311285222514, 0.1949251619962671, -0.10916314513616163, 0.1327190009557471, -0.38577741652151326, -0.17363222402344936, 0.12954122728316222, 0.03717270180706335, 0.05682669715030473, -0.020532569573449903, -0.4270290842666557, 0.011587784717305235, 0.09726859660449062, 0.4079893691982816, 0.11573479351008362, 0.03322953594053461, -0.03734188539310833, 0.11840998512776432, -0.19895217590115383, -0.8053259223005409, 0.21841374754746243, 0.21560846899848132, 0.7811161658679531, 0.2512052417731864, -0.8838547462023901, 0.156092785429852, 0.08997996175084728, 0.928244492359401, -0.16036755623776622, 0.0688018070415909, -0.06507405579224528, 0.11682535680578154, 0.08250651627051593, 0.07986776086030262, -0.08486781645959474, -0.22012605448173983, -0.07557280056869134, -0.20276821806710052, -0.14154693621692518, 0.1222942705383459, 0.21168041533242346], "trans": [-24.770371072844668, 6.000486882094576, -0.6654873798377772]}