{"betas": [1.8964894903024812, 0.31493576625010133, -0.1035326407414528, -0.4364464500446508, -0.04973432451903863, 0.09833628269918979, 0.014303769774192097, -0.026993742994641887, 0.07112343154180402, -0.03308173982274214], "pose": [-0.27174722955917946, 2.083056529955251, -2.083056529955251, -0.5927468542071724, 0.021798356311572356, 0.048250062786299806, -0.08692058349348539, -0.06095884628935244, -0.06294846770732479, 0.3534808866838959, 0.020352576282028766, -0.0013763860906574304, 0.5275280180233537, 0.11344873409278636, -0.1413741272862842, 0.23565026914524526, 0.001827511649262485, 0.13723548418481704, 0.03081998862626807, -0.0329858386716941, 0.0216355042094813, -0.04189948520649371, 0.10762472481708901, -0.10502868419101405, -0.10183205864199725, -0.14825425924159008, 0.20327609951961942, 0.027553621556720653, -0.023955890680812195, 0.006916417706913796, -0.22430781638693964, 0.2016877104662904, 0.23512450545540806, -0.07143826000028437, 0.09281101519083063, -0.2858126310313815, -0.07983474857505649, -0.0971265356702885, 0.053059627926302255, 0.030869416903733342, -0.1787215239131859, -0.3318778370497945, -0.017053576904487857, 0.2635433214917498, 0.30837921148867664, 0.19692473813691985, -0.24071607390832384, 0.046397677701392304, 0.16261388526245243, -0.386553187868143, -0.7858287933491187, 0.1415631934423804, 0.34622415591231975, 0.7147147404937703, 0.36748329347802167, -1.2125332638591677, 0.24075502946779462, 0.13281505704490895, 1.0188989337302106, -0.20816835219962132, -0.012242235588125344, -0.11139557704364131, 0.11680153032771289, 0.07774778728032046, 0.08718648241206516, -0.0909384127857547, -0.15993675607606436, -0.03705664168379104, -0.17245725637785614, -0.13574466267613863, 0.11482252138934738, 0.16331873266728442], "trans": [-11.711518082264275, 5.578515305718908, -0.6626990026398972]}