{"betas": [0.19173745763710806, 0.20679507266967936, 0.025545764337162807, -0.024244743693028488, 0.0007202369641003663, 0.013236882350636182, 0.021343764601424748, 0.007373052342460504, -0.01918535564321634, -0.005662447391478864], "pose": [-1.568869118149593, -0.09125745061897018, 0.0912574506189702, -0.6370571561981057, 0.0070686554212820146, -0.05370811779621663, 0.11570504281545016, 0.15714530173037533, 0.06766741382312254, 0.35823108680558435, 0.014116386828117632, -0.008406749145395426, 0.2081326783451169, -0.06676501934924847, -0.02449471976264972, 0.09595210438118193, -0.13318746359349004, -0.05039408465775554, -0.04656935378804245, 0.0038212964031843813, 0.010022034797273332, -0.07047590499307299, 0.07907039274891015, -0.09630691070352713, -0.18710302621593872, -0.13919371709099823, 0.2227355900337346, 0.013013105025042796, -0.01945571642627144, 0.00949751370050435, -0.2651677395977256, 0.23509177830149822, 0.2552494442693383, -0.1387290077605656, 0.07949453394429376, -0.3583191323410172, -0.2717547900524021, 0.1240272691918772, 0.023975130394678988, -0.021462431486162906, -0.02891319144879011, -0.3216313110210235, -0.05102838969874376, 0.11073217781728793, 0.30747852110248525, 0.07085080592817192, -0.01872932729785201, -0.029854783130392224, 0.8924103452026333, -0.8677355794074985, -0.8400875107368144, 1.0667659258307103, 0.5330812224065294, 0.8086599191511734, -0.07122742098104903, -1.2473120381067742, 0.4111469542500608, -0.29319877950892, 1.2751568908206612, -0.3609942782813395, -0.13946215185955602, -0.06283332842507593, 0.19122676020250065, -0.05641223468701247, 0.0918557523104903, -0.14553704326536313, -0.1389935330445836, -0.05830639987068798, -0.22131776774499493, -0.12569021169722078, 0.11223659342372957, 0.22211854660996103], "trans": [-29.71210105285902, 7.4138061132242035, -0.6052217420471528]}