{"betas": [-0.04531959800123942, 0.25816046623113975, -0.10443940742347267, -0.07597029208210594, 0.013911735992459227, 0.013954990810594958, 0.00840059268463032, 0.018210526354907698, -0.01144635948893292, 0.002226290135924623], "pose": [-1.5697058905026393, -0.06864941205072364, 0.06864941205072364, 0.13428390599848222, 0.027474961415357532, 0.03450135844746667, -0.6781597631599574, 0.02079907185496802, -0.18483431092615657, 0.4344454570286308, 0.02357414292049937, -0.02360255067204533, 0.09753684248039482, -0.07170165436329025, -0.08143234016785512, 0.2718422422211415, -0.055866898621350004, 0.16124177440249993, -0.02197513549121951, -0.04167668355661863, 0.031418884508002246, -0.018195031633633025, 0.1086337501758996, -0.06880348215073308, -0.14822231097521082, -0.14799162849310743, 0.1894043845851069, 0.03831251179977629, -0.04114457210676655, 0.015498780671582559, -0.24356377355254552, 0.22088268709804676, 0.2036390635287332, -0.12353078209941301, 0.11684706320425296, -0.2889252453151538, -0.13384193374235032, 0.1752000292753656, 0.01720051377175861, 0.00921158083556406, -0.12942674604963264, -0.36598652162228174, 0.00026174418335487014, 0.12435248609532713, 0.3984677199949324, 0.16557328930799625, 0.006876681491862581, -0.010143234441064897, 0.028880867587672783, -0.335754865312715, -0.7217849897780168, 0.18259907745739434, 0.2298811505763651, 0.8239369915439383, 0.13081266344697948, -0.9867779107678986, 0.2965793873751197, -0.018496052602997633, 0.8931322798447469, -0.2856971279606411, 0.034542906721526316, -0.042309558345675104, 0.17922797084535272, -0.002796405201403959, 0.06671240800730911, -0.10568150083682078, -0.1915252966985875, -0.06481215722311677, -0.20478264922659475, -0.1435221113274575, 0.11821749584392982, 0.2173070385190064], "trans": [-27.932963163860375, -3.5484615197961094, -0.8090092043928949]}