{"betas": [0.19173745763710806, 0.20679507266967936, 0.025545764337162807, -0.024244743693028488, 0.0007202369641003663, 0.013236882350636182, 0.021343764601424748, 0.007373052342460504, -0.01918535564321634, -0.005662447391478864], "pose": [-1.5687708970886136, -0.09295233119222401, 0.09295233119222401, -0.3021955119160502, 0.0003449007171520725, 0.023929876490932797, -0.48619668299254165, -0.07828546680334426, -0.0035002612092533483, 0.26662778605315884, -0.036613312765823317, -0.0031066142530676946, 0.3643464940047718, 0.04517933275232926, -0.1065790805040176, 1.1183618782659113, 0.2014330964295708, 0.11690252484338878, -0.0794679563609628, 0.00014727912700842, 0.02068204557443477, -0.07134542488707409, 0.1504281934263062, -0.09889004206895774, -0.11675063676759347, -0.23250643733617407, 0.2672997154013312, 0.04818939436589376, -0.0479515233547482, 0.0038570446435913907, -0.2512176170568259, 0.1373550750575954, 0.19845851229620456, -0.12152004181543848, 0.16906337679360184, -0.4218402207108156, -0.1902021597600305, 0.07416940975972902, 0.04739598155259837, -0.005602996949840649, 0.1456483095507217, -0.29549995487561515, -0.061427754337922864, -0.10759384458313914, 0.31222990618794105, 0.12351648737506107, -0.01586347329572901, -0.01099103334948976, 0.8924103452026333, -0.8677355794074985, -0.8400875107368144, 1.0667659258307103, 0.5330812224065294, 0.8086599191511734, -0.07122742098104903, -1.2473120381067742, 0.4111469542500608, -0.29319877950892, 1.2751568908206612, -0.3609942782813395, -0.04692834696275772, -0.053705891488627, 0.0770121629396297, -0.03883927416807473, 0.05603267492272167, -0.013876045423729534, -0.17482230813232832, -0.058224343005706385, -0.19182919834099002, -0.08050293709689982, 0.09140460894176726, 0.184271059086746], "trans": [-28.561967688105295, -1.7031179826006915, -0.8712805724448014]}