{"betas": [1.7511515842605234, 0.3670231778082652, 0.03978433168027672, 0.004913282851196045, 0.02958606384598556, 0.001461046037256542, 0.028411238985692, 0.012589726574853976, -0.014340388809218167, -0.004234100351574732], "pose": [-1.3824072556487526, 0.8868621390809943, -0.8868621390809943, -0.18518078296526264, 0.009564170036294518, 0.055690244233552705, -0.08045939557789031, -0.03857222720031891, -0.06002907260653548, 0.2797435070644143, 0.04249831989747656, -0.02346326699165335, 0.10927038989682197, -0.12750294250368546, -0.13121234854144034, 0.6339491210664889, -0.050129866685606136, 0.09544521228243175, 0.016249066619563844, -0.04247860851988699, 0.03529715724032967, -0.027793918680208255, 0.07244104055126298, -0.004383009832201415, -0.16379990682617315, -0.14059009751495116, 0.13234873659105953, 0.027739674637055584, -0.02970287981414345, 0.003424334972369858, -0.27206160951301445, 0.2691014431952719, 0.13127314744855234, -0.1164739396221787, 0.12263731133873307, -0.2411459303905089, -0.16367326152872647, 0.0745821107156065, 0.06211461525858026, 0.009500602083085554, -0.1376362640834245, -0.39098462184825256, -0.03977667644517623, 0.18041173978372674, 0.40636706411048834, 0.2026701930728509, -0.08077733132602553, -0.03130022860507921, 0.11821539123037912, -0.4087111149550441, -0.9057967427293747, 0.25200806567331613, 0.34164513257651846, 0.9518484029083382, 0.3025224902733414, -1.5443785584489365, 0.5002011329933447, 0.11187487273002433, 1.471641836639373, -0.5193651501826299, -0.06822043655292279, -0.09368899420334005, 0.21088483368070265, -0.010254414414148164, 0.1326542827263698, -0.18405942379179072, -0.12642795996956163, -0.06569892130014354, -0.2172028611247074, -0.10279070506206153, 0.13494783537988547, 0.23267288441230463], "trans": [-27.437168300899085, 11.85035349317863, -0.5641177408123429]}