{"betas": [-0.19266644468801378, 0.5771463667239267, -0.16308379457488245, -0.06462538974507079, 0.08054580167251779, 0.027975024271901693, 0.03561269911626106, 0.05188376016633901, -0.05289357868361275, 0.00684608270928935], "pose": [-1.4558820879924084, 0.6974926363543457, -0.6974926363543457, -0.5402931821409065, -0.07765280669779993, 0.10210486532541597, -0.10407421999330377, -0.06800086954574766, -0.05853041348046763, 0.33399416853029196, 0.10422549583130464, -0.01310366170251479, 0.5786088404875754, 0.054174442601039305, -0.1380047821405294, 0.599046578537857, 0.03864388165116438, 0.051773551242496704, 0.042444786378327805, -0.013479365680699422, -0.011187259505829904, 0.023177374468531218, 0.06217685493060236, -0.088710841840359, -0.1959151674090365, -0.1434992187977881, 0.11643268050274719, 0.009572879386986529, 0.03500634086950369, 0.010506915472377686, -0.2348248890367426, 0.28561081623797535, 0.22159961630036878, -0.09922480776195285, 0.12247839609361673, -0.2121059122730376, -0.1443071187070543, 0.26899526360923603, 0.02126407697471778, -0.050375828769633736, -0.317077365090845, -0.30999274721826675, -0.034502418578059975, 0.45138647608908045, 0.2829943026960097, 0.1477064598116418, 0.0734159797647303, -0.06228583711110725, 0.1415152972271143, -0.405979630161346, -0.7525410667044357, 0.1964840801883898, 0.6017288507684055, 0.7995436940414054, 0.28166506128870067, -1.4077642067827567, 0.34498056757652773, 0.2837670352197469, 1.4883688770590284, -0.3183167884438841, 0.005793804665978741, -0.13532472388189315, 0.2945297408044612, 0.04329180944041221, 0.16980547356773526, -0.2471480530061937, -0.15204750858163885, -0.048473589922196116, -0.18491439444759042, -0.12979218276093904, 0.12074920365939593, 0.1968033293093878], "trans": [-20.762118305563472, 8.48627137875006, -0.6047452516897615]}