{"betas": [-0.10716845975804463, 0.03555393559239171, -0.022909588301634677, -0.0022321960585287635, -0.011360188238027402, 0.007048778770267401, 0.0026244476494828445, 0.001119221678184007, 0.011361241992361597, -0.011308692156923365], "pose": [-1.3042892215878628, 1.0474268177941557, -1.047426817794156, -0.4773773187398271, -0.025685741496955176, 0.16816420987730724, -0.534427826470399, -0.005685830502656098, -0.15779074558244002, 0.3948649258659188, -0.006897038993975938, -0.002958083322530481, 0.8086547991996776, -0.038939908084874506, -0.15407315952806674, 0.9077603207819468, -0.001129416856606176, 0.09016853880499728, -0.0027967863173565845, -0.0007361870805536999, 0.017400201643905502, -0.11821250816451616, 0.05157789393732053, -0.026959481665875997, -0.17693026141000365, -0.1491690355420605, 0.1808007875263283, 0.02279800666306202, -0.03520450429052745, 0.003408394930952499, -0.3080091976252646, 0.2938885164483064, 0.17040509050215275, -0.14650665057778967, 0.08476392112804808, -0.31731563084734077, -0.17761395596027846, 0.06721867382690691, 0.046533202444605674, 0.014778911186531551, -0.08965346420895073, -0.3739884912507325, -0.04183457629133751, 0.15816165362560916, 0.34787828814173055, 0.1501861888717395, -0.05589022110792418, -0.034793670462110085, 0.05983405458175905, -0.35575483547605524, -0.8704230834623145, 0.16700896993300537, 0.3266084888699048, 0.8637424489098964, 0.2104244488233873, -1.5167186585588626, 0.5390377297107929, 0.005655478345479937, 1.5458649667147872, -0.5869545649466242, -0.08039811646256537, -0.0622875267041558, 0.2330231695159399, 0.020212891482397802, 0.11834988083305056, -0.2157067472179145, -0.13735205533698303, -0.07066464132210755, -0.22935758036917656, -0.1228237613599317, 0.14052584516136848, 0.24440845402205766], "trans": [-61.35789543823454, 5.018649269991041, -0.944884597827018]}