{"betas": [-0.459125293958982, 0.2836700625543276, -0.2828307762064238, 0.06170009900103966, 0.04114696315793381, 0.017447099752977802, -0.018216663065381097, 0.013285817624318214, 0.01584973647464493, -0.019639755817989615], "pose": [-1.485122213553996, -0.7831049521836078, 0.7831049521836078, -0.5043534912143235, -0.0072547995423341075, 0.009125119359150537, 0.05351930294791269, -0.005225586991095703, 0.004854793657441563, 0.5087682802493801, 0.027977763248405712, 0.004403249326916649, 0.7811057251308632, 0.003651191831146504, 0.0007865521811586881, 0.19491733432503275, 0.010197935081731758, -0.0036283538102788657, -0.03980803943650204, 0.011497869810770755, -0.0017322987771441502, -0.07208111541310488, 0.046398898493606865, -0.008377142225767568, -0.23625088913415646, -0.1580150120965734, 0.09661152525298505, 0.025435254219469426, -0.004134711174737097, 0.008839579275924731, -0.30133098516536044, 0.2770705870214552, 0.11549869165880007, -0.11442879341292454, 0.09428219255473377, -0.2717045874606162, -0.19813612442839465, 0.2115954840669744, 0.02232611504943042, -0.007439955110862901, -0.13174988629175166, -0.3989498955430071, -0.053264605615417966, 0.255824257738575, 0.3415720771196455, 0.11085428421142281, 0.08536533494441165, -0.06857283785259544, 0.3568117063169865, -0.24123673263535525, -0.7739048350309471, 0.05996518536588932, 0.35989216316227113, 0.6966863806387756, -0.00819283687022531, -0.6889806388044789, 0.12442102205547581, -0.11022827412973384, 1.1020033227745933, -0.3967693461694941, 0.026854661258462528, -0.02166882585898301, 0.26755043070282297, 0.04088770573955374, 0.11900909574020122, -0.2851084113101186, -0.23267446686001042, -0.0893059155308137, -0.24970582944488007, -0.13624123532403307, 0.14627254981017324, 0.2739575153977142], "trans": [-14.837284803451764, 11.612893804345491, -0.4246456449769653]}