{"betas": [0.5425939922495325, 0.47738774179747123, 0.15292601182064422, 0.1712734498191424, -0.026676199413162845, 0.029053080237652254, -0.052279591306768236, 0.04030904345707816, 0.08374319963315201, -0.11291980133855471], "pose": [-0.9722448062236544, -1.520616101646902, 1.5206161016469022, -0.16337795596543947, -0.021834437810051947, 0.03703725637443023, -0.05826204219349362, -0.02815396757697608, -0.041351279745712906, 0.2635722320414158, 0.007964673780187352, -0.01667493395643755, 0.6996801872940211, -0.030861823946277428, -0.15536557481430038, 0.051744218789303235, 0.0015186085301855167, 0.08005476365251796, -0.013912225554086086, 0.012491958196689024, 0.011616098479049385, -0.051069151408794006, 0.07896635701540632, 0.006234612155158456, -0.13421935441768626, -0.22207452204490327, 0.18401088062165205, 0.060091472915240855, -0.03780606729307638, -0.0072624782495518195, -0.326731771059546, 0.2704517688185476, 0.1127004906247884, -0.18074804688054313, 0.19980598686511222, -0.3477149157953615, -0.30128141487587046, 0.7530775271454161, 0.017164497307449122, 0.05851831714083767, 0.0833579929429613, -0.4911920280455853, 0.019354957570143674, -0.04009795450428587, 0.5176804929872557, 0.34596797874763563, 0.44680717522636565, -0.06948478896648536, 0.11543605693486422, -0.17638578366091945, -0.901969787569178, 0.3817193113338399, 0.203441936346651, 1.0125770911796916, 0.28043034900986435, -1.1014583732622494, 0.28159796023621536, 0.15682096105488025, 1.270128787969408, -0.31790483516340406, 0.07333578524681965, -0.03423145491601792, 0.16774376154029422, 0.0030446792406517596, 0.11157197864740462, -0.1283940237663358, -0.23176908853972086, -0.10081756538815362, -0.24582260717195065, -0.12936797692770458, 0.1359276250910567, 0.2794326432821057], "trans": [-25.240018169128994, -12.399442528871711, -1.2537166108908178]}