{"betas": [-0.10716845975804463, 0.03555393559239171, -0.022909588301634677, -0.0022321960585287635, -0.011360188238027402, 0.007048778770267401, 0.0026244476494828445, 0.001119221678184007, 0.011361241992361597, -0.011308692156923365], "pose": [-1.1745518940802415, 1.2616500165692204, -1.2616500165692204, -0.40633182618696145, -0.023448191444500822, 0.1260842457267311, -0.4881305894558864, -0.0025260080350440798, -0.11762562811381147, 0.32658600827821094, -0.015664291901816545, -0.005801589789321271, 0.7656170836846363, -0.023773959260736235, -0.15209393390684095, 0.876519100142729, -0.015233380402986269, 0.08774198808567224, -0.025886880804639214, -0.002358506050565727, 0.025333320083308075, -0.11937388322298441, 0.056524387936802825, -0.01414500399454742, -0.1773544167934682, -0.1480027348026159, 0.18675045712212923, 0.012355053843589519, -0.04250371821969755, 0.0043914827671021365, -0.30267459320485535, 0.266314511464478, 0.14632025772531435, -0.14056326739703684, 0.10245315489656932, -0.33812817239306664, -0.2757315675852686, 0.07303554712913322, 0.049483616831511916, 0.024601312253193806, -0.04759392354923877, -0.4172075881510273, -0.03463029643567313, 0.10769998009697336, 0.4150899174656068, 0.11269614426560982, -0.05287154785436527, -0.04210593432810949, 0.09848907723980445, -0.33762678669106894, -0.9226418081700497, 0.22275692516148493, 0.2792219662200797, 0.9238700556802762, 0.24887438249786412, -1.4915626963946456, 0.5157826668925659, 0.02164993062629841, 1.4313821604442127, -0.536125138702842, -0.08727596089518239, -0.06380928526954102, 0.19156225946444028, -0.001209754821818677, 0.10984187718182775, -0.16422899258945373, -0.13470646937401426, -0.07614880255186615, -0.23266815663817153, -0.11078395522310334, 0.13748330461247302, 0.24307031829949852], "trans": [-61.742136022227164, 4.941988306878085, -0.823308087752373]}