{"betas": [1.726796659765029, 0.41891031545459445, -0.15139553369490252, -0.5462419580768579, -0.07855182412525559, 0.07595039952460043, 0.008045347212360082, 0.06009336300381875, 0.04481580265154796, 0.006120580758014304], "pose": [-0.19185860713963146, 2.127232289750458, -2.127232289750458, 0.10720306186870669, 0.04547281116412669, -0.09139435811445168, -0.6421281047055427, 0.055823475901343546, -0.005161389803900193, 0.35372589219377465, -0.1076037241623975, 0.04970119274121633, 0.275161033667658, -0.14866544455072808, -0.0523170497512292, 0.5291629465721032, -0.14957239471395797, 0.0902823238688378, 0.06581362840486579, -0.016375767089100872, 0.023381516339694687, -0.02643072720488805, 0.09431471508328407, -0.008286301589921542, 0.06640513966293768, -0.24474287027505087, 0.2849392325600288, 0.06857829684911915, -0.06330915736591347, 0.014670742674915083, -0.2650192741392553, 0.207518695673593, 0.05277607184523748, -0.04983772700230187, 0.2739947182553653, -0.4358245307044411, -0.002601198808369574, 0.05819779402269694, 0.03605814960150698, 0.04201016812649407, -0.22096941210002585, -0.3188035993534408, -0.03021557717156583, 0.21816785971778732, 0.2876064136907913, 0.2510680879471622, -0.030443783642116584, -0.023631061380290416, 0.1156778587472394, -0.02373440632835036, -0.7821502643354871, 0.7636706417074448, 0.16075704384344922, 0.7160371209645261, 0.5366156806417435, -1.2989596361130005, -0.2344506731694765, 0.26696809449844433, 1.3632867253556349, -0.3162054640357105, 0.10323126677688135, -0.16369610205188764, 0.2112242525228706, 0.15185495540853225, 0.16957812770239575, -0.19387046481516426, -0.19194936652213143, -0.08923845544513434, -0.19531542142409314, -0.13057824150683198, 0.1485730904410264, 0.23145586846808117], "trans": [-10.994048253285692, 4.515299777243269, -0.6992774273100008]}