{"betas": [-0.459125293958982, 0.2836700625543276, -0.2828307762064238, 0.06170009900103966, 0.04114696315793381, 0.017447099752977802, -0.018216663065381097, 0.013285817624318214, 0.01584973647464493, -0.019639755817989615], "pose": [-1.6203049143047883, -0.05391249668680127, 0.05391249668680127, -0.49222902437087435, -0.015261043269895448, 0.1066733286607122, 0.005306192085898817, 0.02682338053965405, 0.037910578217868945, 0.24191816844998112, 0.09423285188727051, -0.05080777569914784, 0.5780750828389278, 0.09807728963979474, -0.17150473121361126, 1.037236313187204, -0.009240664841472505, 0.02520635235282004, -0.01858531604517916, -0.03928810336094327, 0.031040398788748706, -0.06188735935848731, 0.12836350765586985, -0.03792381138728575, 0.17819052168645072, -0.0002826332505943968, 0.044929094824607205, 0.04488457757986288, -0.0027347934688530242, 0.0021587203858256573, -0.2161837759695555, 0.2765915020214307, 0.23275805399062816, -0.19745623921183036, 0.11743771672141515, -0.19567802090501452, -0.11454804929237977, 0.0038623089808044533, 0.06121486942502121, -0.007967936329959735, -0.060405480262946155, -0.3846506583768484, -0.07463209315978277, 0.1364970425421011, 0.3851487024406848, 0.188105593330889, 0.10700461382946533, -0.04665990894907137, 0.1532459475980985, 0.05459344491947771, -1.0604960395929104, 0.26164727201202903, 0.5105302933784361, 0.9106729378647717, 0.032971385205200904, -0.14798955701026095, -0.12016516238417733, 0.22197760382736761, 1.5528602951382118, -0.4296260979103887, 0.22768233563144133, -0.005838115941448103, 0.25679635819075103, -0.03899367734052451, 0.1648320726796014, -0.24304615929134749, -0.3697897652082515, -0.07901138737681057, -0.27492662914302823, -0.1553284999638207, 0.1308043869565996, 0.2825737922914533], "trans": [-9.958288483429143, -4.016276174941283, -0.6361751316370957]}