{"betas": [-0.04531959800123942, 0.25816046623113975, -0.10443940742347267, -0.07597029208210594, 0.013911735992459227, 0.013954990810594958, 0.00840059268463032, 0.018210526354907698, -0.01144635948893292, 0.002226290135924623], "pose": [-1.565935942456629, 0.14488538711915894, -0.14488538711915894, -0.20438028458208085, -0.03464967891207459, 0.03134400896886525, -0.18453144949418068, -0.04846018281991367, -0.05296516517917718, 0.2571840523885619, -0.00014272581837150128, 0.0028908812829348536, 0.13808328217439308, -0.09246791781739581, -0.14212381877936553, 1.1418398121055635, 0.053817858324169715, 0.10282874308392594, -0.019515629544037776, 0.006525105736150694, 0.022262208301886504, 0.02237651175811391, 0.0765801959826391, -0.008908554681575136, -0.039100884489718254, -0.19737848663831203, 0.15736059085359153, 0.07364796381175807, -0.03793095000948531, -0.0169847885848882, -0.310974755838932, 0.2050767945862594, 0.0638502565491309, -0.08067104031976062, 0.20691459530493125, -0.2770771750540524, 0.02693659480240635, 0.05413780929880759, 0.06928777552810216, 0.053021252376637636, 0.08743918290711143, -0.48305442479853283, -0.010349932010551626, 0.008964200130698975, 0.5282053089285987, 0.38086553038396687, -0.05749920961392989, -0.07517883050137375, 0.058934054710277815, -0.2411190609984252, -0.875278223335236, 0.19440492717335378, 0.22795571643205917, 0.8500972337515168, 0.14843167914050814, -0.5438608750110375, 0.14110595485328395, -0.1018386374089795, 0.47068696016165384, -0.1417836345748018, -0.0299385651897679, 0.015689549146314447, -0.05727008962010867, 0.021008231907916834, -0.005924467838745478, 0.025389253456294465, -0.1773036829774249, -0.07721081588581717, -0.19399515772357603, -0.0928515245393572, 0.12182541861260233, 0.23339989504949943], "trans": [-28.754364438483464, 8.4112767212699, -0.6145155578527711]}