{"betas": [-0.459125293958982, 0.2836700625543276, -0.2828307762064238, 0.06170009900103966, 0.04114696315793381, 0.017447099752977802, -0.018216663065381097, 0.013285817624318214, 0.01584973647464493, -0.019639755817989615], "pose": [-1.2975297027793935, -1.2271990221199975, 1.2271990221199975, -0.03767329524349718, 0.001599651641216932, -0.007226665524920982, -0.5636897549705842, 0.009418507164949366, 0.005148921508399344, 0.2224786994420556, -0.04383691529870628, -0.00846539015145253, 0.2672259345899254, -0.009441766759015723, -0.010020023309669869, 0.4980505051862668, 0.012345888799212765, -0.007065061166002744, -0.009958454048327006, -0.041512082939334206, 0.032518762704470995, -0.13976304438073442, 0.05736010047792743, -0.035977879821329974, -0.12099862849783052, -0.1297388399673926, 0.2751422478783445, 0.012037131916091789, -0.05985844754639417, 0.0162126698841578, -0.2735586174296507, 0.3069559055162569, 0.178631471103065, -0.15351417715700513, 0.1355130536219766, -0.402722663154518, -0.19655965420539287, 0.138763990488747, 0.026742868791173185, -0.05588207701789445, -0.25745083031486454, -0.21886928749046458, -0.08896735539858558, 0.2083902780235393, 0.2252659434702974, 0.12620367899710652, -0.016392290779411352, -0.01947609882175425, -0.0677045249652777, -0.5525209866034835, -0.6837828938211044, 0.14461235036754796, 0.36412551749061844, 0.7887982183536358, 0.08241030297941032, -1.7072722986478135, 0.6221670096134547, -0.004440029471053025, 1.7239531053213972, -0.6444429463648733, -0.0973259251929251, -0.10749856957931964, 0.30048583159440295, -0.02416572737732236, 0.14444493786213797, -0.21738978789234328, -0.05797403883109405, -0.06028894863321013, -0.21433865532121865, -0.10772977114693648, 0.13864173478307817, 0.23185982216622963], "trans": [-18.151352435757616, 12.56848696728722, -0.41036344503800953]}