{"betas": [0.33303066142902105, 0.22906885785386125, 0.1321746135337195, 0.03485680493593007, -0.034928744222964915, 0.03738652273642406, 0.06435992437738675, -0.06135207138309116, 0.004712805749211021, -0.03328562850670294], "pose": [-1.6057481423909516, -0.36885442491866355, 0.3438544249186635, 0.191788152557646, 0.05582601287137866, 0.03460497618910592, -0.5054501207337926, 0.014245850841931154, -0.06922952219770301, 0.2014008352499718, -0.06297867195317713, -0.006259396854953672, -0.011935146088516362, -0.1712794544051875, -0.1747552050086907, 0.26200626438304014, -0.0820212506250109, 0.06878629072108329, 0.05995132781643065, -0.03975657554417922, 0.04437626924580096, -0.014703769461759391, 0.06316078883560841, -0.03416479622841519, -0.07911723227559819, -0.12482960784480031, 0.2045708427037641, 0.051291911968534026, -0.0795201344008807, 0.00936343891001008, -0.3334429512512449, 0.27454271195429214, 0.13907681094931593, -0.09793398808741757, 0.12241570397175403, -0.33167321875229216, -0.04178714349071498, 0.17520513738628005, 0.0630495752712292, 0.056311277972453604, -0.06285048073363352, -0.3534532080997875, -0.025466512545361687, 0.017756618571969487, 0.3483603509197217, 0.23604028796136292, 0.0534239384519016, -0.06892648407495859, 0.2019809481619732, -0.44824674802721637, -1.0283344212770726, 0.3869497650605117, 0.27163480924422906, 1.0723815205365244, 0.5591030826533382, -1.9789099459388255, 0.5648907111106342, 0.3083744573865935, 2.0274098597067396, -0.6420385441951678, -0.049612759377323415, -0.14593920717513126, 0.2262461136985485, -0.052691593955419655, 0.1973213878728003, -0.1975730752541208, -0.147804501387303, -0.08040940608642952, -0.25032369074762423, -0.12333788538907405, 0.15156379346475682, 0.2904102528129035], "trans": [-12.299289400046357, 5.648111358360123, -0.6097753535318559]}