{"betas": [1.813289222669109, 0.20156947919784157, 0.0011390909961732187, -0.4871353642584728, -0.16755291678885467, 0.02420319783742449, 0.0691750353522659, -0.03790042278230592, 0.027389876576093666, 0.006434531786996541], "pose": [-0.42038997339863116, 1.9921711808751597, -1.9921711808751597, -0.4918199298365946, -0.0018545176701197142, 0.1947417462780614, 0.04298774247796466, -0.005082085250250459, -0.01925803126265875, 0.14953792207718786, 0.0774271851987622, -0.03978243513646123, 0.39222101880532956, 0.09728793114878774, -0.130045598572502, 0.36342559571348704, 0.19792015399290108, 0.03132908910759662, 0.061624353754090005, -0.09308688542472045, 0.03891012360055766, -0.013126908054268149, 0.1414846860072079, -0.12043279301224709, -0.1509805286842453, -0.1734205767549606, 0.24234279120590305, 0.09592449592370789, -0.07547288960201001, -0.008010228772093177, -0.2924733215210803, 0.24445977878479944, 0.34361628102689307, -0.18128794821265093, 0.08780077501285771, -0.3518477183047804, 0.04220355792354205, 0.03855579076381281, 0.0663566809747844, 0.06515609420484898, 0.06440260248573362, -0.23696785432896453, -0.04924318380585561, -0.11337834094071304, 0.17291483400710622, 0.21839248232432626, -0.047441856396161365, -0.010753455758436828, 0.10490173085473681, -0.1910774105506757, -0.75252195171792, 0.699467887503617, 0.10434727263539374, 1.0547946997086515, 0.3949355355339219, -1.659558482121546, 0.4204738274076218, 0.14715507717040968, 1.8757586057137225, -0.5700118588148918, -0.10364890595413968, -0.15936981070829812, 0.16365451832708605, -0.04591580191070092, 0.2007473058722021, -0.1583580614617327, -0.18668254359762954, -0.03574603988978822, -0.23516664893213715, -0.14581632607297623, 0.11383386857000687, 0.2338820135821145], "trans": [-13.064813647558971, 0.5865739755133638, -0.7749661405178873]}