{"betas": [0.12182979554792384, 0.0498104030700563, 0.01874907528210161, 0.028247290178977192, -0.01045515424154793, 0.003794310233826808, -0.007750463989420916, 0.008476040652062412, 0.013630708331879994, -0.014916307566096007], "pose": [-1.1456560593987837, -1.2969885914922719, 1.296988591492272, -0.3816425494820106, -0.028609101193467837, 0.10089315053616323, -0.44083591878820233, -0.015438521996983267, -0.09843042845208344, 0.33120778090283964, -0.003874143741994186, -0.0008499524392757364, 0.7124547047140807, -0.03494987669624417, -0.14490913641229825, 0.8152035532000111, -0.022134738525004548, 0.08745190853182125, -0.006166754584215071, 0.004160995187873139, 0.014056821373782493, -0.0804477590139587, 0.06690282974533439, -0.027393694040471345, -0.15748599877686878, -0.1758112938222565, 0.18621504824701957, 0.02808773583362701, -0.03027447532272128, 0.0030027560205765037, -0.303578209622835, 0.2618108804049163, 0.15319229144197186, -0.13384995279996273, 0.1301177071073612, -0.33679966703250613, -0.20061855759981492, 0.11984409219399064, 0.04111870850682393, 0.02296917240423617, -0.057142988638283196, -0.39314699908067724, -0.024736309673116092, 0.13130375542470724, 0.3793993384209448, 0.14553030732595826, 0.0008006103938112146, -0.05262650923040237, 0.1212721928460194, -0.31080380426453935, -0.8794821767821419, 0.22921728899769012, 0.29252071300259247, 0.8730055592404159, 0.2959767091584577, -1.4677371817062907, 0.44631694426474416, 0.09287033375649391, 1.4287647781911017, -0.45456746865566156, -0.041563726271203104, -0.08433118034028714, 0.2059510751346654, 0.03321740600068342, 0.12591035196905925, -0.1775297109641583, -0.15636718061744187, -0.0742762407142856, -0.222086522801916, -0.11783393932705587, 0.1330026653021361, 0.2363749933185358], "trans": [-46.15212382757626, -9.97058238697492, -0.9263127176931962]}