{"betas": [0.19173745763710806, 0.20679507266967936, 0.025545764337162807, -0.024244743693028488, 0.0007202369641003663, 0.013236882350636182, 0.021343764601424748, 0.007373052342460504, -0.01918535564321634, -0.005662447391478864], "pose": [-1.5040137209074194, 0.5996688536883231, -0.6246688536883231, 0.19132094368975427, 0.08664087416928098, 0.07231813545726803, -0.733802726131848, 0.00966512780105393, -0.0041422227519165924, 0.21187616458294342, -0.12924591290209264, 0.013489491171329249, 0.3236658855013602, -0.1666139750706412, -0.11021781877994619, 0.5225820541701647, -0.022863229034607493, 0.1116510336698588, -0.03504596204901432, -0.002985655152525077, 0.026270193078643044, -0.10882713332148972, 0.07226722779314004, -0.0704500220134359, -0.03762122112490926, -0.17461258423703152, 0.31863881281050566, 0.036718213068385075, -0.10572479409744431, 0.005270089685770496, -0.3322466249747152, 0.21434803159491478, 0.12797986517781484, -0.10035156847760973, 0.13632614858389355, -0.47508765696714367, -0.1713466136839133, 0.03758364778771175, 0.038662850521390305, 0.03677410893395493, 0.12777547366054054, -0.35625526286506676, -0.02199002161754265, -0.1954979147886045, 0.3802306765055872, 0.17557578256055176, -0.0026511279162524373, -0.010963737218111223, 0.8924103452026333, -0.8677355794074985, -0.8400875107368144, 1.0667659258307103, 0.5330812224065294, 0.8086599191511734, -0.07122742098104903, -1.2473120381067742, 0.4111469542500608, -0.29319877950892, 1.2751568908206612, -0.3609942782813395, -0.2062138292638768, -0.09491337345099098, 0.1270694058273475, -0.07070394071171543, 0.0830671684748512, -0.04628787030829874, -0.0166302326525414, -0.07430133872463675, -0.1983943075730174, -0.060504038754315106, 0.12297454756100616, 0.22650739097661204], "trans": [-22.68927884376936, 15.708573436776552, -0.505934872152433]}