{"betas": [0.19173745763710806, 0.20679507266967936, 0.025545764337162807, -0.024244743693028488, 0.0007202369641003663, 0.013236882350636182, 0.021343764601424748, 0.007373052342460504, -0.01918535564321634, -0.005662447391478864], "pose": [-1.6197720888104579, 0.29688977234285685, -0.29938977234285685, -0.6326777581140811, -0.03377833493091275, 0.020942758162491623, -0.15053043661708465, -0.04294508259826605, -0.014148514483454042, 0.394161217037958, 0.023411371265544222, -0.0070616702907478944, 0.6832484597199254, -0.027652149676469697, -0.15877723731615154, 0.2526605061461409, 0.04214393011514503, 0.08794212772046286, -0.05419550921144766, 0.022447944025564028, -0.0017711561933690652, -0.029380043695589535, 0.05152644410716588, -0.09311973703505834, -0.17162543080420706, -0.1315887885191629, 0.2024222619453266, 0.015305027700247869, -0.0085861157497044, 0.015133349089754743, -0.2944277192261352, 0.257206186184103, 0.21376239272992556, -0.11612571442278356, 0.06459755919120959, -0.3267989300487936, -0.22637474184630985, 0.13503140484206871, -0.0005681467280082575, -0.04804398802071275, -0.03824097034035843, -0.2843382969597957, -0.02338627297834618, 0.12125836476906487, 0.30854609912779496, 0.10465758249589019, -0.002340426649998586, -0.005724842644274796, -0.022520067886303004, -0.4242502187781447, -0.7528408958933843, 0.08259722164069723, 0.28395912317887984, 0.8029397521119453, 0.019044467468374106, -1.603051952966854, 0.6792038783846261, -0.16911149270404494, 1.1355741942868174, -0.505604701621288, -0.2270574890870328, -0.06256465962835116, 0.2432746209846104, -0.07306016256410607, 0.06180691096730357, -0.145318445775956, -0.028531047942311094, -0.0512227293630273, -0.17629978671963567, -0.08971902841543382, 0.10701941085915576, 0.19326002621655788], "trans": [-21.427075235502244, 17.25949216046036, -0.4958862186518084]}