{"betas": [0.5425939922495325, 0.47738774179747123, 0.15292601182064422, 0.1712734498191424, -0.026676199413162845, 0.029053080237652254, -0.052279591306768236, 0.04030904345707816, 0.08374319963315201, -0.11291980133855471], "pose": [-0.924907134120737, -1.559700608634132, 1.559700608634132, -0.48229868491794897, -0.06112758987360958, 0.08493495707387126, -0.5519558815937158, 0.007656721927979163, -0.08974071111854263, 0.4332945532272307, 0.0005985512742815202, 0.003279910759922305, 0.7796381379333377, -0.08145645659299816, -0.14931965730317673, 0.8378998900777098, -0.011883666682913538, 0.08759867851851501, -0.015729133339507297, 0.0056670279953499325, 0.0027738009189551696, -0.05754641631147306, 0.03796335594758868, -0.019098154230595986, -0.13217037529383435, -0.17382373430985204, 0.18223092974630878, 0.026544294252763175, -0.02192157606073658, 0.00536791277084734, -0.29047725993446066, 0.2609811410661985, 0.11904360087531878, -0.11750043146670788, 0.1549987623588456, -0.3354366598789174, -0.18950463577226764, 0.18314176681667263, 0.0170035225018696, 0.003945450639417659, -0.16639997983027296, -0.41256321226855147, -0.021982539575428367, 0.2408714442142728, 0.39562573752759284, 0.16508569043822158, 0.0425606434939933, -0.05651235729468446, 0.0881440951675652, -0.3537375645167595, -0.8654382540787203, 0.16646953768476, 0.367929951811397, 0.8528458746973062, 0.18703202105320782, -1.0842138015076461, 0.3288878996179917, -0.01629351835536002, 1.0813867284080998, -0.36320143275948386, -0.009193745851228256, -0.039841261028002395, 0.19642964174877509, 0.039039772530979275, 0.08101051466349417, -0.17338080909179424, -0.17632920644003136, -0.08454149635326763, -0.22103326417039137, -0.1358352672078321, 0.13840126449088996, 0.24549617449920472], "trans": [-27.39345857333449, -13.501544334698824, -1.2140178388100364]}