{"betas": [1.0007394031128156, 0.13998077818863408, 0.20322321153559939, 0.06919845010960525, -0.06355964225067326, 0.0988583210768853, 0.031004152589175965, -0.07600298470585287, 0.01954775199647453, -0.05391534064665776], "pose": [-0.05279749409672739, 2.1970995411404353, -2.1970995411404353, -0.44761170636643133, -0.05644784164202705, 0.101832619612993, -0.12213835673048438, -0.0441002467657577, -0.08434047992258621, 0.19165871782374044, 0.053761472794930744, -0.03962097310827798, 0.5102510777163061, 0.0012858760841259467, -0.152213567080417, 0.8520747817026105, 0.1796375000533456, 0.07083041350873386, -0.0012778561826916953, -0.02143985020142215, 0.030356030350882465, 0.04100875092760009, 0.1516577102121747, -0.0691656438922113, -0.16230520943108112, -0.20793681295526054, 0.18336144917543734, 0.09493610481454033, -0.02124872294826834, -0.005888942624920921, -0.2913172955500676, 0.20594971238418538, 0.24698427205225754, -0.18561470930795554, 0.20280785713528085, -0.2999393476697434, -0.04522397760704507, 0.0014782877913493211, 0.033556647021005435, -0.004625547098990059, 0.010218307882717648, -0.29438594223582853, -0.014927856338799414, 0.004661788103719615, 0.337519713436954, 0.29478396881139457, 0.08047084287719428, -0.1545547403598839, 0.24045860801367996, -0.3201444248158058, -0.8773443585822289, 0.2865250708401714, 0.3116940274020032, 0.8387116573495581, 0.5112343260530143, -1.4141774856268152, 0.2351620745857284, 0.30640907530529754, 1.2587025345265934, -0.19667284233725607, -0.09606308291372764, -0.032578559953055176, 0.05045759424690096, -0.11825195874187684, 0.0481006418677251, 0.04556701497039407, -0.18535003956352689, -0.045020105821510906, -0.18031512548358586, -0.1126857482774741, 0.0833459135265658, 0.17407048075351117], "trans": [-10.16071235701797, 0.044171174396043573, -0.7274419152653616]}