{"betas": [0.12182979554792384, 0.0498104030700563, 0.01874907528210161, 0.028247290178977192, -0.01045515424154793, 0.003794310233826808, -0.007750463989420916, 0.008476040652062412, 0.013630708331879994, -0.014916307566096007], "pose": [-1.1456560593987837, -1.2969885914922719, 1.296988591492272, -0.38164254854756785, -0.02860909571105967, 0.10089314587083881, -0.44083591360941604, -0.015438522963780968, -0.0984304039015866, 0.33120776615985237, -0.0038741392556145005, -0.0008499698983535527, 0.7124547169880037, -0.034949885381042156, -0.14490914076165523, 0.8152035597027567, -0.022134717708836776, 0.08745191723614643, -0.006166769409288421, 0.004160981670117389, 0.014056839431985256, -0.0804477696654431, 0.06690286091408214, -0.027393704498235298, -0.1574859984318365, -0.1758113077353307, 0.18621506528665502, 0.028087737334426044, -0.030274473736992307, 0.003002768252041849, -0.30357818385970303, 0.26181085315481234, 0.1531922995753877, -0.13384995273907963, 0.13011772698017324, -0.33679967962494434, -0.2006185594447841, 0.11984409926851235, 0.04111870862312186, 0.022969138284681397, -0.05714300777054788, -0.39314687485631544, -0.024736339989549657, 0.1313037547717772, 0.3793992650425342, 0.1455302719707537, 0.0008005859675985214, -0.05262649285584587, 0.12127213967577694, -0.31080378464262337, -0.8794819892147943, 0.22921726182109411, 0.2925206961869019, 0.8730054703840573, 0.29597666647527054, -1.4677371935499692, 0.44631692911386467, 0.09287034636948792, 1.4287647948234938, -0.4545674505435822, -0.04156368662837331, -0.08433120077546256, 0.2059510863003527, 0.03321738874789761, 0.12591035721684057, -0.17752969778295935, -0.156367182974848, -0.07427622901029567, -0.2220865134327118, -0.11783392895435334, 0.13300265633521707, 0.23637497833293264], "trans": [-51.46631322380072, -12.093153900106174, -1.316918654090311]}