{"betas": [-0.04531959800123942, 0.25816046623113975, -0.10443940742347267, -0.07597029208210594, 0.013911735992459227, 0.013954990810594958, 0.00840059268463032, 0.018210526354907698, -0.01144635948893292, 0.002226290135924623], "pose": [-1.5599895265387456, -0.21592612912386555, 0.21592612912386555, 0.12843302530820433, -0.010498026643842508, -0.006484144706106247, -0.3054458700139, -0.0006265494899678828, 0.023843492261981264, 0.2848040420974455, 0.053040372664157856, -0.03709841443959102, 0.6978580250186722, 0.012474187515706739, 0.004164292649596273, 0.2968230835396517, 0.0013524095258266658, 0.00229866829290417, -0.015351018553959438, -0.05624769211886325, 0.037445546249774184, 0.4244921855833664, -0.01272790518235034, -0.018843587213891025, 0.022443265825459913, 0.02259809209283531, -0.004849978625979155, 0.04660961725972233, -0.03336587994500713, 0.00025119299865150905, -0.22140227182133407, 0.16556686170285834, 0.20853659546172731, -0.13030956024030993, 0.15526371268410605, -0.27090856413916775, -0.2123916903248195, 0.16718079641067732, 0.029939450531015696, 0.010304143054106787, -0.06519777546538214, -0.3456920394747085, -0.025367554684309762, 0.08087721491617862, 0.3773383218531604, 0.29410964737855255, 0.6612205885462918, -0.0007122894857070211, 0.05589376596172217, -0.3582389116106647, -0.8556590969916213, 0.16789088590258214, 0.19354265632647194, 0.8640363419544806, 0.1796581940418979, -0.33164887710625013, -0.0915394284201993, 0.002066884670475016, 0.7247734982935983, -0.1573158480792636, 0.042842916054644326, -0.05704039321260989, 0.05264569868411832, 0.0058362186203345275, 0.051738055224062086, 0.002228323752654471, -0.2097320588564247, -0.043665697594773026, -0.18550814787497721, -0.11542184042680065, 0.09531969632710673, 0.1695244204562063], "trans": [-27.17936094365154, -9.436303692208579, -0.9628157285831753]}