{"betas": [0.19173745763710806, 0.20679507266967936, 0.025545764337162807, -0.024244743693028488, 0.0007202369641003663, 0.013236882350636182, 0.021343764601424748, 0.007373052342460504, -0.01918535564321634, -0.005662447391478864], "pose": [-1.443635703425636, 0.7125661023394219, -0.707566102339422, -0.014386416204661752, 0.07449527982586107, 0.004914258282362312, -0.478753840085463, -0.022060890334761454, -0.01098454720629561, 0.3132954238297329, -0.013505645015587523, -0.003206205995619918, 0.2953579213373896, -0.1802617570179269, -0.10524341216390476, 0.2402401357837314, 0.0004136385256758744, 0.09998165819341467, -0.04445538123069192, -0.002625381312203784, 0.01748818963584128, -0.07941880623972125, 0.09023776632472366, -0.07710368631320857, -0.14502278397280902, -0.17128035069271355, 0.23429552900549194, 0.02358106746232943, -0.036354065107430514, 0.007590605823232529, -0.27197457870205644, 0.21644050418007008, 0.19806137588430803, -0.12500193951519778, 0.11760208180014012, -0.37581664944363175, -0.23008314771505475, 0.07668518121217495, 0.03609500295797785, -0.013152992757964338, -0.0007376286951559957, -0.3164889418165508, -0.053949286622063754, 0.052182845214866394, 0.319259269386966, 0.10998962627927023, -0.03980808224167414, -0.01749032722425816, 0.010474988602219338, -0.2985652350572716, -0.7394424527968769, 0.11852095744579681, 0.22294806912949763, 0.742039356830658, 0.08223343618692615, -1.3074410433066717, 0.46592998959710036, -0.11813587505313078, 1.180023953693679, -0.454112268176855, -0.11752822293916777, -0.0715364500734989, 0.16281399741336383, -0.03629314523952566, 0.08562737066150755, -0.11154533337440894, -0.11889478812309183, -0.05997572145654722, -0.20594146836059535, -0.09851891383670315, 0.1123659643010197, 0.20998849698460334], "trans": [-27.8222247108844, 12.5444180968463, -0.4399010727232528]}