{"betas": [1.8964894903024812, 0.31493576625010133, -0.1035326407414528, -0.4364464500446508, -0.04973432451903863, 0.09833628269918979, 0.014303769774192097, -0.026993742994641887, 0.07112343154180402, -0.03308173982274214], "pose": [-0.2151806216996434, 2.1146537058667, -2.1146537058667, -0.5469310724465164, -0.014676929904093354, 0.1548676944626191, -0.5672182960211043, -0.018945501678461974, -0.03181063390918355, 0.39368360149148984, 0.00022536705527002198, 0.004665998130332561, 0.9704470375008964, 0.033054815182137987, -0.2570194364260551, 0.8172271053020489, -0.03632732256505722, 0.1146416780850149, -0.018139976937334792, 0.004850529435443622, 0.014854912700571413, -0.09522667347319022, 0.09452315318827695, -0.029825572161567955, -0.21337564459894798, -0.17020340066779632, 0.14638947402394387, 0.0373530290301345, -0.02434039940255123, 0.009493005035321364, -0.3062229592733778, 0.2406988520474424, 0.156262262644781, -0.10043926369132158, 0.10842426066605122, -0.3100020536940716, -0.13682624176592817, 0.15639139219795817, 0.036783511465919905, 0.03454840485015338, -0.10694237997659416, -0.3665661428931024, 0.0021725129144519934, 0.19074213861781725, 0.34018652968634006, 0.1594705498435387, 0.040104943715712674, -0.04397010636183928, 0.1836597867987609, -0.2951420368804397, -0.847103667924305, 0.21165391841700446, 0.3497143060289608, 0.7991838975190735, 0.4504627725075213, -1.2819711966157983, 0.26190754079693535, 0.24291671751863386, 1.2160494269164566, -0.25240322511101027, 0.045805342917368645, -0.07852557959790944, 0.15293856742969325, 0.07812083050283297, 0.10056288255196226, -0.1181733720881849, -0.19999208195996052, -0.06135834931644773, -0.20074023390485146, -0.13385843958699248, 0.12479998319079251, 0.20297575973006332], "trans": [-12.032144743623194, 8.469939291970237, -0.5469188959447103]}