{"betas": [1.7511515842605234, 0.3670231778082652, 0.03978433168027672, 0.004913282851196045, 0.02958606384598556, 0.001461046037256542, 0.028411238985692, 0.012589726574853976, -0.014340388809218167, -0.004234100351574732], "pose": [-1.5678642402170782, -0.1561564423494341, 0.1436564423494341, -0.35661021376808927, -0.006618044868573725, 0.08674494579080733, -0.35681028081555677, -0.02649140779123024, -0.07570016938079718, 0.2724833562714316, -0.007131789289582264, -0.010585642819652985, 0.5637339970927726, -0.040565137484970946, -0.1350794848303761, 0.7534904406735884, 0.05822413581893353, 0.07222613416596288, -0.01878919642507057, -0.014281152518364221, 0.02635742251014307, -0.07061002819481847, 0.09809905549095453, -0.06689354739376688, -0.1427144770793545, -0.16346401250058246, 0.22144331704630058, 0.027231595377736353, -0.04357767253358505, 0.005107021883240799, -0.2722130059952114, 0.22088908623169212, 0.19699682674921676, -0.13629168123446678, 0.11914685680945354, -0.3424822175992114, -0.20386030372407538, 0.08961020263234148, 0.044792473518820264, 0.011327303227105918, -0.008249448778082237, -0.3620413554592596, -0.02819304062978297, 0.041253038087588054, 0.38019663427023387, 0.1431206368537861, -0.03357541050336431, -0.02774252175564408, 0.057153199333284097, -0.32566442880034097, -0.7983207248248488, 0.1877391968207313, 0.2030827383833565, 0.8193476719820711, 0.17972561436519321, -1.3183179109405199, 0.43159002258719703, -0.05198147953243438, 1.1183704471673073, -0.3972942926635888, -0.09910034234159518, -0.06848397362278758, 0.13542256973832334, -0.03228244527487639, 0.07592706598713836, -0.07999005654903307, -0.1261144568826269, -0.05925146614810327, -0.20337114939606085, -0.10781151716938292, 0.11222674997632225, 0.208980403298426], "trans": [-28.939780424251627, 6.330321443497253, -0.7717870908346868]}