{"betas": [1.7511515842605234, 0.3670231778082652, 0.03978433168027672, 0.004913282851196045, 0.02958606384598556, 0.001461046037256542, 0.028411238985692, 0.012589726574853976, -0.014340388809218167, -0.004234100351574732], "pose": [-1.4363902487727456, 0.5340697939378672, -0.5540697939378674, -0.28344022781268113, 0.014929221421012523, 0.06535484303310266, -0.2807031836887567, -0.044338346611211124, -0.018103024045495533, 0.3263576840470597, -0.011216793697471777, 0.01630877406553426, 0.5632873621901563, -0.08827516608730988, -0.12548199266908763, 0.2683022990474516, -0.018646870831733886, 0.09333655672337282, -0.007439621441677518, 0.004899576560037864, 0.0009186004526353065, -0.0557937621957214, 0.10677102131380975, -0.09422125584301312, -0.10379726122251999, -0.22524764469746644, 0.23051578960262753, 0.03014293086980659, -0.022162450882926978, 0.0057105663844805475, -0.2539455541034658, 0.20018232234020336, 0.18865076539801462, -0.09476038752959769, 0.16198763413140255, -0.36876793994088425, -0.1523316337508771, 0.07322755472200283, 0.034465608785804264, -0.0005487524890179932, -0.05945165705272213, -0.32511131168992274, -0.04024716772979753, 0.14356371396243855, 0.29650604802270203, 0.13881944087493625, -0.023810158063190704, -0.020187627727776734, 0.06026077491399169, -0.2385382282184106, -0.6791534060772569, 0.12085750817389737, 0.24427386883672417, 0.6394596871912854, 0.17781364617090223, -1.6517475628183247, -0.2045960262022672, 0.00855849610583811, 1.1196350049920347, -0.2911609811848983, 0.0189002636398538, -0.10914513813671356, 0.16486186330577932, 0.07857774386779964, 0.11491451561158957, -0.1363841357576734, -0.17648585551975526, -0.061401863144656295, -0.19101838929655332, -0.11146540164597016, 0.1127243032121343, 0.19549005201574304], "trans": [-28.929910775119044, 10.948696822750355, -0.6398945936488629]}