{"betas": [-0.04531959800123942, 0.25816046623113975, -0.10443940742347267, -0.07597029208210594, 0.013911735992459227, 0.013954990810594958, 0.00840059268463032, 0.018210526354907698, -0.01144635948893292, 0.002226290135924623], "pose": [-1.5655860656058216, -0.15000486469594113, 0.15000486469594113, 0.1984276701175603, 0.027004308892744733, 0.09795745912580539, -0.6015723298824399, -0.027004308892744733, -0.047957459125805395, 0.3637767553631196, 0.03411319333177941, -0.03880611940661589, -0.03604578653517457, -0.14569592861115577, -0.10469363105834609, 0.3639542134648255, -0.14569592861115577, -0.004693631058346075, -0.041074912854876626, -0.08294026635436776, 0.038472441669855514, -0.10300943471992655, 0.12818244182285163, -0.09197530614560316, -0.13935017105504843, -0.14444226552100534, 0.21563821138879363, 0.04196935506781056, -0.05612493094448691, 0.012696594435147424, -0.21689380499073496, 0.1783194176051699, 0.22347813202982464, -0.10891205491437699, 0.13273930817891916, -0.32564477681653825, -0.16973867523062786, 0.1351091913771429, 0.01240670240548047, -0.0015392922860179696, -0.10785861456506604, -0.3261622571965456, -0.031127807306291392, 0.04729060724747321, 0.3507196797482985, 0.13822679463415738, -0.7011436366863072, 0.014499376563892333, 0.012715487770741312, -0.3176712441667906, -0.6681867865682622, 0.16455186148885584, 0.16782031954722348, 0.7542942248637642, 0.09274660260301419, -0.9258513753696913, 0.2562120413440635, -0.0651247281136399, 0.9110426009142087, -0.3126725670788235, -0.0029971020327346476, -0.070049195992823, 0.13133836247124958, -0.05989410407355896, 0.08531399447651103, -0.06502072379031167, -0.18539218871799623, -0.057909949401380965, -0.21317613641881525, -0.13003168930790873, 0.11011881141893186, 0.2170529480917187], "trans": [-27.38994354035461, -8.324898736618575, -0.9017610644569876]}