{"betas": [0.12182979554792384, 0.0498104030700563, 0.01874907528210161, 0.028247290178977192, -0.01045515424154793, 0.003794310233826808, -0.007750463989420916, 0.008476040652062412, 0.013630708331879994, -0.014916307566096007], "pose": [-1.1456560593987837, -1.2969885914922719, 1.296988591492272, -0.3816425310205952, -0.028609078421118362, 0.10089322112071972, -0.4408359258195153, -0.01543853651501947, -0.09843043592811276, 0.3312077669241167, -0.003874132720689382, -0.0008499841718565835, 0.71245473347967, -0.03494989708347823, -0.14490913703530736, 0.8152035776058429, -0.022134725669029225, 0.08745192919249634, -0.0061667453277441655, 0.004161007783091187, 0.014056806378620624, -0.08044778031929545, 0.06690285307203366, -0.027393730884583772, -0.1574860089722888, -0.17581128713933705, 0.18621505728562068, 0.02808773989376369, -0.03027446773658924, 0.0030027445397768876, -0.3035781983555246, 0.2618108698300263, 0.15319234035569104, -0.1338499579404833, 0.13011767916782044, -0.3367996558887226, -0.20061852903965596, 0.11984409419631847, 0.041118703222454714, 0.022969174975158914, -0.057142958161542, -0.3931469579979226, -0.024736305741601163, 0.1313037316100608, 0.37939930965539365, 0.14553029495166556, 0.0008005951894779462, -0.05262650546610139, 0.12127217190123635, -0.3108037755233515, -0.879482094579428, 0.22921727736741293, 0.29252069422634197, 0.8730055192778948, 0.29597668481971284, -1.4677371896607179, 0.44631694356184687, 0.09287034042683132, 1.4287647904553984, -0.45456745772842594, -0.04156371736579092, -0.08433117997831492, 0.20595107836803747, 0.033217394458249436, 0.1259103468504877, -0.1775297004169954, -0.15636718761631838, -0.0742762327855591, -0.22208651660467438, -0.11783394579283477, 0.13300265907727785, 0.2363749896744814], "trans": [-43.31812890708931, -9.551576961135714, -1.1236061905739991]}