{"betas": [0.19173745763710806, 0.20679507266967936, 0.025545764337162807, -0.024244743693028488, 0.0007202369641003663, 0.013236882350636182, 0.021343764601424748, 0.007373052342460504, -0.01918535564321634, -0.005662447391478864], "pose": [-1.5430290942739442, 0.3455877599379569, -0.3455877599379569, -0.014386416204661752, 0.07449527982586107, 0.004914258282362312, -0.478753840085463, -0.022060890334761454, -0.01098454720629561, 0.5376868914377606, -0.010565324037211, 0.020077036119308275, 0.2953579213373896, -0.1802617570179269, -0.10524341216390476, 0.2402401357837314, 0.0004136385256758744, 0.09998165819341467, -0.032121066561401776, 0.003194558036375998, -0.023128609576994377, -0.11127255960929096, 0.035062777587183146, -0.09219376209293698, -0.1546057052857939, -0.14115056065091086, 0.23060022823623358, -0.025981911595849404, -0.0015182115284825557, 0.016653647579897398, -0.22577181536415813, 0.28220150897043117, 0.2057425323701461, -0.07350691058517199, 0.08065376934793708, -0.36112929624115825, -0.2757377593234891, -0.0003733212109915084, -0.011359811281567413, -0.11392981874516772, -0.35412313082501934, -0.18306696255328883, -0.12445425959453314, 0.4484140885068753, 0.10545326857955305, 0.02306978154471648, -0.14515301476697212, 0.030975163771223602, 0.8924103452026333, -0.8677355794074985, -0.8400875107368144, 1.0667659258307103, 0.5330812224065294, 0.8086599191511734, -0.07122742098104903, -1.2473120381067742, 0.4111469542500608, -0.29319877950892, 1.2751568908206612, -0.3609942782813395, -0.12470952991245121, -0.11054355312176889, 0.33400176941456367, 0.04819708920342223, 0.13512950835673582, -0.30359725574925805, -0.06673247232411579, -0.05110502073836877, -0.19236401002663575, -0.10919111025927075, 0.13084014673770997, 0.20276261878294166], "trans": [-29.884424614074707, 10.404957552590227, -0.5663268427082939]}