{"betas": [0.19173745763710806, 0.20679507266967936, 0.025545764337162807, -0.024244743693028488, 0.0007202369641003663, 0.013236882350636182, 0.021343764601424748, 0.007373052342460504, -0.01918535564321634, -0.005662447391478864], "pose": [-1.5486357034256355, 0.08756610233942157, -0.08756610233942157, -0.3444716773310632, 0.04051186080823587, 0.04294078799863837, -0.3349399151109451, 0.005222737768565257, -0.011520544391981614, 0.3132954364046618, -0.01350570140027973, -0.0032061968000289477, 0.8830474574390262, -0.12833858765015016, -0.009299235778131597, 0.27654263543381774, 0.04701582872383438, 0.14972703988801594, -0.04445542166099834, -0.002625366942691156, 0.017488189989146592, -0.07941882500463594, 0.09023778252489695, -0.07710369242685215, -0.1450227764725108, -0.17128035004217365, 0.23429555483978248, 0.02358106626582263, -0.036354084338005924, 0.007590608901946291, -0.271974585885769, 0.21644047435227493, 0.19806136545063738, -0.12500192406541955, 0.1176020766450061, -0.375816697621859, -0.23008317218650093, 0.07668517449582782, 0.03609499784315615, -0.013152992122263953, -0.0007375511225495724, -0.3164889152840854, -0.053949290487292814, 0.05218275063928392, 0.31925924233321495, 0.10998958591441695, -0.039808071118097324, -0.01749031614369825, 0.8924103452026333, -0.8677355794074985, -0.8400875107368144, 1.0667659258307103, 0.5330812224065294, 0.8086599191511734, -0.07122742098104903, -1.2473120381067742, 0.4111469542500608, -0.29319877950892, 1.2751568908206612, -0.3609942782813395, -0.1175282195747127, -0.07153643789605812, 0.16281401104914112, -0.03629315457354145, 0.08562736306553062, -0.11154532898947299, -0.11889479636286367, -0.05997572795120832, -0.20594147096877277, -0.09851890810883769, 0.1123659623730166, 0.2099885019199133], "trans": [-28.89825233831892, 0.3566654344747656, -0.8687923726322633]}