{"betas": [0.19173745763710806, 0.20679507266967936, 0.025545764337162807, -0.024244743693028488, 0.0007202369641003663, 0.013236882350636182, 0.021343764601424748, 0.007373052342460504, -0.01918535564321634, -0.005662447391478864], "pose": [-1.563819419689133, -0.17355533420198024, 0.17355533420198024, -0.24447167733106315, -0.009488139191764132, 0.017940787998638366, -0.25993991511094505, 0.005222737768565257, -0.011520544391981614, 0.29819157003621344, -0.05531384186965448, 0.015523727051935027, 1.0580474574390262, -0.12833858765015016, -0.0842992357781316, 0.27654263543381774, 0.04701582872383438, 0.14972703988801594, -0.02680772574938689, 0.01196471718198527, 0.01870868838906587, -0.13155365984271933, 0.07076206925650648, -0.03182521584447583, -0.12441198724700665, -0.19714328111276747, 0.2222222777572533, 0.030343999454828276, -0.05398163588013911, 0.0019548501869042618, -0.3183570291800574, 0.23044416684956048, 0.12260263964899663, -0.11217037495344911, 0.12790524847188034, -0.39827377969401156, -0.2028108818379204, 0.018998137734378407, 0.055882827842944696, 0.04161818277402965, 0.04805039813941572, -0.39381597185855177, -0.03852361830108944, 0.012938640481981695, 0.37244615766680605, 0.14501428752613135, -0.048219783266049136, -0.03190848525563474, 0.8924103452026333, -0.8677355794074985, -0.8400875107368144, 1.0667659258307103, 0.5330812224065294, 0.8086599191511734, -0.07122742098104903, -1.2473120381067742, 0.4111469542500608, -0.29319877950892, 1.2751568908206612, -0.3609942782813395, -0.07391028471063946, -0.07617414862456308, 0.1365442685335716, 0.027694297813012126, 0.10373777449966949, -0.12948904756803326, -0.14057313324771567, -0.07810252596011166, -0.22365901840924376, -0.09650200486076907, 0.13365177942523596, 0.23659756347758004], "trans": [-29.383409382513204, 4.454426577961982, -0.6991550492187457]}