{"betas": [0.19173745763710806, 0.20679507266967936, 0.025545764337162807, -0.024244743693028488, 0.0007202369641003663, 0.013236882350636182, 0.021343764601424748, 0.007373052342460504, -0.01918535564321634, -0.005662447391478864], "pose": [-1.516845576487374, 0.5329433332883108, -0.5179433332883109, 0.19132094368975427, 0.08664087416928098, 0.07231813545726803, -0.733802726131848, 0.00966512780105393, -0.0041422227519165924, 0.3217384222466666, -0.08778400601760898, 0.011607567362148656, 0.3236658855013602, -0.1666139750706412, -0.11021781877994619, 0.5225820541701647, -0.022863229034607493, 0.1116510336698588, -0.07005368196896564, -0.004184607138535525, 0.030355903983021775, -0.1159405531992874, 0.08849261685246142, -0.09480836906210645, -0.06996545737994862, -0.1709329733432579, 0.3314654687221387, 0.026363973455113116, -0.07610344239935522, 0.019267290060792943, -0.28696629338542046, 0.19275545409806957, 0.19231798168813943, -0.12392178575317593, 0.1309465529545993, -0.4986725252111792, -0.2636748383611212, 0.07629596277538338, 0.020212249449507048, 0.010989111236142794, 0.05781344805385087, -0.30166446086270204, -0.034772965452901594, -0.08158945398685757, 0.3246896409594974, 0.06189707478386813, -0.012275652844472225, 0.004495897673323483, -0.014882985806827887, -0.31184883602468905, -0.7308830588531032, 0.1712300239788759, 0.07564291326011013, 0.7657025656189496, 0.08364264584385209, -1.3373409392574234, 0.46998813760032865, -0.11004544120157271, 1.1586210140334934, -0.42798510636230597, -0.10592888675543571, -0.0837381181513669, 0.16499648375977913, -0.036570350677234964, 0.08633560735053881, -0.08123552173628569, -0.09897831196012083, -0.07177332519789204, -0.21186461224552486, -0.10145168639814336, 0.11899524179815793, 0.22194946214664002], "trans": [-28.886156884883338, 11.709929634251738, -0.4897737498900213]}