{"betas": [-0.459125293958982, 0.2836700625543276, -0.2828307762064238, 0.06170009900103966, 0.04114696315793381, 0.017447099752977802, -0.018216663065381097, 0.013285817624318214, 0.01584973647464493, -0.019639755817989615], "pose": [-1.035624449700232, -1.4755634909961515, 1.3755634909961514, -0.36792463240607265, -0.001949046868862818, 0.026876387848492014, -0.11006603814496813, 0.0033050786003483955, 0.020881190533760738, 0.22402947082125016, 0.008645963206168896, -0.005488871054928726, 0.4700553183085393, -0.006297206297563231, 0.006731231122222785, 1.024615216845852, 0.03406553092174501, 0.09717905539326481, -0.028386409870319734, -0.022680314867556086, 0.023858807106085827, -0.08248226946060226, 0.08398225513144379, -0.04702343838243087, -0.15173587284458798, -0.17005069779372045, 0.1829834457243258, 0.02422299852921856, -0.028768246546480854, 0.00581783013211022, -0.2443843937757089, 0.2234938418697576, 0.17020386753224262, -0.10969129615505982, 0.12657222674679217, -0.32604427065512726, -0.19196210097204067, 0.08059310839459653, 0.058165919520381824, 0.002569914015255413, -0.09706080772721624, -0.37231014836889526, -0.07725364257884362, 0.17103979830978552, 0.3413053651418148, 0.14591752441553554, -0.0630887694596367, -0.031663203944769965, 0.04634163061860456, -0.0895175415096727, -0.8793943646122013, 0.14060788582296144, 0.37528265814803025, 0.8555732645335193, 0.04256294601721418, -0.9288052343893927, 0.3503186285801446, -0.07493190226678567, 1.486694087138996, -0.5936290251450554, 0.009650657899477862, -0.05042192141304667, 0.16723332981462793, 0.0016010338874533165, 0.11368033927450011, -0.18183176377934954, -0.22955426528978043, -0.07729481872343716, -0.2467679753906931, -0.13025094818567584, 0.1354198994089739, 0.25159214516129796], "trans": [-22.021701893327407, 12.119738429113115, -0.5067303724398117]}