{"betas": [0.40466836330444017, 0.05863328700476435, 0.12669029315925331, -0.03563903324106255, -0.03161275739992719, 0.041330373522867565, 0.0442195718616265, -0.05240537505411271, 0.026760476646685124, -0.027919142557181535], "pose": [-1.595286658804029, 0.0469356733299495, -0.04693567332994951, -0.41340852287270635, -0.04630126919648898, 0.09349695694335508, -0.06007601348712461, -0.023098432484176354, 0.038990295207923, 0.0831649198998154, 0.009144593820569473, 0.011746227386020257, 0.5652874671406101, -0.013589542880197631, -0.10735801623781811, 0.3988487712578736, 0.15619762319167088, 0.02202579299839687, 0.05287963423478337, 0.005877618625867935, 0.014502621652827286, 0.1153187307212495, 0.08817168072279644, -0.12001860991392452, -0.11708567331036014, -0.17490604547595465, 0.1718961197707422, 0.07077750394025192, 0.020964580316720743, -0.005044272976659839, -0.2701652412298963, 0.28059474390677863, 0.18461825849500502, -0.17579815053493197, 0.1666256252567989, -0.2924169676489199, -0.10106914383202162, 0.047199138329281236, 0.0019185967791616534, 0.10247997821761065, 0.003438414405803847, -0.3160410446044726, -0.07690792648121478, 0.11664974306194796, 0.12144882959258622, 0.2144071446228778, -0.016810166875601357, 0.0024533911699791758, 0.18325512233123273, -0.4705856247052162, -0.8460748992023948, 0.17295172529227162, 0.2610868919323772, 0.9802567954842748, 0.4916270150325839, -1.7546850981168292, 0.17012393618171273, 0.5767490235599155, 1.8105575767520374, -0.5741895266242819, 0.0491277351566463, -0.1438403009952573, 0.49944079514598455, -0.0374432983850768, 0.27453783156997985, -0.3599904502464433, -0.1075613649150314, -0.06934139335198515, -0.18433672770844126, -0.06151459076979889, 0.13151434374267662, 0.2334666774826101], "trans": [-10.69779629710911, -4.010718767035841, -0.8229432233440891]}