{"betas": [0.40466836330444017, 0.05863328700476435, 0.12669029315925331, -0.03563903324106255, -0.03161275739992719, 0.041330373522867565, 0.0442195718616265, -0.05240537505411271, 0.026760476646685124, -0.027919142557181535], "pose": [-1.6437172744789372, -0.094783062630481, 0.094783062630481, -0.4624364751800131, -0.018711382604129335, 0.04670371639970091, 0.06265953424915817, -0.010866382655764284, -0.03999286813443622, 0.2985698330623087, 0.01986785333870068, -0.03813105226261669, 0.7049486851366058, -0.03721736292777491, -0.13764914869986206, 0.06152710198791971, 0.20248990353184596, 0.03553165734296922, -0.039648330328059145, -0.07857467530633958, 0.06136811129635833, -0.024876817254853523, 0.11769079783999571, -0.060754456443380664, -0.055515235071787274, -0.13302556336233357, 0.19905034613414738, 0.0820402306375371, -0.06553668153343044, -3.58444795922393e-05, -0.2344687822059548, 0.20292020112907266, 0.1446909331004619, -0.1087974592816541, 0.09535711916617282, -0.261729090183609, -0.10106914383202162, 0.047199138329281236, 0.0019185967791616534, 0.10247997821761065, 0.003438414405803847, -0.3160410446044726, -0.07690792648121478, 0.11664974306194796, 0.12144882959258622, 0.2144071446228778, -0.016810166875601357, 0.0024533911699791758, 0.18325512233123273, -0.4705856247052162, -0.8460748992023948, 0.2979517252922716, 0.3610868919323772, 0.8802567954842748, 0.5866133266661628, -1.535693836529071, 0.24904533027777975, 0.5267490235599157, 1.610557576752039, -0.29918952662428167, -0.17644143371426085, -0.004760012945814191, 0.17576742488447838, -0.14502024916600106, 0.037057580514903425, -0.13453647631543458, -0.06504747794641956, -0.041912407880653, -0.18285854181220632, -0.036191295327410986, 0.11250483676003517, 0.19748725617735546], "trans": [-10.608964841819722, -2.521202055278082, -0.7797342903304287]}