{"betas": [1.7511515842605234, 0.3670231778082652, 0.03978433168027672, 0.004913282851196045, 0.02958606384598556, 0.001461046037256542, 0.028411238985692, 0.012589726574853976, -0.014340388809218167, -0.004234100351574732], "pose": [-1.60350501279524, -0.11750501922664128, 0.11750501922664128, -0.6127322523076278, -0.08651774584192198, 0.10328343526722969, -0.13634665641288404, -0.09639355569297166, -0.05990055899700847, 0.3367465835065083, 0.10708079228761375, -0.018144737527075468, 0.46023272425901884, 0.011420559492357391, -0.13731645796903783, 0.6368259241408972, 0.08089440001514801, 0.053390512204284035, 0.013425697774311459, 0.01742079725075925, -0.02327755615661465, 0.08077039728542555, 0.09139076127926929, -0.13855050831945662, -0.18380031791980375, -0.16424754946167563, 0.15384092796678264, 0.03225227270514595, 0.03880207324558238, 0.010075999427874977, -0.25331498504642697, 0.2530935288862153, 0.2831675007334765, -0.13023771498006978, 0.11451613231659324, -0.2368631370870613, -0.1023069571664079, 0.337620037224057, -0.00831177454026079, -0.056232886575405455, -0.14136373306778244, -0.27992914282567594, 0.00989842521664172, 0.27087813291605267, 0.29242651553633736, 0.15932148609291602, 0.1616313481634246, -0.0599490947256322, 0.06820016736114488, -0.35833336923551745, -0.6682884004018851, 0.16792733397354026, 0.4303627528338542, 0.7626043738657776, 0.12491406936926425, -1.5833071216597663, 0.3896685095880499, 0.10358251661317715, 1.0594674200136747, -0.20783341555409035, -0.09169036907824173, -0.09784810990759187, 0.258770234691623, -0.021670101217120475, 0.09960648754162713, -0.14745721440282997, -0.11153172378640891, -0.037653203206985945, -0.1496700436592692, -0.12021832911646932, 0.08833299441324162, 0.16197800144969945], "trans": [-27.233159885979692, -5.034372023364038, -0.9345444941633974]}