{"betas": [-0.459125293958982, 0.2836700625543276, -0.2828307762064238, 0.06170009900103966, 0.04114696315793381, 0.017447099752977802, -0.018216663065381097, 0.013285817624318214, 0.01584973647464493, -0.019639755817989615], "pose": [-1.2106244497002328, -1.2755634909961504, 1.2755634909961506, -0.44830079422129054, 0.12345360063958039, -0.03494931887339216, 0.1014959771993767, -0.010553145944255014, -0.0020489524876172033, 0.22402947835083234, 0.008645973155924448, -0.0054888664198016555, 0.8982655250126561, -0.005788001152193495, 0.005052264078006123, 0.2673117935071697, 0.011718119309794703, 0.006380881006549009, -0.028386404466333674, -0.02268030679353558, 0.023858812619955486, -0.08248226967744345, 0.08398224883947691, -0.04702343685187527, -0.15173586910870618, -0.1700506891131736, 0.18298344401299516, 0.0242229932234631, -0.028768236575551973, 0.0058178363901906, -0.2443843904184576, 0.22349385044411163, 0.170203870015912, -0.10969129792102751, 0.12657222333719137, -0.3260442624537694, -0.19196211107111877, 0.0805931191842745, 0.05816592097167117, 0.0025699118841235294, -0.09706082904426899, -0.37231015549178104, -0.07725363259701802, 0.17103983631414102, 0.3413053895990306, 0.14591752491543986, -0.06308877391457438, -0.03166320576292109, 0.14165459899150323, -0.09435411846431281, -1.029361952814162, 0.19314623106779297, 0.30637247916975835, 0.9215775136967643, 0.2076161219437389, -1.2194272096776162, 0.42487973820599945, -0.047483415071769224, 1.533433651037414, -0.5986637159106961, 0.009650656841494113, -0.05042191880551528, 0.16723334041017518, 0.0016010342202487703, 0.11368033569568105, -0.18183176864456038, -0.22955425897664627, -0.07729481953109686, -0.2467679748207344, -0.13025095386497668, 0.135419900886864, 0.25159214472410063], "trans": [-21.418123285084814, 12.22590408726662, -0.4847608743613715]}