{"betas": [-0.459125293958982, 0.2836700625543276, -0.2828307762064238, 0.06170009900103966, 0.04114696315793381, 0.017447099752977802, -0.018216663065381097, 0.013285817624318214, 0.01584973647464493, -0.019639755817989615], "pose": [-1.7159434974058752, -0.16977283737349758, 0.16977283737349758, -0.29087359432978743, 0.004428426141909941, 0.0007550351347061848, -0.23687480877427194, 0.0051457835091120105, 0.007719001434815069, 0.45672672958174576, -0.016871500936326795, -0.013430097188392748, 0.559128852540806, 0.01032130739697331, -0.00769839300415643, 1.021551911791171, -0.09180815955005538, 0.14112998885162703, -0.06196619774632101, -0.031200877077201938, 0.030569153648361186, -0.10366748174325804, 0.1267611772436043, -0.023435320013598243, -0.17379767219682735, -0.1955500722796607, 0.16817873015822601, 0.0032555189315275424, -0.04190357657042704, 0.009277582229851405, -0.19633497932257477, 0.18201110104943366, 0.1552067753131205, -0.08779949035181372, 0.13643554330721475, -0.29759422698050664, -0.27457647162750776, 0.01996963910490571, 0.04620342608061394, -0.000596444353269403, -0.17373464293877375, -0.39372530786503246, -0.06553335376609845, 0.21497400382795157, 0.390582192249246, 0.10396179011275646, -0.16015275833561365, 0.0017514538488729756, 0.022438786134467915, -0.23944891359975495, -0.7107688821932522, 0.09593963528243148, 0.29006869220489784, 0.7427166907054111, 0.06455628463020378, -0.7435172275923008, 0.20657286331743188, -0.0846625097828082, 0.9575110563001845, -0.3657399165474902, 0.11330655830975807, -0.04017575032851013, 0.12377142844913734, 0.05953313197148586, 0.08998061664471511, -0.10381668595720524, -0.2648101227419427, -0.07468082492775248, -0.2193024972239103, -0.12131550248698957, 0.1283144892706993, 0.20496584772124357], "trans": [-11.541412903130821, 5.3083185500661, -0.5779604997608542]}