{"betas": [-0.459125293958982, 0.2836700625543276, -0.2828307762064238, 0.06170009900103966, 0.04114696315793381, 0.017447099752977802, -0.018216663065381097, 0.013285817624318214, 0.01584973647464493, -0.019639755817989615], "pose": [-1.135624449700233, -1.3255634909961502, 1.3255634909961505, -0.5534379374591237, -0.09607274217657452, -0.015693699719602387, 0.3097516922160584, -0.05286708835226565, 0.039423348142193435, 0.2240294897391044, 0.008645969856902492, -0.005488865103469623, 0.06879953784549331, 0.033643002234968855, 0.0032573482932652595, 0.3156098369303505, 0.05303324545668852, 0.05237036715443273, -0.028386404167079278, -0.022680305450345918, 0.023858808903480175, -0.08248226777823245, 0.08398225640389467, -0.04702343980628238, -0.15173587035080852, -0.17005069765643946, 0.18298344596462637, 0.024223002631134367, -0.028768238532460202, 0.005817833682426844, -0.24438439332275097, 0.2234938449193899, 0.1702038723181423, -0.10969130010471019, 0.12657222163207762, -0.3260442666246396, -0.19196209334152295, 0.08059311168027875, 0.05816591790681162, 0.002569916008167624, -0.09706079194568538, -0.3723101465834904, -0.07725363358031843, 0.17103979955830897, 0.34130537157703145, 0.14591752274330597, -0.06308876870815887, -0.03166320437709932, 0.1209848924511823, -0.10336050555838124, -0.8102303826112454, 0.1280614415837084, 0.5191769755139104, 0.7606985152866526, 0.1001749644283475, -0.32855152844819746, 0.024900982502437483, 0.07193280191219582, 1.3161899268067645, -0.3715213919034634, 0.009650658998492417, -0.0504219178047674, 0.16723333863615605, 0.0016010379439348314, 0.11368033604411672, -0.18183177070796494, -0.2295542665897165, -0.07729481852978257, -0.24676797356386287, -0.13025095337063927, 0.13541989838464705, 0.25159214513590383], "trans": [-21.707935865854406, 12.174731498204071, -0.46031424225982664]}