{"betas": [0.19173745763710806, 0.20679507266967936, 0.025545764337162807, -0.024244743693028488, 0.0007202369641003663, 0.013236882350636182, 0.021343764601424748, 0.007373052342460504, -0.01918535564321634, -0.005662447391478864], "pose": [-1.5576374135526572, -0.23821800040878174, 0.23821800040878174, -0.6326777581140811, -0.03377833493091275, 0.020942758162491623, -0.15053043661708465, -0.04294508259826605, -0.014148514483454042, 0.3341606145322757, -0.00012128832782135823, 0.0008119433162580051, 0.6832484597199254, -0.027652149676469697, -0.15877723731615154, 0.2526605061461409, 0.04214393011514503, 0.08794212772046286, -0.04831355428140477, 0.01902374895142655, 0.006502533228533627, -0.08222410545802496, 0.07610417065913694, -0.07732951333725338, -0.17819125750563766, -0.17155236593938655, 0.21513696460656245, 0.02480593131145343, -0.02483260943275937, 0.0041283220456022895, -0.29836238941274823, 0.23167192933436112, 0.21423156023085463, -0.13723147685584433, 0.09010512722700954, -0.375499947649064, -0.25133097438864366, 0.0890584760839403, 0.0323801772653817, 0.005956319351076453, 0.06677686236229803, -0.3547357512961109, -0.04180214150874272, 0.029392596614459417, 0.33179936366073165, 0.08925666104936901, -0.011490302389245423, -0.0360634979740785, 0.8924103452026333, -0.8677355794074985, -0.8400875107368144, 1.0667659258307103, 0.5330812224065294, 0.8086599191511734, -0.07122742098104903, -1.2473120381067742, 0.4111469542500608, -0.29319877950892, 1.2751568908206612, -0.3609942782813395, -0.1334320119031953, -0.06436595673683293, 0.171241706544668, -0.02888908136849671, 0.09785309995267244, -0.14526499014644154, -0.14294760668602774, -0.06653661137304805, -0.22517473897716617, -0.11203954395980555, 0.11685441771095956, 0.23020618262145517], "trans": [-29.398022361209005, 4.613436935802652, -0.6937779235206931]}