{"betas": [1.7511515842605234, 0.3670231778082652, 0.03978433168027672, 0.004913282851196045, 0.02958606384598556, 0.001461046037256542, 0.028411238985692, 0.012589726574853976, -0.014340388809218167, -0.004234100351574732], "pose": [-1.562595882724932, 0.4022260724672977, -0.45222607246729774, -0.36018078296526274, 0.009564170036294518, 0.0806902442335527, -0.0804593955778903, -0.03857222720031891, -0.13502907260653546, 0.2005575448679225, 0.0044005188594316135, -0.02081237669284545, 0.28427038989682196, -0.05250294250368547, -0.13121234854144034, 0.9589491210664892, -0.050129866685606136, 0.09544521228243175, 0.028198249703522235, -0.018025667655902012, 0.030893437128684836, -0.05987746562887851, 0.08966137513204442, -0.05062370192610141, -0.15185695553436906, -0.13668194614122156, 0.1812900471243695, 0.027433402309803342, -0.09740048372917179, -0.024650385924386432, -0.2640795748029535, 0.2530918051880419, 0.18217673481750693, -0.12534272994340537, 0.1014134769296759, -0.26007405458574145, -0.094699070035839, 0.017047652064156982, 0.05990928661383827, 0.001820650650314759, -0.12190539850048063, -0.36805465944656535, -0.023158726766238834, 0.13653510485757137, 0.3859141048054393, 0.3365829078413347, -0.15096434043556767, -0.02887060010333354, 0.2545948970599283, -0.4849227636456417, -0.6828599251993228, 0.33896006353092095, 0.1354610118975532, 0.8413431802940988, 0.16616110553991761, -1.3171512695600434, 0.3854515191949185, 0.16547301956621618, 1.0180699495024501, -0.007960301624874967, -0.1152406661789907, -0.049271030538815486, 0.13290628508122387, -0.03339374433790879, 0.04701195843075128, -0.07613162873436694, -0.09416385949380937, -0.04858493214580966, -0.18420076211208558, -0.10868066650855057, 0.11338057214334187, 0.19677330900161247], "trans": [-20.254858676851992, 17.4108451388043, -0.5726098390266599]}