{"betas": [0.23095163209771685, 0.04109343311864416, 0.025248775430059576, 0.03225921746385679, -0.011730228160678488, 0.01411489487013554, -0.004068968651146599, 0.0031222508939531494, 0.007432816158778922, -0.011705167054862173], "pose": [-1.1801140707363544, -1.253426734047372, 1.2534267340473721, -0.43139242505694275, -0.013417757803337177, 0.020007774701553273, 0.28507842836150543, -0.030076601239308536, 0.03249691852748128, 0.34814217418230914, 0.013189750190000432, -0.0011622965084046066, 0.13356744502873988, 0.010650500386825088, -0.03392911325787577, 0.17427918134674647, 0.01181461833400281, 0.06737174114321123, -0.02845047642435074, 0.008097143028419851, 0.014378761471260122, -0.04249633272232602, 0.08749919628302374, -0.01262155700335177, -0.15026535188153883, -0.20269713985755303, 0.17134505148708704, 0.045047207155298134, -0.02335568463446593, 0.002368571570813358, -0.29902466946478146, 0.2326838257625493, 0.13013264000075175, -0.13302249056353985, 0.15321898259978384, -0.33553638930151364, -0.1924871112955532, 0.12682589965734006, 0.037604809908230404, 0.03277153091071584, 0.025897502359564794, -0.4125297457566552, -0.017685536651838387, 0.06658355681247902, 0.40725828125046626, 0.151950283209779, 0.018610930643085683, -0.05410713703672885, 0.12217525060740038, -0.19934846298892622, -0.8740587952555731, 0.22545129836210084, 0.23136367216910128, 0.8684202716758803, 0.26258028168879327, -1.2619196881597199, 0.37771271130753636, 0.05254889458116061, 1.2491588184611704, -0.3983581002776559, -0.004198557253489245, -0.06546968924519667, 0.19120249926213082, 0.03744055289228471, 0.11493537832295302, -0.17240389922524615, -0.2005439082562623, -0.08287790733152921, -0.227920913358201, -0.11863966291014522, 0.12922537579769605, 0.24448447214709731], "trans": [-59.68744274566712, 4.599219071646426, -1.007463759095562]}