{"betas": [0.12182979554792384, 0.0498104030700563, 0.01874907528210161, 0.028247290178977192, -0.01045515424154793, 0.003794310233826808, -0.007750463989420916, 0.008476040652062412, 0.013630708331879994, -0.014916307566096007], "pose": [-1.184664788912667, -1.2466444821816915, 1.2466444821816918, -0.3915771145797987, -0.025378432599730452, 0.0576560998414897, -0.48470460190444326, -0.011670862158756715, -0.05657328537330796, 0.37361256859430814, -0.004494666622152685, 0.0042696333886493, 0.7574088223350569, -0.024445684628781432, -0.15355192493915437, 0.8289544459363494, -0.06236857109941649, 0.1021991175225175, -0.020835004044902825, 0.004351673592767351, 0.021930281740047495, -0.08431862036825533, 0.07869110295126157, -0.009708085877162173, -0.1429587060825796, -0.19286263937497194, 0.17628448114103834, 0.029981925871421122, -0.02637597233282835, 0.007511556999868013, -0.2872633193323329, 0.23819517550187114, 0.12193123066137035, -0.12124573833406846, 0.14800328413236233, -0.33678100173591957, -0.21690801470025267, 0.06923646810920778, 0.04920543694721469, 0.0316407608164291, -0.058714789230739396, -0.4045035132705777, -0.028826211843954303, 0.15528998515686152, 0.39747618735841317, 0.1281233668701123, -0.0556380883401191, -0.033665556451353475, 0.13122543433180797, -0.24059287302003926, -0.8655822958467269, 0.22894100982641727, 0.28572252228958883, 0.8654123812874325, 0.2906678164508366, -1.270269606304491, 0.3547901388807364, 0.12234944358681604, 1.3245547263958302, -0.3916860816046908, 0.03455372954240762, -0.07736110211992155, 0.20999682447495518, 0.07484804776052881, 0.12697553963295832, -0.19333000271702327, -0.2010048983079217, -0.0816724351488898, -0.22537141127816052, -0.11998948906376437, 0.13821381585912373, 0.2365338772640987], "trans": [-41.53969664921206, -8.952419321594324, -1.1620105431232894]}