{"betas": [0.19173745763710806, 0.20679507266967936, 0.025545764337162807, -0.024244743693028488, 0.0007202369641003663, 0.013236882350636182, 0.021343764601424748, 0.007373052342460504, -0.01918535564321634, -0.005662447391478864], "pose": [-1.570323962345391, -0.045185535487668405, 0.04518553548766841, 0.19132094368975427, 0.08664087416928098, 0.07231813545726803, -0.733802726131848, 0.00966512780105393, -0.0041422227519165924, 0.27309481100446803, -0.07997442089510637, 0.017711208617369564, 0.3236658855013602, -0.1666139750706412, -0.11021781877994619, 0.5225820541701647, -0.022863229034607493, 0.1116510336698588, -0.026485940337433005, 0.0005454791584388999, 0.03423972863700704, -0.13537301181650155, 0.06793901476535952, -0.030102658634121558, -0.08551894705332974, -0.16725369248766334, 0.25658767625222134, 0.027285263754751328, -0.07205777514584939, 0.006274614606544027, -0.31585286991708766, 0.21538595454134302, 0.12795633819609029, -0.11005008318485056, 0.11118092245663179, -0.4326412236290645, -0.24585832493074378, -0.079399332675997, 0.06240174483730749, 0.07059671889835699, 0.07338513469108869, -0.40744267114362676, -0.03150662176536305, -0.02978759712043514, 0.39077279149820143, 0.11096581779347195, -0.142874860075191, -0.0006623016240274168, 0.8924103452026333, -0.8677355794074985, -0.8400875107368144, 1.0667659258307103, 0.5330812224065294, 0.8086599191511734, -0.07122742098104903, -1.2473120381067742, 0.4111469542500608, -0.29319877950892, 1.2751568908206612, -0.3609942782813395, -0.11597168377834592, -0.08864610990112824, 0.1310099366060362, 0.01635344282196499, 0.10906110852808167, -0.12459376195403163, -0.12827773362222344, -0.0804896545143863, -0.23251436944019585, -0.10423177921795483, 0.14026769577765014, 0.24405043254888548], "trans": [-29.62886728447879, 6.878459183224097, -0.6196401459052981]}