{"betas": [-0.04531959800123942, 0.25816046623113975, -0.10443940742347267, -0.07597029208210594, 0.013911735992459227, 0.013954990810594958, 0.00840059268463032, 0.018210526354907698, -0.01144635948893292, 0.002226290135924623], "pose": [-1.5633162950806447, -0.1796960510827152, 0.17969605108271522, -0.16342395021257028, -0.022249382054431825, 0.037117634263329154, -0.3848005411319341, -0.017848658446516667, -0.058907993104115056, 0.26470109374877115, -0.034328853808369655, 0.0107743260728625, 0.8905842620381678, -0.1789231717622232, -0.15771713092086764, 0.4327815689039418, -0.019455691134942183, 0.07286573891632031, -0.02170019471439863, 0.0036119294505923775, 0.028092544242064997, 0.024467844621354116, 0.05878064380017739, -0.011225458460735423, -0.017927195198552036, -0.2024082787924837, 0.16409228119607652, 0.0714470400867868, -0.05445276588863098, -0.015139197609014162, -0.3552122046236834, 0.2006056313249481, 0.013870008064980555, -0.059457246498690955, 0.2228589878802451, -0.3258571912411088, 0.018804563622555802, 0.014920730205968402, 0.06937788183198022, 0.05957300691648661, 0.06995214576356132, -0.47962859689408704, -0.013648112439682671, 0.004277063566384374, 0.5364917119192101, 0.11173123670326701, -0.3281318713068934, -0.0557808894404972, 0.044375919835087, -0.27070127760197826, -0.8683976490118894, 0.19792474937710722, 0.1933850674604735, 0.8548684371736075, 0.15559307606694708, -0.553064173001271, 0.14145125859781146, -0.10299281158806084, 0.4404697913226405, -0.13687006568888296, -0.02015897818049676, 0.015845165975962174, -0.06325671638576363, 0.029046985966429892, -0.018141671351725883, 0.027710959951219652, -0.15376898192702534, -0.08178931337486244, -0.19703229586335047, -0.07875495522588194, 0.12850942827020387, 0.23839092908402282], "trans": [-27.505990715836937, -7.861310676579204, -0.8912195654920045]}