{"betas": [1.7511515842605234, 0.3670231778082652, 0.03978433168027672, 0.004913282851196045, 0.02958606384598556, 0.001461046037256542, 0.028411238985692, 0.012589726574853976, -0.014340388809218167, -0.004234100351574732], "pose": [-1.62016133849103, -0.17207173587771094, 0.17207173587771094, -0.25846893253094627, -0.013022660597020027, 0.08258184794820195, -0.42458915017608617, -0.0494860797005597, -0.07510724561990709, 0.2741675273989034, -0.013692003321194673, 0.005224982498841759, 0.7256828451562346, -0.13609836215461463, -0.13902654788752752, 0.653208782701943, -0.016965466919159348, 0.09213722473777666, -0.04113724639058271, 0.00738886417161168, 0.018487069423108758, -0.09208120186947827, 0.08407575661500653, -0.05767254176828369, -0.126666909082754, -0.20985951960807128, 0.22205022117071269, 0.017993906817444078, -0.021221864248157835, 0.015355847125677898, -0.2744491184868626, 0.23244145242115216, 0.11086419019474779, -0.08873296065831243, 0.17534262595665276, -0.3530219230977214, -0.1716197295664479, 0.12082240739403487, 0.03940298613017048, -0.09483256318261152, -0.09869464043362365, -0.20250447681470057, -0.07994887564253132, 0.13759229024029632, 0.2698902614029368, 0.17828178488031476, -0.0024359898184334373, -0.014098900944953707, 0.12567046246869396, -0.42041619367776845, -0.7087138451331142, 0.27511241712866175, 0.42334739991172443, 0.8067205140147645, 0.2988000541394352, -1.4221326234210727, 0.31537818275919244, 0.31538216072056374, 1.1737007900691403, -0.13003520931444168, -0.1336146047706776, -0.09545116782273139, 0.2020739470330801, -0.03444928384617003, 0.061532478430602354, -0.09650122744535625, 0.00165890465374231, -0.04588779269869343, -0.15086404449062632, -0.03408105658822022, 0.10011787344962564, 0.16396912468240768], "trans": [-27.74583095372277, -0.9498707017200956, -0.9757663714965548]}