{"betas": [1.0007394031128156, 0.13998077818863408, 0.20322321153559939, 0.06919845010960525, -0.06355964225067326, 0.0988583210768853, 0.031004152589175965, -0.07600298470585287, 0.01954775199647453, -0.05391534064665776], "pose": [-0.06158047012373644, 2.1929371444224532, -2.1929371444224532, -0.3976117063664313, -0.13144784164202705, 0.0018326196129930042, -0.04713835673048441, -0.0441002467657577, -0.05934047992258621, 0.22190701339430802, 0.00013419739200303216, -0.010944605841726069, 0.36025107771630593, -0.023714123915874054, -0.052213567080417016, 0.8520747817026105, 0.1796375000533456, 0.07083041350873386, 0.01865447474105021, 0.014523347470100074, 0.01971713450338731, -0.10206199717783554, 0.07979889655581339, -0.04210966675783068, -0.19310017015296563, -0.14213155640535005, 0.16610179394921937, 0.04859649173382306, -0.030778177769625003, -0.008520501904551312, -0.31943347490318214, 0.2644588564480828, 0.21702914759614092, -0.1726269621958882, 0.07055401588650696, -0.2758337952823857, -0.09607017961352385, 0.006803431932989961, 0.06891574473596944, 0.06055905067591558, 0.0050972659602881235, -0.4108891231008682, -0.00279443435740069, 0.11097333338522795, 0.3891399382138202, 0.207654005152217, -0.11869826210909304, -0.030998572947393357, 0.16400154873460182, -0.3130389907395821, -0.9501355642153273, 0.22895790933575313, 0.3127633406838707, 0.8942479981995364, 0.33008480815576174, -1.3115190562351708, 0.35947829194031405, 0.09641714412614746, 1.1933606473773077, -0.3426000800467931, -0.12768135680313905, -0.030155173614344905, 0.13328135202345467, 0.012842302549778663, 0.05664610867807247, -0.10229807731748823, -0.15019904610387785, -0.04905985545102109, -0.19431366819377185, -0.13053165508705514, 0.11862431386373025, 0.19350686317845692], "trans": [-11.197964172791275, 8.253038411784871, -0.49564198737244247]}