{"betas": [1.813289222669109, 0.20156947919784157, 0.0011390909961732187, -0.4871353642584728, -0.16755291678885467, 0.02420319783742449, 0.0691750353522659, -0.03790042278230592, 0.027389876576093666, 0.006434531786996541], "pose": [-0.42137658237283626, 1.9915274176232667, -1.9915274176232667, -0.043408454485266895, 0.061957461834909064, 0.15013253679198968, -0.4079285934703994, -0.015461730984283703, -0.027451719097202773, 0.1712052997656514, -0.07710025571772025, -0.0017106581162376038, 0.789341158818622, -0.11739644118174489, -0.10456499633337656, 0.4479426060101755, -0.05471836377634013, 0.1379809270258198, 0.033828813418408585, -0.07222552422720424, 0.07809404546902571, -0.11516152316281476, 0.15207906110770164, -0.11193451615714851, -0.11715967935792068, -0.24101798817369952, 0.22906971863106645, 0.0706201723712211, -0.09455924058801368, 0.02274638116963606, -0.30596898226546626, 0.16012001269779247, 0.1981632269791685, -0.05295186395585647, 0.13960105312019505, -0.4166583114890881, -0.028411299543627897, -0.053505489770197666, 0.10780311277980312, 0.06813258193182041, 0.05242238100061511, -0.17537267004080023, -0.09921801201757068, -0.08843027801701803, 0.16025272665771859, 0.149906637912314, -0.1293612936319026, 0.01948051416865822, 0.1634084297919759, -0.15066790085361415, -0.6425388358471636, 0.23363607512553014, 0.09045430043508539, 0.6371122615072926, 0.5822386398750008, -1.7710315534802712, 0.3247053863664377, 0.31975765120872024, 2.0431043597037877, -0.537692746138959, 0.0666421175403769, -0.20727064919883714, 0.13475946084742735, 0.031566750507089854, 0.22673828951499225, -0.15278355515595135, -0.22746656014045205, -0.05670649977477566, -0.24280270300186843, -0.09802014790046179, 0.1315242468310125, 0.24375301261371518], "trans": [-12.198771069625337, -1.3505879005655994, -0.8400455737641567]}