{"betas": [-0.459125293958982, 0.2836700625543276, -0.2828307762064238, 0.06170009900103966, 0.04114696315793381, 0.017447099752977802, -0.018216663065381097, 0.013285817624318214, 0.01584973647464493, -0.019639755817989615], "pose": [-1.698638602640611, -0.33386920121398567, 0.33386920121398567, -0.5043534912143235, -0.0072547995423341075, 0.009125119359150537, 0.05351930294791269, -0.005225586991095703, 0.004854793657441563, 0.4235712278585044, 0.021978364174831535, 0.00033792503407369714, 0.7811057251308632, 0.003651191831146504, 0.0007865521811586881, 0.19491733432503275, 0.010197935081731758, -0.0036283538102788657, -0.04211016292142558, -0.0219031591121539, 0.009810009953416543, -0.04978318010317812, 0.08954876966734193, -0.09022189572961113, -0.15093301432682488, -0.1656053427298581, 0.19773837473083056, 0.004888111356538556, -0.018372461333916356, 0.011410410928660585, -0.21030738443055325, 0.19239050825759935, 0.21879505698317614, -0.07702750074598885, 0.10834793008767973, -0.3417111518634299, -0.2659096664619477, 0.08333695264164744, 0.02518442333601663, 0.00017773161511094307, -0.1371687102141126, -0.38879264760390586, -0.057722724396517426, 0.2206300980901178, 0.33983470145692335, 0.33363211483906713, -0.06925681992786786, -0.015740389914502273, 0.3568117063169865, -0.24123673263535525, -0.7739048350309471, 0.05996518536588932, 0.35989216316227113, 0.6966863806387756, -0.00819283687022531, -0.6889806388044789, 0.12442102205547581, -0.11022827412973384, 1.1020033227745933, -0.3967693461694941, 0.027846143756084196, -0.0644365741839154, 0.1355371729315889, 0.020535132323597705, 0.11185880829522189, -0.15613935264982706, -0.2566542745530904, -0.07762734418597671, -0.2480629499564586, -0.15465443212461363, 0.1298624298520825, 0.24625389530770989], "trans": [-11.406391660671586, 4.838368598169653, -0.5588710822852129]}