{"betas": [0.19173745763710806, 0.20679507266967936, 0.025545764337162807, -0.024244743693028488, 0.0007202369641003663, 0.013236882350636182, 0.021343764601424748, 0.007373052342460504, -0.01918535564321634, -0.005662447391478864], "pose": [-1.5352491086701707, 0.6086969277440922, -0.5986969277440922, 0.19132094368975427, 0.08664087416928098, 0.07231813545726803, -0.733802726131848, 0.00966512780105393, -0.0041422227519165924, 0.3132955764162925, -0.013505607782954234, -0.003206264561024279, 0.3236658855013602, -0.1666139750706412, -0.11021781877994619, 0.5225820541701647, -0.022863229034607493, 0.1116510336698588, -0.044455474254359056, -0.002625419135302549, 0.01748815566466327, -0.07941872403847329, 0.0902377387211115, -0.07710366883042175, -0.1450228287558603, -0.17128033955295738, 0.23429552906206305, 0.0235810996593941, -0.03635408443872354, 0.0075905831966400295, -0.2719746053864638, 0.2164404945153717, 0.19806141868712096, -0.12500195028511685, 0.11760206484485324, -0.37581670861967853, -0.23008322198244197, 0.07668517783427013, 0.03609495603927556, -0.013152991736071542, -0.0007375806318844517, -0.3164889154430358, -0.05394926227964444, 0.05218274437666414, 0.3192592002846216, 0.1099895424602094, -0.039808106040108863, -0.0174902571477288, 0.010475024408083101, -0.2985652387092201, -0.739442486479224, 0.11852093029746304, 0.22294799829756293, 0.7420393803298105, 0.08223343580908662, -1.3074410017421754, 0.4659299966145411, -0.11813591721127682, 1.1800237591914957, -0.45411225963540836, -0.11752825930319183, -0.07153641389179126, 0.16281404594839513, -0.03629318259195299, 0.08562735976366691, -0.11154535361497195, -0.11889481633469795, -0.059975725590238865, -0.20594148697326597, -0.09851893475515039, 0.11236596068469454, 0.2099885101551289], "trans": [-23.840895711113053, 14.771816780207592, -0.5362214842510514]}