{"betas": [-0.04531959800123942, 0.25816046623113975, -0.10443940742347267, -0.07597029208210594, 0.013911735992459227, 0.013954990810594958, 0.00840059268463032, 0.018210526354907698, -0.01144635948893292, 0.002226290135924623], "pose": [-1.5707766504740552, 0.009222538374668647, -0.009222538374668647, -0.21742284002131562, -0.05669953044912806, 0.03796926602156744, 0.02052124778165983, -0.08022063445491665, -0.03590121484387383, 0.3570604017893879, 0.03448726038383928, -0.025477298985192614, 0.08268064108942827, 0.007446136422962571, -0.1592599164647763, 0.8850148393272471, 0.12415358187352821, 0.0769652995845347, -0.005420800048067483, -0.02627026122768081, 0.02433988256289209, -0.05887197053373559, 0.12089895311242509, -0.06982002275164031, -0.19349482508506827, -0.17334316683643666, 0.1697492083810984, 0.038261563322614614, -0.03247680713142771, 0.00038784331584784014, -0.25301336020325466, 0.22256086494903812, 0.22575801287693198, -0.14791964749297104, 0.11242820600870995, -0.2703239544812492, -0.1290268576243395, 0.14273875069405456, 0.04474849317692001, 0.023121462432039046, -0.05397129751955766, -0.39985277647222595, -0.01087185839750164, 0.09615817166143607, 0.40728777442003666, 0.18493975233240406, -0.0071431056227601415, -0.03889749394259595, 0.058150220443877056, -0.24570606420078064, -0.7286477560113344, 0.1675423348471572, 0.23141244530156685, 0.7660977941098452, 0.1690500313274692, -0.9396846095810226, 0.24808058101313604, -0.037878505551100845, 0.920480626610581, -0.28113632902209545, 0.02572388248667346, -0.03094184117986916, 0.10931276979205942, 0.003150026224785671, 0.05732880241445793, -0.07123010154986979, -0.21905770607962277, -0.057685257055491115, -0.21174364952651445, -0.14243716034401077, 0.11013539315334292, 0.21183609855174826], "trans": [-28.71624155705839, 6.7943285551190575, -0.6780585783688986]}