{"betas": [1.7511515842605234, 0.3670231778082652, 0.03978433168027672, 0.004913282851196045, 0.02958606384598556, 0.001461046037256542, 0.028411238985692, 0.012589726574853976, -0.014340388809218167, -0.004234100351574732], "pose": [-1.4245411820525629, 0.7846232718576205, -0.7846232718576205, 0.22413894582997565, 0.04304527569634077, 0.005868109685420293, -0.4294937668491863, 0.008469507270071185, -0.18385851756764732, 0.2005575448679225, 0.0044005188594316135, -0.02081237669284545, 0.22310788448147706, -0.14281884966370942, -0.11279315756797936, 0.28181910125889065, 0.0008343079674059881, 0.17706051763474284, 0.028198249703522235, -0.018025667655902012, 0.030893437128684836, -0.11194875369517253, 0.05081605449624481, -0.0572202055899248, -0.075100528187622, -0.1390515321888527, 0.24366123627371952, 0.027433402309803342, -0.09740048372917179, -0.024650385924386432, -0.2897410964474889, 0.27176467380192143, 0.15020484752336896, -0.11195423903012852, 0.11566480057510593, -0.3561327509922358, -0.21969907003583897, -0.4079523479358431, 0.05990928661383827, 0.02209053540935301, -0.16704924231088297, -0.35748342353832024, -0.009106254720924476, 0.17213831906622798, 0.3788768781401963, 0.28658290784133467, -0.4509643404355678, -0.05387060010333354, 0.2545948970599283, -0.4849227636456417, -0.6828599251993228, 0.6639600635309212, 0.2854610118975532, 0.8663431802940988, 0.26841930271959985, -1.5437873427518873, 0.4847878824319481, -0.003350486664416112, 0.18741867176104485, -0.014633747271264305, -0.053413314211305254, -0.10283628673409498, 0.23079501672925806, 0.03884788424592598, 0.11366364963053033, -0.1571715186907682, -0.0750577881842238, -0.06759947383238055, -0.19134747616380907, -0.10931636331168157, 0.14034579985153137, 0.21340262955814776], "trans": [-26.89541974163016, 12.09950811647461, -0.546576985277203]}