{"betas": [1.0007394031128156, 0.13998077818863408, 0.20322321153559939, 0.06919845010960525, -0.06355964225067326, 0.0988583210768853, 0.031004152589175965, -0.07600298470585287, 0.01954775199647453, -0.05391534064665776], "pose": [-0.033855932732590695, 2.205965635018243, -2.2059656350182433, -0.4825075764100939, -0.15971830362652817, 0.047952991204712796, 0.007912154729115283, -0.0478052838394404, 0.001833960233998476, 0.19688891688978613, 0.10399212014528837, -0.059217986544949405, 0.27451531839995336, -0.06912268913285835, -0.1539486839205103, 0.8248546129238804, 0.21048894330368303, 0.05298746916818107, -0.0009184162651346209, -0.003496565042185251, 0.0289096251983515, 0.07753803935396753, 0.10648846222049413, -0.06996732913275637, -0.18731739428717747, -0.14151417394275922, 0.10743079917577665, 0.09131517872154399, 0.004397964255935322, -0.005853762735970334, -0.3011328244144408, 0.253791161801716, 0.24243221808566584, -0.19697574906751358, 0.14150014267990843, -0.17736330485458557, -0.04522397760704507, 0.0014782877913493211, 0.033556647021005435, -0.010903106085383831, 0.029977209851094585, -0.35874676479640055, 0.003585807986549311, 0.043575297412784555, 0.4488025492863509, 0.29478396881139457, 0.08047084287719428, -0.1545547403598839, 0.24045860801367996, -0.3201444248158058, -0.8773443585822289, 0.2865250708401714, 0.3116940274020032, 0.8387116573495581, 0.5112343260530143, -1.4141774856268152, 0.2351620745857284, 0.30640907530529754, 1.2587025345265934, -0.19667284233725607, -0.19662979742345027, 0.03061529530863367, 0.10563388869929902, -0.21268172805361713, 0.009764329446825344, 0.015851106056403233, -0.12777780769650118, -0.0444588251251674, -0.1636670044320296, -0.09040923809544615, 0.08626967145162125, 0.17134868794146052], "trans": [-10.016824014080242, -1.5192631176478546, -0.7799397657486927]}