{"betas": [1.7511515842605234, 0.3670231778082652, 0.03978433168027672, 0.004913282851196045, 0.02958606384598556, 0.001461046037256542, 0.028411238985692, 0.012589726574853976, -0.014340388809218167, -0.004234100351574732], "pose": [-1.5659464584805676, -0.18477287640301307, 0.1847728764030131, -0.39725777896321113, -0.02559131187483909, 0.09237750192663735, -0.32346493952171235, -0.047672729195109786, -0.06426615756696075, 0.29243834996124995, 0.013493909842391004, -0.009813452323015587, 0.653056156294094, -0.057578766827114734, -0.14294237398256823, 0.672548962862656, 0.047121349996074306, 0.07424881602069332, -0.025668645928562987, -0.006257443914421464, 0.019806199646474343, -0.045732088602927795, 0.09297620143186945, -0.07400742831124119, -0.14371812256888356, -0.17767118694935552, 0.2014981877983196, 0.03638445202211674, -0.028009860934015026, 0.008880985800751482, -0.2805274148930296, 0.22735713573387106, 0.17603083815252757, -0.12195804197678392, 0.12405524927531578, -0.3219043524151355, -0.1461998948649559, 0.12360290322873099, 0.037927602672231824, -0.022933914728219595, -0.002755908906673489, -0.3024314700804125, -0.03761670107927092, 0.047717350522823505, 0.33781548037466075, 0.17062183121733723, 0.00413743690437279, -0.02159295981257387, 0.12567046246869396, -0.42041619367776845, -0.7087138451331142, 0.27511241712866175, 0.42334739991172443, 0.8067205140147645, 0.2988000541394352, -1.4221326234210727, 0.31537818275919244, 0.31538216072056374, 1.1737007900691403, -0.13003520931444168, -0.11852726117545183, -0.06836716157031819, 0.17289098606675077, -0.046297538545002195, 0.0695408310042469, -0.10178901556755639, -0.08621092074177178, -0.0542650446999571, -0.1836973926702822, -0.0834934342470781, 0.1065350259453198, 0.1978942876793143], "trans": [-28.112540292691154, 0.5600356969977334, -0.9416193492598183]}