{"betas": [-0.04531959800123942, 0.25816046623113975, -0.10443940742347267, -0.07597029208210594, 0.013911735992459227, 0.013954990810594958, 0.00840059268463032, 0.018210526354907698, -0.01144635948893292, 0.002226290135924623], "pose": [-1.570258517166647, 0.04821393295508611, -0.048213932955086115, -0.1732238614007166, -0.01474228649044334, 0.026526741813356326, -0.26343031303268316, -0.032336346375040556, -0.05137390013944872, 0.25268580986797373, -0.035940032106254786, 0.015168955348226543, 1.1229441154754187, -0.13225156251912865, -0.12927107115420375, 0.19671892190140022, 0.01975503721505076, 0.10724238304790155, -0.01809200561454631, 0.02127705089905286, 0.02129184365020499, 0.0071301879346823095, 0.07613426478762006, -0.007197024304000887, -0.02054738261797174, -0.21248843068355122, 0.17151522840045574, 0.06936774091647781, -0.04358793414493324, -0.016023210588920225, -0.31976556644687976, 0.19498750126373168, 0.042321972427192885, -0.06352849871231865, 0.22132342032873384, -0.3056803784754093, 0.021785387662669027, 0.05285739248715699, 0.07148783117809558, 0.055092541028328335, 0.08452499582357079, -0.4812290355258435, -0.012183578950288257, 0.011625460016013894, 0.5305635927920325, 0.3809201253583234, -0.056558419344905055, -0.07898191223001153, 0.058937181073196225, -0.24677831296055477, -0.8749246791196885, 0.19204608805704412, 0.21943298353449087, 0.846796659347959, 0.147706106769221, -0.5559894786719948, 0.14089356940211678, -0.1120316707117291, 0.4789873017574287, -0.14423898701724194, -0.018297782800226346, 0.011558841474722739, -0.0585546925161193, 0.029570923322398916, -0.0051015685609918345, 0.02388758962950026, -0.17654309385000377, -0.08234482352621254, -0.19432975782663764, -0.08865958883339028, 0.12540548223074627, 0.23540816439068932], "trans": [-28.553606737224722, 9.090908729899931, -0.5589507645237908]}