{"betas": [-0.19266644468801378, 0.5771463667239267, -0.16308379457488245, -0.06462538974507079, 0.08054580167251779, 0.027975024271901693, 0.03561269911626106, 0.05188376016633901, -0.05289357868361275, 0.00684608270928935], "pose": [-1.4543094798061198, 0.7021480649853052, -0.7021480649853052, -0.1852393337437008, 0.011276391164740166, 0.1332971966617256, -0.4035897597119624, -0.027852087542301028, -0.12965065666056405, 0.2863185488066212, -0.002653887066588714, 0.018938866707287123, 0.7888082106360628, -0.13152342621773944, -0.12810322713270114, 0.6586777028338455, -0.042259496394375505, 0.09092239175738252, 0.05818723689226719, 0.006756816377331767, 0.0045636534512602375, -0.1338271450955477, 0.06739320640319736, -0.07600169134225203, -0.1458793605737642, -0.1979899892804048, 0.1943400616040791, 0.008055235379972735, -0.005448451724151043, 0.011754731512225143, -0.2762442622884091, 0.2680475594564084, 0.18259650343260933, -0.10877332122404183, 0.15121535047504542, -0.3394772430343438, -0.159391454852517, 0.16565588836924106, 0.05186251850308181, 0.016220767753988747, -0.26217268081163375, -0.32659877189642045, -0.024292302408592405, 0.37787387768251113, 0.28569068924676216, 0.11005824083522842, 0.028939800176498755, -0.05845020055567614, 0.21468319181090315, -0.33731320430493344, -0.7783423868327232, 0.27933585208590456, 0.4853367589992717, 0.771415818749458, 0.5258581396081861, -1.4384591007171728, 0.2033553143127928, 0.4742817945640878, 1.614828914200694, -0.21489811411715548, 0.11658722172331576, -0.15963666388638756, 0.21817233859719118, 0.1552506365940056, 0.178895812727056, -0.19094716997212086, -0.18666987688997388, -0.056806536895717984, -0.1902294662230788, -0.1333334471607254, 0.13541397209446795, 0.19218645669131865], "trans": [-19.78733090534087, 9.166305720740212, -0.561368790616182]}