{"betas": [0.33303066142902105, 0.22906885785386125, 0.1321746135337195, 0.03485680493593007, -0.034928744222964915, 0.03738652273642406, 0.06435992437738675, -0.06135207138309116, 0.004712805749211021, -0.03328562850670294], "pose": [-1.5978247590626473, -0.3144672643865263, 0.3144672643865263, -0.4826899394026789, -0.01640170335310831, 0.07420820381076834, 0.13321390912579445, -0.024766214951159667, -0.07349762460451525, 0.24229763424297013, -0.02168225866532923, -0.013104019628376998, 0.1539260913693381, 0.06933366659647024, -0.07793703406662997, 0.4098794687924894, 0.0530331666156876, 0.057017493872729565, 0.05398125508493951, -0.04475714482855133, 0.028986530112681676, -0.04627114618318767, 0.043987682781143934, -0.12641402505684096, -0.1476221973254107, -0.06998903787498542, 0.1867708296513121, -0.0018944491535641999, -0.05029052618631566, 0.014592185933030013, -0.27073287336240676, 0.25054359404198684, 0.2334739859373982, -0.0677083443508357, 0.036883955105109764, -0.26434071446629187, -0.12979562512239495, 0.1129170045641976, 0.04730471573579714, -0.001289651513391346, -0.24096912207904989, -0.3167125233561475, -0.038455221782630174, 0.23386849140272367, 0.3056352477550967, 0.1540212157987086, -0.05388042704382435, -0.017780290687930637, 0.12742729375390438, -0.5643345119483039, -0.8934451505824946, 0.19467232993263714, 0.41332046699146296, 0.8967520972786861, 0.349716269776175, -1.6202051686048151, 0.4876181102257055, 0.10518518770667584, 1.4864517305478753, -0.5136431693674378, -0.15270655005119105, -0.11312899291978977, 0.14087058079995513, -0.08482068581775243, 0.10738112286313695, -0.09593457377953979, -0.07984965857358402, -0.04358105643654917, -0.20064218193137082, -0.11901312203933712, 0.1264895152588316, 0.21284976753110002], "trans": [-13.730034720426362, 8.962136184437508, -0.4950605285321236]}