{"betas": [1.7511515842605234, 0.3670231778082652, 0.03978433168027672, 0.004913282851196045, 0.02958606384598556, 0.001461046037256542, 0.028411238985692, 0.012589726574853976, -0.014340388809218167, -0.004234100351574732], "pose": [-1.5679754095397669, -0.18312306719659224, 0.1622897338632589, -0.18209708377933212, 0.0373591156693508, 0.056925905147525324, -0.580675067773584, 0.008203134164831507, -0.05578437624106161, 0.30489964366165073, -0.07699501272993359, 0.011356570221616192, 0.5590000980733558, -0.08595959623538198, -0.1102208716775121, 0.6137188232998859, -0.05112841772543071, 0.08969307371025792, -0.018719864618223763, -0.02580484737802624, 0.02630456483172222, -0.08929291849964088, 0.08147692648154868, -0.05362875558984761, -0.06203214202500173, -0.18174320750003617, 0.26594122038943313, 0.024175371517736723, -0.07455524294192752, 0.011462493369263183, -0.27669039186146577, 0.21163607631326978, 0.12386031148292241, -0.08278322090277547, 0.1553977703104052, -0.41320251030102134, -0.1931565708817429, 0.029130093627337168, 0.03340034270991421, 0.015039600088492321, -0.07932788330009832, -0.3373478209119469, -0.04212807891676365, 0.05258293520688765, 0.33995356704127394, 0.13986945868976908, -0.0610172288979775, 0.000968800531406264, 0.034788633154820434, -0.397784949684632, -0.7923087700127545, 0.18543904313517104, 0.1568850185624955, 0.7989932972078332, 0.2043892071689137, -1.417125304022736, 0.4600473315378644, -0.02023457416315391, 1.2511276364983401, -0.44919772529643465, -0.05766846828631956, -0.10979618056659789, 0.16470484520372206, 0.021254129641178877, 0.1111264889362179, -0.11423823805594516, -0.10170991690866955, -0.0725498002487193, -0.20059784653602156, -0.09103739722123971, 0.1305149289333799, 0.21957823817467584], "trans": [-28.960302830318927, 6.703914385521842, -0.7544272162308088]}