{"betas": [0.19173745763710806, 0.20679507266967936, 0.025545764337162807, -0.024244743693028488, 0.0007202369641003663, 0.013236882350636182, 0.021343764601424748, 0.007373052342460504, -0.01918535564321634, -0.005662447391478864], "pose": [-1.5425998435417656, 0.49874249323983433, -0.5162424932398344, -0.6370571561981057, 0.0070686554212820146, -0.05370811779621663, 0.11570504281545016, 0.15714530173037533, 0.06766741382312254, 0.254535535939031, 0.07267489910661239, -0.03500925356481334, 0.2081326783451169, -0.06676501934924847, -0.02449471976264972, 0.09595210438118193, -0.13318746359349004, -0.05039408465775554, -0.024614133486202214, -0.030109880373959334, 0.023464274299570802, 0.058143179068932266, 0.08465329613949067, -0.10553856777709092, -0.14104082264068632, -0.10988074837901987, 0.2005576412997777, 0.03374620922876094, -0.014493181429938556, 0.011546703026856751, -0.25127029345731844, 0.23155768798147416, 0.2445526070055035, -0.13042694187839862, 0.10795369543616071, -0.27821116142056146, -0.1578283107577033, 0.21963037182255624, 0.021817324804418732, -0.03704183825316876, -0.055597961470776225, -0.3184270447045205, -0.00855461584621345, 0.0825063036546612, 0.3875479246531445, 0.19644527871765746, 0.039220170405545894, -0.02469168806255377, 0.02062701355588054, -0.45212357175841633, -0.7599497212671198, 0.1997701336510262, 0.29467294589566334, 0.8782781703427087, 0.04902569423326512, -1.338638519965397, 0.49146367126542834, -0.08376614217975896, 0.9268252416399764, -0.3316021600610092, -0.2083865591502467, -0.06477461462258069, 0.18005839444150532, -0.1446949726652873, 0.053283711842372065, -0.06439238545714035, -0.049086511322548675, -0.043592849045037026, -0.17558183582404266, -0.0988647777682482, 0.09430505227984465, 0.18756275295668934], "trans": [-22.268544307680322, 16.225546344671155, -0.5025853209855582]}