{"betas": [0.19173745763710806, 0.20679507266967936, 0.025545764337162807, -0.024244743693028488, 0.0007202369641003663, 0.013236882350636182, 0.021343764601424748, 0.007373052342460504, -0.01918535564321634, -0.005662447391478864], "pose": [-1.5129381174110625, 0.6022483034185429, -0.6172483034185429, -0.3021955119160502, 0.0003449007171520725, 0.023929876490932797, -0.48619668299254165, -0.07828546680334426, -0.0035002612092533483, 0.29378201880020954, 0.0003074392161054178, -0.04533328087831386, 0.3643464940047718, 0.04517933275232926, -0.1065790805040176, 1.1183618782659113, 0.2014330964295708, 0.11690252484338878, -0.05867670113335573, -0.05572190507194803, 0.03552992905759839, -0.07170610818629015, 0.11933309764749943, -0.03965000790900315, -0.20711736236897127, -0.16173730727432176, 0.21926504733302885, 0.04163919931045947, -0.0651758664331793, -1.200439906388595e-05, -0.28036949429314095, 0.23210176126252022, 0.20200960916633853, -0.17417603041791416, 0.13408070297345923, -0.35897396335982923, -0.2154888979581797, 0.1275293240991324, 0.028667782624301096, -0.030978821768281255, -0.030408588145492483, -0.2597136597804705, -0.07376940518356662, -0.030828306865504744, 0.2833808033001849, 0.12637443665918177, -0.0066296775097517595, -0.017680155558708187, -0.05508665642468221, -0.36317435593681663, -0.6581061599110467, 0.1626723305628849, 0.15571680241730834, 0.7604846362272752, 0.04816505907263631, -1.3969086029749829, 0.5051706202050956, -0.09124313809919873, 1.3224760980204995, -0.532579870162417, -0.14099748587759672, -0.06968318972895145, 0.1629219194880324, -0.09834761548495394, 0.09621303772139583, -0.07179986269703084, -0.09390498133380144, -0.04738248843266118, -0.20210412954778798, -0.0797210052211329, 0.10532305177267595, 0.2002575566315694], "trans": [-23.02647549974511, 15.45827561653236, -0.5145881898948954]}