{"betas": [0.12182979554792384, 0.0498104030700563, 0.01874907528210161, 0.028247290178977192, -0.01045515424154793, 0.003794310233826808, -0.007750463989420916, 0.008476040652062412, 0.013630708331879994, -0.014916307566096007], "pose": [-1.1456560593987837, -1.2969885914922719, 1.296988591492272, -0.38164261417245166, -0.028609100694763103, 0.1008932286466032, -0.44083593936214566, -0.015438524103372459, -0.09843049220231859, 0.331207790342228, -0.0038741446512682923, -0.0008499323252861918, 0.7124547107609108, -0.034949881140999825, -0.1449091417775571, 0.815203543381295, -0.022134712544322074, 0.08745190263547079, -0.006166762679353049, 0.004160991632341245, 0.01405685121768574, -0.08044776706913466, 0.06690283051038429, -0.027393713354677825, -0.15748601616515778, -0.17581128374282853, 0.18621504737487238, 0.028087731781138853, -0.030274476257362955, 0.0030027802306516835, -0.3035782053743365, 0.2618108798726987, 0.15319231986815293, -0.13384995823773388, 0.1301176802382195, -0.33679966132260497, -0.20061856695156022, 0.11984408551762547, 0.041118731072442176, 0.022969165826101486, -0.05714296313292737, -0.3931469797419625, -0.024736311877714547, 0.13130373654932392, 0.3793993357738035, 0.14553029347679117, 0.000800595988232715, -0.05262649209176091, 0.12127217218382959, -0.31080378670081443, -0.8794821480826212, 0.22921727435988562, 0.29252071025186116, 0.8730055482853288, 0.2959766898322005, -1.4677371918657662, 0.4463169649893382, 0.09287032987982204, 1.4287647756888537, -0.45456747583721346, -0.04156373103618177, -0.0843311749433049, 0.20595107915620445, 0.033217399367532395, 0.12591034705743417, -0.1775297084171229, -0.1563671814183001, -0.0742762357033911, -0.2220865232666005, -0.11783394231381726, 0.13300266036639213, 0.23637498520231415], "trans": [-45.81882815091871, -9.873154427316598, -0.9280046040372585]}