{"betas": [-0.19266644468801378, 0.5771463667239267, -0.16308379457488245, -0.06462538974507079, 0.08054580167251779, 0.027975024271901693, 0.03561269911626106, 0.05188376016633901, -0.05289357868361275, 0.00684608270928935], "pose": [-1.4530312135571546, 0.7059075335158065, -0.7059075335158065, -0.5576170654105802, -0.07882656053786705, 0.08105437215715006, -0.10750252010852943, -0.0608653640743765, -0.03482652399128149, 0.3382797478005398, 0.10396185440903837, -0.017530971865375312, 0.5891640596896625, 0.07485527800789764, -0.14384806426169056, 0.6389936838238053, 0.04330071883508648, 0.05572287355402369, 0.03441224079142051, -0.02373908449197157, 0.0009545392930239094, 0.0215919922591528, 0.07155037020842367, -0.07407024939190023, -0.19932458041104306, -0.14451801707989642, 0.11455117058201832, 0.012207714116800777, 0.030937432407456708, 0.014527597183062775, -0.22834144405993573, 0.2800351620725682, 0.20977836100822983, -0.10297419918824828, 0.1374251839217526, -0.21286431356036006, -0.14948151295505913, 0.29634084907385727, 0.023674897014656464, -0.05790126131920801, -0.3337628450381695, -0.29570877745139024, -0.04154551715593105, 0.4480556945639407, 0.2871549641199396, 0.1498993946288129, 0.08617161682704896, -0.06616258369359725, 0.1268977826082071, -0.40733580753933274, -0.7261472422833563, 0.2020666109782035, 0.5995285073163221, 0.8061307830034404, 0.26763276752737186, -1.367381675619671, 0.3289101857947711, 0.2817295809070353, 1.4719772525414396, -0.3182369605118666, 0.029970853138845482, -0.129500755182161, 0.298015809223602, 0.032780309221011154, 0.16820763404694156, -0.24287761569698682, -0.16466142662068112, -0.051051705179759495, -0.19081643346888966, -0.1304047146021525, 0.12143180257612096, 0.2017624140363202], "trans": [-23.140499867465167, 6.582281476977105, -0.6537624759680595]}