{"betas": [1.726796659765029, 0.41891031545459445, -0.15139553369490252, -0.5462419580768579, -0.07855182412525559, 0.07595039952460043, 0.008045347212360082, 0.06009336300381875, 0.04481580265154796, 0.006120580758014304], "pose": [-0.21939781089517937, 2.112351623811163, -2.112351623811163, -0.6220736104831922, -0.07446693200636854, 0.18460007821648255, 0.1921640818765451, -0.1221515043809443, 0.0013707409063871343, 0.20520519548834731, 0.14425721131860697, -0.056063049332843645, 0.24082411991007488, 0.11892155634638868, -0.11950750390082415, 0.24001019736729504, 0.17130162524895357, 0.010708814414392219, 0.05741543446169196, -0.04695208152533478, -0.01340851454493878, 0.1254410377692575, 0.11458920149941754, -0.16544122622693466, -0.1564138192752758, -0.13760418832371035, 0.16377165746442113, 0.05676224531131042, 0.014550317745611215, -0.004551404414537812, -0.2306581679426411, 0.2228281550963026, 0.35832279404239653, -0.14223571762787507, 0.08606918290962388, -0.2231632445821708, 0.001358649069145762, -0.08177416969662939, 0.026858226693902296, 0.022050986456680213, -0.12885974457684268, -0.32243231514546006, 0.050462878633327136, 0.1841033727718326, 0.30875852628898226, 0.10969465055673859, -0.02759405222180819, 0.08371324312425335, 0.1156778587472394, -0.02373440632835036, -0.7821502643354871, 0.7636706417074448, 0.16075704384344922, 0.7160371209645261, 0.23860954551911068, -1.2830202955767356, -0.7793237419646963, 0.25112254725355143, 1.347065582418627, -0.29860317194184965, -0.06398261937426689, -0.11843240909168819, 0.14246421635891474, -0.05127701608734307, 0.1268084062843284, -0.06442643067798005, -0.17804350774898112, -0.031215839166540926, -0.1681081554852067, -0.16497954588226277, 0.09574240657900245, 0.17188537031489728], "trans": [-10.56716829128965, 1.644957759826807, -0.7438456298501858]}