{"betas": [0.12182979554792384, 0.0498104030700563, 0.01874907528210161, 0.028247290178977192, -0.01045515424154793, 0.003794310233826808, -0.007750463989420916, 0.008476040652062412, 0.013630708331879994, -0.014916307566096007], "pose": [-1.1456560593987837, -1.2969885914922719, 1.296988591492272, -0.3816426163418913, -0.028609110768852412, 0.10089316768390295, -0.4408359359663723, -0.015438516962423031, -0.09843044186465524, 0.3312077890722896, -0.0038741431532567177, -0.0008499502271253357, 0.712454710150056, -0.03494986609808789, -0.14490914116365525, 0.8152035584578782, -0.022134720163670407, 0.08745190417387749, -0.0061667652321922275, 0.004160983939058692, 0.014056837881111712, -0.08044776055437913, 0.06690282767392139, -0.027393695442457684, -0.15748600433285806, -0.17581128437933138, 0.186215051581876, 0.028087733351165198, -0.030274479742366165, 0.003002768352529473, -0.30357820354287085, 0.26181087991734214, 0.15319229843864432, -0.13384995472104214, 0.13011770089301702, -0.3367996694136196, -0.2006185737961318, 0.119844084958092, 0.041118716274432254, 0.022969162164682356, -0.057143002577326074, -0.39314697742351135, -0.024736316792304286, 0.1313037580440512, 0.3793993289469177, 0.14553029403324175, 0.0008005923040195303, -0.052626494981565096, 0.12127217594666555, -0.31080382237122706, -0.8794821555843545, 0.22921728014328324, 0.29252071788868156, 0.8730055550580907, 0.2959766923467209, -1.4677371925050604, 0.44631696123384457, 0.0928703295268694, 1.4287647784108253, -0.45456748242779416, -0.041563727916517516, -0.0843311790891828, 0.20595108257805791, 0.03321739843977774, 0.12591035044169263, -0.1775297103166354, -0.15636717524726715, -0.07427623829845285, -0.22208652345176563, -0.11783393859926956, 0.1330026644496347, 0.23637498975045046], "trans": [-45.01608300959118, -9.721366976068927, -0.9360054612507164]}