{"betas": [1.726796659765029, 0.41891031545459445, -0.15139553369490252, -0.5462419580768579, -0.07855182412525559, 0.07595039952460043, 0.008045347212360082, 0.06009336300381875, 0.04481580265154796, 0.006120580758014304], "pose": [-0.1887320970672811, 2.128899086860835, -2.128899086860835, -0.6215394515528772, -0.09904570809771103, 0.10517071211725153, 0.14695536596190778, -0.16010570125589574, -0.10775779368831785, 0.26042853817317524, 0.08706581347232382, -0.018783966732501718, 0.33434126660006264, 0.019084469178161673, -0.13323686587301697, 0.26838950525081234, 0.12672547218393307, 0.01482761938297403, -0.03675559432118384, -0.01171340878491556, -0.009315615625755379, 0.1462467551908637, 0.11563803901774182, -0.15761770203575903, -0.07312990193918503, -0.22865316121208398, 0.22102098355478153, 0.07277988263377477, 0.041374879526112116, 0.010940853727475988, -0.21559531434362328, 0.13659921329242014, 0.269726521653866, -0.13646784750710775, 0.13322807028213435, -0.32837263481849016, 0.001358649069145762, -0.08177416969662939, 0.026858226693902296, -0.045952439859082164, 0.09444579307214125, -0.25839300014305006, -0.005054068013654473, -0.014403248542092668, 0.2690661555628739, 0.10969465055673859, -0.02759405222180819, 0.08371324312425335, 0.1156778587472394, -0.02373440632835036, -0.7821502643354871, 0.7636706417074448, 0.16075704384344922, 0.7160371209645261, 0.23860954551911068, -1.2830202955767356, -0.7793237419646963, 0.25112254725355143, 1.347065582418627, -0.29860317194184965, -0.12121994754771513, -0.06328727696532747, 0.08644961789936477, -0.07034920430946079, 0.06397917670336505, -0.04869407648328767, -0.1595567281800978, -0.05552949259258935, -0.18281721586904326, -0.12127252109008377, 0.08753464218602935, 0.18975551225714324], "trans": [-10.356506277711055, 0.10250602259520632, -0.7854134349579595]}