{"betas": [1.0007394031128156, 0.13998077818863408, 0.20322321153559939, 0.06919845010960525, -0.06355964225067326, 0.0988583210768853, 0.031004152589175965, -0.07600298470585287, 0.01954775199647453, -0.05391534064665776], "pose": [-0.11510175605523941, -2.1668565856251365, 2.1668565856251365, -0.4423647767529856, 0.007836832072908412, 0.017488732247288516, -0.12420216192656186, -0.05365331405632733, -0.04200073924314695, 0.2743657710669514, -0.05014313069875899, 0.0016413880217566487, 0.30483555586739786, -0.09019678940211842, -0.13019292311561767, 0.2808435751607634, 0.014158612917903539, 0.07127228212434995, 0.01896027716033082, -0.026592396498500013, 0.03267273700457634, -0.0677790630403984, 0.10820270359326824, -0.09672479069753917, -0.11840629052138768, -0.15828767901987303, 0.2198557040812134, 0.03368506254873456, -0.041553914235573246, 0.0072878145018470146, -0.25604152299516736, 0.20661871183757904, 0.24553575811680595, -0.0951321819703207, 0.09055418533148733, -0.3311743204357183, -0.10782149923353798, -0.015401500749156223, 0.061173847562785495, 0.059523872948224615, -0.06516575046991704, -0.3805747750514508, -0.008487080289401025, 0.12441694776889999, 0.3554659178084406, 0.19485275005484512, -0.14069301140249285, 0.0018860781348153978, 0.185129245354883, -0.3053643991918602, -0.8499066040076612, 0.18265170370909803, 0.26877002411850553, 0.7601990606370991, 0.42332630401986526, -1.2807055442819386, 0.26460163886197785, 0.099579233683405, 1.1820314057505708, -0.3010391952118249, -0.0014208123380182157, -0.09890640431718495, 0.08328434779180872, 0.04727509668761688, 0.0993353062476778, -0.07878172498792378, -0.20518920052161632, -0.0542013176809749, -0.21600309887447017, -0.1515776682283598, 0.12108066407507147, 0.20852809814594866], "trans": [-11.185148344557955, 8.630406340291007, -0.5032542956402629]}