{"betas": [1.7511515842605234, 0.3670231778082652, 0.03978433168027672, 0.004913282851196045, 0.02958606384598556, 0.001461046037256542, 0.028411238985692, 0.012589726574853976, -0.014340388809218167, -0.004234100351574732], "pose": [-1.562595882724932, 0.35222607246729765, -0.4272260724672977, -0.01265386674052113, 0.004221015133839441, 0.02316346029363818, -0.2945127402341566, -0.07358968056797713, -0.08994831744536858, 0.2005575448679225, 0.0044005188594316135, -0.02081237669284545, 0.059079311936952365, -0.05082369677877661, -0.01494758746663756, 0.8792585210692567, -0.01774544661655321, 0.07609518138022338, 0.028198249703522235, -0.018025667655902012, 0.030893437128684836, -0.10248661884810657, 0.07748198376851745, -0.027169028302155628, -0.08109330750596602, -0.1587575760908656, 0.23759876870813873, 0.027433402309803342, -0.09740048372917179, -0.024650385924386432, -0.27983831180318236, 0.23912870199411748, 0.13202848359453853, -0.09840463690022988, 0.13960939643949397, -0.35045492006005485, -0.094699070035839, 0.017047652064156982, 0.05990928661383827, 0.019262820612230506, -0.13395942178424136, -0.36804744285685864, -0.02085779196491884, 0.14775364961023887, 0.3717048539460427, 0.3365829078413347, -0.15096434043556767, -0.02887060010333354, 0.2545948970599283, -0.4849227636456417, -0.6828599251993228, 0.33896006353092095, 0.1354610118975532, 0.8413431802940988, 0.16616110553991761, -1.3171512695600434, 0.3854515191949185, 0.16547301956621618, 1.0180699495024501, -0.007960301624874967, -0.10783245067131544, -0.06605284590238153, 0.1172892630915166, 0.02415831861434726, 0.04610230753568008, -0.06502724471335898, -0.08735863223596481, -0.059630320917744915, -0.17861410765286814, -0.10711633980769668, 0.12236389356159, 0.1930211596426057], "trans": [-20.945628383471863, 16.3415058900112, -0.6587423702947751]}