{"betas": [0.33303066142902105, 0.22906885785386125, 0.1321746135337195, 0.03485680493593007, -0.034928744222964915, 0.03738652273642406, 0.06435992437738675, -0.06135207138309116, 0.004712805749211021, -0.03328562850670294], "pose": [-1.5884465984276492, -0.4754604315340724, 0.45046043153407245, -0.3876712863907362, 0.003937505664113629, 0.06123452837839385, 0.004092293545968413, -0.03787973505880085, -0.03057633654723156, 0.3392298443631315, 0.0002588180818253792, -0.01136554382815817, 0.23610052329221684, 0.06513528030780968, -0.11093621887381803, 0.06634196816422616, 0.05114741098608662, 0.05656504421085348, 0.02212822404700441, -0.018267496388388857, 0.03738855876231671, -0.018515218380426964, 0.04507986121322784, -0.056408550687278416, -0.15487950650079013, -0.10326850571046371, 0.16424612655881837, 0.04205898833479743, -0.046118254857162345, 0.017216092553810246, -0.32945986062787475, 0.2883753701973344, 0.18487437265661494, -0.11177597651696754, 0.05709510455292153, -0.28737433324408, -0.07956725470963871, 0.23836228758618272, 0.04203307440596162, 0.03875634275994114, -0.02974109446152623, -0.37768431804699737, -0.004092582884889933, 0.044487077332613555, 0.3861222692288315, 0.20093943198131722, 0.0912719118462085, -0.06968656400832247, 0.14037582272266552, -0.3695451548278486, -0.9690695024358006, 0.2699657969094176, 0.29403893405819, 1.0240632900617481, 0.4014507027135309, -1.7540904650630975, 0.5968637396008034, 0.1034371757162348, 1.728511207314523, -0.6472188500687891, -0.04895753560294631, -0.0767535422619134, 0.23742718018393225, -0.0794916936094642, 0.13873449668023133, -0.215380808376885, -0.1786432501587481, -0.0822364819216399, -0.269048266532793, -0.1537998771905681, 0.14652094818699987, 0.30738893961392116], "trans": [-12.520698678195075, 6.20848374811135, -0.6198818307521012]}