{"betas": [-0.04531959800123942, 0.25816046623113975, -0.10443940742347267, -0.07597029208210594, 0.013911735992459227, 0.013954990810594958, 0.00840059268463032, 0.018210526354907698, -0.01144635948893292, 0.002226290135924623], "pose": [-1.5679244216879127, -0.11139150595290473, 0.11139150595290473, -0.37805837734400083, -0.054229908961670514, 0.04139656978657861, -0.03306946033702372, -0.061544368787357674, -0.06409319906224893, 0.25491823267981534, 0.049700796851434026, -0.0044061218609723635, 0.6565230409907649, -0.04499677049718422, -0.15288033398402598, 0.1566565663620726, 0.08242702834176692, 0.07866038500715931, -0.022788051455939196, -0.00672829888768883, 0.014844058965683688, 0.03920452733112268, 0.07783084861889149, -0.031826000041681304, -0.07207828142839752, -0.18815837273387473, 0.14026739641309874, 0.07689692434132536, -0.023146929170121427, -0.017230300309828573, -0.2951453450899164, 0.21368745229830505, 0.10023899516209016, -0.06947744802044899, 0.18974634753116465, -0.2623888498170462, 0.013038352609031537, 0.044925487683059165, 0.06624090550070034, 0.048952829654168806, 0.09865214035585511, -0.49086727831253, -0.015780162314258158, 0.021115273543124466, 0.5199813402278612, 0.3710101065433837, -0.07109283708583532, -0.06747062707599168, 0.07595167438952961, -0.21374526285729803, -0.8865455247308384, 0.18524114534598451, 0.26257718565557225, 0.839254345203222, 0.15614298547076252, -0.523916437834265, 0.13773644749617134, -0.08582026843697048, 0.4904666666670234, -0.14044184139216215, -0.03679766873303082, 0.010822271686388715, -0.05249688907863881, 0.012733757531776628, 0.0022384425014301077, 0.008501382019058007, -0.17807576025500688, -0.07300706205994119, -0.19369723980462147, -0.09904778221666784, 0.1188456822376694, 0.23426390208395148], "trans": [-28.23147042746681, 0.3149218933415471, -0.896825226407709]}