{"betas": [0.19173745763710806, 0.20679507266967936, 0.025545764337162807, -0.024244743693028488, 0.0007202369641003663, 0.013236882350636182, 0.021343764601424748, 0.007373052342460504, -0.01918535564321634, -0.005662447391478864], "pose": [-1.5297378026636501, 0.5323846133893306, -0.5523846133893306, -0.6326777581140811, -0.03377833493091275, 0.020942758162491623, -0.15053043661708465, -0.04294508259826605, -0.014148514483454042, 0.3824914924526832, -0.005592272706653595, -0.026840071950824725, 0.6832484597199254, -0.027652149676469697, -0.15877723731615154, 0.2526605061461409, 0.04214393011514503, 0.08794212772046286, -0.04950365345017761, -0.0674911061634212, 0.05202345196821674, -0.06234337064818867, 0.08149685257932, -0.034368964868882454, -0.1354114899021846, -0.12023780791862368, 0.2154961633345533, 0.03137365326142369, -0.06607065521364472, 0.020307076305252632, -0.2595059753834128, 0.22011136047042237, 0.14143920372957292, -0.11507051757036628, 0.12602718699760368, -0.34947334345303177, -0.20849119468296937, 0.11975384800787944, 0.02443968299312502, -0.0030976917403582765, -0.1560901520183135, -0.32395092044547913, -0.03666508911291956, 0.0949198280197013, 0.3721487099031467, 0.131116305150584, -0.040840442275065426, 0.012354385094546961, 0.009971724263585821, -0.42890465027582136, -0.764804701920173, 0.19775866740949646, 0.2268993193670274, 0.8724314655730148, 0.14363354205450213, -1.1252231351629212, 0.3679297357666235, -0.014307074345449885, 1.0341323211610132, -0.39018705808284276, -0.045145644996351486, -0.05290707100214275, 0.16464264326471828, -0.05672695715624496, 0.06908053194723926, -0.08875449975892885, -0.12191083021796552, -0.06625800010274538, -0.21168659803827453, -0.11319338648382377, 0.12908474683382293, 0.2256408576741882], "trans": [-22.408789153043337, 16.05322204203962, -0.5037018380411831]}