{"betas": [0.12977417203956745, 0.49847687971378624, -0.19179541608583497, -0.1113183526768453, 0.0549914925669735, 0.1034291447522722, -0.013453424082682812, 0.010035343166627214, -0.014576049326274527, -0.02308049036666073], "pose": [-1.4205213491311046, 0.7950392972076029, -0.7950392972076029, -0.3751113519026175, -0.07605330013308469, 0.030791482227648992, -0.12827807172978387, -0.058725262489383194, -0.04061030639302159, 0.25526771990601077, 0.04729430539149575, 0.005388184906191076, 0.8858548955031254, -0.08760196789599828, -0.17423118992417574, 0.4394245767453826, 0.0714237895854767, 0.07671446388453558, -0.02133225224838896, 0.005799755923021229, 0.007752577956261987, 0.049972256416478525, 0.0453946280411941, -0.030512720258934808, -0.032486981169607, -0.19243932697386937, 0.16328628691010297, 0.07968514336243702, -0.017958646915352126, -0.01705966793661312, -0.3429744832059265, 0.2183541547733828, 0.060773256998553064, -0.08216108273870665, 0.21459178911836, -0.3198331813669128, 0.016413514631247916, 0.13408337853493235, 0.039574401288306124, 0.04420380086780455, 0.0944033914295383, -0.4939809348344195, -0.0008137325399439226, 0.019713498132020685, 0.5276071743129083, 0.3824584731826911, 0.042092926325780794, -0.09113990161597675, 0.07039871837808648, -0.2261759685192669, -0.8949805590233758, 0.17963746021719443, 0.26081152439260774, 0.8334823900629774, 0.16997497823873348, -0.5263306638690158, 0.13864866132604328, -0.1077861756571176, 0.45358445466650266, -0.13179904070680654, -0.03833297620390908, 0.008433093764369145, -0.055173645092076895, 0.009563388735141183, -0.004652874744240147, 0.007276925872067788, -0.16092516229249773, -0.08469885637483297, -0.20850351962334027, -0.09817533735983326, 0.12461337627288555, 0.25841578668756165], "trans": [-18.324282272978575, 10.952703739716288, -0.6033468454797208]}