{"betas": [1.0007394031128156, 0.13998077818863408, 0.20322321153559939, 0.06919845010960525, -0.06355964225067326, 0.0988583210768853, 0.031004152589175965, -0.07600298470585287, 0.01954775199647453, -0.05391534064665776], "pose": [-0.21132475963119698, 2.116751118573744, -2.116751118573744, -0.606110168450877, -0.012982569967821477, 0.022936702102053216, -0.004274314947146633, -0.07224813558234366, -0.01389986504545053, 0.21729617846206978, 0.05283310946246688, -0.01650957399950242, 0.16676190330835172, 0.04905472291245252, -0.11436799015819463, 0.5171512090826607, 0.07688499808532272, 0.04702857558024795, 0.03154148583896438, -0.017567893821360116, 0.02032954804432679, 0.03554778032531815, 0.10687704370784049, -0.12788281050804817, -0.13118566300205334, -0.12929042480278408, 0.1727445824758101, 0.04097391121194441, -0.023909763128829458, -0.0011197476238391383, -0.26293265783643344, 0.20959805671747525, 0.2849138798604372, -0.12174144880529565, 0.05393737662194377, -0.25165357890460516, -0.09783447526365491, 0.08170029523542434, 0.061183206475750075, 0.07777432516656815, 0.08500283020129343, -0.46384129845626054, 0.021581923275400434, 0.009411452401029096, 0.4533383571508641, 0.20976140930192688, -0.043580028558029456, -0.03730373468938256, 0.20376725649359256, -0.22897991313984936, -0.9795474526905782, 0.2726763843060227, 0.25600177540470603, 0.9381252313176617, 0.3352167350072608, -1.237478487984534, 0.3181690090079391, 0.08089869566029786, 1.1792092655325053, -0.3332988621805518, -0.11108010231016593, -0.07696158450891138, 0.0975353422930574, -0.050894010853946285, 0.10081213948398514, -0.08834934593735272, -0.19084837467656818, -0.05823018729307819, -0.21984869813515903, -0.14349517214573157, 0.11207718788245435, 0.22466051315760388], "trans": [-10.740805502575048, 3.526634626482347, -0.6463897430056565]}