{"betas": [-0.459125293958982, 0.2836700625543276, -0.2828307762064238, 0.06170009900103966, 0.04114696315793381, 0.017447099752977802, -0.018216663065381097, 0.013285817624318214, 0.01584973647464493, -0.019639755817989615], "pose": [-1.5975069160974305, -0.37820597985285564, 0.3782059798528557, -0.3232170517513324, -0.009689814277663314, 0.01190356386450448, -0.13712841703220016, 0.002571004929142577, 0.0024120047330388403, 0.45902964780394895, 0.01326972435342083, -0.018845012222206314, 0.4990655898410863, -0.009768061645117378, 0.0031505851514262093, 1.1550790671790283, -0.005097993434241582, -0.005688638525987576, -0.04720474514534851, 0.005455343688716328, 0.012975664242593558, -0.12406714391309026, 0.08053837885273303, -0.026008908867720608, -0.24074339812433151, -0.21430950776858393, 0.1236991474604744, 0.021122978259082093, -0.012561684653282822, -0.0036052693274081426, -0.27108031031956276, 0.22628207225376681, 0.15949907169673638, -0.12817433536186051, 0.11893856887128501, -0.2764440840729319, -0.20973102862942367, 0.014667622615729847, 0.059778845656669403, -0.0231925638918997, -0.12010443270113313, -0.3372162442877015, -0.09377721897439412, 0.23862940372081526, 0.30531449725796317, 0.12702415540994227, -0.15011653366122588, -0.015520138476794697, 0.07812288971776082, -0.18388387025331643, -0.749183389263687, 0.10274125380266838, 0.32250378397248525, 0.7143337614335384, 0.13837879706158962, -0.7950177378204094, 0.16702438432679484, -0.04211569876993923, 1.02496684115911, -0.3381528915520136, 0.01100050081742915, -0.02489051887248368, 0.1506129954117526, 0.043625252062299134, 0.0850982217964619, -0.1494017202965144, -0.22193204090091148, -0.06169795317339041, -0.2139160893058546, -0.10047104804130903, 0.12513537245875145, 0.19877170499772254], "trans": [-13.585858268575727, 10.166079817180933, -0.3374857527917845]}