{"betas": [-0.04531959800123942, 0.25816046623113975, -0.10443940742347267, -0.07597029208210594, 0.013911735992459227, 0.013954990810594958, 0.00840059268463032, 0.018210526354907698, -0.01144635948893292, 0.002226290135924623], "pose": [-1.5695150742079225, -0.07441261940672542, 0.07441261940672542, -0.601134259587963, -0.03234168173311469, 0.07558702273146325, 0.1447187274662915, -0.05845892441661113, -0.09103862119836101, 0.3664356555431028, 0.07007472770420131, -0.033260046616524284, 0.31700279405973597, 0.05687843719884219, -0.16148413341044068, 0.5218029282704536, 0.1944542881587304, 0.16618403558314665, -0.005486142312501582, -0.04217718267999, 0.028929214860677715, 0.013658409712390808, 0.12354182490632958, -0.09269047312081687, -0.18345668162101983, -0.14622346092854147, 0.15904105494660098, 0.04287128427496401, -0.023488926925271988, 0.007338511017879934, -0.23361074893304437, 0.21423018088143786, 0.26026586654080774, -0.13527559654551635, 0.09603592250763598, -0.2480583754618064, -0.12289603717472561, 0.1867683241445228, 0.036264900453298554, 0.029357923899770613, -0.05056029474797116, -0.40859038230003897, 0.0017705303861252943, 0.0926193002464465, 0.42086536969805494, 0.1790145009206733, 0.013686977068100733, -0.03500976423857789, 0.0970363924181781, -0.22588533786877363, -0.7696886640886847, 0.20391147985470104, 0.26073815874543305, 0.827152020519523, 0.19280998515011502, -0.9433780893767861, 0.23517134718301705, 0.015474490086437729, 0.9914430594498697, -0.2858688508086948, 0.03427777756125528, -0.045480467672176, 0.147124999725206, -0.024857662429338203, 0.08630188057643565, -0.10999023006946067, -0.24605671886786334, -0.06214626563709841, -0.2274193570659884, -0.16066167476887397, 0.11269751725432074, 0.2312733168668734], "trans": [-28.078120390608415, -2.5264682250473727, -0.7993753080684176]}