{"betas": [0.33303066142902105, 0.22906885785386125, 0.1321746135337195, 0.03485680493593007, -0.034928744222964915, 0.03738652273642406, 0.06435992437738675, -0.06135207138309116, 0.004712805749211021, -0.03328562850670294], "pose": [-1.610727192746483, -0.40844024185145017, 0.38344024185145015, -0.33743647518001296, 0.05628861739587067, 0.02170371639970091, -0.18734046575084182, -0.010866382655764284, -0.03999286813443622, 0.24622511717220183, -0.02692267138818142, 0.015372273323580288, 1.3549486851366048, -0.03721736292777491, -0.08764914869986207, 0.2615271019879197, 0.20248990353184596, 0.03553165734296922, 0.0343301904843378, -0.03627595860713514, 0.02712780900368587, -0.08395541399303634, 0.07791517459240341, -0.03594857272455539, -0.14027596665426814, -0.1702830848595191, 0.17495293476583065, 0.037819522087142454, -0.05001674284246292, 0.0076292711023289396, -0.30664026704195996, 0.24225394216541574, 0.11663662017732282, -0.05623486594694315, 0.117668567542108, -0.3253849395284936, -0.14261556858583052, -0.008062901684768982, 0.09531934718114797, 0.015159047887650705, -0.14683027417670289, -0.2875279394203483, -0.05511134614900817, 0.164300673050314, 0.24166183332794827, 0.3180944898213439, 0.18289595068339115, 0.019333351556619516, 0.15327565036975732, -0.44559391776194096, -0.8679113337658048, 0.15495637116670608, 0.3214075089039676, 0.7519800770996784, 0.5041485969376032, -1.7414438037694555, 0.46648345743720115, 0.16038724927552822, 1.5759948594425714, -0.5034239937738786, -0.08807491184628508, -0.1481375944227887, 0.12300809939369509, 0.036710293293152056, 0.1363877361539349, -0.1264060117842323, -0.09613377059257668, -0.0505438760221385, -0.194836857323953, -0.09019968952778686, 0.12976047905755309, 0.20837671545712283], "trans": [-11.58979371534049, 3.357843979777885, -0.6559804254920336]}