{"betas": [0.19173745763710806, 0.20679507266967936, 0.025545764337162807, -0.024244743693028488, 0.0007202369641003663, 0.013236882350636182, 0.021343764601424748, 0.007373052342460504, -0.01918535564321634, -0.005662447391478864], "pose": [-1.388635703425636, 0.7625661023394219, -0.777566102339422, -0.24447167733106315, -0.009488139191764132, 0.017940787998638366, -0.25993991511094505, 0.005222737768565257, -0.011520544391981614, 0.31329541681797135, -0.013505627542652767, -0.0032062127544146266, 1.0580474574390262, -0.12833858765015016, -0.0842992357781316, 0.27654263543381774, 0.04701582872383438, 0.14972703988801594, -0.04445538832364002, -0.002625335053116166, 0.01748815967270897, -0.0794188228538693, 0.09023775620510215, -0.07710370297038158, -0.14502278132058288, -0.17128034453763272, 0.23429552895968864, 0.023581042986708784, -0.036354026580386785, 0.0075905982402257035, -0.2719745633195223, 0.21644052179535042, 0.1980613973882073, -0.1250019356469306, 0.11760206867508374, -0.37581664375897, -0.23008316137945078, 0.07668520883365941, 0.0360950046022015, -0.013153023201075968, -0.0007376537551344295, -0.31648891275319824, -0.05394930837792771, 0.05218295525426147, 0.3192592252339484, 0.10998961868725383, -0.03980808006666067, -0.01749034123281899, 0.010474977381272198, -0.2985652244224312, -0.7394424182374918, 0.11852093185621798, 0.22294822625775437, 0.7420393369473568, 0.08223337569047522, -1.307441065263968, 0.46592999948761593, -0.11813582263822835, 1.1800241236739661, -0.4541122805028289, -0.11752822618362035, -0.07153645517963104, 0.16281402559956834, -0.036293146998253395, 0.08562739381688063, -0.1115453551634489, -0.11889478788939407, -0.0599757188973386, -0.20594146447773212, -0.09851891020073772, 0.11236596634914803, 0.2099884902770882], "trans": [-27.328438726566542, 12.733529259647524, -0.45087367985518717]}