{"betas": [1.0007394031128156, 0.13998077818863408, 0.20322321153559939, 0.06919845010960525, -0.06355964225067326, 0.0988583210768853, 0.031004152589175965, -0.07600298470585287, 0.01954775199647453, -0.05391534064665776], "pose": [-0.1696850664400984, 2.2121945071023577, -2.112194507102358, 0.25480412119259815, 0.04867543806897307, 0.026282418992245857, -0.5503523971583099, -0.022712282857589767, -0.006361550522576205, 0.3099561583374456, -0.07698637350161343, 0.05072913621694671, 0.5156489302582663, -0.23937530097467719, -0.08511039127245004, 0.21278539179243777, -0.13201237844861743, 0.10911585135166563, 0.0023514978151485864, 0.04940619865046168, 0.010016117763380189, -0.10956117316151338, 0.056651275717231296, -0.056931105315611005, 0.02944724661137881, -0.2036993014189354, 0.24597037784308248, 0.047150556587136364, -0.046570938685272435, -0.012425355555608832, -0.2864527831328174, 0.20035270666532448, 0.11884733715390555, -0.056648214098455364, 0.09676362364698639, -0.35852071894082055, -0.04522397760704507, 0.0014782877913493211, 0.033556647021005435, 0.07852900483105632, 0.18135864664981766, -0.4859222676387032, -0.04513838775177895, -0.023668791285376863, 0.4333854289135, 0.29478396881139457, 0.08047084287719428, -0.1545547403598839, 0.24045860801367996, -0.3201444248158058, -0.8773443585822289, 0.2865250708401714, 0.3116940274020032, 0.8387116573495581, 0.5112343260530143, -1.4141774856268152, 0.2351620745857284, 0.30640907530529754, 1.2587025345265934, -0.19667284233725607, -0.21354708298547356, -0.0025288875170202487, 0.0285023572807501, 0.010761775403231573, 0.01975656568523375, -0.09565994956073139, -0.12732625733251593, -0.08383895399152058, -0.21529874522819054, -0.08764646229865512, 0.13643604685094196, 0.22957787674485644], "trans": [-9.873552832897566, -2.2162935529465373, -0.7796041504527457]}