{"betas": [1.7511515842605234, 0.3670231778082652, 0.03978433168027672, 0.004913282851196045, 0.02958606384598556, 0.001461046037256542, 0.028411238985692, 0.012589726574853976, -0.014340388809218167, -0.004234100351574732], "pose": [-1.58303797381209, -0.03313090170946359, 0.03313090170946359, -0.15961776480036954, 0.006511854235458079, 0.05441537836060381, -0.3796715603001478, -0.03586780289191557, -0.06402590726489008, 0.25153373009112406, -0.020262191500659932, 0.013290376717890517, 0.722374630416444, -0.13298061189788155, -0.12146385558572985, 0.637340049818086, -0.034947314492994944, 0.08102739464115194, 0.028746015253470213, 0.00474291459823014, 0.0031709834335900437, -0.11816215916194227, 0.06766188022666197, -0.06301540605196254, -0.1211311880981874, -0.2170669186726761, 0.2196058261032158, 0.03035862726175703, -0.028821695844970446, -0.0019023668505409384, -0.31313776680290933, 0.26981747534583156, 0.15990908941178747, -0.12268929513231112, 0.13713253644259912, -0.3745631134478719, -0.1291814007479422, -0.012976814156043797, 0.05992500586409112, 0.004151097695366911, -0.05391457714440264, -0.2803973733368839, -0.07106569309185644, 0.1390119519353063, 0.230042520584824, 0.14262840210437983, -0.08107897614554084, -0.01740797831953796, 0.07382973791967026, -0.31134960315893445, -0.7534223077857632, 0.18990764265263044, 0.2801719937909287, 0.7200937486208924, 0.30052553991879444, -1.7538793087443136, 0.5162017014588588, 0.18064914581072344, 1.8431243466490561, -0.5445368411167218, -0.07301256409748391, -0.1589184588810511, 0.2334690293070952, 0.08094746537176847, 0.18577359272827143, -0.22102377889046512, -0.09113553383475032, -0.05578762241502699, -0.19587837041823816, -0.07741950388793437, 0.13235406672297376, 0.20559134805918552], "trans": [-27.341751177340196, -3.915535882277651, -0.9288837600325495]}