{"betas": [1.7511515842605234, 0.3670231778082652, 0.03978433168027672, 0.004913282851196045, 0.02958606384598556, 0.001461046037256542, 0.028411238985692, 0.012589726574853976, -0.014340388809218167, -0.004234100351574732], "pose": [-1.5681977481851441, -0.2370563168909085, 0.19955631689090847, -0.48251661068252494, -0.02167997228729568, 0.13519547010426342, -0.2596423074549087, -0.052707446330196375, -0.09618904877561615, 0.2828892040663777, 0.03063643018842686, -0.020223565182978735, 0.5167896284014725, -0.011975898823961351, -0.1393891166983091, 0.6925967054348933, 0.1121146255868232, 0.06226282981028989, -0.025307880754925238, -0.013649318443695232, 0.023075409387259747, -0.021542987560043695, 0.11278968488909326, -0.11189744199025826, -0.16038797125606183, -0.153604025326622, 0.21231085989844345, 0.03376565891111228, -0.02883129763288925, 0.008232739811805771, -0.2581102140185921, 0.20707981974594372, 0.25630258135999656, -0.14018353193095484, 0.09294349185001306, -0.3131426972042199, -0.1756054072370834, 0.15093639434963058, 0.03505816950257496, 0.0026295279068985593, 0.04437107298248477, -0.3490841564842181, -0.014813263068882664, 0.0014359658287544088, 0.3797549433204604, 0.1434892532707271, 0.012604316476198894, -0.02952149706975394, 0.03201315623658601, -0.27109539512055575, -0.7390791246035916, 0.16043579356916698, 0.18736480762622568, 0.7893656133989707, 0.10209922393790469, -1.2040105540802055, 0.41572406288612607, -0.11341387232525141, 0.9783700888975079, -0.35818370781574427, -0.10737545047826916, -0.05474855986756017, 0.13454277753995167, -0.07341781442770261, 0.060168178130632265, -0.06748379904428466, -0.14198466314721914, -0.05284996259904489, -0.20202435433528987, -0.11908033030465702, 0.09890552498043768, 0.20693989458970885], "trans": [-29.001347642453528, 7.45110026957102, -0.7197074670230529]}