{"betas": [-0.19266644468801378, 0.5771463667239267, -0.16308379457488245, -0.06462538974507079, 0.08054580167251779, 0.027975024271901693, 0.03561269911626106, 0.05188376016633901, -0.05289357868361275, 0.00684608270928935], "pose": [-1.4546033228799125, 0.7012807491543038, -0.7012807491543038, -0.5584867400412775, -0.0820262805564659, 0.06912734831113332, 0.04917529211355469, -0.08635283308550262, -0.003210723789167629, 0.30426297799676266, 0.12347270182217393, -0.033794818291844685, 0.5903467876255897, 0.12952036084030222, -0.1539948687736329, 0.6647338624528429, 0.03846972609504796, 0.054875440310417814, 0.0369331743864304, -0.04070644547990267, -0.002117127540060063, 0.02408556096187352, 0.07101106515476849, -0.05462761124379923, -0.24068480973080822, -0.1399847393476788, 0.06599912046923515, 0.00012972183148120609, 0.028264191344577725, 0.004521924297670225, -0.21967424051727477, 0.2821294924661694, 0.18356954880911916, -0.08888647397201037, 0.12869122186354423, -0.15289514055428843, -0.18306139451258785, 0.23758858912506708, 0.031615689764638265, -0.0585444257641194, -0.3606521437106598, -0.34057899162720284, -0.047606925351156806, 0.4662553628161164, 0.3296187790249911, 0.15842465353288546, 0.024488974927608657, -0.05716751929376112, 0.12736682234811741, -0.4365701040217405, -0.7447107318449021, 0.20017993376335516, 0.5846669005020696, 0.8217916866509696, 0.2696121032225009, -1.3798481505080742, 0.3617041502736908, 0.2563332758853843, 1.425547541048018, -0.35162742848261913, 0.015691316274442875, -0.12740504455928042, 0.2615088138040204, 0.027860850261911766, 0.16128942382231287, -0.21694259173519928, -0.14619512328392795, -0.045790515579842456, -0.18365292775709924, -0.10958416111077371, 0.12010189262881515, 0.19100274917669421], "trans": [-22.91932117273287, 6.757778253202574, -0.5830868936828696]}