{"betas": [1.0007394031128156, 0.13998077818863408, 0.20322321153559939, 0.06919845010960525, -0.06355964225067326, 0.0988583210768853, 0.031004152589175965, -0.07600298470585287, 0.01954775199647453, -0.05391534064665776], "pose": [-0.09633733423169322, -2.1751403140253487, 2.2251403140253485, -0.5811101684508769, -0.012982569967821477, -0.002063297897946785, 0.07072568505285337, -0.07224813558234366, 0.011100134954549472, 0.2747817262143929, -0.041896933795413656, -0.0019424469565705732, 0.16676190330835172, 0.04905472291245252, -0.11436799015819463, 0.26715120908266043, 0.07688499808532272, 0.04702857558024795, 0.03009171330170422, -0.025634878920792706, 0.025012407098257312, -0.07020824868234665, 0.11371037262053119, -0.10661113683890419, -0.1067334469177455, -0.1708553402156947, 0.23920064507206057, 0.028994208547738508, -0.03205351980518143, 0.005875541862934164, -0.23484878007499688, 0.224179763896759, 0.2816589708119927, -0.11508839249349984, 0.11313947602999348, -0.33452447855066236, -0.09940647152109748, 0.004362722529923288, 0.05464454566692536, 0.04201190282538814, -0.15695305267981244, -0.3599188436308248, -0.011975518136171646, 0.22190287098621458, 0.33073686387878687, 0.2008541140915839, -0.15136644557413403, 0.002394365440207801, 0.16330434862828602, -0.33657899542761194, -0.768045573802207, 0.17597559327616402, 0.3329075025465559, 0.7115834358820003, 0.37773213777152903, -1.2235157790658133, 0.21322435741029194, 0.13651219213519283, 1.1971087648885699, -0.24390492844242448, 0.056186255736296646, -0.10631179001376834, 0.12860589877871229, 0.0930993999815582, 0.11349798506958372, -0.1066840317521999, -0.2222003163630426, -0.05089824804610223, -0.2073924084573666, -0.16638588176712257, 0.12061068351155678, 0.19428803352301183], "trans": [-11.164973663221797, 8.434892912767674, -0.5018747980266205]}