{"betas": [-0.459125293958982, 0.2836700625543276, -0.2828307762064238, 0.06170009900103966, 0.04114696315793381, 0.017447099752977802, -0.018216663065381097, 0.013285817624318214, 0.01584973647464493, -0.019639755817989615], "pose": [-1.6398167375607775, -0.29264210645177385, 0.21764210645177384, 0.32600538431104675, 0.06624355792332227, 0.05575949459582154, -0.6183713052854584, 0.024346955072537667, -0.05031049344256979, 0.2558087530287179, -0.08797545576928341, 0.013671325528731937, 0.1707274458703395, -0.1286740180575355, -0.08608449103368963, 0.552572970477522, -0.09565537942002142, 0.11108262684757475, -0.04426137208241722, -0.03202362061608475, 0.02488705806514902, -0.38090356402947334, 0.0031417344858076027, -0.002537777523263604, -0.018451726451540397, -0.21735056728671828, 0.2646925238113388, 0.010342350972546212, -0.06760130069550264, 0.010843161480555464, -0.20086892378934249, 0.153233978720543, 0.07884384684820155, -0.030474902825950955, 0.2205213640677258, -0.4107646257892903, 0.027224057926066914, -0.041164797508556096, 0.05220514457298441, -0.012568742986072896, -0.1359667438968932, -0.3564565862214615, -0.0911273633498737, 0.12702152480280052, 0.36076620673907395, 0.14576862285504658, -0.09451380549380196, -0.0022657203881881875, -0.021223981106937802, -0.2886622078167088, -0.6751772156805854, 0.09186518473468223, 0.34104337683499514, 0.7374512073469814, 0.005690615654058713, -0.6179694149185327, 0.1257407831689587, 0.28661280021161445, 2.179523122612234, -0.3440411534457892, 0.08557532112719947, -0.0937375889005369, 0.12949276643806226, 0.030008518634306758, 0.11409222367648389, -0.10633157968747929, -0.19527739830536392, -0.08760214673076751, -0.21524179989880526, -0.08441528500355569, 0.13393973473682627, 0.22818543720733542], "trans": [-10.631384026225982, 1.709025298316919, -0.5803885149860137]}