{"betas": [0.5425939922495325, 0.47738774179747123, 0.15292601182064422, 0.1712734498191424, -0.026676199413162845, 0.029053080237652254, -0.052279591306768236, 0.04030904345707816, 0.08374319963315201, -0.11291980133855471], "pose": [-0.8661445053894912, -1.6326728653607496, 1.6326728653607496, -0.4810435967489238, -0.04902592424191839, 0.07107259987037638, -0.5235664974331014, -0.003615335595580879, -0.10484673355331141, 0.3486419860698001, -0.008777909576617735, -0.005925813192761034, 0.6376884953113867, -0.04316072076090926, -0.15602426832857968, 0.83962785423115, 0.02676094143237544, 0.07787252391633928, -0.04511400268197186, 0.02480975779870007, 0.0071997177401581045, -0.027287749827518536, 0.08253026476205717, -0.03476674096232208, -0.08971364940044764, -0.22112828304668547, 0.26375868127565605, 0.06906368130223146, -0.03999612079156919, -0.002963356814981076, -0.32982032316851567, 0.2290668478532489, 0.18482386946320434, -0.1908028581185864, 0.1913900045595606, -0.45108922092358794, -0.18773371654231064, 0.2447633922036886, 0.015504312042409738, 0.07377202926120514, 0.1415483525648733, -0.45536861162131265, 0.029617428231952344, -0.08065981939506342, 0.45659593687216454, 0.16774481604909014, 0.1430442080181035, -0.08654198022220834, 0.16612560958953101, -0.14816875823293407, -0.9193281774885917, 0.32930850174373677, 0.13734891623856174, 0.9233825524056453, 0.31015972018671245, -1.1239480684326415, 0.24715817010359373, 0.08672317396380026, 1.1237215754923395, -0.2517258018373631, 0.0047678625507209865, -0.045424525203904186, 0.1583213494181943, 0.022771303534607157, 0.10035676661603962, -0.11327289111788111, -0.23618278899753017, -0.09668944150285724, -0.24488184058841794, -0.1553193358312987, 0.12713102002797075, 0.2651692037343558], "trans": [-27.816254276955686, -13.742440622626857, -1.379120969309912]}