{"betas": [1.0007394031128156, 0.13998077818863408, 0.20322321153559939, 0.06919845010960525, -0.06355964225067326, 0.0988583210768853, 0.031004152589175965, -0.07600298470585287, 0.01954775199647453, -0.05391534064665776], "pose": [-0.2139847898061002, 2.1153049416673273, -2.1153049416673273, -0.16946361740612492, 0.03811890165137895, 0.002772806261512835, -0.4885291223051212, -0.002531151804485118, -0.11589348652233682, 0.29212925521172284, -0.054125047695571936, 0.020415689772676528, 0.8904701727652682, -0.06810269936339633, -0.13777916423340963, 0.47624297233889423, -0.05722037969243274, 0.09605183853441512, 0.023034624603305732, -0.006123244136725413, 0.03288799008270547, -0.13452302241237604, 0.08352363366668662, -0.010799443555107442, -0.08936091114012921, -0.18900827156223876, 0.20791377843137687, 0.05116670545972266, -0.061768091868859606, 0.0022173639228222327, -0.3154227777206544, 0.24247635957941405, 0.10799484293449767, -0.10707965807677274, 0.13615931416462998, -0.36310708990562884, -0.06828893216266849, 0.011115469211313097, 0.08043803037005785, 0.09102136660069969, -0.0042921019325578525, -0.432608582011338, -0.007391650165476011, 0.057821557844721365, 0.4045525331400466, 0.23710207360630037, -0.05503537236653417, -0.03591146285465592, 0.18494267097063197, -0.27996379786331865, -0.9710136858202966, 0.27630477958337285, 0.23958840926394553, 0.8905157645542172, 0.4746464609316462, -1.3103470533323378, 0.2891295227512709, 0.20303536150563167, 1.3624517395320668, -0.35044808969914476, 0.02050114779312369, -0.08134456421912856, 0.11475309023022365, 0.08442018873202939, 0.11105516800772564, -0.12821973520435984, -0.18881992614101506, -0.07894112388598581, -0.22287354863630124, -0.12545859970619472, 0.14484342644346734, 0.24058141832934174], "trans": [-10.926623944176878, 4.045369809501562, -0.6521386998204991]}