{"betas": [1.8964894903024812, 0.31493576625010133, -0.1035326407414528, -0.4364464500446508, -0.04973432451903863, 0.09833628269918979, 0.014303769774192097, -0.026993742994641887, 0.07112343154180402, -0.03308173982274214], "pose": [-0.2574609746954032, 2.09118473725757, -2.0911847372575703, 0.15107467242567066, 0.04724783997283095, -0.00033759776152603865, -0.5131672956489701, 0.03288905017888799, -0.113430629831858, 0.32348187658204025, -0.0721738289887936, 0.014187776911948445, 0.18547398252939276, -0.1860587282152536, -0.07283236410373108, 0.425135964636546, -0.005930110410061614, 0.16227096497797316, 0.03152806540038916, -0.04770285798294855, 0.03477104840690973, -0.050170545615695124, 0.10809511820605906, -0.05433836944720543, 0.02039166861574032, -0.18723126559496742, 0.27039449660564796, 0.033453230828325124, -0.06092317071364024, 0.016785085222493213, -0.21143273858682468, 0.19122287177112957, 0.12018308104467756, -0.057316919817856894, 0.21754213218061116, -0.379247482102255, -0.08939177435891116, 0.02205289319045307, 0.05219640185437987, 0.013708547760843388, -0.27420307799271193, -0.30217223800161636, -0.05236213127018038, 0.2665989972914938, 0.30303554868645766, 0.1939888976318067, -0.1284664728804366, 0.014401858600208789, 0.11343263490369017, -0.4285680823818365, -0.7508023434661085, 0.2450875434046152, 0.33931467672955756, 0.7920338731318527, 0.31573341426258134, -1.0998058308914467, 0.1642657292584721, 0.24229378893895717, 1.1979755833030896, -0.20669640297426137, 0.11829967334324674, -0.1417548100303567, 0.20107626346913898, 0.1014730651332814, 0.14341571637007217, -0.15101620404646232, -0.18555503772839868, -0.0692157959305143, -0.1843755216146061, -0.12171419087219865, 0.13734124847345, 0.20093181228480944], "trans": [-11.636427602794281, 4.8339360996312335, -0.6755650460679786]}