{"betas": [0.19173745763710806, 0.20679507266967936, 0.025545764337162807, -0.024244743693028488, 0.0007202369641003663, 0.013236882350636182, 0.021343764601424748, 0.007373052342460504, -0.01918535564321634, -0.005662447391478864], "pose": [-1.5705741932489081, 0.03098686824323339, -0.03098686824323339, -0.5143439666963191, -0.01261100752509142, 0.0008871172169251165, 0.041435489533495885, -0.017558305618924516, -0.009447513471199216, 0.29890770729984323, 0.005405522770300719, -0.021054587199109475, 0.18262047404572299, -0.08614866951631546, -0.06387519897287958, 0.7444718264777553, 0.03918357716468501, 0.08170017508950274, -0.038605167139224066, -0.06924773655898628, 0.04193771624616474, -0.07206923460898029, 0.14905221685800968, -0.06709468528917631, -0.12958274894497285, -0.20889813536957735, 0.2055441346791231, 0.02981068651427995, -0.05529241980670819, 0.0014980837995220968, -0.19591573761304454, 0.14398109193857694, 0.15840484280799788, -0.08177442721912749, 0.16312000405408877, -0.32049948660009464, -0.17257380923770965, -0.06582202299850966, 0.06388008415288741, -0.006120784895063091, -0.07383336628210194, -0.3301966345856792, -0.08338429046146201, 0.0690536171693987, 0.3448260900075635, 0.16643923499726235, -0.19611596910680085, 0.03336773365466462, 0.8924103452026333, -0.8677355794074985, -0.8400875107368144, 1.0667659258307103, 0.5330812224065294, 0.8086599191511734, -0.07122742098104903, -1.2473120381067742, 0.4111469542500608, -0.29319877950892, 1.2751568908206612, -0.3609942782813395, 0.04983867520623844, -0.061786843652494455, 0.03143111817470202, 0.006911609529678806, 0.05787323438566009, -0.01893695775513869, -0.20149741525847364, -0.0523682498112247, -0.20313534136922776, -0.09303937913524538, 0.10727216041196884, 0.1897353742169437], "trans": [-28.304132400431048, -3.4882361013409335, -0.9010813372761382]}