{"betas": [0.23095163209771685, 0.04109343311864416, 0.025248775430059576, 0.03225921746385679, -0.011730228160678488, 0.01411489487013554, -0.004068968651146599, 0.0031222508939531494, 0.007432816158778922, -0.011705167054862173], "pose": [-1.106700409535812, -1.3500875972752477, 1.3500875972752477, -0.48553630412865395, -0.03715691066640058, 0.1198633636022501, -0.45119541106701405, -0.021985272147214636, -0.10924700589508894, 0.3526314874042483, 0.010576044880128258, -0.002274227326293163, 0.7053178807506888, -0.018379702310812325, -0.15588549343769526, 0.8253626288861351, 0.011579501063247151, 0.08621125505067245, -0.029435533679609494, 0.015487304664202476, 0.009152527709802032, -0.05666460967866181, 0.08291787752175556, -0.04727106690217531, -0.16604738149961276, -0.181008364694453, 0.19358344299342325, 0.03725888634656853, -0.022211928343697555, 0.003949174131398424, -0.2989062013035188, 0.23915263935490014, 0.1869245419587459, -0.1490371813129902, 0.12510487569068401, -0.3501318647609721, -0.2116774555238194, 0.1666474558246493, 0.02943554422313704, 0.03099866253564094, 0.02544184530120926, -0.40626586124292113, -0.007977895310060715, 0.06892156601881809, 0.39503641333973066, 0.12451425303666123, 0.049833198874246726, -0.060104776259776775, 0.12179089912993075, -0.2146428468879523, -0.8666261281495606, 0.22032944624908923, 0.25595330651596876, 0.8572346120522147, 0.2457129867083449, -1.2556631923302584, 0.36937781054714536, 0.04627909049607311, 1.2292702565284996, -0.37070172508408633, -0.03487226959955188, -0.05846118780592362, 0.18664480632896283, 0.015733433089605765, 0.10390696837445913, -0.15314006483611686, -0.19327234376687633, -0.07625375751168567, -0.2258988430163274, -0.13270918493521577, 0.12320974019651443, 0.2377280015372036], "trans": [-63.93152613829248, 3.779001393056348, -1.2545565497540045]}