{"betas": [-0.04531959800123942, 0.25816046623113975, -0.10443940742347267, -0.07597029208210594, 0.013911735992459227, 0.013954990810594958, 0.00840059268463032, 0.018210526354907698, -0.01144635948893292, 0.002226290135924623], "pose": [-1.5699293424657284, -0.06121403833048704, 0.06121403833048704, 0.20510847694578926, 0.05309258840287626, 0.02889969997124829, -0.6966996869594936, 0.004139884772274931, -0.12774182634037742, 0.3864353810829263, -0.032571228316405396, 0.0019439140500792443, 0.12539028349954887, -0.018965128936684936, -0.1598360620598317, 0.3508460766512228, -0.12244388407390826, 0.11441045621305555, -0.02902030948471572, -0.023409659091417852, 0.02259112423027728, -0.09210258652871779, 0.10170649119947192, -0.06616878189739611, -0.10965827265707966, -0.1828276018787581, 0.23231966788020725, 0.020314274740630037, -0.052142617917036185, 0.010004138501355845, -0.2415434714460281, 0.19154142500764465, 0.16950018572850256, -0.0990715131256733, 0.1375477568003577, -0.36745985034710665, -0.2118640137654579, 0.04109649595418071, 0.031873836130291947, 0.02776851332780177, -0.10344809307221126, -0.388172919481709, -0.024972105168903552, 0.1273028335588229, 0.38106165540510956, -0.026340718167504162, -0.7857382085556832, -0.05506634074872019, 0.06310260270618413, -0.2821182031890913, -0.7587285803029751, 0.1517158656862969, 0.20725202814737786, 0.7519422908195577, 0.18095496628179147, -0.25406204444070946, -0.017195910977206963, -0.02862509364288361, 0.9150353314041115, -0.27625011852465453, 0.04441022796188524, -0.06126872871880505, 0.11741463944507904, 0.0545999635481784, 0.07470873013257592, -0.08582688205696638, -0.2010417290161721, -0.07110073917472431, -0.20883006401561713, -0.1312253436954658, 0.12504533936555504, 0.2126257599458296], "trans": [-28.309965810579712, 4.244666084937916, -0.6936033421473233]}