{"betas": [0.19173745763710806, 0.20679507266967936, 0.025545764337162807, -0.024244743693028488, 0.0007202369641003663, 0.013236882350636182, 0.021343764601424748, 0.007373052342460504, -0.01918535564321634, -0.005662447391478864], "pose": [-1.5259505130182431, 0.4681319487627553, -0.4581319487627553, -0.3021955119160502, 0.0003449007171520725, 0.023929876490932797, -0.48619668299254165, -0.07828546680334426, -0.0035002612092533483, 0.3573616590040228, 0.012232628892898991, -0.01815722069659711, 0.3643464940047718, 0.04517933275232926, -0.1065790805040176, 1.1183618782659113, 0.2014330964295708, 0.11690252484338878, -0.013311139733847384, -0.01880663943237867, 0.0037313228824169538, -0.06137271494518714, 0.07146873119858896, -0.057703299735951154, -0.18496714785750482, -0.151093233203381, 0.20235817635371398, 0.01502158491862149, -0.02491943774781809, 0.007872975585186582, -0.2764996181858924, 0.27790478127572504, 0.20344959154754513, -0.14155798966282107, 0.12527495404382988, -0.3372464018239918, -0.2299729339376902, 0.17627582304567718, 0.008153796023032935, -0.03514586042104662, -0.20300547001258504, -0.2777869170194473, -0.04420753103368318, 0.23141762870164156, 0.26537785657048907, 0.08648868468812237, 0.02238855974628794, -0.029346829431734004, 0.05215048171249483, -0.43838090735450785, -0.736958939817497, 0.2078074670981604, 0.3695295233381756, 0.8114046056519251, 0.2069244040299486, -1.6084446236923389, 0.49581637660471933, 0.16338703274301886, 1.5599954239662843, -0.455464547566597, -0.07670144495188723, -0.12204393053790914, 0.27522395539645284, 0.013872036616625302, 0.1537327151261082, -0.18639855870889413, -0.09164627235739553, -0.0520834366753534, -0.1859794666661794, -0.1028137027910471, 0.12202949940271897, 0.19359541872471053], "trans": [-29.17122997972388, 11.38724098435507, -0.5201963920393727]}