{"betas": [0.33303066142902105, 0.22906885785386125, 0.1321746135337195, 0.03485680493593007, -0.034928744222964915, 0.03738652273642406, 0.06435992437738675, -0.06135207138309116, 0.004712805749211021, -0.03328562850670294], "pose": [-1.6277717542024237, -0.3898283516438067, 0.4148283516438067, 0.32264190811058496, 0.011839442561243342, -0.021535565884177363, -0.3639965924241473, 0.06269232251125377, 0.024748363871278378, 0.24829033319312865, -0.10182530426811619, 0.018204988547734894, 0.6253744013093084, -0.2685799281607284, -0.1481396420839657, 0.15540669321399997, 0.0052880553895, 0.040750471248902034, 0.022612948830736716, -0.028064037460134673, 0.055086735627112866, -0.07222181943684586, 0.07424126466038783, 0.019633324358772825, -0.04953094157711074, -0.17929433688358046, 0.23398781828334408, 0.05940082902978213, -0.09634488117484152, 0.014409003197922347, -0.34078267263406087, 0.25070434141862225, 0.05508910636611747, -0.08975358909875823, 0.18399088283583007, -0.40726187712361844, -0.07198546981731045, 0.20533167267152944, 0.060901516180082445, 0.07348913933014928, -0.010520656543119006, -0.40901952017985066, -0.012736243088248665, -0.055169192563437816, 0.4222564084743584, 0.261026648788231, 0.11942617324418695, -0.08868189572584226, 0.17332560164573213, -0.3741181775106852, -1.0123780487688117, 0.3509734944900962, 0.16016015576684403, 1.0223358260514326, 0.5333870276384695, -1.7173275760970925, 0.48409365637446805, 0.16678698009029283, 1.6841195828512479, -0.5662198383711733, 0.03427741048961274, -0.10856085434697445, 0.1717154518589306, -0.002819080247271913, 0.15391309788412896, -0.1598711829585728, -0.19161175256211288, -0.10530534327460309, -0.2692202624895935, -0.13022922286621658, 0.15772857470488064, 0.31478341146069655], "trans": [-11.940407682209054, 4.572888423555332, -0.5834972517559839]}