{"betas": [0.19173745763710806, 0.20679507266967936, 0.025545764337162807, -0.024244743693028488, 0.0007202369641003663, 0.013236882350636182, 0.021343764601424748, 0.007373052342460504, -0.01918535564321634, -0.005662447391478864], "pose": [-1.2611357034256365, 1.1375661023394217, -1.0875661023394219, -0.014386416204661752, 0.07449527982586107, 0.004914258282362312, -0.478753840085463, -0.022060890334761454, -0.01098454720629561, 0.3132955245575988, -0.013505691265652126, -0.0032061885642279946, 0.1453579213373896, -0.1802617570179269, -0.10524341216390476, 0.9652401357837319, 0.0004136385256758744, 0.09998165819341467, -0.04445537999152108, -0.0026253805072302626, 0.0174881918227141, -0.07941882677584977, 0.0902377579923975, -0.07710368964204262, -0.14502276631346278, -0.17128033742671792, 0.23429556413286237, 0.023581068295627634, -0.036354081630602025, 0.007590614466633752, -0.2719745764412268, 0.21644050922739952, 0.1980613600671986, -0.12500191981722775, 0.11760208204805667, -0.37581668606207547, -0.23008315811919333, 0.07668520156285918, 0.03609497677447858, -0.013153000594640026, -0.0007376759720846641, -0.31648891273585056, -0.05394929262872474, 0.05218285635604735, 0.31925923932744066, 0.10998960789839252, -0.03980806453921424, -0.017490326218181293, 0.010474948352281545, -0.29856528935045556, -0.7394424184975873, 0.1185209228502618, 0.22294805567659753, 0.7420393158615294, 0.08223339564264119, -1.3074411074221637, 0.46593003758393947, -0.11813592239309369, 1.1800239878323333, -0.45411231156266646, -0.1175282344451498, -0.0715364642693875, 0.16281401432972945, -0.036293140544982956, 0.08562737238766824, -0.11154533242381293, -0.11889475705082493, -0.059975721277858204, -0.20594145899279684, -0.09851891037794766, 0.11236596821356899, 0.20998849347686876], "trans": [-25.111171448630543, 13.82897354180339, -0.5914964810578678]}