{"betas": [1.8964894903024812, 0.31493576625010133, -0.1035326407414528, -0.4364464500446508, -0.04973432451903863, 0.09833628269918979, 0.014303769774192097, -0.026993742994641887, 0.07112343154180402, -0.03308173982274214], "pose": [-0.26449517181875176, 2.087195296342494, -2.0871952963424945, -0.5469310724465164, -0.014676929904093354, 0.1548676944626191, -0.5672182960211043, -0.018945501678461974, -0.03181063390918355, 0.3493801570373652, -0.026874227855192088, -0.00015630130436099983, 0.9704470375008964, 0.033054815182137987, -0.2570194364260551, 0.8172271053020489, -0.03632732256505722, 0.1146416780850149, 0.014225029934642459, -0.04241748118607927, 0.04951431169298985, -0.1247456403242951, 0.10279984718915747, -0.01986030925053999, -0.12715903970576514, -0.16389426241362548, 0.1487401680190289, 0.029492828137508403, -0.054591298111686865, 0.01456907639606042, -0.25605795743988136, 0.21863075177012245, 0.09871357359691091, -0.056642031759382885, 0.11441243168524884, -0.25987566045215904, -0.06255489221257288, -0.025566054039178592, 0.08330120729332456, 0.050003475465999106, -0.1854272172487235, -0.3739784586303819, -0.020187492575155605, 0.2144381390402097, 0.3903080550795842, 0.22808402221799218, -0.16066534381686948, 0.018616204619518222, 0.1273267098661187, -0.3721175179132005, -0.8169708906634067, 0.23044783176758504, 0.3093074090493936, 0.8487334783016736, 0.4041235549562107, -1.1331354263217461, 0.23352293139922478, 0.2468157075311492, 1.1293197203133223, -0.2627503632420772, 0.10141044245475943, -0.08632801127674247, 0.12995272815258826, 0.09631011694288143, 0.09298746961409625, -0.1036584505262994, -0.1792239506062337, -0.05951620870652482, -0.18580285183802503, -0.1068759621825483, 0.13831083702013977, 0.1905987038089301], "trans": [-11.740301852992486, 5.808741693251132, -0.638858182619871]}