{"betas": [0.12182979554792384, 0.0498104030700563, 0.01874907528210161, 0.028247290178977192, -0.01045515424154793, 0.003794310233826808, -0.007750463989420916, 0.008476040652062412, 0.013630708331879994, -0.014916307566096007], "pose": [-1.1456560593987837, -1.2969885914922719, 1.296988591492272, -0.381642540438014, -0.028609103267007358, 0.10089313619524196, -0.4408359026839838, -0.015438525572846468, -0.09843040871318516, 0.3312077548621764, -0.0038741343653766387, -0.0008499620100998401, 0.7124547114490929, -0.03494988244431178, -0.14490913785143994, 0.8152035567308226, -0.022134732259704335, 0.08745191348369387, -0.006166766180391667, 0.004160999739147766, 0.014056823329904797, -0.08044776487323681, 0.0669028405395649, -0.02739369763976848, -0.15748599873390137, -0.1758112966278748, 0.18621505613192454, 0.02808773436238418, -0.030274467782583796, 0.003002756010402272, -0.30357820197897306, 0.26181086879380955, 0.15319229731405962, -0.13384995557217025, 0.1301177110763733, -0.33679967355637347, -0.20061856800685193, 0.11984408636756408, 0.04111871123312047, 0.022969161035483226, -0.05714297346748111, -0.39314696021212514, -0.024736320150733626, 0.13130374655116966, 0.37939931647828257, 0.1455302921142738, 0.0008005950619357257, -0.05262650509961658, 0.12127217931872765, -0.31080378885723453, -0.8794821252901608, 0.22921728096757318, 0.29252070888423437, 0.8730055320526092, 0.29597669023642736, -1.4677371932299141, 0.4463169491815638, 0.0928703331715805, 1.4287647854104006, -0.45456746750020827, -0.04156372170945231, -0.0843311856136956, 0.2059510778891534, 0.03321739589814067, 0.1259103524572908, -0.177529705834, -0.15636717918366513, -0.07427623698599645, -0.22208652151375347, -0.1178339336393476, 0.1330026613534288, 0.23637498853847216], "trans": [-50.68081087508721, -11.812326261129462, -1.3207819245765415]}