{"betas": [1.8964894903024812, 0.31493576625010133, -0.1035326407414528, -0.4364464500446508, -0.04973432451903863, 0.09833628269918979, 0.014303769774192097, -0.026993742994641887, 0.07112343154180402, -0.03308173982274214], "pose": [-0.02432191231453805, 2.2103715782752187, -2.2103715782752187, -0.38998832175694637, 0.028360790869653096, 0.1814961616595891, -0.17446619881498843, -0.042150540062566, -0.03961289487473351, 0.33701978354717255, 0.011164939297595078, -0.01727658260378007, 0.3628571482376377, 0.05514546228155049, -0.1290547703511113, 0.3513136661557853, -0.018815274890637567, 0.06871821796669689, 0.024119240248789132, -0.05056736333953257, 0.040114420721965784, -0.036606462802737924, 0.12296175557887597, -0.0895668769863706, -0.12935490278726547, -0.13656876660253287, 0.1589358509321317, 0.0291851246515015, -0.04122061664545414, 0.013501121813999614, -0.2241968113638702, 0.1985452032184255, 0.2107382185741368, -0.06398867291755421, 0.07800667438803477, -0.2350255351887614, -0.06422794202113781, 0.00749584893557519, 0.06417143811821052, 0.04880655517688247, -0.15902890352919474, -0.36264800309242085, -0.0064832303428781395, 0.19398862745912024, 0.37141849933562315, 0.19985217423923368, -0.16075880536849876, 0.024216204238885295, 0.15779637909567193, -0.3438121464868342, -0.8089528316400051, 0.24733935246872574, 0.3198554986036298, 0.85700312048843, 0.38431814416111276, -1.1449635530629245, 0.2128050259671817, 0.26102712261312505, 1.1805784082429158, -0.24904265660814928, 0.06663694754671304, -0.10766939084539322, 0.1347913723209975, 0.0446007230651172, 0.11722280459517602, -0.09338668425807596, -0.20086261464511498, -0.048435125354401226, -0.18699666566834833, -0.1274577590190845, 0.12471336102727609, 0.18291593467275477], "trans": [-12.075207198068675, 9.726530261465589, -0.47518521702321825]}