{"betas": [1.7511515842605234, 0.3670231778082652, 0.03978433168027672, 0.004913282851196045, 0.02958606384598556, 0.001461046037256542, 0.028411238985692, 0.012589726574853976, -0.014340388809218167, -0.004234100351574732], "pose": [-1.5843715365374074, -0.14320190229516325, 0.14320190229516325, -0.3619752397072465, -0.01217442192154066, 0.08718125084296921, -0.2288834137160806, -0.042231204578704794, -0.07934856228277934, 0.24505121661138454, 0.02072183601732183, -0.014418301450229468, 0.580533301859361, -0.01857411092525161, -0.1378997482716764, 0.7789131750630791, 0.08453775051884407, 0.06543348151305993, 0.01024810716406935, -0.017046751635017874, 0.024175423668701897, -0.08255346872666905, 0.0962218887954667, -0.0669230518816556, -0.17752556316755844, -0.16304900826862337, 0.1935323671628641, 0.026377952707947783, -0.030040664416864073, -0.0019684552857667206, -0.2717767158703895, 0.25190928697786896, 0.2234061948282437, -0.14790195092723554, 0.10735309048156717, -0.30486629951588834, -0.16773417728694473, 0.0842630514461801, 0.06524627255198202, 0.006886620240361098, -0.0291587872610958, -0.3571491735413345, -0.04948851864779347, 0.09339756161825141, 0.34982606810116507, 0.17423849052751053, -0.04716319451374376, -0.04775737932203386, 0.07378757195388472, -0.3098643559685604, -0.7941966872460478, 0.1735037181370206, 0.29056972280870597, 0.7869141138364116, 0.21468321709740504, -1.4343156733438693, 0.45357625523205247, -0.015122017157557992, 1.3894356191702995, -0.48022732396317486, -0.09577942212928553, -0.08091930472225682, 0.14857224340305172, -0.027669608683199037, 0.10685980216545829, -0.12595797249141374, -0.14399378024625561, -0.05363037767606687, -0.21845197101305958, -0.1152140562195343, 0.11551424842243596, 0.2198036055648814], "trans": [-28.588632462362153, 3.783393403712003, -0.8395472811988308]}