{"betas": [-0.10716845975804463, 0.03555393559239171, -0.022909588301634677, -0.0022321960585287635, -0.011360188238027402, 0.007048778770267401, 0.0026244476494828445, 0.001119221678184007, 0.011361241992361597, -0.011308692156923365], "pose": [-1.38223663334926, 0.88743793240781, -0.8874379324078101, -0.42183600895710543, -0.027682540422169725, 0.14712071233431595, -0.4194224474575678, -0.018255798623300065, -0.1316030851678349, 0.3398199839112901, 0.00578910495293871, -0.007563593789891088, 0.746431149515872, -0.025806892878629074, -0.1474131048925353, 0.8370259154707391, 0.009033731322001382, 0.08119761052844991, 0.007991268602933758, -0.012272209105303501, 0.015047354539967871, -0.1020867460208022, 0.05799123672865007, -0.033511924446891356, -0.18219876428719523, -0.15384677385678588, 0.17607617052467875, 0.015011523068029435, -0.02748368326744755, 0.0045725012434405235, -0.29099075505914074, 0.2907615245601999, 0.16564287946556439, -0.13194470930429084, 0.11153494255947047, -0.30619277552470087, -0.18669535228351672, 0.10953075436284274, 0.042919030139719094, -0.01542279182935643, -0.16954831150849778, -0.33080485332826765, -0.05391107019686718, 0.2250905427103229, 0.3144238605847845, 0.14875012264522408, -0.02864131168759962, -0.04041536431914844, 0.05855201131001105, -0.4162049116730897, -0.8018015306390008, 0.17280289816620126, 0.37445328412786266, 0.8222030277949272, 0.2309413766230901, -1.5975303818294624, 0.5304854740288726, 0.07075446142808939, 1.5691946098746288, -0.541721972760897, -0.07304192281288116, -0.09572686263037368, 0.2383197770054322, 0.01958083127428369, 0.13284813276685004, -0.2007669415612422, -0.10953982992500137, -0.06046831188397869, -0.2102787508049547, -0.10711835266389108, 0.13283789748259503, 0.22231045375338412], "trans": [-61.2177616451699, 5.066061587740581, -1.050975113550123]}