{"betas": [0.33303066142902105, 0.22906885785386125, 0.1321746135337195, 0.03485680493593007, -0.034928744222964915, 0.03738652273642406, 0.06435992437738675, -0.06135207138309116, 0.004712805749211021, -0.03328562850670294], "pose": [-1.2968552638939925, -1.231869799408961, 1.206869799408961, -0.06931669000748852, -0.06325660210071861, 0.09711074737326278, -0.2853733582230929, -0.023585330005149504, 0.07070430449607135, 0.2621296955959923, 0.022697114089216125, -2.095362982863986e-05, 0.795501335880232, 0.3322113614731703, -0.08104359289884289, 0.4608318010343122, 0.22042792689047522, 0.03524577307213518, 0.026638564987576354, -0.01957837761684552, 0.01733539351479068, -0.05901052509745473, 0.07495934227345166, -0.0525400740782499, -0.11165301221952052, -0.15653931139268681, 0.1770981947260909, 0.023447459472475948, -0.011570085251263408, 0.01351506775196261, -0.25099181036875995, 0.2689035773343841, 0.13704364577640896, -0.11720874096786146, 0.14812890283119023, -0.27916704676222637, -0.11664418173726415, 0.16772643913993787, 0.05618482043182212, -0.029314111384267545, -0.19353696135972498, -0.29937584410340384, -0.05547631637021282, 0.26819012186780267, 0.31353123360905927, 0.16673859330967422, 0.026010279581989253, -0.03851126644346306, 0.029406805883455883, -0.3903195050249477, -0.7482513150942859, 0.2260634619833898, 0.4417014631701294, 0.8555050034350116, 0.14761292126885042, -1.2973421257919635, 0.39662714823722117, 0.20185205905474676, 1.4059458022519637, -0.3667966384727638, -0.020943739849193357, -0.10689923140740472, 0.28402632609391837, 0.02925053544997801, 0.1374274698589027, -0.22340159201191653, -0.10007170558161214, -0.058638941246995716, -0.17813527337715548, -0.08974805258561357, 0.1283566211994864, 0.20181010337045738], "trans": [-16.513010600128883, 11.500748728941087, -0.5310840387380373]}