{"betas": [-0.10716845975804463, 0.03555393559239171, -0.022909588301634677, -0.0022321960585287635, -0.011360188238027402, 0.007048778770267401, 0.0026244476494828445, 0.001119221678184007, 0.011361241992361597, -0.011308692156923365], "pose": [-1.3346246153787937, 0.9888058981062513, -0.9888058981062514, -0.5228065888146682, -0.04457662250562002, 0.1335880432933885, -0.4728691246596534, -0.012979624127511571, -0.11935457194505353, 0.3908878137938735, 0.01378262151301325, -0.007755223899581743, 0.7696099064203176, 0.005055772480145204, -0.1560841169253244, 0.8920613229604961, -0.007068074793449846, 0.08466149284540406, -0.005116947183065927, -0.00028898171515489185, 0.01192835011501366, -0.08538548094359069, 0.05047022138906199, -0.02208163126629045, -0.18459724937089647, -0.1473449563839594, 0.16541961941067213, 0.02346697946834599, -0.024247396318382894, 0.0029100776521809786, -0.30439323791564293, 0.2956946695405177, 0.17053974309982692, -0.14652063262522563, 0.09269185366071353, -0.3050094048997026, -0.19206455441822726, 0.10953263663461753, 0.03821335654149384, 0.008948753351969147, -0.09932415454870629, -0.3790602748929829, -0.03924484264730119, 0.18016537345023675, 0.3517791642983229, 0.14547310376193817, -0.023791187615509943, -0.04667805830051046, 0.08399130087613858, -0.3494931011072493, -0.8930138654349021, 0.18464452579214374, 0.36247305764498833, 0.8916368919452733, 0.22697759330984224, -1.5346981342383268, 0.5339503167362878, 0.03971396574671813, 1.5764889689014017, -0.5795864703949766, -0.0815567894512435, -0.06813516656938606, 0.250191243902853, 0.012779050578399521, 0.13113553546757062, -0.23092181109630527, -0.14549406052059055, -0.07287084471785588, -0.2313939421185062, -0.12479989678277886, 0.1399977714019136, 0.24839711900313252], "trans": [-60.680962389596395, 5.2179586903811614, -0.9447653932394282]}