{"betas": [-0.19266644468801378, 0.5771463667239267, -0.16308379457488245, -0.06462538974507079, 0.08054580167251779, 0.027975024271901693, 0.03561269911626106, 0.05188376016633901, -0.05289357868361275, 0.00684608270928935], "pose": [-1.4598693758465464, 0.6855348093652935, -0.6855348093652935, 0.03232372820111448, 0.013097365380000614, 0.02542462807510927, -0.5263563297058529, -0.002199517599122708, -0.03887747365006216, 0.35775841475400777, -0.02095774699586742, 0.013865053997654446, 0.3050555303260736, -0.08041522538430317, -0.11587606153100183, 0.24099849948755261, -0.021907530787318594, 0.07738148312900747, 0.039603954465495875, -0.00979187112162761, 0.006000458255160222, -0.11813330315072848, 0.04913813199877173, -0.08881946340092679, -0.1274863794801179, -0.1364798375180881, 0.22840975638315672, -0.007323867025035658, -0.02295375555271075, 0.018852167102814232, -0.2592007848454184, 0.2896836739780831, 0.20774206367314205, -0.10370240386540427, 0.10897568648211786, -0.34520899775797864, -0.1967253954265151, 0.1454264207054212, 0.02575983920325758, -0.013688056747614108, -0.32087131770493527, -0.29830930854521326, -0.032502679196566193, 0.37842339253661095, 0.2669342793053368, 0.0868090790731575, -0.009567664070592865, -0.02641821515688072, 0.11707404491969063, -0.48946226500877055, -0.7787936405479124, 0.21996454222464312, 0.4818779820993404, 0.8080036322484278, 0.34791233372117747, -1.6160766578878485, 0.4158053674594124, 0.29842201585682854, 1.6437316992190532, -0.3830379530875867, 0.011274169012657967, -0.15110229358315916, 0.28513737055605815, 0.09533494981104647, 0.17027242931847716, -0.2243597015720063, -0.11277043722026388, -0.05559717109266815, -0.18897020746117826, -0.13199757004594903, 0.13853072169275032, 0.20008052796689688], "trans": [-23.68751758866162, 6.030098981296285, -0.6566287683596485]}