{"betas": [-0.10716845975804463, 0.03555393559239171, -0.022909588301634677, -0.0022321960585287635, -0.011360188238027402, 0.007048778770267401, 0.0026244476494828445, 0.001119221678184007, 0.011361241992361597, -0.011308692156923365], "dual": [0.010307092030704595, -0.004110596079043835, 0.0025182550336453786, -0.0007492219605400186, -0.0009833501910267613, 0.000540357406321205, 0.0008406049119611416, -0.0006530197452884402, 0.0007381409566296591, -3.076313818491626e-05], "pose": [-1.174115316224047, 1.2622924120585521, -1.2622924120585524, -0.40462196473785905, -0.03118537721429518, 0.10002425553857776, -0.45291696853151026, -0.019583757937610045, -0.10143306240735668, 0.3690371227109267, -0.0022664178264472892, -0.0028591857815811078, 0.753124253987555, -0.009085907742175475, -0.1482931384734405, 0.8629387564452091, -0.05357492836294938, 0.0910742479264594, 0.007684182653801394, -0.0051424686972724315, 0.014983675652613436, -0.08999381505232519, 0.0499592390258553, -0.0008260396802447456, -0.15848517366921996, -0.16977406294389974, 0.16565862463182943, 0.028472064396106212, -0.03301284716579385, 0.000810768889653057, -0.3133438738812227, 0.3017160727011919, 0.12599795683581594, -0.13165100651161227, 0.11865508751686502, -0.30572415531352914, -0.1495836543581126, 0.06824532375254744, 0.04699405216671527, 0.0027186806948641673, -0.11531712148423078, -0.36105539964784683, -0.05064159818178575, 0.174938543144667, 0.33890489727174955, 0.19017495759994046, -0.04857098883312861, -0.03969586034278194, 0.05872539479831931, -0.3957430444901866, -0.8703800893209411, 0.18001165884181528, 0.32974456712192185, 0.874148067042426, 0.23337133676020197, -1.6720693947057292, 0.5965635310136894, 0.030484220356319924, 1.653514783553112, -0.6305050330323357, -0.0848888436730263, -0.08692311503579236, 0.25456761627657226, 0.030220369453764984, 0.14102504055184117, -0.2365219472400909, -0.11388533085894288, -0.07315667603026896, -0.22176488297883873, -0.10247125865199609, 0.14327424571360992, 0.24362079089390903], "trans": [-51.707025317498974, 7.017680227404196, -0.950330927434913]}