{"betas": [1.7511515842605234, 0.3670231778082652, 0.03978433168027672, 0.004913282851196045, 0.02958606384598556, 0.001461046037256542, 0.028411238985692, 0.012589726574853976, -0.014340388809218167, -0.004234100351574732], "pose": [-1.588540049113498, -0.15007575159927986, 0.15007575159927986, -0.38851460228015033, -0.01805977972753586, 0.08936830734326812, -0.38068024880712764, -0.03348171710724096, -0.06285677980097384, 0.2915253219667267, 0.00033204329415398765, -0.004898815114582915, 0.6917220362089002, -0.044375096159675206, -0.14329337188401367, 0.6832145498472828, 0.024499313345504446, 0.07788983112824058, -0.017992527252547356, -0.0033374738252638595, 0.020773125259576194, -0.06524483750002452, 0.0840083874590473, -0.06724204046137901, -0.14926167651082792, -0.16638024809212518, 0.2016838273399479, 0.033813740773223536, -0.03499340961291654, 0.0077592821299984896, -0.2949186619274326, 0.23369113990505821, 0.1812669938373942, -0.12334769577823938, 0.10849964786085174, -0.33646605471126745, -0.1683622419743171, 0.11104697330923173, 0.041844418569886334, 0.012196678246032372, 0.007085721723465331, -0.348901877289036, -0.023059774459165995, 0.04614842857408799, 0.3614823197576648, 0.15441999872787088, 0.001145303762052117, -0.030737507376275706, 0.06422429351924945, -0.31435191326042466, -0.8094247871139746, 0.18884241060345894, 0.224995189933342, 0.8265060589410049, 0.2093978655012233, -1.4078598611081112, 0.4650531394078629, -0.0017241251920618382, 1.2215242762651735, -0.41929792178137637, -0.10383539902503612, -0.07591584604968334, 0.16492237822162306, -0.022749629690838463, 0.08870611273483216, -0.11453018116084752, -0.11498008032785426, -0.06130054661270251, -0.20141017357589278, -0.10168212861974783, 0.11671910352110693, 0.21426104795397405], "trans": [-28.50854137416502, 3.2867587470249116, -0.8499773758134126]}