{"betas": [0.12182979554792384, 0.0498104030700563, 0.01874907528210161, 0.028247290178977192, -0.01045515424154793, 0.003794310233826808, -0.007750463989420916, 0.008476040652062412, 0.013630708331879994, -0.014916307566096007], "pose": [-1.0118192334305878, -1.4751855218966632, 1.4751855218966634, -0.45370999546897955, -0.038719087555752485, 0.12421510506969534, -0.457884627317826, -0.011247495563424966, -0.13254230916988408, 0.3188662614239591, 0.001947736747531097, -0.004128855078631193, 0.6759820440743455, -0.017614709625498097, -0.14905713288110792, 0.814231445904562, 0.0257890755258121, 0.07052852953380927, -0.023252374489707597, 0.004840531709134147, 0.012918324938692655, -0.08238746142236045, 0.06345843403270982, -0.0379080645637056, -0.15748027431231634, -0.16399739563745516, 0.22281749086178956, 0.02309091273564593, -0.026614892627072097, 0.006252895340496571, -0.2981596167244825, 0.27366883409572357, 0.1817641583882391, -0.15636147335695594, 0.13702175792078214, -0.37547006421360635, -0.24420479576629586, 0.17950278310802725, 0.02699413699581389, -0.0070053247690540004, -0.0628555874863882, -0.3458676427975253, -0.035031979536978224, 0.12361257803249676, 0.34653679593574527, 0.1192796417648474, 0.04813249784887647, -0.06179285393859939, 0.07649852188511953, -0.3529791137380157, -0.8273312685002817, 0.21245578971621362, 0.31298285367530204, 0.851957835718532, 0.21733947552750202, -1.5675363709327275, 0.5136403533316197, 0.040621384082330694, 1.4637198329744414, -0.48086242547350244, -0.09505630993059082, -0.08803090110357731, 0.23268377094562218, -0.008797669673309966, 0.12457399964258396, -0.17671783461704468, -0.11957185287213475, -0.06977527609411308, -0.22057606968881469, -0.1162976159647944, 0.12626808269253154, 0.23413381112935963], "trans": [-58.671154625671115, -12.978631433416737, -1.4255473593395802]}