{"betas": [-0.04531959800123942, 0.25816046623113975, -0.10443940742347267, -0.07597029208210594, 0.013911735992459227, 0.013954990810594958, 0.00840059268463032, 0.018210526354907698, -0.01144635948893292, 0.002226290135924623], "pose": [-1.5691358762827452, -0.0847085719953419, 0.0847085719953419, -0.46446909211605014, -0.05870204953176826, 0.04579257545109215, -0.039371393538871514, -0.07705962017582808, -0.05166911080007197, 0.2735491422036207, 0.0631052881467373, -0.021339232410709928, 0.5791669140460706, -0.0020688934775843115, -0.16936585467503484, 0.7595744488078257, 0.11444627161843925, 0.09368334925851544, -0.019949784814896412, -0.015896721033790546, 0.026044671599133536, 0.05581078516635833, 0.08834214949968876, -0.0008370896115837874, -0.08382970713528448, -0.16697001400568176, 0.10993370947571071, 0.08250678397111823, -0.027045954372289082, -0.021784973851499197, -0.29508760102173964, 0.22590522304819735, 0.1089799950044012, -0.11523221881213559, 0.1692676076407726, -0.18691854501002422, 0.07823530162545977, 0.042214400863277865, 0.07391425835841856, 0.05531465033442288, 0.09810150740924585, -0.4872109452849786, -0.005365774680947444, 0.006108403215216502, 0.5213008113841808, 0.4025323694922824, -0.07420604719415554, -0.07371618979133382, 0.06087912201130505, -0.22549193601999112, -0.8801078464976909, 0.19555143488479457, 0.25407277126283345, 0.8615541280868401, 0.14231013721473654, -0.5213932892854936, 0.14400830646093704, -0.08474099859220416, 0.47253865272926837, -0.1441885221273113, -0.060240235443065615, 0.030524815614383312, -0.0646971668282159, -0.002652507676680975, -0.007561262411111189, 0.033959310264972606, -0.19011962960433046, -0.06289884758971458, -0.18749860471156143, -0.09653637672464953, 0.11216145876069201, 0.21992361850084008], "trans": [-27.6150958999253, -7.155073094534495, -0.8664263183371366]}