{"betas": [-0.10716845975804463, 0.03555393559239171, -0.022909588301634677, -0.0022321960585287635, -0.011360188238027402, 0.007048778770267401, 0.0026244476494828445, 0.001119221678184007, 0.011361241992361597, -0.011308692156923365], "dual": [-0.00880918353034349, 0.013774540360664889, 0.00665987630914297, 0.016014825367474433, 0.001149093703098257, 0.0015799052084590924, -0.003689998226113561, -0.0004952027402557649, 0.0024152427439392467, -0.005009392694633005], "pose": [-1.1441793035358132, -1.305323799775817, 1.305323799775817, -0.5195160125063791, -0.07432653559843108, 0.09191943884641152, -0.4749251450563181, 0.022168043473486818, -0.08858564345594215, 0.3721332483443769, 0.0012715671967507937, -0.01288440691302438, 0.7784118928856378, 0.03002532796682291, -0.15015682535308006, 0.9098689634483901, -0.04303652735144453, 0.06537067011401629, 0.0055753438871021885, 0.02615345930433205, 0.026774339207054392, -0.06163683611665121, -0.0028812860800459745, 0.029310046674532693, -0.1640809509792215, -0.06613388610421271, 0.13143072147994095, 0.03979166057856303, -0.04956291625334901, -0.0012647291725425083, -0.3849887849785319, 0.33289730724059785, 0.14555015547087935, -0.19347248401645362, 0.0105218128399681, -0.2683149389478454, -0.20564811668437757, 0.1396760846532091, 0.05109394153513727, 0.15625174109904869, 0.12763419256074837, -0.6570107307334383, 0.08431629244231319, -0.025921896760323106, 0.6549104559418901, 0.18560781185134514, 0.01960055746496522, -0.08757938161969762, 0.30413536391805734, -0.31255299366037265, -1.4326244824933918, 0.4774331454470273, 0.27829127646238866, 1.423976374300161, 0.5182414153808792, -1.6119261844392438, 0.5651910627019722, 0.21084791942417105, 1.558581645806031, -0.5744915331690745, -0.15199760300509108, 0.008035813171543699, 0.21893578156515026, -0.033893998924320004, 0.0989707292431366, -0.21589730992202483, -0.17629315781234844, -0.11085262358246693, -0.2772798788958217, -0.1694248627154066, 0.17040597722120238, 0.31983397994919754], "trans": [-55.42982467713782, 6.452658956204401, -0.8862981779915661]}