{"betas": [-0.10716845975804463, 0.03555393559239171, -0.022909588301634677, -0.0022321960585287635, -0.011360188238027402, 0.007048778770267401, 0.0026244476494828445, 0.001119221678184007, 0.011361241992361597, -0.011308692156923365], "pose": [-1.4131485175786787, 0.8137572955457095, -0.8137572955457095, -0.5377920727660301, -0.02646784584179448, 0.20039367960801027, -0.6077615421339807, 0.0017462305738270326, -0.18646038521377628, 0.41977035196440093, -0.008916082234761492, -0.0010731132695741376, 0.8082690460609238, -0.04999387984585616, -0.154687678810182, 0.9128750476565911, 0.02148707062640926, 0.08933921214466838, -0.017536334500941542, 0.005086121120206225, 0.013879619698992141, -0.12073744104748725, 0.053152652601728335, -0.04747781607002956, -0.17592196499618937, -0.14508087018688484, 0.20409015422867854, 0.02137411109941342, -0.0324458395394456, 0.006444142608144562, -0.30236094783669787, 0.288826919042772, 0.2001058323052047, -0.15391141069390216, 0.07697628862530205, -0.34473328321616953, -0.196710132716864, 0.08448943672174782, 0.03716864639858689, 0.004246039867474021, -0.07139820303942636, -0.34979510427840066, -0.04843090583787471, 0.14431542430141614, 0.3188824248705874, 0.12062255171638248, -0.040413642399030635, -0.03248637713549833, 0.03175702860351383, -0.3309433451800872, -0.8316374861567375, 0.1326678368359376, 0.3269829536466898, 0.8233549202587634, 0.1421691498939054, -1.4689740459074045, 0.5411149069563865, -0.047459390926361866, 1.5327936434732525, -0.595637994775404, -0.09215968540975857, -0.05667510207404233, 0.24605752110392193, 0.005502987393252103, 0.11615114515550276, -0.2237847835565777, -0.14281491974892316, -0.07039123970066109, -0.23419394035998936, -0.13032171999646422, 0.1373711692665061, 0.24785375197031675], "trans": [-60.02197270374942, 5.294337562514651, -0.923371057691601]}