{"betas": [1.726796659765029, 0.41891031545459445, -0.15139553369490252, -0.5462419580768579, -0.07855182412525559, 0.07595039952460043, 0.008045347212360082, 0.06009336300381875, 0.04481580265154796, 0.006120580758014304], "pose": [-0.182890130035534, 2.132001313272212, -2.132001313272212, -0.20716406009352037, 0.0031732583281405932, 0.03178703104456881, -0.36860911087647535, 0.04456108004676472, -0.1394070408552311, 0.33807629155858043, -0.04696400472685321, 0.006689794710835066, 0.3384044453543671, -0.07019436364389849, -0.09948687625308042, 1.1141841091201252, 0.10877564586418159, 0.06506377263007482, 0.08518689057125359, -0.047474387951243716, 0.06836318768617713, -0.09608821984249406, 0.11909051803312022, 0.008603746593105518, -0.07932390160207063, -0.16462609405958292, 0.22506079620020084, 0.07025747514998872, -0.07114703016165398, 0.0049223511651754, -0.272394884295658, 0.266928161738011, 0.1897106446407267, -0.19373831021853255, 0.1668694387565014, -0.298403269924195, -0.009973972559456855, -0.015664275644315707, 0.10341002074003251, 0.07328767775591252, -0.15890471181798294, -0.3983853794067517, -0.03200995253895064, 0.17643125475838783, 0.3848465729310983, 0.2967115306490001, -0.15577324052863303, -0.036848482344365434, 0.1156778587472394, -0.02373440632835036, -0.7821502643354871, 0.7636706417074448, 0.16075704384344922, 0.7160371209645261, 0.5366156806417435, -1.2989596361130005, -0.2344506731694765, 0.26696809449844433, 1.3632867253556349, -0.3162054640357105, -0.011023847192738141, -0.06683535804712491, 0.16287521281649744, 0.07089678376424913, 0.09935446066288675, -0.14840299785206432, -0.20902154964129907, -0.05976939073094739, -0.21222151115098223, -0.15961912115733803, 0.13162939188775952, 0.21297144489937958], "trans": [-11.039988965987517, 4.780301576752497, -0.6922739819237504]}