{"betas": [-0.10716845975804463, 0.03555393559239171, -0.022909588301634677, -0.0022321960585287635, -0.011360188238027402, 0.007048778770267401, 0.0026244476494828445, 0.001119221678184007, 0.011361241992361597, -0.011308692156923365], "pose": [-1.4088054222280981, 0.824560858834655, -0.824560858834655, -0.5182296743846221, -0.03666506981924371, 0.17770158381001308, -0.5222292047687597, -0.00715526765037654, -0.16185777632090267, 0.3877280652832303, 0.0033356218761723616, -0.006974924792570234, 0.7969822578917085, -0.03086257041479848, -0.15503976637550965, 0.9001062189700997, 0.019053025948331925, 0.08343855718349377, -0.010793404956551546, -0.0012475036556891265, 0.014567668380017745, -0.11249999088557462, 0.0497377206036757, -0.03704623872232385, -0.18758476669131324, -0.1418863363353053, 0.18700621141159385, 0.016171404123521988, -0.02754059548960297, 0.0057391715148911214, -0.30086728055253453, 0.29822508628920547, 0.1847484775877768, -0.1500509402805502, 0.0857755305994667, -0.32270088455934864, -0.2070455415711153, 0.09724438709460058, 0.038502047829762256, -0.01148978079629977, -0.1150085501200252, -0.3355904496066001, -0.054050870567373586, 0.1832905706999225, 0.31621288834765876, 0.12613473317293236, -0.03859119408934191, -0.03546993571797227, 0.032624110392673406, -0.38313934756440815, -0.8222648926587762, 0.14868144795952817, 0.357566959609668, 0.8387715937088858, 0.15938726186830132, -1.5857164226861404, 0.5815087043547467, -0.007955577579892261, 1.587817135589997, -0.6061394616864391, -0.10831281248034288, -0.07183201349174584, 0.25752216678857726, -0.001244443959962041, 0.12404397655195207, -0.2230941065231101, -0.11260336680980063, -0.06519578965235942, -0.22341850014830383, -0.11550114404056283, 0.13558145469913702, 0.23670159050308182], "trans": [-58.75771770317399, 5.885040494571872, -0.9238817536338664]}