{"betas": [0.33303066142902105, 0.22906885785386125, 0.1321746135337195, 0.03485680493593007, -0.034928744222964915, 0.03738652273642406, 0.06435992437738675, -0.06135207138309116, 0.004712805749211021, -0.03328562850670294], "pose": [-1.2992181030789, -1.227963980622456, 1.2029639806224564, -0.3689896298887766, 0.07015302016381893, -0.1348159829277066, 0.2601664471467276, -0.019953209939279994, -0.05397804749595616, 0.3486651743867558, 0.07193390541157875, -0.006178212121687027, 0.10992898703160886, 0.06770166528183896, -0.005580516883811205, 0.2469656538900359, -0.05583017617658547, 0.02408057105959934, -0.005512585559546713, -0.026482854634147863, -0.004353457010212269, 0.026626696580591712, 0.06710050661611922, -0.03253197678049786, -0.1413177462029656, -0.15320616177170868, 0.15719217789520623, 0.008916106938536327, 0.0199076474799701, 0.01360105322006802, -0.21187042991711028, 0.27964159067503835, 0.14083158523610534, -0.08783791717298685, 0.1804214014665977, -0.2733191267105491, -0.2071383296624885, 0.22530635363850907, 0.012793792036116216, -0.10076765157047819, -0.3281477616215188, -0.2473030744438827, -0.09274876117770837, 0.41998367268053816, 0.23613974421899475, 0.13819539020122917, 0.04152725890407368, -0.046411075918896025, 0.01341993370983956, -0.45872692789176145, -0.6929266521301477, 0.11469839625964967, 0.5749437343132071, 0.7627537727740679, 0.059320663489082257, -1.478992944671742, 0.5098892456615655, 0.08190197796505554, 1.5272897403150207, -0.48752097914957937, -0.045369906186693516, -0.13750497615781426, 0.3618031491088267, 0.014619718331228026, 0.18007175972401682, -0.3039213835120756, -0.10324325506123892, -0.060865833275643155, -0.1911763844894724, -0.09580068649615976, 0.12583019824008057, 0.21382897916207483], "trans": [-18.43122722596936, 11.615453246856198, -0.5721884751152914]}