{"betas": [0.19173745763710806, 0.20679507266967936, 0.025545764337162807, -0.024244743693028488, 0.0007202369641003663, 0.013236882350636182, 0.021343764601424748, 0.007373052342460504, -0.01918535564321634, -0.005662447391478864], "pose": [-1.5122931082219395, 0.5653490255510886, -0.5478490255510886, -0.24447167733106315, -0.009488139191764132, 0.017940787998638366, -0.25993991511094505, 0.005222737768565257, -0.011520544391981614, 0.3158222252447492, -0.062494714456452195, 0.011534313474102102, 1.0580474574390262, -0.12833858765015016, -0.0842992357781316, 0.27654263543381774, 0.04701582872383438, 0.14972703988801594, -0.030149994083612405, -0.006538353302102508, 0.021405589015874252, -0.15710500583413006, 0.0643276435965608, -0.07450934641513159, -0.11118629383151632, -0.16738632502893971, 0.2782469902747431, 0.009793186211577903, -0.05640070607767358, 0.011141503365952803, -0.2841634346669265, 0.23364283452339168, 0.1784056326082844, -0.1198206093368665, 0.11432707381569333, -0.43772311058153535, -0.25095857220689816, 0.013831287799296273, 0.04144439538565856, -0.0023275042036512124, -0.06722071130731244, -0.29968496058128136, -0.06818443830633451, 0.09151300363137933, 0.2807667975457394, 0.07593961254066858, -0.08336930358424934, -0.0009240564094978722, 0.013693966482370805, -0.3573738113178081, -0.7589188652100576, 0.13065379753610454, 0.23797909930269004, 0.7386122239328126, 0.1476014066591814, -1.432638538705755, 0.47743028864443654, -0.043844769005907086, 1.4220023294504964, -0.5144760755652349, -0.10584229383482244, -0.0967430668992166, 0.17190358758221805, 0.0030765988020936045, 0.11174891676246669, -0.13459295639960556, -0.09704211553174052, -0.06424037021613788, -0.21319431730068367, -0.098896664342809, 0.1302018156156565, 0.2183739517585618], "trans": [-28.743620337463067, 11.871273959200073, -0.4745624288153456]}