{"betas": [0.19173745763710806, 0.20679507266967936, 0.025545764337162807, -0.024244743693028488, 0.0007202369641003663, 0.013236882350636182, 0.021343764601424748, 0.007373052342460504, -0.01918535564321634, -0.005662447391478864], "pose": [-1.6703821105163819, -0.24231327931891547, 0.21731327931891545, -0.6370571561981057, 0.0070686554212820146, -0.05370811779621663, 0.11570504281545016, 0.15714530173037533, 0.06766741382312254, 0.382433217416953, -0.01485067505536607, -0.002281580631178322, 0.2081326783451169, -0.06676501934924847, -0.02449471976264972, 0.09595210438118193, -0.13318746359349004, -0.05039408465775554, -0.0382004128086166, -0.0029890259399166868, 0.01709352516334779, -0.09832312831610242, 0.07675691013044587, -0.07079704944891109, -0.15684380977957843, -0.15612873004105807, 0.23056684103340885, 0.02047686970543081, -0.03476391064604548, 0.012047120125895804, -0.27721298407226425, 0.24385733907346818, 0.20152173533736942, -0.13002878589175765, 0.10531726707032056, -0.370436177066261, -0.21857834300333662, 0.10128741191849691, 0.027550139817929527, -0.01853654701403147, -0.07407805420111659, -0.3014495233047523, -0.05080320722104264, 0.12159887112779916, 0.298330230746772, 0.10322362231454303, -0.03000010013505926, -0.01598499721795058, 0.8924103452026333, -0.8677355794074985, -0.8400875107368144, 1.0667659258307103, 0.5330812224065294, 0.8086599191511734, -0.07122742098104903, -1.2473120381067742, 0.4111469542500608, -0.29319877950892, 1.2751568908206612, -0.3609942782813395, -0.09130641433798552, -0.07173619898092151, 0.20967304433426173, -0.013955154963818842, 0.09542686426817477, -0.15221902826954903, -0.1204594653855867, -0.06061989899830121, -0.20819434847992635, -0.11224325820867861, 0.1204784969405217, 0.21555876558511805], "trans": [-29.199335711750145, 2.069870416600796, -0.8077962363590623]}