{"betas": [0.40466836330444017, 0.05863328700476435, 0.12669029315925331, -0.03563903324106255, -0.03161275739992719, 0.041330373522867565, 0.0442195718616265, -0.05240537505411271, 0.026760476646685124, -0.027919142557181535], "pose": [-1.6205886655102368, 0.02996049225437847, -0.02996049225437847, -0.26898962988877656, -0.004846979836181069, 0.04018401707229338, -0.11483355285327239, -0.019953209939279994, -0.05397804749595616, 0.23480590284464883, 0.01818144505664117, -0.05003944599493569, 0.3349289870316089, -0.007298334718161048, -0.1555805168838112, 1.0969656538900363, 0.11916982382341457, 0.04908057105959934, 0.030192892129884536, -0.10157278885947771, 0.08640503966556287, -0.12552768309829607, 0.12601779034607996, 0.02662075786953795, -0.10791356835961849, -0.12749858239609912, 0.19162743467521318, 0.049239304397318974, -0.06914437758127358, -0.0020052306066076844, -0.236128435917021, 0.24894894003580692, 0.14725797689148462, -0.15866703433506246, 0.125199360858755, -0.2584750755020546, -0.24285514129028368, 0.0593279053487476, -0.16684042619874315, 0.0270321079792341, -0.1766036206408843, -0.28825317395211836, -0.08208562411794451, 0.14924746969987884, 0.33606676614821546, 0.2144071446228778, -0.016810166875601357, 0.0024533911699791758, 0.18325512233123273, -0.4705856247052162, -0.8460748992023948, 0.17295172529227162, 0.2610868919323772, 0.9802567954842748, 0.4916270150325839, -1.7546850981168292, 0.17012393618171273, 0.5767490235599155, 1.8105575767520374, -0.5741895266242819, -0.09192015592577231, -0.08461613968111097, 0.13801197862907288, -0.013575052060791013, 0.0962822606384078, -0.08649143448786181, -0.08594396235503736, -0.03290301016660924, -0.1849053510491955, -0.08147431433178079, 0.131393345812198, 0.16793474123463906], "trans": [-10.581798145946522, -3.446076470912635, -0.7964379085739576]}