{"betas": [0.33303066142902105, 0.22906885785386125, 0.1321746135337195, 0.03485680493593007, -0.034928744222964915, 0.03738652273642406, 0.06435992437738675, -0.06135207138309116, 0.004712805749211021, -0.03328562850670294], "pose": [-1.5981383022739988, -0.4199108977725712, 0.39491089777257116, -0.15075322235547925, 0.0046509425105620145, 0.023513712145060775, -0.4795430660265218, 0.019356831861688482, -0.0112482096207707, 0.23395861688473482, -0.0351466629353443, -0.02519692810335609, 0.17502300103440313, -0.062428976915448214, -0.10290805833626657, 1.1838010035307545, 0.07633081540469878, 0.06861051906429992, 0.025270503898433005, -0.03954679022408022, 0.04544503643797811, -0.07794296575743158, 0.10756670868789253, -0.054317742465406174, -0.17160192627151102, -0.1497252799242203, 0.18837456085064402, 0.02880695332746241, -0.0742777033941931, 0.002868307793677787, -0.28943357042830165, 0.22817349323630626, 0.20940770853108573, -0.12644804280733513, 0.10066934256028616, -0.30323561014713646, -0.15036194619127685, 0.1592487157714726, 0.06224085537264302, 0.06712417156771547, -0.05157228488151558, -0.42444698276020626, -0.0006689400799446538, 0.01888723744438939, 0.4344624803019773, 0.18580798200260443, 0.010660412118722885, -0.06559450768037192, 0.1896016110114676, -0.3477925789662077, -0.926355583347172, 0.3175287209114428, 0.20270389681730902, 0.9549257877224933, 0.49175351122733785, -1.4544285248070563, 0.3448392768884917, 0.16469005150877042, 1.4014113200787448, -0.42197506997349593, 0.011451684151604273, -0.08180211690866282, 0.06449432033314444, -0.028858585600814755, 0.10913626850791769, -0.030294997189592943, -0.21415188640922256, -0.06682776703449113, -0.23655629005298195, -0.14112751796021406, 0.12667383758508063, 0.2399009159495882], "trans": [-12.792107934936583, 6.675483603288555, -0.5847707364657427]}