{"betas": [1.8964894903024812, 0.31493576625010133, -0.1035326407414528, -0.4364464500446508, -0.04973432451903863, 0.09833628269918979, 0.014303769774192097, -0.026993742994641887, 0.07112343154180402, -0.03308173982274214], "pose": [-0.08705307993620254, 2.179792314998956, -2.204792314998956, 0.0990845719267851, 0.006201783262562024, -0.006276765986439523, -0.6768137967602691, 0.07658343601257057, -0.07545206177636621, 0.2222228294560877, -0.1291758143568014, 0.007496966953272419, 0.3249044776599079, -0.31001698969743, -0.055227663951053524, 0.28606557392187126, -0.11453337582850653, 0.112515970932081, -0.035525494636689685, -0.018107633087153227, 0.02773182419700011, -0.07008496790385184, 0.05788871619551677, 0.043074384779381636, 0.021947431815373293, -0.22174446579418838, 0.20482104765298262, 0.03838298737878807, -0.0950878901346231, -0.015575835955791867, -0.20189981035812318, 0.22400897410148718, -0.0344885303808803, 0.08638574621039176, 0.2457220150559219, -0.3089657067203576, 0.019151918321904923, 0.047277068827131584, 0.012103674219371148, 0.02982444191264243, -0.051392783447557794, -0.45565551268915183, -0.06196285886726375, 0.06206157659941186, 0.5075274304274364, 0.36375919045520344, -0.0012511680142957907, 0.0007163117001225448, 0.4552546619128054, -0.2784458579235869, -0.6608907556471686, 0.5599909456979182, 0.2668928614836416, 0.5302356945630536, 0.47732984092118413, -0.9817120741515768, 0.026359019832854706, 0.3465704130945151, 0.9782310509869233, -0.1112991704253715, 0.08175541630110589, 0.03451859297472696, -0.06675246431720312, 0.0377364363589914, -0.00013217441521763776, 0.03195860705101984, -0.17281680525163892, -0.0942570437392497, -0.18660974707071173, -0.08895397035287975, 0.14438244106832124, 0.23965595013177954], "trans": [-10.359613602629135, -3.2854730724950905, -0.7925497042648263]}