{"betas": [0.19173745763710806, 0.20679507266967936, 0.025545764337162807, -0.024244743693028488, 0.0007202369641003663, 0.013236882350636182, 0.021343764601424748, 0.007373052342460504, -0.01918535564321634, -0.005662447391478864], "pose": [-1.5486357034256355, 0.08756610233942157, -0.08756610233942157, -0.3021955119160502, 0.0003449007171520725, 0.023929876490932797, -0.48619668299254165, -0.07828546680334426, -0.0035002612092533483, 0.3132953985319003, -0.013505688976687236, -0.00320620971468886, 0.3643464940047718, 0.04517933275232926, -0.1065790805040176, 1.1183618782659113, 0.2014330964295708, 0.11690252484338878, -0.04445542138809167, -0.002625376968232508, 0.01748818996497471, -0.07941881933455276, 0.09023778563061814, -0.07710369446676409, -0.14502278030094767, -0.17128035110790044, 0.2342955513861794, 0.02358106643829474, -0.03635408656493245, 0.007590605541033862, -0.27197458636323046, 0.21644047512878878, 0.1980613706683149, -0.1250019302517934, 0.11760207651606222, -0.37581668857582323, -0.23008316688575214, 0.0766851703968555, 0.03609500199038667, -0.01315299876620244, -0.0007375458973826694, -0.31648890576331207, -0.05394929022710924, 0.05218273123043328, 0.3192592425994736, 0.1099895944714765, -0.039808076911105585, -0.01749030980450786, 0.8924103452026333, -0.8677355794074985, -0.8400875107368144, 1.0667659258307103, 0.5330812224065294, 0.8086599191511734, -0.07122742098104903, -1.2473120381067742, 0.4111469542500608, -0.29319877950892, 1.2751568908206612, -0.3609942782813395, -0.1175282250024837, -0.07153644022529362, 0.16281401322853253, -0.03629316360977754, 0.08562736247176765, -0.11154532331835867, -0.11889478486525218, -0.059975724914388, -0.20594146921796694, -0.09851890337978568, 0.11236596002256227, 0.20998849979058412], "trans": [-28.797366943254833, -0.2612695906478715, -0.8695388325760247]}