{"betas": [-0.10716845975804463, 0.03555393559239171, -0.022909588301634677, -0.0022321960585287635, -0.011360188238027402, 0.007048778770267401, 0.0026244476494828445, 0.001119221678184007, 0.011361241992361597, -0.011308692156923365], "pose": [-1.352660621593097, 0.9518926706990136, -0.9518926706990137, -0.5762474297276721, -0.042109450447459174, 0.16269589682498367, -0.5471001662411438, -0.008290394996535324, -0.14976057221803826, 0.4209136700108978, 0.00942671934628466, -0.005541560353275879, 0.7978124302084255, -0.005962261107827338, -0.16220518524763974, 0.9387365562190911, 0.0069246924230017305, 0.08912418799381516, -0.015959466863868267, 0.007383083564650004, 0.011243272963441025, -0.09566633999550588, 0.05492239708934425, -0.031505760879247974, -0.18768240325691604, -0.14907571260112099, 0.17938649759703115, 0.02592923145114815, -0.02442256524232039, 0.004201955536066675, -0.3060994203976641, 0.29194667831368626, 0.19126161611875037, -0.1585014087877784, 0.08492951199181777, -0.3225570986809666, -0.19744261831830584, 0.11522296593260631, 0.03416230804053802, 0.0129992726539526, -0.0694369354689164, -0.37741768648659524, -0.03420373085922766, 0.15646090117956213, 0.3483546405661343, 0.1312481046819718, -0.01610363129918327, -0.04562749260224588, 0.07282171485418777, -0.3152786334616444, -0.8763215071447354, 0.1691274800296568, 0.3441092706973805, 0.8703533393417939, 0.19749907819803805, -1.4622745343043928, 0.5132069233140211, 0.007620342663024401, 1.5176454182606136, -0.5600840391090174, -0.07605600704509018, -0.054341883008049506, 0.24768409459387114, 0.013975589963221303, 0.12040604333546391, -0.22628238535140047, -0.1605955968470242, -0.0735263141196263, -0.23491272258097437, -0.13495934194336925, 0.1377205161021394, 0.249549519986305], "trans": [-61.857262870797136, 4.878230150084261, -0.9426204851237201]}