{"betas": [-0.04531959800123942, 0.25816046623113975, -0.10443940742347267, -0.07597029208210594, 0.013911735992459227, 0.013954990810594958, 0.00840059268463032, 0.018210526354907698, -0.01144635948893292, 0.002226290135924623], "pose": [-1.5677829071830764, -0.045186691447302675, 0.045186691447302675, -0.6039859517514583, -0.061526776375559866, 0.11309063380750833, 0.06068718203456476, -0.10029309657715668, -0.03966070716365008, 0.29501390010030204, 0.023103978186594994, -0.003708517411466309, 0.442442731770536, 0.1003649396574986, -0.1476925893697888, 0.5607225516548818, 0.11840312221348001, 0.054070015966563016, -0.02735088540733972, -0.004764665581637506, 0.020736597237789603, 0.01434740141588049, 0.08683692944948969, -0.02572430883246388, -0.07924067554679128, -0.1862916394974192, 0.15979790126514082, 0.07112109954295455, -0.031651730271875345, -0.011113970104691747, -0.29316508138153713, 0.2121321411475225, 0.11561016563712023, -0.09445535104499912, 0.18216945808437712, -0.2749068996389297, -0.020814258288481335, 0.07046576486458576, 0.060095665765795905, 0.04446240568630426, 0.05806045917616392, -0.46221789742838315, -0.01144862632313729, 0.034509375122384514, 0.49368879923471837, 0.3401819790637906, -0.05551929082593209, -0.06144009053348971, 0.06820658161556431, -0.23965996675606915, -0.8675513778548509, 0.1914130385879181, 0.24850371220892128, 0.8412786675135582, 0.16123065736445333, -0.6213408305075079, 0.15093584738263643, -0.06457338452641921, 0.5871097185563637, -0.15504609705711958, -0.023792823841312094, 0.0010267349450431562, -0.010027214455134258, 0.01647356004157679, 0.01697266196271092, -0.005431611275336593, -0.18769823807170025, -0.07091447007135686, -0.19685180710672037, -0.10904147119327075, 0.11805624676158048, 0.2287318301847642], "trans": [-27.06134561465662, -10.464517460432804, -0.9544618880563627]}