{"betas": [-0.459125293958982, 0.2836700625543276, -0.2828307762064238, 0.06170009900103966, 0.04114696315793381, 0.017447099752977802, -0.018216663065381097, 0.013285817624318214, 0.01584973647464493, -0.019639755817989615], "pose": [-1.6121433478986449, -0.3426380619712539, 0.3426380619712539, -0.25654591695262935, 0.0016904730787328827, 0.01822335006093327, 0.03623840635535594, -0.0033583826639966424, -0.024365701411713472, 0.24715986470255547, 0.02015999487286414, -0.007230282519484581, 0.22297635445715952, -0.01387088670386806, -0.027904040970452446, 0.7820406609302676, 0.0008453201587015138, 0.0009394174303204231, 0.0054289055977493495, -0.012203532384758319, 0.022313660810296475, 0.07001414443835736, 0.03585934020559732, 0.014364427662665186, -0.15956886332114226, -0.15060740643367665, 0.20416373757970105, 0.030438488038510854, -0.028864226572684983, -0.0015718056083513306, -0.24209486127985988, 0.20402519002889075, 0.2900405997677066, -0.13305253029298436, 0.07978905395597286, -0.31398039620159346, -0.1570085345817093, 0.09583502866064855, 0.0667686279934015, 0.04999382900786183, 0.026485505478181678, -0.4389074960824712, -0.03263724019335005, 0.06887154960379664, 0.3933676653494303, 0.17437541317663455, -0.04192324800837809, -0.057507786942608614, 0.1446007418308722, -0.17108175918889576, -0.8829342072694877, 0.09186518473468223, 0.34104337683499514, 0.7374512073469814, 0.21348469735312667, -0.3074147633646105, -0.03748765801141246, 0.28661280021161445, 2.179523122612234, -0.3440411534457892, -0.05236311934306653, -0.033760485369065146, 0.05782951386191173, -0.04621843434006312, 0.07927890381524952, -0.08867047929009053, -0.2698117362950942, -0.06781411214502717, -0.25796881145946726, -0.1731546696003479, 0.11715001607033838, 0.2526838463576725], "trans": [-11.129979696969942, 3.894198050361554, -0.5501957926633783]}