{"betas": [0.12182979554792384, 0.0498104030700563, 0.01874907528210161, 0.028247290178977192, -0.01045515424154793, 0.003794310233826808, -0.007750463989420916, 0.008476040652062412, 0.013630708331879994, -0.014916307566096007], "pose": [-1.2152054890870712, -1.1898346330667815, 1.1898346330667817, -0.313850674262916, -0.027238065996929964, 0.09555153323617545, -0.3868429753397445, -0.021718938260945633, -0.10114451386668805, 0.29211563263542284, -0.003554307647243447, -0.002708043855123345, 0.6800782243804707, -0.06132258518231766, -0.1379142711737446, 0.7992686586103327, -0.014155360965618272, 0.08375831767748497, -0.005400734351856397, -0.0022826465979064424, 0.014640019851249924, -0.09229434999927427, 0.06609485978891758, -0.02675010682054739, -0.15344987683005396, -0.18381115023941455, 0.189438653832844, 0.0199648810502923, -0.027860849799971905, 0.0006897272519815128, -0.2895302114825135, 0.2605156871025436, 0.1410395470012136, -0.12481678232350266, 0.14452178750171737, -0.3329927171445654, -0.20737081546344402, 0.0765360099207438, 0.0513806151967513, -0.009066352180294807, -0.09683395355650522, -0.3489382085284831, -0.05813461149983133, 0.16773339282818034, 0.3405087031682195, 0.15599505794927135, -0.04729331296649694, -0.04178376902748793, 0.0690333673962399, -0.359915853689765, -0.8104314606281062, 0.17835716828014553, 0.31828851661680435, 0.8093650552473226, 0.21609491446508092, -1.5027689151204426, 0.48901754218958055, 0.02796422188143995, 1.436697614392625, -0.49546818929239084, -0.08064846585506724, -0.09394782585079293, 0.19726800889944474, 0.017515560499740027, 0.12186566526960235, -0.16639353485677472, -0.1151734529449702, -0.06509074134225565, -0.20809484606865933, -0.09266069973313076, 0.1278946813249666, 0.21776202850868975], "trans": [-39.42750675762744, -8.708591397485279, -1.1541993414033214]}