{"betas": [-0.19266644468801378, 0.5771463667239267, -0.16308379457488245, -0.06462538974507079, 0.08054580167251779, 0.027975024271901693, 0.03561269911626106, 0.05188376016633901, -0.05289357868361275, 0.00684608270928935], "pose": [-1.551651679252123, 0.2871797441535611, -0.2871797441535611, -0.5079299700006199, -0.010564838625063149, 0.026786860752025868, 0.16735265417291464, -0.04680204883145064, -0.021632360747848148, 0.4116826386833779, -0.00945017143151298, 0.04304288361816824, 0.4410751130896806, -0.038775937438851694, -0.14678615205421353, 0.11236366433322337, -0.10635312056525484, 0.09119051774208281, 0.061438444798557076, -0.015143243860223383, -0.0001501218616833465, -0.06726312798048786, 0.029610063386425307, -0.0022448132917495833, -0.08535680917651088, -0.17408185568511253, 0.1566878819230906, 0.008940131785996947, -0.023280771152600514, -0.004882399501103305, -0.24437730990084677, 0.2530877789352238, 0.06832101917928958, 0.0009677670096071346, 0.1418988854061824, -0.26015120066762537, -0.05146885704564789, -0.06929960526370917, 0.050160237353746966, -0.011276696220834404, -0.3371932832669302, -0.44132201476452043, -0.05475508233555627, 0.4219566776797334, 0.3573982246491384, 0.34968873909071796, -0.162566081428854, -0.026306873442183566, 0.17830983926912072, -0.4070698721059294, -0.728438203321721, 0.1854446256235248, 0.52971536615297, 0.6891452434228609, 0.4385988342214581, -1.7744181780305708, 0.4059668995915141, 0.3804772871434778, 1.7381622414381337, -0.34059515627155923, -0.06337173412972856, -0.053007953086986165, 0.04235296471865388, 0.10563882677175286, 0.020137238405469653, -0.12636953924311914, -0.14672009249255633, -0.07174874924738602, -0.21990150955033122, -0.1452468811688811, 0.1378591389382164, 0.2411189584652654], "trans": [-16.53391844329206, 12.32479371130025, -0.45160672040788274]}