{"betas": [0.12182979554792384, 0.0498104030700563, 0.01874907528210161, 0.028247290178977192, -0.01045515424154793, 0.003794310233826808, -0.007750463989420916, 0.008476040652062412, 0.013630708331879994, -0.014916307566096007], "pose": [-1.1456560593987837, -1.2969885914922719, 1.296988591492272, -0.3816428745054297, -0.028609149715537352, 0.100893298428381, -0.44083585460321983, -0.015438616146620872, -0.09843053345183647, 0.331207948509688, -0.0038739849540215593, -0.0008499118541494245, 0.7124547576052904, -0.03495004205198532, -0.1449091744711522, 0.8152035508758337, -0.022134656639094665, 0.08745191065521643, -0.006166840295043248, 0.0041611588005415825, 0.014056853560929576, -0.08044772672241805, 0.0669029263375811, -0.027393783955254533, -0.15748605661148926, -0.17581141659271785, 0.18621501082204983, 0.028087818108329176, -0.03027432209545263, 0.0030028206550838403, -0.3035781522484026, 0.26181081338360096, 0.153192415362847, -0.1338500733949549, 0.13011763318024527, -0.3367996228618974, -0.20061845406439777, 0.11984415469862549, 0.0411187705202743, 0.022969117768625515, -0.05714226241475632, -0.3931467695044855, -0.024736349975014796, 0.13130341165502216, 0.3793992217780983, 0.14553017154646783, 0.0008006457496323615, -0.052626489093339064, 0.12127188136932705, -0.31080289914369175, -0.8794817034293363, 0.22921708990325365, 0.292520569663015, 0.8730053554792518, 0.2959760794458769, -1.4677362867203692, 0.44631691572312415, 0.09287016306949906, 1.4287645271608247, -0.4545674290132336, -0.04156358217992745, -0.08433103939023695, 0.20595118264093654, 0.03321740443122529, 0.12591031738055133, -0.17752980929733148, -0.15636736416572733, -0.07427623139933583, -0.22208651073039581, -0.11783392881307336, 0.13300261438406288, 0.23637497493404322], "trans": [-48.98616847860808, -10.55710410510972, -0.9216078583946689]}