{"betas": [0.19173745763710806, 0.20679507266967936, 0.025545764337162807, -0.024244743693028488, 0.0007202369641003663, 0.013236882350636182, 0.021343764601424748, 0.007373052342460504, -0.01918535564321634, -0.005662447391478864], "pose": [-1.5589149503360649, -0.2263851599784474, 0.2263851599784474, 0.08052832266893682, 0.04051186080823587, 0.017940787998638366, -0.3099399151109451, 0.005222737768565258, -0.011520544391981614, 0.26873961698346555, 0.015338004215309637, -0.016940835879746367, 0.8830474574390262, -0.12833858765015016, -0.0842992357781316, 0.27654263543381774, 0.27201582872383434, 0.24972703988801592, -0.04430179321768395, -0.008719992590100333, 0.018696449671431845, -0.08851293713650105, 0.1452673148142873, -0.10015062835568134, -0.20006182255629854, -0.2098852687860801, 0.23894736609907638, 0.025208659846643607, -0.01975848195902386, 0.004377474618112522, -0.23466194818004285, 0.19854477555118108, 0.2604903461209237, -0.1557903711577179, 0.1612166970355419, -0.3687683544340279, -0.2409944774384049, 0.16393121270477964, 0.04349769274514729, -0.05331203135669762, -0.02338467275217246, -0.24640328828913763, -0.08044929059562113, 0.08082074024509259, 0.2588901559091598, 0.09323858107869329, 0.01454518987643419, -0.04548207526081646, 0.8924103452026333, -0.8677355794074985, -0.8400875107368144, 1.0667659258307103, 0.5330812224065294, 0.8086599191511734, -0.07122742098104903, -1.2473120381067742, 0.4111469542500608, -0.29319877950892, 1.2751568908206612, -0.3609942782813395, -0.03233131247580093, -0.0895141483896589, 0.15127350694622765, -0.02662516053883407, 0.09600414256695675, -0.07719894476472006, -0.16684871575200266, -0.04136794710738239, -0.1955956169501957, -0.10157694348504183, 0.08760513253025527, 0.17838499350367426], "trans": [-28.244899024819617, -4.109873403768324, -0.888789723236385]}