{"betas": [-0.10716845975804463, 0.03555393559239171, -0.022909588301634677, -0.0022321960585287635, -0.011360188238027402, 0.007048778770267401, 0.0026244476494828445, 0.001119221678184007, 0.011361241992361597, -0.011308692156923365], "pose": [-1.4492376865187209, 0.7169381435732178, -0.7169381435732178, -0.6324344602962458, -0.038865523878411905, 0.19548504603086242, -0.6143800002796025, 0.00027949980454115137, -0.1787734235123093, 0.4325962252141136, 0.009636819425730558, -0.00043030042156495796, 0.7609636615887495, -0.018467189451322693, -0.1578343233380339, 0.8942489375111773, 0.041331754581719414, 0.08509397719435342, -0.03477880748521274, 0.015335603950280894, 0.004306481292362583, -0.09391636717062596, 0.06303613546345523, -0.06976959071698, -0.1820429778493581, -0.1483892688223589, 0.2151957717316379, 0.024360422780167104, -0.017462360209494956, 0.006506774029978191, -0.2897655136324116, 0.27182624394316357, 0.24310908506111595, -0.16208378838359283, 0.0771627801046051, -0.36848469354870617, -0.22994132968023492, 0.12383559029575293, 0.026877196760254927, 0.005320727298015531, -0.025606267909466133, -0.34990130351251, -0.04866711430092487, 0.13389544416023352, 0.3007083257492145, 0.08247944061604216, -0.005444066034229197, -0.043597176823540924, 0.061701426859283724, -0.23856915726272976, -0.8328500757920498, 0.12336411172431598, 0.35483415378388894, 0.7940870310708875, 0.13027542068067482, -1.3469711268261528, 0.46619660477782277, -0.041491589721661525, 1.5243845874054012, -0.552074158272192, -0.07990217817855999, -0.05621243395272942, 0.25208802285183685, -0.0002910722762251841, 0.129186492133033, -0.23913237180351135, -0.18994298320471154, -0.07350139155763742, -0.24779744947914242, -0.14953809750749816, 0.13274123576645036, 0.25662107865018724], "trans": [-64.03979510333791, 4.239647856913257, -1.1814075449326713]}