{"betas": [0.12182979554792384, 0.0498104030700563, 0.01874907528210161, 0.028247290178977192, -0.01045515424154793, 0.003794310233826808, -0.007750463989420916, 0.008476040652062412, 0.013630708331879994, -0.014916307566096007], "pose": [-1.1456560593987837, -1.2969885914922719, 1.296988591492272, -0.38164248379744514, -0.028609080810275293, 0.10089323494357137, -0.44083592725618426, -0.015438523685039422, -0.09843047382585106, 0.33120774764234784, -0.003874155769046925, -0.000849950527633774, 0.7124547415346609, -0.03494993561679572, -0.14490912632886127, 0.8152035476020432, -0.02213471593797647, 0.08745191470921078, -0.006166753434605913, 0.004160992022539245, 0.014056838687356863, -0.08044778776412727, 0.06690283603937866, -0.027393722269438165, -0.1574860064803177, -0.17581128562636722, 0.18621505500557223, 0.02808772582732159, -0.030274481349414278, 0.0030027678252259812, -0.30357820646052136, 0.26181087587644275, 0.15319231560972568, -0.133849953642203, 0.13011768478309027, -0.3367996606888924, -0.20061855485888827, 0.1198440842954733, 0.04111872734004816, 0.022969161189332926, -0.05714298846971578, -0.39314696149121087, -0.024736319226044523, 0.1313037437820248, 0.37939932382686586, 0.14553029880204008, 0.0008005934262923609, -0.05262649700803977, 0.12127215512878946, -0.31080381778431104, -0.8794821078239108, 0.22921727757136398, 0.2925207025894032, 0.8730055315078962, 0.2959766843918289, -1.467737203405395, 0.44631696248283415, 0.09287033563510308, 1.4287647885831984, -0.4545674752210101, -0.04156372267271801, -0.08433117997424502, 0.2059510717639244, 0.03321739618103539, 0.12591034303081608, -0.17752969471986096, -0.15636716775339315, -0.07427623332763118, -0.22208651812055585, -0.11783393471142561, 0.13300266087947127, 0.2363749839448163], "trans": [-49.99099899439896, -11.142625663336467, -1.2517310679688698]}