{"betas": [-0.10716845975804463, 0.03555393559239171, -0.022909588301634677, -0.0022321960585287635, -0.011360188238027402, 0.007048778770267401, 0.0026244476494828445, 0.001119221678184007, 0.011361241992361597, -0.011308692156923365], "pose": [-1.2969597183193433, 1.059960241274642, -1.0599602412746423, -0.4334121900207369, -0.046748697773309776, 0.11768890676368954, -0.4261351988193932, -0.01435124039591356, -0.11050296762559575, 0.3566264870890632, 0.007208910612076769, -0.010589048307704655, 0.7860486784661173, -0.016613442797534378, -0.14872131179185502, 0.8764551998733338, -0.02300098060716518, 0.08153888013908166, 0.015199060183798246, -0.014599447937282347, 0.017439639903090595, -0.1014165370575398, 0.034948942050622066, -0.0026982766435657505, -0.1810014191518327, -0.14784572543630858, 0.15892663448413047, 0.01671364161313769, -0.02961051745459152, 0.002866605434733853, -0.3113836694481643, 0.32169080445827825, 0.13245354016227717, -0.13353917838090373, 0.10925162975727934, -0.2904554610115053, -0.1686727981014493, 0.0903804506141432, 0.04547946295516587, -0.021744999836193605, -0.19567709875533518, -0.3278778039910229, -0.06280708357723384, 0.24229576565865024, 0.3136709422053466, 0.17929836390354184, -0.049632712259177855, -0.039935288702021544, 0.04592375929273909, -0.4821600716798433, -0.8457896790585299, 0.17517519763385128, 0.3931797751567367, 0.8763285738472889, 0.23627798313114795, -1.8004682256500266, 0.6486806154758745, 0.05484448637060987, 1.7456319909942912, -0.6670813161699283, -0.11148041290354593, -0.09703362648279955, 0.2720439118755176, 0.010914882750587487, 0.14442473351623897, -0.2398040572632463, -0.07753203238138265, -0.06467480366680894, -0.21565186989924762, -0.09684098844139147, 0.14320628844835798, 0.23567050156335143], "trans": [-63.90156683184044, 4.447185021492762, -1.1093121400234442]}