{"betas": [0.33303066142902105, 0.22906885785386125, 0.1321746135337195, 0.03485680493593007, -0.034928744222964915, 0.03738652273642406, 0.06435992437738675, -0.06135207138309116, 0.004712805749211021, -0.03328562850670294], "pose": [-1.6207935876517023, 0.003441014901457103, -0.003441014901457103, 0.11336939189142245, 0.04578778335480605, 0.013749849078072654, -0.4969887869380496, 0.03602324702170595, -0.1486301949986945, 0.2789340161959751, -0.07700495842041588, 0.004780597531090893, 0.2733560296319828, -0.08727024549331293, -0.07524286026240534, 0.06889621287429354, -0.046979118036456824, 0.03511603656846783, 0.057636056074605195, -0.06227873751120911, 0.04318882584921198, -0.07954567802713058, 0.06061839060421776, -0.05470046082750441, 0.01722611678589016, -0.1087649428949027, 0.24625860253482929, 0.037492162859300134, -0.08017207375563273, 0.015141006503841644, -0.256888912884019, 0.25521952249496405, 0.1039710693952275, -0.031645225192408526, 0.1253065073097431, -0.3207519827915878, -0.14261556858583052, -0.008062901684768982, 0.09531934718114797, 0.032245473083775365, -0.2624737093720757, -0.28268330297183053, -0.037718862397910294, 0.22237498695652586, 0.2940231411892559, 0.3180944898213439, 0.18289595068339115, 0.019333351556619516, 0.092892082193606, -0.6294468132236111, -0.863002726050584, 0.3183502711123353, 0.3674148693808429, 0.9390283525398164, 0.3598062262547636, -1.6438078267164478, 0.43722398604810797, 0.38471083284530044, 1.623548226118891, -0.3945082276790837, -0.0658554748740989, -0.17816817462215476, 0.25435736853756347, 0.04982861461084856, 0.1693416958303079, -0.17320318482433286, -0.012515608322809684, -0.04843544390425339, -0.14962339727415078, -0.06475267929167207, 0.14934687344950173, 0.17332075281698317], "trans": [-10.73854077761912, -1.5924528943808118, -0.7583788813304387]}