{"betas": [1.0007394031128156, 0.13998077818863408, 0.20322321153559939, 0.06919845010960525, -0.06355964225067326, 0.0988583210768853, 0.031004152589175965, -0.07600298470585287, 0.01954775199647453, -0.05391534064665776], "pose": [-0.1738553705956546, 2.1367677690357856, -2.1367677690357856, -0.5260871352470339, -0.09932847456306926, 0.08348462134520132, 0.252306407126831, -0.08418477719408407, 0.03576227096567709, 0.20776257411132343, 0.12091413935052472, -0.03194454319487572, 0.14802588915327294, 0.10311481569957075, -0.13746976129772454, 0.30776275819256893, 0.10993443939435868, 0.0459209649761327, 0.02697798276284597, -0.014459641956182712, 0.02042709416269618, 0.15782523166251564, 0.10028564223453526, -0.0895315375701314, -0.15443467863233726, -0.14921407454270594, 0.09889373851151921, 0.08101751423187009, 0.009755214397907209, 0.0007128449488044274, -0.28423278877940594, 0.2304301347267619, 0.23687872704021556, -0.11664025969307848, 0.14452749332517123, -0.18253431008583743, -0.04522397760704507, 0.0014782877913493211, 0.033556647021005435, 0.02456683688850565, 0.011690131572848626, -0.4478565342655287, 0.03908169096024219, 0.06953083736334821, 0.4896034243378435, 0.29478396881139457, 0.08047084287719428, -0.1545547403598839, 0.24045860801367996, -0.3201444248158058, -0.8773443585822289, 0.2865250708401714, 0.3116940274020032, 0.8387116573495581, 0.5112343260530143, -1.4141774856268152, 0.2351620745857284, 0.30640907530529754, 1.2587025345265934, -0.19667284233725607, -0.08943316798600492, -0.03774322839533514, 0.10398602092355598, -0.13681710893001478, 0.07444579208639186, -0.05072709806113462, -0.20761490981838762, -0.06642505421300311, -0.21432820031409974, -0.13776267251424337, 0.10075443829544659, 0.23168317047347559], "trans": [-9.761578818538624, -2.944741244023212, -0.7981292481611977]}