{"betas": [0.12182979554792384, 0.0498104030700563, 0.01874907528210161, 0.028247290178977192, -0.01045515424154793, 0.003794310233826808, -0.007750463989420916, 0.008476040652062412, 0.013630708331879994, -0.014916307566096007], "pose": [-1.1456560593987837, -1.2969885914922719, 1.296988591492272, -0.38164254739925685, -0.028609119571342427, 0.10089314069574713, -0.4408358200884594, -0.015438552737650674, -0.09843040943224728, 0.33120768016305324, -0.0038740934680413387, -0.000849964962054264, 0.712454701886512, -0.034949915140101026, -0.14490914357244583, 0.8152035459551856, -0.0221347068585641, 0.08745191403690795, -0.0061667986963498764, 0.0041610406790297165, 0.014056827133271924, -0.0804477625510539, 0.06690286774973293, -0.027393714699747135, -0.15748601756001093, -0.17581132508697347, 0.1862150603231076, 0.02808774010130655, -0.030274428563468497, 0.0030027615995429704, -0.3035781949026135, 0.26181084201479315, 0.15319232852649844, -0.13384998013284294, 0.1301177139950316, -0.33679968358102313, -0.20061857989432083, 0.11984411023291383, 0.04111872574699748, 0.0229691368856889, -0.05714281114859122, -0.39314688811386367, -0.024736336141333352, 0.13130366442509267, 0.3793992808504993, 0.14553026410087103, 0.0008006091194423228, -0.052626516609679305, 0.12127214746214054, -0.31080362809515777, -0.8794820048038419, 0.22921725703041607, 0.2925206881033361, 0.8730054622569428, 0.29597661676963555, -1.4677371591991537, 0.4463169539169373, 0.09287032328728996, 1.4287647844870026, -0.4545674457715111, -0.0415637174806094, -0.08433118305424807, 0.20595107864922008, 0.0332173735945982, 0.1259103519747008, -0.17752969503148697, -0.1563671992633455, -0.074276229854425, -0.22208652292975575, -0.1178339220203133, 0.1330026443709818, 0.23637497900208626], "trans": [-51.68902393472613, -12.139887393863297, -1.3206969871415777]}