{"betas": [1.0007394031128156, 0.13998077818863408, 0.20322321153559939, 0.06919845010960525, -0.06355964225067326, 0.0988583210768853, 0.031004152589175965, -0.07600298470585287, 0.01954775199647453, -0.05391534064665776], "pose": [-0.10355017195701, 2.172590947611392, -2.172590947611392, -0.5260871352470339, -0.09932847456306926, 0.08348462134520132, 0.252306407126831, -0.08418477719408407, 0.03576227096567709, 0.234389791500158, 0.09780697284012045, -0.02240471797703713, 0.14802588915327294, 0.10311481569957075, -0.13746976129772454, 0.30776275819256893, 0.10993443939435868, 0.0459209649761327, -0.008786602944993728, -0.028940999259862838, 0.019487584694770632, 0.05080903551486922, 0.0997460712702949, -0.03230208966215445, -0.14132988816118533, -0.1527270920826745, 0.08727874569008066, 0.08496642723386472, -0.013783142857811731, -0.02038749289026111, -0.24304924780338819, 0.22267736243211678, 0.14792021287232288, -0.04480500801386482, 0.14194145892389193, -0.15350306711641978, 0.13633357973715027, -0.002607714655635046, 0.07995557040294551, 0.06041482100015383, 0.12216801317061758, -0.48461938505059415, -0.013208336875844278, 0.012188818521099067, 0.5001111375331573, 0.4114718160975801, -0.12996432652866868, -0.06194368610128025, 0.08539408007380009, -0.1988713546557371, -0.8932612367699461, 0.18605666418482608, 0.29533594036717736, 0.8526661480416977, 0.13239972470732195, -0.573118863776169, 0.16411992890834975, -0.057740883959537234, 0.5782693795272349, -0.16487147959536974, -0.09274995033939787, 0.020639849424386993, -0.052249949162838864, -0.03297109029251801, 0.006244774840649471, 0.014838751789686168, -0.17681332943416775, -0.05598552482276439, -0.18038344513350668, -0.09609472135703116, 0.11190088142480353, 0.2151456689327854], "trans": [-10.205540024458575, 0.33761274135133634, -0.7310075585369793]}