{"betas": [0.33303066142902105, 0.22906885785386125, 0.1321746135337195, 0.03485680493593007, -0.034928744222964915, 0.03738652273642406, 0.06435992437738675, -0.06135207138309116, 0.004712805749211021, -0.03328562850670294], "pose": [-1.5643598712299365, -0.5874850919415413, 0.5624850919415414, -0.16340852287270624, -0.04630126919648898, 0.09349695694335508, -0.1600760134871246, 0.05190156751582365, 0.138990295207923, 0.28003178403932505, -0.027908616352088605, 0.009201238819528763, 1.3652874671406092, -0.013589542880197631, -0.20735801623781808, 0.2238487712578735, 0.0561976231916709, 0.02202579299839687, 0.019566708479792055, -0.010848333098125695, 0.027154715955742124, -0.06625890840558717, 0.06705282041150955, -0.0015009785492717167, -0.15020209589184988, -0.17922823301238205, 0.13435254291356094, 0.03849849445169938, -0.047149313878111394, 0.005628838147160304, -0.32803206970733834, 0.2548797955280549, 0.07350027687741711, -0.07953004581469425, 0.11995983678923247, -0.287804536690343, -0.11616583521109976, 0.05522623023369934, 0.06290002730483413, 0.04401833741563548, -0.04449061307165179, -0.3901034258969668, -0.02935161795740026, 0.09427433970133543, 0.3725067001027438, 0.19065394562900972, -0.02751741423736107, -0.040126024974391744, 0.15627406421152432, -0.32880117468100756, -0.9455724866106263, 0.26516315096531484, 0.24823522352089697, 0.9244181303637177, 0.44059709574875155, -1.6881261809779076, 0.5177442654674612, 0.19937339903514473, 1.6471867771761546, -0.5516833760137472, -0.024873476146692285, -0.12009411123061585, 0.20666126763666523, 0.051896087233409764, 0.1577721810568145, -0.2028974395335357, -0.13975006443625643, -0.07611892749206545, -0.2191300414283017, -0.08890356906203009, 0.1437591434317298, 0.24392692600271096], "trans": [-14.262432174531385, 9.914991797316137, -0.4877239243460162]}