{"betas": [1.813289222669109, 0.20156947919784157, 0.0011390909961732187, -0.4871353642584728, -0.16755291678885467, 0.02420319783742449, 0.0691750353522659, -0.03790042278230592, 0.027389876576093666, 0.006434531786996541], "pose": [-0.32328852083335546, 2.0528735164359535, -2.0528735164359535, -0.6566652769632629, -0.14763234122510593, 0.11125995778128786, -0.17205418562613378, -0.014285590349314967, -0.05709541150821389, 0.2437912664862392, 0.004670540601009816, 0.009728077548689072, 0.8766037367332973, 0.055548970498950016, -0.20293502710156178, 0.296195246691213, 0.05089098024502191, 0.06260811319904008, 0.003939770895808343, -0.018719168971449165, 0.0472348990598721, -0.14676042830297503, 0.0400528570851585, -0.036465654513838895, -0.04946456812300081, -0.22200690853006366, 0.3319069111919635, 0.06716939310280341, -0.08869739387870218, -0.0002551228645514803, -0.328410801791742, 0.2678928141411303, 0.22145786829337613, -0.12804650787160685, 0.14630285464196136, -0.4936244323690628, 0.11818757497218543, -0.29936555529312325, 0.1384732990704885, 0.054021036659923354, -0.11749419557353619, -0.3034174891191481, -0.04652206372070405, 0.012729746260071867, 0.24970527688248395, 0.09537345331576827, -0.010264729148557451, 0.016905356791562062, 0.18639289058401134, -0.3333363017611164, -0.9932925307548122, 0.32097582776388384, 0.0737149952965972, 0.8987273785242346, 0.48086495972850996, -1.5904450977481885, 0.42497100401497545, 0.18906605852953756, 2.003769178254402, -0.7258778898216615, -0.06546387063107717, -0.14308852484521184, 0.019805972757146552, 0.06748816852898001, 0.1294848004382408, -0.059767504802319724, -0.11541838068694535, -0.052220450916125045, -0.2656571972041765, -0.13937505683955148, 0.14731397028570775, 0.22393073307907815], "trans": [-12.150606649490854, -1.4285181246730183, -0.8359177929229915]}