{"betas": [0.33303066142902105, 0.22906885785386125, 0.1321746135337195, 0.03485680493593007, -0.034928744222964915, 0.03738652273642406, 0.06435992437738675, -0.06135207138309116, 0.004712805749211021, -0.03328562850670294], "pose": [-1.6160482382777337, -0.26820331583653007, 0.21820331583653008, 0.191788152557646, 0.05582601287137866, 0.03460497618910592, -0.5054501207337926, 0.014245850841931154, -0.06922952219770301, 0.22171434774391383, -0.09120460652550488, 0.02270093433341548, 0.2130648539114836, -0.09627945440518751, -0.14975520500869072, 0.26200626438304014, -0.0820212506250109, 0.06878629072108329, 0.03450477462382341, -0.04689588995825823, 0.03219976297780326, -0.05219467314352546, 0.07964591270068466, -0.029752448595314084, -0.021857631720011345, -0.177967663540725, 0.25830918359950283, 0.03686939822560815, -0.08568074579691044, 0.009979783840352184, -0.28414898417048107, 0.21243022326081867, 0.08081668076947825, -0.041428584842083165, 0.18579820993547902, -0.3987598729292456, -0.14261556858583052, -0.008062901684768982, 0.09531934718114797, 0.023300239847322546, -0.16925557696485952, -0.3287739449098249, -0.036715910733310764, 0.09842073824681714, 0.3144400744244065, 0.3180944898213439, 0.18289595068339115, 0.019333351556619516, 0.1344765520246977, -0.5311281583617845, -0.8999877300940491, 0.20290333665491603, 0.21716253449749304, 0.8174071698254244, 0.4627391399993648, -1.6249108611876155, 0.4379246434869093, 0.059327386898254106, 1.2990086712065814, -0.4357013627946295, -0.06006276714793575, -0.14479291204506378, 0.09144298139013336, 0.023172142911205264, 0.11419674605580003, -0.06585574259003783, -0.09619633073969602, -0.070010970986571, -0.19737287810250045, -0.09873009115870508, 0.1320555760284812, 0.22595971694794695], "trans": [-11.533265738122259, 2.895028890857188, -0.6560905240184115]}