{"betas": [0.33303066142902105, 0.22906885785386125, 0.1321746135337195, 0.03485680493593007, -0.034928744222964915, 0.03738652273642406, 0.06435992437738675, -0.06135207138309116, 0.004712805749211021, -0.03328562850670294], "pose": [-1.6077836407109038, -0.23689383822541302, 0.23689383822541302, 0.141788152557646, 0.05582601287137866, 0.03460497618910592, -0.5054501207337926, 0.014245850841931154, -0.06922952219770301, 0.3161759383365469, -0.04670814729552308, 0.017943065529094485, -0.011935146088516362, -0.1712794544051875, -0.1747552050086907, 0.26200626438304014, -0.0820212506250109, 0.06878629072108329, 0.05326567640049509, -0.0393723196843783, 0.037366038118392106, -0.03310895683086187, 0.04743172569676135, -0.02667305851683029, -0.03647338790860408, -0.15060292367090805, 0.22249748601852976, 0.02549994283631438, -0.058691012187279686, 0.014394330145160483, -0.27020597346828995, 0.2667141546422214, 0.10390374005627528, -0.05364676052088335, 0.17451785746837073, -0.3362231572246103, -0.06903326935558599, 0.15244848521784485, 0.05457490364139525, 0.005177842627710945, -0.24478773803571283, -0.3790356394056948, -0.04504625266857778, 0.22465779856370988, 0.37249048526357015, 0.2789266808681496, 0.010736039702429671, -0.05938408375631401, 0.10925089971094644, -0.5102180231504703, -0.8822899687051612, 0.17797053001003574, 0.3543812727144257, 0.8536101379638698, 0.3518616953289928, -1.5591729859764811, 0.4859512858137821, -0.01907096566790799, 1.4611311303226, -0.5500988208896848, 0.03625480805040459, -0.10712378839430578, 0.1997620192627132, 0.011664402308965182, 0.13122248996652014, -0.20228726299130623, -0.1767822152254988, -0.08944098416619199, -0.25846704828997435, -0.14919724232022316, 0.15173567886787928, 0.29614751441466824], "trans": [-13.412387872255408, 8.138733794870259, -0.5516610074345669]}