{"betas": [1.8964894903024812, 0.31493576625010133, -0.1035326407414528, -0.4364464500446508, -0.04973432451903863, 0.09833628269918979, 0.014303769774192097, -0.026993742994641887, 0.07112343154180402, -0.03308173982274214], "pose": [-0.050861077939693466, -2.198012850922408, 2.198012850922408, -0.009279771298027116, 0.07292538127673813, 0.03000619198424108, -0.6460077830792538, 0.017345961845151598, -0.12210114675380496, 0.34698371587254345, -0.0865917098543903, 0.016764337942342094, 0.42504621605659476, -0.10993733557187703, -0.08006407109925337, 0.27045220841562934, -0.4156578582817548, 0.08789818592720453, 0.02838143329513912, -0.051639937155319865, 0.03345456011091127, -0.05443355183611645, 0.107918431593367, -0.06952223655969406, 0.009894377895346569, -0.20746259838045158, 0.26036813900291617, 0.026661636913250537, -0.07111526402866378, 0.02024438305604524, -0.22105149179449712, 0.1788818676637222, 0.10936692303108933, -0.02575931993141514, 0.21335493350238863, -0.3782362106780014, -0.077865020155941, 0.05438897492915661, 0.04243875735185948, 0.01881491296570661, -0.2954611477737193, -0.3095321008168306, -0.03785129552541865, 0.2523527519163721, 0.3104662253633493, 0.19247099817085306, -0.08560408967732373, 0.016268456490487058, 0.10451111199609069, -0.42251725214710956, -0.6930835299808736, 0.23838248624980232, 0.27406533676824146, 0.7437961852136409, 0.35448534830163947, -1.1021845671204282, 0.14554680122358143, 0.2579706442657113, 1.193194109108475, -0.20228591954186617, 0.18550068973690953, -0.1593129696894806, 0.18050855720498976, 0.13475502714532578, 0.15393031085558162, -0.12891047923980553, -0.19978127210851573, -0.07291746463529757, -0.18635276110587354, -0.1176972870505509, 0.13993756966675455, 0.20054855635371696], "trans": [-12.075268915785088, 8.882458427273727, -0.5116147193956697]}