{"betas": [0.12182979554792384, 0.0498104030700563, 0.01874907528210161, 0.028247290178977192, -0.01045515424154793, 0.003794310233826808, -0.007750463989420916, 0.008476040652062412, 0.013630708331879994, -0.014916307566096007], "pose": [-1.1456560593987837, -1.2969885914922719, 1.296988591492272, -0.38164256426589094, -0.02860907963528573, 0.1008932213067172, -0.4408359356873191, -0.015438522897060486, -0.09843049342360453, 0.3312077805751154, -0.003874155783460068, -0.00084992579177871, 0.712454698020193, -0.03494987423412793, -0.14490913991403676, 0.8152035331908705, -0.022134721752221427, 0.08745190254191583, -0.006166759248541158, 0.004160983468939518, 0.014056855916758544, -0.08044777351120416, 0.06690283126825228, -0.027393707190842564, -0.15748601174755256, -0.17581128455236902, 0.18621504772003766, 0.0280877285769899, -0.030274484499837665, 0.0030027823511761054, -0.30357820411947667, 0.2618108820196574, 0.15319230508631282, -0.13384995343944384, 0.13011768753245853, -0.33679966111958465, -0.20061856630107794, 0.11984407862344149, 0.041118735139157835, 0.022969162757706427, -0.05714298752164105, -0.3931469805244273, -0.024736316776969594, 0.13130374421157198, 0.3793993374594612, 0.14553029926125174, 0.0008005941144837148, -0.05262649155186645, 0.12127216197487498, -0.31080381124571244, -0.8794821482990212, 0.22921727449378312, 0.29252070996631496, 0.8730055506798328, 0.2959766916985795, -1.4677371939309516, 0.44631696716405417, 0.09287032859292273, 1.4287647785962694, -0.4545674808433638, -0.0415637231057306, -0.08433117700609497, 0.20595107631080772, 0.033217403241129505, 0.12591034710881246, -0.17752970659477216, -0.15636717540066145, -0.07427623606680235, -0.22208652171927407, -0.11783393800900045, 0.13300266219262813, 0.23637498400222798], "trans": [-47.633327395489324, -10.066942091430633, -0.9001486896652691]}