{"betas": [0.12182979554792384, 0.0498104030700563, 0.01874907528210161, 0.028247290178977192, -0.01045515424154793, 0.003794310233826808, -0.007750463989420916, 0.008476040652062412, 0.013630708331879994, -0.014916307566096007], "pose": [-1.1456560593987837, -1.2969885914922719, 1.296988591492272, -0.3816425468826194, -0.028609091283089277, 0.10089313662424006, -0.4408359472614297, -0.015438510027087016, -0.09843038602023604, 0.3312077946291836, -0.0038741536190566427, -0.0008499840984783807, 0.7124547246226769, -0.034949869342467514, -0.1449091382462222, 0.815203572691948, -0.022134727501962867, 0.08745191905124367, -0.006166755473703781, 0.004160962991072389, 0.014056829785166288, -0.0804477692179633, 0.06690284953453263, -0.02739369683940805, -0.15748598729050142, -0.17581129199002843, 0.18621506519197312, 0.028087737190081608, -0.030274492118361234, 0.0030027604308072242, -0.3035781859063641, 0.2618108631835935, 0.15319228701602813, -0.13384994600473085, 0.13011772389217513, -0.33679967803533567, -0.2006185528520193, 0.1198440883147128, 0.041118695562440986, 0.02296915226333688, -0.057143077935029735, -0.3931469020003616, -0.02473633286556101, 0.13130378536628035, 0.3793992767828142, 0.14553028105538246, 0.0008005783045644376, -0.05262648630120455, 0.12127214857237845, -0.31080385632966945, -0.8794820544741083, 0.22921727483207818, 0.2925207030709383, 0.8730055177085637, 0.2959766808626827, -1.467737191043174, 0.4463169319126209, 0.0928703474700843, 1.4287647949764004, -0.45456747064650793, -0.04156369888600559, -0.08433119552919097, 0.20595109075893808, 0.03321739174827967, 0.12591035516682883, -0.17752970321818026, -0.15636717229678646, -0.07427623344522566, -0.2220865127319628, -0.11783393393676139, 0.13300266476118253, 0.23637498545787758], "trans": [-51.07980505262297, -11.895822753705541, -1.3234906974189986]}