{"betas": [-0.04531959800123942, 0.25816046623113975, -0.10443940742347267, -0.07597029208210594, 0.013911735992459227, 0.013954990810594958, 0.00840059268463032, 0.018210526354907698, -0.01144635948893292, 0.002226290135924623], "pose": [-1.5442855049503956, 0.13080288534041082, -0.10580288534041082, -0.45305837734400084, -0.054229908961670514, 0.04139656978657861, -0.03306946033702372, -0.061544368787357674, -0.06409319906224893, 0.40125770419710066, 0.0034676284028607508, 8.081714435547528e-05, 0.6565230409907649, -0.04499677049718422, -0.15288033398402598, 0.1566565663620726, 0.08242702834176692, 0.07866038500715931, -0.019850056423102013, -0.004891820483127539, 0.014259976419042603, -0.0670154030602046, 0.09850283332442193, -0.06139976968496141, -0.13954361421829395, -0.19628837378316855, 0.189221220093863, 0.043264348461356905, -0.0347946705570561, 0.0036212879083542095, -0.27823390012298, 0.20865958951660735, 0.17301757606582238, -0.1163198590012519, 0.11589754946476247, -0.32799812254743765, -0.13088968675469112, 0.04697992105812537, 0.03667515333276898, 0.044690311148163506, -0.00469505634660915, -0.4048701332640393, -0.006631067080748253, 0.0753689368863586, 0.3872293430696645, 0.16325338881992146, -0.05255348214560099, -0.009376351029745784, 0.08132457539849357, -0.20656895866158612, -0.7934460786655415, 0.14927848269530825, 0.1865594536453549, 0.7612088688550562, 0.21186170552001735, -0.9692660197884647, 0.261914310746047, -0.02817839785265054, 0.9426932199737521, -0.29608008647790196, 0.02043562037942974, -0.04354741913220269, 0.12081031995402074, 0.05696333534983329, 0.06765894061096157, -0.10753480896018686, -0.20928073287303728, -0.07007003177394823, -0.21066731915423215, -0.13287177113032841, 0.12252756867539977, 0.21926889495268914], "trans": [-28.54705048603761, 9.20234955614879, -0.5570282543357322]}