{"betas": [0.19173745763710806, 0.20679507266967936, 0.025545764337162807, -0.024244743693028488, 0.0007202369641003663, 0.013236882350636182, 0.021343764601424748, 0.007373052342460504, -0.01918535564321634, -0.005662447391478864], "pose": [-1.5638780944940902, -0.17282491880170656, 0.17282491880170656, -0.6326777581140811, -0.03377833493091275, 0.020942758162491623, -0.15053043661708465, -0.04294508259826605, -0.014148514483454042, 0.3575182164781811, 0.01672900467404314, -0.01569078356234752, 0.6832484597199254, -0.027652149676469697, -0.15877723731615154, 0.2526605061461409, 0.04214393011514503, 0.08794212772046286, -0.08255687118880708, 0.005810930342133296, 0.018548245112167842, -0.04957594244743075, 0.10539362217596596, -0.10437260255764255, -0.1847329373678733, -0.16086155966901264, 0.23141527233166367, 0.03620952481614469, -0.030073254556786985, 0.01054458640494007, -0.27921190468264206, 0.19628732797847587, 0.2567945660108294, -0.15483734392058884, 0.0798834902851727, -0.37826998052329225, -0.25246074618550823, 0.14201819624107442, 0.020138881224110276, 1.9651971406588678e-05, 0.13552866872984642, -0.33626668482535915, -0.027540785793173393, -0.07417001036640253, 0.3521857551976201, 0.07449985916107184, 0.022390912449808963, -0.022517727366886692, 0.8924103452026333, -0.8677355794074985, -0.8400875107368144, 1.0667659258307103, 0.5330812224065294, 0.8086599191511734, -0.07122742098104903, -1.2473120381067742, 0.4111469542500608, -0.29319877950892, 1.2751568908206612, -0.3609942782813395, -0.1303074945259249, -0.029018959357277423, 0.1452907295153811, -0.08607288335656477, 0.05562860854041302, -0.08472934289553775, -0.16040180183200822, -0.06270560825375804, -0.2229456221566051, -0.12009565507937378, 0.10144485759134382, 0.22376595546276407], "trans": [-29.207548670257783, 1.8795143074756817, -0.8145735848338624]}