{"betas": [0.19173745763710806, 0.20679507266967936, 0.025545764337162807, -0.024244743693028488, 0.0007202369641003663, 0.013236882350636182, 0.021343764601424748, 0.007373052342460504, -0.01918535564321634, -0.005662447391478864], "pose": [-1.5707935367901076, 0.003472815070938282, -0.003472815070938282, -0.014386416204661752, 0.07449527982586107, 0.004914258282362312, -0.478753840085463, -0.022060890334761454, -0.01098454720629561, 0.2985866968350575, -0.08092462823927163, 0.022929011860985848, 0.2953579213373896, -0.1802617570179269, -0.10524341216390476, 0.2402401357837314, 0.0004136385256758744, 0.09998165819341467, -0.06448846554563213, 0.013959926297198057, 0.025117136485631998, -0.08989796769133176, 0.11551886009607376, -0.08480206825559596, -0.05878475073405382, -0.22586210011349606, 0.29704739108536954, 0.041729511055103516, -0.061436707471591676, 0.013536511289537636, -0.2781487066034067, 0.15842207617795948, 0.15874831766232356, -0.10032691607266879, 0.1705330162226479, -0.47279325970633707, -0.20926304421224196, 0.0793927171876681, 0.04088530391707757, 0.024252586440153937, 0.1356487093101728, -0.33887656076795974, -0.040154548615382014, -0.10325090610547981, 0.3515260837072984, 0.11220773167087951, 0.007571097663765403, -0.02154570764719481, 0.8924103452026333, -0.8677355794074985, -0.8400875107368144, 1.0667659258307103, 0.5330812224065294, 0.8086599191511734, -0.07122742098104903, -1.2473120381067742, 0.4111469542500608, -0.29319877950892, 1.2751568908206612, -0.3609942782813395, -0.021381873965141122, -0.0756663624743122, 0.12618752584619614, 0.003098601617179455, 0.08637238155085161, -0.0823786417238989, -0.17707197362173338, -0.08135572481324609, -0.2183865791657126, -0.09986764783325426, 0.11502822245826826, 0.2292236345722647], "trans": [-29.188792870110188, 2.705805305557286, -0.7928469739107015]}