{"betas": [1.8964894903024812, 0.31493576625010133, -0.1035326407414528, -0.4364464500446508, -0.04973432451903863, 0.09833628269918979, 0.014303769774192097, -0.026993742994641887, 0.07112343154180402, -0.03308173982274214], "pose": [-0.1278089369773779, 2.118809690693996, -2.118809690693996, 0.24224769571846322, 0.03750992885511096, 0.04726126625078327, -0.2795326990001211, 0.016428513858233712, 0.020034813499708204, 0.14265101390806986, -0.0799600905621833, -0.03739501179531863, 0.6588603260280607, 0.04723634678216624, -0.19298219476206643, 0.1970741925918321, 0.0020662333894440957, 0.016236981239936207, 0.07899473767517555, 0.09419803409260526, 0.021687531052451393, -0.01640604788635039, -0.013945579137307953, -0.16955769485964842, -0.06467402625050193, -0.20653749994646406, 0.3216015753145815, 0.07384551611219943, -0.13567891373300803, 0.0015631809940398235, -0.3909617612310101, 0.3828098469052086, 0.4867877308353429, -0.3016709632346458, 0.16426688029121927, -0.3611747976829128, 0.019151918321904923, 0.047277068827131584, 0.012103674219371148, 0.06414127216742598, 0.11930500177455435, -0.5707422450932792, 0.10339009916105768, 0.06064649469008009, 0.639792058147806, 0.36375919045520344, -0.0012511680142957907, 0.0007163117001225448, 0.4552546619128054, -0.2784458579235869, -0.6608907556471686, 0.5599909456979182, 0.2668928614836416, 0.5302356945630536, 0.47732984092118413, -0.9817120741515768, 0.026359019832854706, 0.3465704130945151, 0.9782310509869233, -0.1112991704253715, -0.15864364615845392, 0.0112863159164428, 0.03265686884646588, -0.09117155329973871, 0.02253128135041149, 0.019606258157839226, -0.16720855637280777, -0.05427210985246254, -0.2614563112158989, -0.20829251244442584, 0.09843065457357889, 0.21521686416983551], "trans": [-10.320630586379082, -3.6008847958053103, -0.7942638400811116]}