{"betas": [-0.10716845975804463, 0.03555393559239171, -0.022909588301634677, -0.0022321960585287635, -0.011360188238027402, 0.007048778770267401, 0.0026244476494828445, 0.001119221678184007, 0.011361241992361597, -0.011308692156923365], "pose": [-1.2437714546642715, 1.1537035950280616, -1.1537035950280619, -0.4657904155997513, -0.0351128451614664, 0.09587963625187566, -0.3462760359030185, -0.028327539448740384, -0.08504981355371748, 0.34587112122676106, 0.029094937066967804, -0.011937153431051043, 0.7395840901015166, 0.027353568994685374, -0.15977854002105918, 0.9161002438110754, -0.0017056302221809504, 0.08816999775881999, 0.0005706562260055787, -0.002052611913600324, 0.011123842529855236, -0.08915632872893495, 0.06901904717471839, -0.01158280365223472, -0.20402783695254761, -0.17060481559785853, 0.14213090945005863, 0.026215863744068982, -0.017706679925127828, -0.0056670224853718225, -0.290129765703307, 0.28590952519921115, 0.16831139865545025, -0.14925878587996602, 0.11247522089526298, -0.28299985238163233, -0.18549764702081586, 0.11147084780210091, 0.05855948857672401, 0.016530828712813413, -0.07201278621095157, -0.4104851876611006, -0.05308784310759228, 0.17715016357761773, 0.3707837499892672, 0.1697155183002415, -0.023549910128777177, -0.06968687433674059, 0.10702249441187311, -0.26400926963147836, -0.8872992124150212, 0.1882092148350747, 0.38357274010427594, 0.8629775695728275, 0.24195854290286603, -1.3794013624163224, 0.4396099005654854, 0.053197742949261474, 1.581870778460953, -0.5528436800104064, -0.03217872386397663, -0.06363734259172565, 0.21241612395976298, 0.021342150223578944, 0.1397245821370247, -0.22264300565968823, -0.19831460667101125, -0.07470676860614107, -0.24391254877147894, -0.12681104689317355, 0.1382411114288419, 0.2541306581241267], "trans": [-56.80590844891063, 6.334315603913209, -0.8712435640129]}