{"betas": [-0.459125293958982, 0.2836700625543276, -0.2828307762064238, 0.06170009900103966, 0.04114696315793381, 0.017447099752977802, -0.018216663065381097, 0.013285817624318214, 0.01584973647464493, -0.019639755817989615], "pose": [-1.2474787078337028, -1.3006764713916061, 1.3006764713916064, -0.5376125539698473, -0.10255658979248504, 0.05849862548473455, -0.10505467166425395, -0.04937389002760108, -0.04632763627635073, 0.0794202928414085, 0.08041441559007305, -0.031137621685783053, 0.6534767183033964, 0.04002226234268783, -0.16114847314254815, 0.8957023550172242, 0.08552702927150879, 0.05794076232790825, -0.01983676303788749, 0.030637619693806243, 0.007083310247092366, -0.0017040578887813462, 0.07014305399805838, -0.026029651069526247, -0.2361555466962432, -0.1701932676856665, 0.1275769426935228, 0.06216274686976347, -0.00018299270689934588, -0.01632928123734106, -0.3467156646629966, 0.28962140489464244, 0.22478695906776672, -0.21372373609097728, 0.09684598527946346, -0.28140652383186143, -0.16087509626315125, 0.2658279163790106, 0.06211632333167076, 0.038869349749316696, 0.23532436071397878, -0.4572051882085037, -0.024820818159976336, -0.0867362415396814, 0.4422648830632681, 0.21686680282326054, 0.14485194631128676, -0.1407528987409206, 0.1413857211376582, -0.11105417174764161, -1.0109655496727366, 0.27225917498374835, 0.2992626467879469, 1.000239934138631, 0.2079908664119761, -1.4999551281187329, 0.5378711586286663, -0.02624768039991389, 1.658834120177651, -0.6286287809386141, -0.18693076692951308, -0.02581767467787813, 0.1939939826927787, -0.12310184015861454, 0.12884928836406978, -0.19870683496216535, -0.1994168336596457, -0.08210045696241121, -0.27328208556404826, -0.1249947411746125, 0.12165013296243085, 0.29109482423003885], "trans": [-19.209844032217024, 12.495518587301852, -0.44791935982023284]}