{"betas": [0.12182979554792384, 0.0498104030700563, 0.01874907528210161, 0.028247290178977192, -0.01045515424154793, 0.003794310233826808, -0.007750463989420916, 0.008476040652062412, 0.013630708331879994, -0.014916307566096007], "pose": [-1.1456560593987837, -1.2969885914922719, 1.296988591492272, -0.38164253939046616, -0.0286091243118999, 0.10089305897374326, -0.4408359292996803, -0.01543851928319671, -0.0984302516899636, 0.3312077934620913, -0.0038741246789729773, -0.0008500967780355618, 0.712454759716178, -0.03494986449106857, -0.1449091373101962, 0.8152036579456282, -0.022134758476134306, 0.08745194404076856, -0.006166717953108659, 0.004160994749680922, 0.01405668194168126, -0.08044773796480358, 0.06690283475462938, -0.0273936897961229, -0.1574859844688052, -0.17581128973966656, 0.18621505607741512, 0.028087765085592156, -0.030274481593500026, 0.0030026492841102193, -0.3035782164816747, 0.2618108808728348, 0.1531922805736148, -0.13384994625915925, 0.13011772818080355, -0.33679967058050864, -0.20061850622471583, 0.11984408588849817, 0.04111861027298351, 0.022969191507855594, -0.057143069583490975, -0.3931469951532524, -0.024736284795478708, 0.13130378688801525, 0.3793992718125796, 0.14553030226710867, 0.0008005982420367181, -0.05262651624976031, 0.12127221005539147, -0.31080388613792637, -0.8794821743686959, 0.22921731070356297, 0.2925206813364787, 0.8730055695075397, 0.29597670844467666, -1.467737198561708, 0.44631693233562747, 0.0928703625596768, 1.4287648047406996, -0.45456747480860377, -0.04156374377934261, -0.08433118855388361, 0.2059510908876154, 0.03321740218340074, 0.12591035737468276, -0.17752970622932263, -0.15636715745155477, -0.07427624040883929, -0.22208650306040884, -0.11783393731062995, 0.1330026736965134, 0.23637500782831086], "trans": [-49.37507742647409, -10.898613616207795, -1.049840568771893]}