{"betas": [1.8964894903024812, 0.31493576625010133, -0.1035326407414528, -0.4364464500446508, -0.04973432451903863, 0.09833628269918979, 0.014303769774192097, -0.026993742994641887, 0.07112343154180402, -0.03308173982274214], "pose": [-0.30080248226086437, 2.0662089530755536, -2.0662089530755536, 0.2435212107057994, 0.15175672278521363, -0.14842383399928327, -0.6200696481095251, 0.19836628899339123, 0.06577773785700611, 0.14265101390806986, -0.0799600905621833, -0.03739501179531863, 0.5328940947027242, -0.2869955902708754, -0.05442593879321404, 0.3010288276901425, 0.08379430370597794, 0.07206093458335205, 0.028111979873933872, -0.014368234566669622, 0.013687481963378476, -0.046743827115593606, 0.0878676984788304, 0.03581678935715427, 0.043749379015549976, -0.2619817578481464, 0.2303710004859759, 0.07384551611219943, -0.13567891373300803, 0.0015631809940398235, -0.2521303518415715, 0.20235948817106414, -0.041159865119146204, -0.04057122086179501, 0.3508706956495193, -0.38830538466005404, -0.38696129946864527, -0.17517983453222954, 0.030056053376464956, 0.004984544800607084, -0.403433592270555, -0.3180805674199808, -0.062041159013296966, 0.4362658296937056, 0.3266896041497046, 0.36375919045520344, -0.0012511680142957907, 0.0007163117001225448, 0.20525466191280523, 0.07155414207641311, -0.9108907556471689, 0.35999094569791806, 0.2668928614836416, 0.905235694563054, 0.47732984092118413, -0.9817120741515768, 0.026359019832854706, 0.3465704130945151, 0.9782310509869233, -0.1112991704253715, 0.25488912165640487, -0.1539587299698101, 0.25302249144324823, 0.21173954200420814, 0.15922999670384425, -0.21629999368876743, -0.213082860690786, -0.08736508175961087, -0.17148289696705846, -0.10667652685957021, 0.151995670185165, 0.20122612610272564], "trans": [-12.202172581614075, 10.200212570585236, -0.43886839980408543]}