{"betas": [1.7511515842605234, 0.3670231778082652, 0.03978433168027672, 0.004913282851196045, 0.02958606384598556, 0.001461046037256542, 0.028411238985692, 0.012589726574853976, -0.014340388809218167, -0.004234100351574732], "pose": [-1.6037335597073081, -0.1764384334657932, 0.17643843346579322, -0.4797615177141772, -0.03604457111827559, 0.1373854246809949, -0.19862275086158762, -0.06975977610396873, -0.08806728974871972, 0.2675460659716739, 0.04561941397585102, -0.03205695146432011, 0.4816286644505719, -0.03191753439529789, -0.13847644362461445, 0.6591777002368867, 0.13626362099745284, 0.05874984375692386, -0.04062264876001022, -0.026570326595376677, 0.024374415495679855, 2.1506994829584383e-05, 0.12377786005029721, -0.11939582442040532, -0.1599173705849059, -0.17531740367366008, 0.22227459155404833, 0.030190542242396763, -0.017260150710141257, 0.016047197782862007, -0.23609605915878418, 0.21645546422039807, 0.2334383335917074, -0.12808333794400098, 0.14642495400585298, -0.30540841316279715, -0.15160819764084862, 0.22818957553086266, 0.022324988751674137, -0.09939120887984777, -0.06429156873760856, -0.186591544216288, -0.06147594181218244, 0.06328027314933718, 0.27586231168687875, 0.16154622965369939, 0.05367086255622191, -0.01597972114509596, 0.12567046246869396, -0.42041619367776845, -0.7087138451331142, 0.27511241712866175, 0.42334739991172443, 0.8067205140147645, 0.2988000541394352, -1.4221326234210727, 0.31537818275919244, 0.31538216072056374, 1.1737007900691403, -0.13003520931444168, -0.12636103174400054, -0.08806804631818117, 0.21585162641869932, -0.1124942108367125, 0.06525612466969907, -0.07319741909145308, -0.039268955982707944, -0.03288877910180605, -0.1564557217396022, -0.0633834738595231, 0.08090983146098803, 0.1629785654407589], "trans": [-27.84227121138108, -0.5787545440615209, -0.9683674915692999]}