{"betas": [1.7511515842605234, 0.3670231778082652, 0.03978433168027672, 0.004913282851196045, 0.02958606384598556, 0.001461046037256542, 0.028411238985692, 0.012589726574853976, -0.014340388809218167, -0.004234100351574732], "pose": [-1.5927085616895886, -0.15694960090339644, 0.15694960090339644, -0.1552204977007061, 0.02221065982733434, 0.04811221868556026, -0.5253921202042893, -0.000533002681514479, -0.06731849638015025, 0.2816057648109318, -0.06942121729221785, 0.01190582014101229, 0.5646730369930714, -0.11910455518784063, -0.11558259105175496, 0.6957734925679218, -0.03427079280868758, 0.08969943819111363, -0.014239672232359888, -0.0029719600477314855, 0.03143572195404472, -0.08478186752939114, 0.0848779546134257, -0.03736877925186776, -0.06991371788288367, -0.1826865306800258, 0.24972727946132636, 0.03444652122416768, -0.0677360208934659, 0.009885794501110105, -0.2971860274201619, 0.21721622309050498, 0.11474633496353726, -0.10675981470059025, 0.1595941735316309, -0.3827610047778249, -0.16292261592883397, 0.08907907139884647, 0.042638661123162634, 0.029577213749419424, -0.011794372352376063, -0.3881636606134725, -0.004327135403004446, 0.008261977201975532, 0.42872286601106296, 0.19382768889573482, -0.006147864526548794, -0.02829523422086718, 0.05528174140303608, -0.39669592827034567, -0.8447869622312408, 0.22927441593829068, 0.13047393740445928, 0.8730281522992568, 0.22133614663832052, -1.3648233215737533, 0.4532102207703879, -0.04511295624343645, 0.9840997605657316, -0.3476614413574699, -0.0795239662708651, -0.07016113215335902, 0.13081163358081485, 0.0037981606990664784, 0.058056569104804036, -0.05872937681315108, -0.09288852203434242, -0.07271670558120405, -0.18828730108129335, -0.0928795078686896, 0.12080691026117324, 0.20983200864280746], "trans": [-28.42845028596789, 2.79012409033782, -0.8604074704279944]}