{"betas": [0.19173745763710806, 0.20679507266967936, 0.025545764337162807, -0.024244743693028488, 0.0007202369641003663, 0.013236882350636182, 0.021343764601424748, 0.007373052342460504, -0.01918535564321634, -0.005662447391478864], "pose": [-1.620701129052154, -0.004714351445209722, -0.02028564855479028, 0.19132094368975427, 0.08664087416928098, 0.07231813545726803, -0.733802726131848, 0.00966512780105393, -0.0041422227519165924, 0.3490214514395974, 0.036162033723316535, -0.0029952789039650487, 0.3236658855013602, -0.1666139750706412, -0.11021781877994619, 0.5225820541701647, -0.022863229034607493, 0.1116510336698588, -0.004859780202656664, 0.027946774489301836, -0.007429151087196077, -0.022639831725765745, 0.037565205055691726, -0.10573657791452387, -0.18671476270864673, -0.13012878974010575, 0.1888750149361656, 0.005238147624447334, 0.007876157393502841, 0.013187321444896292, -0.29234089375819305, 0.29194313372072694, 0.24772832435174583, -0.11969367767402625, 0.07600394040477472, -0.3035239513382564, -0.2179253576227938, 0.23348641604771275, 0.011736366654410994, -0.054748043561490385, -0.11964530089406986, -0.2954357872933987, -0.03432911030952938, 0.2308385334682045, 0.29278431845369585, 0.11689966262438393, 0.06884117882797917, -0.0599011345787874, 0.8924103452026333, -0.8677355794074985, -0.8400875107368144, 1.0667659258307103, 0.5330812224065294, 0.8086599191511734, -0.07122742098104903, -1.2473120381067742, 0.4111469542500608, -0.29319877950892, 1.2751568908206612, -0.3609942782813395, -0.18049234405185358, -0.10529719630007525, 0.29322971027186795, -0.048229704440805723, 0.1261342374145768, -0.21776067607009775, -0.06669103402674581, -0.05474040154830814, -0.20072661257211202, -0.11244713921516311, 0.11511762950073476, 0.21744207924902212], "trans": [-20.943031658551718, 19.622012803665005, -0.45063876457379015]}