{"betas": [0.33303066142902105, 0.22906885785386125, 0.1321746135337195, 0.03485680493593007, -0.034928744222964915, 0.03738652273642406, 0.06435992437738675, -0.06135207138309116, 0.004712805749211021, -0.03328562850670294], "pose": [-1.6147622754405269, -0.16141648193445746, 0.16141648193445746, 0.03507333087496614, 0.006951664592763707, 0.08547527640661318, -0.447943329473683, 0.03773864814242876, 0.016532890331746042, 0.19564653159297157, -0.07752159268402378, 0.02614569359767983, 1.0392487130069936, -0.23085117589394918, -0.15593849495790124, 0.33050223227015363, 0.18085864903362103, 0.06847549682644628, 0.029009970296659138, -0.009094470844740162, 0.0309108402706626, -0.15705097974329196, 0.07233405048977118, -0.00700049505847878, -0.07805944952877684, -0.19110985619623705, 0.24060422169949125, 0.046207523899458015, -0.06123817901033512, 0.00027517359438171234, -0.32746337178971696, 0.2551570482671784, 0.0870505887619859, -0.0907765164469588, 0.14469315472700642, -0.401875371248866, -0.14261556858583052, -0.008062901684768982, 0.09531934718114797, 0.014248718688497464, -0.042982838398461315, -0.24214869671912345, -0.09117017298723554, 0.08617724712751866, 0.20602554272101814, 0.3180944898213439, 0.18289595068339115, 0.019333351556619516, 0.1021357072555286, -0.45220173869860847, -0.8789213060082154, 0.1535415862579929, 0.2768808537931819, 0.7577875867426991, 0.42031616794208504, -1.9409270508262926, 0.5949505949166561, 0.09684959800412268, 1.7181478715042593, -0.5891909350414791, -0.1918744527609666, -0.14524248337280185, 0.14351689996131053, 0.0241910847777243, 0.12911659586719496, -0.1398771792943269, -0.028462416875490473, -0.0487567404508204, -0.1818782272082344, -0.05756889624282591, 0.13108328893368668, 0.19722938045255192], "trans": [-11.05341619630356, 0.22035282526555527, -0.6819361099508352]}