{"betas": [1.0007394031128156, 0.13998077818863408, 0.20322321153559939, 0.06919845010960525, -0.06355964225067326, 0.0988583210768853, 0.031004152589175965, -0.07600298470585287, 0.01954775199647453, -0.05391534064665776], "pose": [-0.057771966311335264, 2.194746069884975, -2.194746069884975, -0.13989272491794957, 0.0022453993309200426, 0.10022476780410383, -0.49701442995518397, 0.011935866843781834, -0.12160975323720981, 0.29584820167588477, -0.05748983101855171, 0.017428479472560262, 0.7931760834437391, -0.16632262204336656, -0.1280675944946338, 0.7368616785622227, -0.03679456624210632, 0.10047809134864462, 0.03474590527617574, -0.004655894962147055, 0.03384031079507774, -0.12422917924132676, 0.0597010875493487, -0.0034521162499446573, -0.10335282815041427, -0.17582843232190987, 0.17530038617527627, 0.04621717418471852, -0.05934828338644686, -0.001988075511204984, -0.31941564481770246, 0.2396161732421031, 0.08009856366953916, -0.08309705483227452, 0.1321033919191388, -0.3081605780942763, -0.031018111471739683, -0.021982645194124996, 0.08671569987526649, 0.06666553351992746, -0.08069815143335662, -0.4275115499193664, -0.014897849992472576, 0.13297587014733225, 0.4120008792548854, 0.29570549858812484, -0.10978181585433162, -0.02738956838124877, 0.16353000806491677, -0.4027009665651165, -0.9706016430030256, 0.20931996789295737, 0.28398078329624754, 0.8677793269162462, 0.41853156037224826, -1.2339312892573875, 0.29892708011037705, 0.06940258531143417, 1.075962504224752, -0.32999672287938314, -0.06570483128164153, -0.049817767706724816, 0.03927389065217686, 0.03916637217127569, 0.045519155208889564, -0.04604509828772929, -0.13602389024643782, -0.06531128555699688, -0.19499036699464234, -0.1048305697651405, 0.1353377438373707, 0.20883366046275048], "trans": [-11.24345321344688, 7.317461485370905, -0.542029873464023]}