{"betas": [0.12977417203956745, 0.49847687971378624, -0.19179541608583497, -0.1113183526768453, 0.0549914925669735, 0.1034291447522722, -0.013453424082682812, 0.010035343166627214, -0.014576049326274527, -0.02308049036666073], "pose": [-1.4641631912253545, 0.6723995317730878, -0.6723995317730878, -0.48642101112663105, -0.07586535129997944, 0.02000146925191206, 0.11449574628937036, -0.0994857489481985, -0.020482171896638472, 0.23870629101236457, 0.10417359558626779, -0.00679574032792942, 0.5334810571101903, 0.04033108111393617, -0.1500473578967763, 0.4381141778078416, 0.12657004374588157, 0.04931825763199142, -0.022247805731836774, -0.005530535406892259, 0.0013660914021019356, 0.059179473034770176, 0.08527086039811317, -0.029453801958729528, -0.08619625721557503, -0.18633986772673936, 0.1219660049663013, 0.07676372928619969, 0.002641591587830041, -0.017440864232390607, -0.26424494670935, 0.22006617741502327, 0.1289966468103365, -0.0887770514812978, 0.17784304114755958, -0.21971180197267012, -0.005932081334159236, 0.13331684012486347, 0.04625410885664344, 0.03433936417227376, 0.10126919958523667, -0.5014719708783523, -0.005440444445130266, 0.04426295769442571, 0.513627197333445, 0.3454688462124012, 0.018136479304321978, -0.09673115177793262, 0.09521123633194534, -0.18138980193532372, -0.9035201090474905, 0.17145009444724155, 0.3114225363689687, 0.8264646778172905, 0.17507010427706876, -0.4912924080931932, 0.1276983300401535, -0.08650394367127577, 0.4783374258870625, -0.1341737736060098, -0.04207920588680883, 0.006211795594800626, -0.05868273039655496, 0.003948480181495865, 0.012818487130297875, 0.006696229110245079, -0.19376560595546202, -0.07286769429676829, -0.19525046574611502, -0.11363849625296457, 0.11294429422672383, 0.2389352374470954], "trans": [-20.619300212828822, 9.270106283314007, -0.6130488896404781]}