{"betas": [0.33303066142902105, 0.22906885785386125, 0.1321746135337195, 0.03485680493593007, -0.034928744222964915, 0.03738652273642406, 0.06435992437738675, -0.06135207138309116, 0.004712805749211021, -0.03328562850670294], "pose": [-1.5666686783084647, -0.13352705963866948, 0.13352705963866948, -0.4826899394026789, -0.01640170335310831, 0.12420820381076833, -0.21678609087420553, -0.024766214951159667, -0.09849762460451525, 0.20331070074364616, 0.023396001295307275, -0.0490478037865664, 0.42892609136933824, 0.06933366659647024, -0.15293703406662995, 1.1098794687924896, 0.15303316661568758, 0.05701749387272958, 0.02411126397098312, -0.06324775816360903, 0.050881237431947564, -0.12075279930473444, 0.11821238722469178, -0.04297368958046785, -0.21162473520243383, -0.13156798334309316, 0.1956567433366889, 0.043246885243645165, -0.05027296963308038, -0.006018116984000147, -0.2739233830819608, 0.2945802178411941, 0.2574921857824423, -0.17556840873838012, 0.09132435581964665, -0.28007202475246795, -0.06566520078690413, -0.01972149579696068, 0.09549868641436121, -0.01928628071789379, -0.11420609130687782, -0.20568252145920934, -0.09701452816634683, 0.11180015682768296, 0.2136859025269096, 0.2402806289426188, -0.18872328281876904, -0.0015807897617588782, 0.03188613340847183, -0.4715507585610033, -0.6988607849177043, 0.20837887274552772, 0.35211464369201523, 0.780002061999202, 0.27373122672814565, -1.9054132258691594, 0.591631556215097, 0.16885524621117923, 1.9030513845370545, -0.6192846265971275, -0.1541689377090183, -0.13021367932267205, 0.21044235280030013, -0.05791582668123866, 0.15604394415239728, -0.14119682699541874, -0.0661502677535511, -0.019352067860212804, -0.19013399271101464, -0.08098577326445655, 0.11341020441644127, 0.17463281064797448], "trans": [-10.699382750810223, -2.0376154961566346, -0.7456078439384661]}