{"betas": [-0.19266644468801378, 0.5771463667239267, -0.16308379457488245, -0.06462538974507079, 0.08054580167251779, 0.027975024271901693, 0.03561269911626106, 0.05188376016633901, -0.05289357868361275, 0.00684608270928935], "pose": [-1.536019670606746, 0.3865101062300059, -0.386510106230006, -0.2783829194919434, -0.038231783987061646, 0.01852110665336555, -0.04293044867894457, -0.05994945517572422, -0.11938899360788076, 0.2929774320759918, 0.046257382045459594, 0.004568386777552611, 1.1305151511190006, -0.08094326437740795, -0.11812427299163404, -0.01690341080360941, -0.007840948597861573, 0.0950127586404256, 0.07852143061973184, 0.008952213938756389, -0.014133361045625655, -0.07035806899520967, 0.078451988059653, -0.0686587465689481, -0.1588166116759644, -0.1989573774517867, 0.1645268292858715, 0.017066739489740454, 0.023094038338615782, -0.004274195502534935, -0.25842764226005693, 0.29023323852939364, 0.21234199123995343, -0.12122558876670032, 0.14190315028804024, -0.26366395972259316, -0.10517728956939935, -0.008417619100229947, 0.05446725075756885, -0.02726676669553951, -0.275265642594322, -0.2478809636345703, -0.06132739053250132, 0.4496580038748517, 0.1853055607981159, 0.04933761919237944, 0.6700063831818204, -0.015693107388773605, 0.17830983926912072, -0.4070698721059294, -0.728438203321721, 0.1854446256235248, 0.52971536615297, 0.6891452434228609, 0.4385988342214581, -1.7744181780305708, 0.4059668995915141, 0.3804772871434778, 1.7381622414381337, -0.34059515627155923, -0.006479563562615282, -0.18360378965685473, 0.2821139307258729, 0.1602545437214151, 0.1898908324210875, -0.24923778082234246, -0.11621153091098317, -0.02870803314788744, -0.15207079562433892, -0.10623909174729407, 0.11916654579062386, 0.14831788097292464], "trans": [-15.92733559418186, 13.481103534321278, -0.4332381205633423]}