{"betas": [1.7511515842605234, 0.3670231778082652, 0.03978433168027672, 0.004913282851196045, 0.02958606384598556, 0.001461046037256542, 0.028411238985692, 0.012589726574853976, -0.014340388809218167, -0.004234100351574732], "pose": [-1.644803006666613, -0.16552168949558752, 0.16552168949558752, -0.21398092069823788, 0.024187100354050136, -0.01972482072189878, -0.36001460289920073, 0.030049117199124568, 0.0028852085038670316, 0.32937495622409285, 0.0016124901588170657, -0.012687651923230332, 0.4069642807809333, -0.023690191553211257, -0.07532249486398762, 0.8287942648774266, 0.07461214696934806, 0.12782128971029308, 0.005609163494985526, -0.015019624383229985, -0.003411961415036599, -0.06646497403600105, 0.07806763118138248, -0.07671187098345815, -0.14685299224406656, -0.1789464036963493, 0.22816679189925346, 0.009924436473404392, -0.012249988860533505, 0.01279388304915925, -0.25769788502691726, 0.28394985269414447, 0.18332403825044233, -0.1150668979633129, 0.17771665544228205, -0.33834654864748936, -0.015640127987189625, 0.43254456111357215, 0.006683783189569968, -0.10613563923249149, -0.33989059055055915, -0.13942945395207554, -0.07126100981358867, 0.3573569905854416, 0.16000918072631531, 0.12128450186053322, 0.010521398543968892, -0.005859611606440848, -0.04515303127134416, -0.5853194288274834, -0.5059648382738724, 0.16412903354339925, 0.4247992585110705, 0.6663716066635457, 0.10539148834369337, -1.7774764596850054, 0.5492328850995453, 0.21175371607058266, 1.533313150285749, -0.36959266441609484, -0.07938907090343082, -0.17423578072080403, 0.3328300731143632, 0.04427906957028038, 0.1577543929476293, -0.17850997020707088, 0.009531717737679883, -0.027647223907094717, -0.12108487529725173, -0.05569637507136027, 0.10682877228380755, 0.1266983552434126], "trans": [-27.601170567235304, -1.5065449382079577, -0.9868646913874369]}