{"betas": [-0.04531959800123942, 0.25816046623113975, -0.10443940742347267, -0.07597029208210594, 0.013911735992459227, 0.013954990810594958, 0.00840059268463032, 0.018210526354907698, -0.01144635948893292, 0.002226290135924623], "pose": [-1.5956134014095436, -0.02811959960319151, 0.02811959960319151, -0.0707863352604493, -0.0028830228334941754, 0.08555560125133632, -0.4530749151940348, -0.02272397204742076, -0.13988939720774188, 0.4053053397964089, -0.0015042407143796002, -0.009607620684774597, 0.127800862871868, -0.015468212964677116, -0.15552884179623963, 0.9197599466942512, 0.004891129107143781, 0.2691421053485758, -0.00691509060170532, -0.022114696681468496, 0.02628602549181379, -0.06567001126991849, 0.10226795380263097, -0.04703005203765293, -0.137200086525111, -0.175554634478318, 0.1897783360106426, 0.040354876246208086, -0.04336760233712346, 0.007206065574965613, -0.2639589638268708, 0.22775568814963448, 0.17289220905655034, -0.12786985606854265, 0.12968688566125658, -0.3037099273675967, -0.11723105544026534, 0.11213694374562545, 0.03846279732783702, 0.031900481550762444, -0.09481659258697099, -0.39756000738306607, -0.004666020701529892, 0.12394681413444691, 0.4067919935627859, 0.18857805593708193, -0.025969833490541567, -0.021201915180012153, 0.06369702269425134, -0.29890104499479775, -0.777392932538351, 0.19205949279258044, 0.23343515967713627, 0.8191058316670153, 0.19891552898637985, -0.9917704608324179, 0.26723504931109326, 0.015993536757283416, 0.9565322642900778, -0.2826741991043166, 0.04359005522733556, -0.040993121478757805, 0.14942876913996292, 0.04224440485955055, 0.06793794793371769, -0.10525813836696297, -0.2012230081644954, -0.06842895541235235, -0.205314278191184, -0.1371653507892182, 0.12403361592585346, 0.21609058433696887], "trans": [-27.89899473259569, -3.759245879080888, -0.8301483935998294]}