{"betas": [0.23095163209771685, 0.04109343311864416, 0.025248775430059576, 0.03225921746385679, -0.011730228160678488, 0.01411489487013554, -0.004068968651146599, 0.0031222508939531494, 0.007432816158778922, -0.011705167054862173], "pose": [-1.106700409535812, -1.3500875972752477, 1.3500875972752477, -0.48553615199440997, -0.03715683941926229, 0.1198634101585832, -0.45119538817357496, -0.021985278263216994, -0.10924702497437948, 0.35263144317134487, 0.01057601438600559, -0.0022742311438895997, 0.7053177836443477, -0.01837967483183444, -0.1558854799305039, 0.8253625799118667, 0.011579486486151567, 0.08621126197811331, -0.02943551947175879, 0.015487284210953873, 0.009152534489297058, -0.056664626717395555, 0.08291790176668414, -0.047271080902921404, -0.16604737480221302, -0.1810083622155148, 0.19358344952119252, 0.03725887836168816, -0.022211951566017876, 0.003949176897889989, -0.29890618226581506, 0.23915263099220474, 0.18692454725022337, -0.14903716878356615, 0.1251048730349573, -0.35013185800610236, -0.21167744158480672, 0.16664745346561954, 0.029435553677536645, 0.030998666954074387, 0.025441819477623705, -0.4062658561961042, -0.00797790275240931, 0.0689215509174402, 0.3950364125970572, 0.12451426373771428, 0.0498332040002562, -0.06010477656250847, 0.12179087714483935, -0.21464287298283644, -0.8666261088018631, 0.22032944697793044, 0.2559532917836107, 0.8572346062122751, 0.24571299070960423, -1.2556631955944195, 0.3693778041584437, 0.04627909470269545, 1.229270268401778, -0.3707017272942219, -0.034872254588084996, -0.05846119425544724, 0.18664479417849064, 0.015733434746105876, 0.10390696979340379, -0.15314005016623092, -0.19327234439352445, -0.07625375596261862, -0.2258988383204589, -0.1327091837983911, 0.12320973916620868, 0.23772799937020506], "trans": [-64.47985705364799, 3.743261475860718, -1.2580177697394472]}