{"betas": [1.7511515842605234, 0.3670231778082652, 0.03978433168027672, 0.004913282851196045, 0.02958606384598556, 0.001461046037256542, 0.028411238985692, 0.012589726574853976, -0.014340388809218167, -0.004234100351574732], "pose": [-1.5682533328464885, -0.2505396293144876, 0.2088729626478209, -0.44587761753020705, -0.01579601445532775, 0.12985308810441878, -0.26776356499938203, -0.04276445619918906, -0.10438757744761931, 0.2747482569380177, 0.02147889009431088, -0.02024768702120923, 0.5870367054774699, -0.02072678998426657, -0.1428539494992537, 0.7868111581900527, 0.11868190300433921, 0.0649411237388661, -0.005143299695175775, -0.018696396479965856, 0.021910538750918092, -0.06590409657238018, 0.102718336094816, -0.08937907839818472, -0.18395158410613174, -0.16250698992630302, 0.20780778342608236, 0.034028143497906185, -0.03515249542441119, -0.00022783735645423084, -0.2763861167642279, 0.24514505116544733, 0.24923828133435616, -0.15627141716931836, 0.09759258216206965, -0.31853272641573227, -0.1571479060663882, 0.12307134199342212, 0.04948116023896911, -0.002247292897905829, 0.014311615704820486, -0.3330389917661435, -0.04659785276467572, 0.02551589245032984, 0.3318583541486598, 0.16329572244330678, -0.003826909746338302, -0.04460400684089182, 0.021453801496318575, -0.2876041407690269, -0.7307335285690819, 0.14582347726341566, 0.22558778799554613, 0.7498274518189532, 0.12907900402655867, -1.4024465744904904, 0.48413659325232306, -0.0960738167332851, 1.3323797134253081, -0.5003735638918919, -0.11031739693562702, -0.07139945131560141, 0.15725363289303462, -0.057250256942302714, 0.09733105841988388, -0.11799733743373492, -0.14015419515786026, -0.05230560431354748, -0.2196140921008129, -0.11619578840507157, 0.1087545621469785, 0.22318855005278634], "trans": [-29.011608845487178, 7.637896740583315, -0.7110275297211139]}