{"betas": [1.7511515842605234, 0.3670231778082652, 0.03978433168027672, 0.004913282851196045, 0.02958606384598556, 0.001461046037256542, 0.028411238985692, 0.012589726574853976, -0.014340388809218167, -0.004234100351574732], "pose": [-1.562595882724932, 0.4022260724672977, -0.45222607246729774, 0.28570274256906775, 0.017332734033685696, 0.004468014239238767, -0.5552166929589794, -0.007552938806945512, -0.14480758195060317, 0.2005575448679225, 0.0044005188594316135, -0.02081237669284545, 0.09902454868185193, -0.16289223086796223, -0.10121409916080455, 0.2787956025127323, 0.043231581229652025, 0.10839049417251309, 0.028198249703522235, -0.018025667655902012, 0.030893437128684836, -0.021636610508823168, 0.07097622966363902, -0.10022101369732268, -0.09359088451232671, -0.11335075650330707, 0.23267804453657365, 0.027433402309803342, -0.09740048372917179, -0.024650385924386432, -0.22000305137974152, 0.23940510206491264, 0.20681006385583617, -0.06314111199827771, 0.10112978218196654, -0.3247048312203423, -0.094699070035839, 0.017047652064156982, 0.05990928661383827, -0.0408637138837491, -0.23206349533240803, -0.2997580814133675, -0.06647408831882218, 0.1960334247174645, 0.29692315323771834, 0.3365829078413347, -0.15096434043556767, -0.02887060010333354, 0.2545948970599283, -0.4849227636456417, -0.6828599251993228, 0.33896006353092095, 0.1354610118975532, 0.8413431802940988, 0.16616110553991761, -1.3171512695600434, 0.3854515191949185, 0.16547301956621618, 1.0180699495024501, -0.007960301624874967, -0.0720487080344325, -0.09241624223653502, 0.20771850301775047, -0.06286642033237698, 0.11025202787567097, -0.17186364966021325, -0.12658502761755447, -0.06688601700167335, -0.22827767423417505, -0.1312873649381536, 0.12951373327098317, 0.25184428684193494], "trans": [-20.020902555275622, 17.83769964503891, -0.5641190035097713]}