{"betas": [1.0007394031128156, 0.13998077818863408, 0.20322321153559939, 0.06919845010960525, -0.06355964225067326, 0.0988583210768853, 0.031004152589175965, -0.07600298470585287, 0.01954775199647453, -0.05391534064665776], "pose": [-0.1913169926658727, 2.166249909546358, -2.091249909546358, 0.07021542138364668, -0.015888350510306105, 0.027451312992624474, -0.6224798064313002, -0.00038398673661571537, -0.11646519841886555, 0.29713048408846815, -0.06887914776353185, 0.022319651533761718, 0.18232598469683323, -0.057060314639410255, -0.14145438374575017, 0.5314575552686979, 0.024731180243355716, 0.10560753566365913, 0.03800459041558544, -0.0028291556583233887, 0.006314814779046718, -0.010061631382996433, 0.07902632985776745, -0.0636299351344191, -0.03808372351669924, -0.2145379054195614, 0.2170959999582988, 0.04274891075781542, -0.027947961583866025, 0.007415490372884867, -0.26893348668629086, 0.20660597140083622, 0.12497052267942192, -0.06930963018517351, 0.21215107497744998, -0.35573126768672386, -0.07640597110375894, 0.07911326256193701, 0.03966056081835071, 0.014572003933185466, -0.21467603000632188, -0.32428836316481224, -0.03785297032938811, 0.29206018433733105, 0.2896495405912593, 0.18787277709915803, -0.04813863992805487, -0.020936321069822527, 0.16951437224737337, -0.34761786614515905, -0.7934610018219761, 0.22664991086524972, 0.37516324121833977, 0.7596878898005381, 0.3545688453013339, -1.1442010336045916, 0.16367563444307398, 0.2496047009701926, 1.2274712877170169, -0.19409851748701204, 0.07226071369976941, -0.13134428285586092, 0.21043883018056678, 0.11706808854292422, 0.14154015882788606, -0.17957652139767746, -0.19409325009101644, -0.06910960848389895, -0.18347531366164035, -0.12126389243697419, 0.13135174290375132, 0.1995634482405128], "trans": [-11.250345480442954, 9.451788315164595, -0.5006947429572629]}