{"betas": [0.33303066142902105, 0.22906885785386125, 0.1321746135337195, 0.03485680493593007, -0.034928744222964915, 0.03738652273642406, 0.06435992437738675, -0.06135207138309116, 0.004712805749211021, -0.03328562850670294], "pose": [-1.4558035405798269, -1.0519129895141273, 1.0019129895141274, -0.11163060810857756, 0.04578778335480605, 0.013749849078072654, -0.07198878693804944, 0.03602324702170595, -0.023630194998694495, 0.21569302738877041, 0.0485968014962793, -0.009015245915022452, 0.2483560296319828, -0.08727024549331293, -0.10024286026240534, 0.893896212874294, -0.046979118036456824, 0.16011603656846782, 0.06486385859814539, 0.009768783149682114, 0.010456680510340816, -0.015166939022970763, 0.08936635096483915, -0.03848475032381216, -0.17173932057384736, -0.1842433817965613, 0.09895171936278396, 0.04969067753070389, -0.007429817505485256, -0.013259632902304168, -0.31272501425299365, 0.27453995531022835, 0.17209424693720182, -0.13084944884045838, 0.0989176222703858, -0.19393729509871313, -0.065514863010361, -0.23371982020630747, 0.09022422082485193, 0.060696954936008504, 0.04025653411827278, -0.44084689770382024, -0.008243881939974728, 0.11296904511378725, 0.416943737347084, 0.26029629489972483, -0.08759385059261189, -0.05428613796975904, 0.20287783421006675, -0.24849610282962492, -0.960304472839678, 0.30495461703724286, 0.309039177118407, 0.937446761761121, 0.417119789927715, -1.6530433241779403, 0.47929918736668525, 0.24531854841833747, 1.6174368781290636, -0.4575663797097072, -0.06626377803796134, -0.11095814395792367, 0.21660129135384662, 0.05807807060892687, 0.15556837725158046, -0.2160895845487582, -0.1537504586658232, -0.05791297725714697, -0.20189852587124182, -0.09958891440870027, 0.12594237829379976, 0.21442995092034822], "trans": [-15.844513042668503, 11.318480807744189, -0.49824511274764754]}