{"betas": [1.7511515842605234, 0.3670231778082652, 0.03978433168027672, 0.004913282851196045, 0.02958606384598556, 0.001461046037256542, 0.028411238985692, 0.012589726574853976, -0.014340388809218167, -0.004234100351574732], "pose": [-1.562595882724932, 0.4022260724672977, -0.45222607246729774, -0.36018078296526274, 0.009564170036294518, 0.0806902442335527, -0.0804593955778903, -0.03857222720031891, -0.13502907260653546, 0.2005575448679225, 0.0044005188594316135, -0.02081237669284545, 0.28427038989682196, -0.05250294250368547, -0.13121234854144034, 0.9589491210664892, -0.050129866685606136, 0.09544521228243175, 0.028198249703522235, -0.018025667655902012, 0.030893437128684836, -0.07052507563298119, 0.10065319481346044, -0.036863317497705696, -0.16955876699592293, -0.13382673798471048, 0.20510118152531556, 0.027433402309803342, -0.09740048372917179, -0.024650385924386432, -0.30465148192096025, 0.26153779893993745, 0.20155310102700902, -0.18306899564414555, 0.09869173608685836, -0.29926255821741404, -0.094699070035839, 0.017047652064156982, 0.05990928661383827, 0.026698615080186654, 0.041020112767223865, -0.3911474262879269, -0.007759397257277409, -0.08070977999972258, 0.4440264201065152, 0.3365829078413347, -0.15096434043556767, -0.02887060010333354, 0.2545948970599283, -0.4849227636456417, -0.6828599251993228, 0.33896006353092095, 0.1354610118975532, 0.8413431802940988, 0.16616110553991761, -1.3171512695600434, 0.3854515191949185, 0.16547301956621618, 1.0180699495024501, -0.007960301624874967, -0.14344096219318087, -0.011754787813810919, 0.12774710873996126, -0.10491025045909409, 0.034953765839690315, -0.04954406271782545, -0.10856186933104335, -0.05952237463021909, -0.21270798605364705, -0.11323671626744307, 0.11220217556492969, 0.22835956507868163], "trans": [-21.037132831503015, 16.15895380112091, -0.60024729468893]}