{"betas": [1.8964894903024812, 0.31493576625010133, -0.1035326407414528, -0.4364464500446508, -0.04973432451903863, 0.09833628269918979, 0.014303769774192097, -0.026993742994641887, 0.07112343154180402, -0.03308173982274214], "pose": [-0.15791876609883693, 2.1450837234073763, -2.1450837234073763, 0.23844297649797347, 0.11888372951952218, -0.0376420946133987, -0.644687982961176, 0.05606869956266478, -0.04853556505623065, 0.14265101390806986, -0.0799600905621833, -0.03739501179531863, 0.05926971612053415, -0.1348327790683756, -0.019875014904060528, 0.25509664723047587, -0.1323354489031588, 0.0760095377419954, 0.07899473767517555, 0.09419803409260526, 0.021687531052451393, -0.033191677601254466, 0.1370135665717265, -0.0644570950921371, 0.14438760185795851, -0.22622262216329336, 0.34395870646567805, 0.07384551611219943, -0.13567891373300803, 0.0015631809940398235, -0.1921430699208642, 0.15052576075084448, 0.09619490944566075, -0.006709014637584434, 0.2697521833617981, -0.4624127371047059, 0.06287998865630483, -0.0001138406607617687, 0.045505908370124755, 0.03427683577930775, -0.3185979574865341, -0.1848484697622093, -0.06036620117482432, 0.2710993844592089, 0.1678103848568898, 0.24415355734045385, -0.09463307247534124, 0.02671326665619938, 0.20525466191280523, 0.07155414207641311, -0.9108907556471689, 0.35999094569791806, 0.2668928614836416, 0.905235694563054, 0.5487871362811146, -1.0508072209849428, 0.05319661061721544, 0.5005305947997618, 1.1633550822903445, -0.1179825325053921, 0.0931076862613319, -0.19216611910418532, 0.16462625689554047, 0.14037429634671558, 0.14629613343048983, -0.1313653692996028, -0.1761255640614637, -0.06542095568216764, -0.14882802525361932, -0.13184727096663496, 0.13482398687656372, 0.1804929699809478], "trans": [-11.108043534459517, 1.5255719092458986, -0.7813990341176226]}