{"betas": [1.0007394031128156, 0.13998077818863408, 0.20322321153559939, 0.06919845010960525, -0.06355964225067326, 0.0988583210768853, 0.031004152589175965, -0.07600298470585287, 0.01954775199647453, -0.05391534064665776], "pose": [-0.12568640447267249, 2.1615505119395664, -2.1615505119395664, -0.6048800992167647, -0.08190642060488423, 0.02603063565666976, -0.12470243433358776, -0.046753192950812615, 0.052753665469084325, 0.31317234870572025, 0.08474028805990652, -0.02703510534139265, 0.6152056445468699, 0.11113885890737908, -0.147999621156598, 0.4391218952220238, 0.011194064033685273, 0.07309939034648891, -0.012305939337140508, -0.044815314199144675, 0.028543310286177834, 0.13349352648195, 0.08151086154171096, -0.056448230208906644, -0.1138962557722151, -0.15032995615139674, 0.09983560514760266, 0.06308803925239033, -0.008714392946710023, 0.016233034828928156, -0.25790330029063496, 0.20331729345285737, 0.13569534684481718, -0.057769734391885104, 0.17264693142093596, -0.21783490039427836, -0.04522397760704507, 0.0014782877913493211, 0.033556647021005435, 0.005089423080067967, -0.1616610608612333, -0.4134538295820626, 0.014472549763318958, 0.1805746003822719, 0.46041290814055763, 0.29478396881139457, 0.08047084287719428, -0.1545547403598839, 0.24045860801367996, -0.3201444248158058, -0.8773443585822289, 0.2865250708401714, 0.3116940274020032, 0.8387116573495581, 0.5112343260530143, -1.4141774856268152, 0.2351620745857284, 0.30640907530529754, 1.2587025345265934, -0.19667284233725607, 0.015102507028210848, -0.039075796080832746, 0.12639985789288, -0.09482704577405737, 0.08401952016488282, -0.07276747131738384, -0.21848132493685252, -0.08311534081383933, -0.21390699628849588, -0.1255891945195426, 0.12448453448675975, 0.2383613745863081], "trans": [-9.824481768947313, -2.7079442005692265, -0.8432696520376064]}