{"betas": [0.33303066142902105, 0.22906885785386125, 0.1321746135337195, 0.03485680493593007, -0.034928744222964915, 0.03738652273642406, 0.06435992437738675, -0.06135207138309116, 0.004712805749211021, -0.03328562850670294], "pose": [-1.2031624458088819, -1.3747105308272805, 1.3497105308272805, -0.22575322235547923, 0.0046509425105620145, 0.07351371214506078, -0.4795430660265218, 0.019356831861688482, -0.0112482096207707, 0.3265329769342627, 0.02572230713911059, -0.0011163681782724697, 0.3750230010344032, -0.03742897691544821, -0.22790805833626654, 1.1838010035307545, 0.07633081540469878, 0.06861051906429992, 0.013688582329497863, 0.012261154913311938, 0.003068565027152681, -0.06358430028920108, 0.06291137142638298, -0.07394303921982845, -0.15509929993342042, -0.1313346108644371, 0.20420923430438487, 0.023785218149171294, -0.005503507315720745, 0.008146277566070937, -0.2779375899807858, 0.28828198826245166, 0.23292235901375863, -0.1626052830895898, 0.10533300797609334, -0.3197076992872505, -0.18565494602665153, 0.20537354414384765, 0.03636334309295968, 0.0037163733773845314, -0.10694262636687467, -0.359318780601137, -0.018829009495036943, 0.22272235790035652, 0.3404824580346248, 0.12164742603651531, 0.05695956249968122, -0.0640281638212555, 0.12238823724526676, -0.3449505024711086, -0.8736412825322307, 0.24734396796236394, 0.4465610620092425, 0.8967543302379382, 0.2315529787540198, -1.4331420322504207, 0.4188040633474739, 0.18081132959958074, 1.4678396631937092, -0.3732802477315926, -0.08436650853461854, -0.08766417676076872, 0.28774550687656497, 0.016335851633641776, 0.13468470428482954, -0.2303648872733311, -0.13581656610023032, -0.06263551912245588, -0.20445853902155406, -0.13799877022921106, 0.12594436200631764, 0.22120262962825873], "trans": [-23.0140960524677, 11.21776038046079, -0.609264171597229]}