{"betas": [-0.04531959800123942, 0.25816046623113975, -0.10443940742347267, -0.07597029208210594, 0.013911735992459227, 0.013954990810594958, 0.00840059268463032, 0.018210526354907698, -0.01144635948893292, 0.002226290135924623], "pose": [-1.5702143053691184, -0.05015636236738741, 0.05015636236738741, -0.43002774709915065, 0.010004553017027396, 0.055824255689084716, -0.22317805615720637, -0.01979211736492095, -0.009757343330193909, 0.26219509354123766, 0.000601615058098056, 0.008173776466906202, 1.0989936611249937, -0.053720038048645204, -0.15581482327811844, 0.2364125898394324, -0.00995088691536705, 0.10041812050935388, -0.019638868311573538, 0.007068819278989019, 0.019522003092973157, 0.023484459549294737, 0.06699606642252211, -0.013870765835366493, -0.03892546307087298, -0.1992441742608717, 0.15277360468077356, 0.0742078567122707, -0.03684847149678102, -0.015905709919981387, -0.3256406594836128, 0.20747847374558373, 0.04636614163598564, -0.0617518315120993, 0.20719177724784396, -0.29194249899806773, 0.03600438225731723, 0.04962591153463461, 0.06424309567609199, 0.05571431273230985, 0.08628724985451403, -0.48406592197576226, -0.009363530532230373, 0.014034894313451252, 0.526970033750109, 0.3865364997137192, -0.050531277778368376, -0.07176845076114963, 0.058462399395161214, -0.24148434603920843, -0.8792178147733022, 0.18622315571939901, 0.23151837125010433, 0.8454056896569433, 0.1545839193616186, -0.5499260905564946, 0.1432129586178607, -0.10261495108063806, 0.4728718110553836, -0.14077518523452243, -0.032594842617764026, 0.013828818044246531, -0.06001126712094522, 0.018417456102986746, -0.007760791078248869, 0.01844768013355054, -0.1653150351430005, -0.07905337940669727, -0.19409801029843485, -0.08766409075872346, 0.12476514134350074, 0.2377018694104459], "trans": [-28.71532644090767, 7.752752460855566, -0.5910677652710649]}