{"betas": [-0.04531959800123942, 0.25816046623113975, -0.10443940742347267, -0.07597029208210594, 0.013911735992459227, 0.013954990810594958, 0.00840059268463032, 0.018210526354907698, -0.01144635948893292, 0.002226290135924623], "pose": [-1.5706364355035116, -0.026289688994350097, 0.026289688994350097, -0.1371122086204446, -0.016907255214800694, 0.028054660848863513, -0.3571077482455116, -0.03273869779356797, -0.06630644533036571, 0.2646874361039526, -0.022448082062397384, -0.0008836798938981362, 0.18949527148911802, -0.09232174163394424, -0.11832810693088672, 1.171629790572091, -0.0030948579723511314, 0.12690824128609476, -0.02178457721479484, 0.0020312297958602404, 0.032491434749631336, 0.02417239322651784, 0.08286044881286932, 0.008068512065660593, -0.028270941514845164, -0.19943727103799083, 0.15488819270125695, 0.07151081390334067, -0.05156432934181794, -0.016825137569995752, -0.31648714409913925, 0.2013681653199633, 0.0468979696055242, -0.09252965869835955, 0.21210796299557153, -0.2677219343786275, 0.024848846122171402, 0.024777775078465264, 0.07706214994931894, 0.05559788079736928, 0.0701741425338238, -0.4778053058608621, -0.00981321602200739, 0.0019337765226577282, 0.5368997168581234, 0.3851212116458579, -0.08770399426109045, -0.06464002409456036, 0.04158351089160868, -0.2719014137981724, -0.8638735099846463, 0.20614586475231741, 0.1977308613737844, 0.8661401468069979, 0.13951333970635607, -0.5452812199439413, 0.1428204209206756, -0.10497993868445238, 0.42391974875359445, -0.13861832047526096, -0.027283814813284134, 0.021935693760419088, -0.06618730379758839, 0.029962261516664042, -0.015951234743939086, 0.04587996885807934, -0.17368923248040882, -0.0752052451301255, -0.18682906677141026, -0.08577671729272288, 0.12045131792359424, 0.22153539133278957], "trans": [-27.816542094392315, -5.427832110575447, -0.8442571089931803]}