{"betas": [-0.10716845975804463, 0.03555393559239171, -0.022909588301634677, -0.0022321960585287635, -0.011360188238027402, 0.007048778770267401, 0.0026244476494828445, 0.001119221678184007, 0.011361241992361597, -0.011308692156923365], "pose": [-1.4522304541367064, 0.7082515484315718, -0.7082515484315718, -0.5954468444665487, -0.024598073068004676, 0.2148982929175916, -0.6915252768992282, 0.01577873444843064, -0.20263858678248658, 0.44089925654592116, -0.014294162524471375, 0.0015273662711942282, 0.8183575920297892, -0.04133221043552877, -0.15697360175938255, 0.9340668438577988, 0.03313726322427606, 0.08996092880675029, -0.03166353978970144, 0.004285626791005972, 0.010650008372748291, -0.13746703854904269, 0.05031586093627709, -0.05724106973100153, -0.18078355142593128, -0.1403763795643264, 0.22588500803963182, 0.013715071366583216, -0.032304606187074016, 0.006740266490331936, -0.29175311879844706, 0.28399963501068354, 0.223802954097544, -0.15585816586139975, 0.07311702686834558, -0.38087149196083825, -0.24618431606043512, 0.0736117836644312, 0.03224063419033394, -0.0020376172000921146, -0.08375146501138751, -0.3380309362444136, -0.06740045651195545, 0.16196215945822454, 0.28417383928623996, 0.0801632680363519, -0.05351936304497496, -0.03101681440533928, 0.032015621106677425, -0.3081094328411314, -0.8239252679833816, 0.09524635800745664, 0.3592029038696326, 0.7762003551795223, 0.11900005200827674, -1.425087208042662, 0.5176119767097125, -0.08065791117536722, 1.6015755389985828, -0.6283147157805958, -0.09362700310194373, -0.05920780052877864, 0.24595045311125602, 0.0030194340847891415, 0.12834361994394355, -0.23908041870123042, -0.1638719155572643, -0.07254489295493716, -0.2501879385197765, -0.14204316183058702, 0.13983135665628046, 0.25801404589031957], "trans": [-64.9555703589018, 3.8158794239762504, -1.1918357977484397]}