{"betas": [0.33303066142902105, 0.22906885785386125, 0.1321746135337195, 0.03485680493593007, -0.034928744222964915, 0.03738652273642406, 0.06435992437738675, -0.06135207138309116, 0.004712805749211021, -0.03328562850670294], "pose": [-1.255329819185169, -1.2979120313622898, 1.27291203136229, -0.34431669000748855, -0.06325660210071861, 0.09711074737326278, 0.03962664177690713, -0.023585330005149504, -0.029295695503928656, 0.2865864771387099, 0.05633227546366686, -0.0035742054514058146, 0.2705013358802315, 0.13221136147317025, -0.13104359289884288, 0.035831801034312064, 0.19542792689047522, 0.01024577307213518, 0.02417105422000861, -0.007360803439954544, 0.002955130634933405, 0.018349474932557435, 0.06374855428648733, -0.07533095151452358, -0.11443653164990075, -0.1434577673378138, 0.18860667163389827, 0.032842931541587975, 0.010584745300669518, 0.01314162925815343, -0.25431211006332144, 0.2794666648376549, 0.19430269061367322, -0.13344365235447223, 0.1564441483055833, -0.29249950387422563, -0.11627417791722, 0.28812232601885696, 0.029708542491205317, -0.05051737879480852, -0.19191372282564176, -0.28190288603961894, -0.048286722177662306, 0.2898609613231836, 0.2849972137666339, 0.17520103064678716, 0.12286099246696464, -0.07148723939671275, 0.06083486468590254, -0.40196424653471396, -0.7693659386294632, 0.2076543557013456, 0.5157988238634551, 0.8483769067364751, 0.1345163884175358, -1.368306127513277, 0.41487742540099604, 0.14901923753925658, 1.421297321634302, -0.3683071173007986, -0.07652023997712784, -0.10534694861007202, 0.3124409501803838, -0.02129536882218957, 0.14213217266841985, -0.24514393602556775, -0.11307877309725656, -0.0595484723632391, -0.19159101250430066, -0.11745561706935728, 0.11993184175657132, 0.21890796060400122], "trans": [-18.203015199892516, 11.611127939406572, -0.5677427733814141]}