{"betas": [1.726796659765029, 0.41891031545459445, -0.15139553369490252, -0.5462419580768579, -0.07855182412525559, 0.07595039952460043, 0.008045347212360082, 0.06009336300381875, 0.04481580265154796, 0.006120580758014304], "pose": [-0.20442169716875802, 2.120488418899741, -2.120488418899741, -0.5395314724039335, 0.04635974925284635, 0.15927170228123627, -0.12354622876145192, 0.024201044405627384, -0.028068363246022382, 0.3630670494504868, 0.032662785518089994, 0.012218792660557812, 0.5470505144329837, 0.12576089165694526, -0.15945125198048876, 0.46764394046369084, -0.09394546966124001, 0.10018173575986913, 0.07004816905875472, -0.06143930412116362, 0.03302369855697523, -0.049259123794463164, 0.1115942765660849, -0.13000484762606693, -0.0820973712974533, -0.20871944673960946, 0.2361599952391084, 0.02985824775299154, -0.034021494913185235, 0.02644911489331838, -0.20554038742062578, 0.20874072535991076, 0.27469957605672185, -0.05300289525223268, 0.10973519834838857, -0.3411502266580386, -0.10383380104499368, -0.026464234677568806, 0.021481964956078813, 0.07309688177590516, -0.2223116340561355, -0.3401853402863118, 0.010060039411488446, 0.26756746217720295, 0.3132576647535185, 0.14001963961173008, -0.16788274084797702, 0.030380651150198515, 0.22885038916256878, -0.27656041283549243, -0.7030216131956283, 0.1277098515294134, 0.24296427292773984, 0.6316895085846379, 0.5823271440516866, -1.4631443239470185, 0.2248572734111782, 0.1351321880010823, 1.285787655388958, -0.26930947276862005, 0.163152842148097, -0.17303005914549383, 0.15190641828960255, 0.17047064975779186, 0.1585752935791807, -0.18125502101924512, -0.2761207607870937, -0.059349378025265694, -0.23235242916443063, -0.2057219775474485, 0.1345321460001685, 0.23339547556909], "trans": [-11.198212079647226, 5.555207744462081, -0.5924219158563264]}