{"betas": [0.12182979554792384, 0.0498104030700563, 0.01874907528210161, 0.028247290178977192, -0.01045515424154793, 0.003794310233826808, -0.007750463989420916, 0.008476040652062412, 0.013630708331879994, -0.014916307566096007], "pose": [-1.1396795071449455, -1.3116252613607269, 1.3116252613607269, -0.3966406159365465, -0.021021508165255623, 0.13291320551314387, -0.5176575642306588, -0.009231199582564286, -0.12097469402749798, 0.3262089450501332, -0.017823732707054826, -0.009581846607294806, 0.6893156194770902, -0.06968754033908282, -0.15046676296011205, 0.8203384298551435, 0.022472113900418252, 0.09140796199937401, -0.06453956972242915, -0.008011373492576586, 0.03301359423645276, -0.0934315114204039, 0.09606296567414405, -0.03991402116296638, -0.14152097536762562, -0.1873010463299931, 0.23983121488452847, 0.017533658050976193, -0.03495109953067193, 0.02020684523042334, -0.2609825988847378, 0.22640731958807464, 0.13725279780693622, -0.12886476356014065, 0.18277797959231207, -0.3818303120183547, -0.2651817658715477, 0.20468995657698233, 0.028608775967356004, -0.06486032366708737, -0.10267851745137639, -0.2605273681185978, -0.0603844849232274, 0.11045717669344567, 0.336995477510474, 0.10964562047081662, 0.0421713113227992, -0.03134213371284057, -0.07303928963279405, -0.38106399343160563, -0.5846856555742309, 0.1499482905182749, 0.22914206830454556, 0.7434860497653957, -0.008962957062305167, -1.336838755292556, 0.5007921951778467, -0.08667322317675483, 1.082313818732986, -0.3920362243522187, -0.04309768678184513, -0.07707137691327974, 0.22904469921827125, -0.03300008787593767, 0.07967133983554414, -0.10968382347175237, -0.0850555477563237, -0.062261472458622825, -0.18756917416105037, -0.07556507497552221, 0.10987763577180736, 0.19593887926856715], "trans": [-53.64636692914816, -12.452479559398064, -1.3417583263681578]}