{"betas": [-0.04531959800123942, 0.25816046623113975, -0.10443940742347267, -0.07597029208210594, 0.013911735992459227, 0.013954990810594958, 0.00840059268463032, 0.018210526354907698, -0.01144635948893292, 0.002226290135924623], "pose": [-1.570780684524955, -0.008222967410150654, 0.008222967410150654, 0.18675191460301527, 0.07737080562583185, 0.06725370067976699, -0.6321445256909435, -0.0035946485653052984, -0.06588297004506558, 0.31790253863423473, -0.09653510940683406, 0.030809971166698077, 0.6805715972564516, -0.16949372393044404, -0.11597791144888962, 0.49744976967029564, -0.10423337784054862, 0.11890094778100399, 0.0003881324579908748, -0.00617104445002501, 0.024485182770822317, -0.1376988289343147, 0.09458995766363994, -0.0379984450106817, -0.03747445527051353, -0.2372901746780771, 0.2531999339605371, 0.03260144256980058, -0.07436134860770013, 0.004732845871245563, -0.27767008095087115, 0.1915591228617092, 0.08014852056818061, -0.07102409691930088, 0.18743744164288953, -0.40779307042142704, -0.12490091374361809, -0.012746980076422674, 0.06140399597445454, 0.05713852992122411, -0.04879575122242009, -0.4193459217861565, -0.02586514254626307, 0.06382355830124448, 0.40686677332233345, 0.20245390355036058, -0.07595950069109121, -0.01254422643277851, 0.06821605753025584, -0.2755762261536032, -0.7915625553295219, 0.18322977865469411, 0.1294820328634243, 0.7423034709292932, 0.2555254985818577, -1.0084976511360806, 0.23833847513506487, -0.003448740918723032, 0.9889465567212932, -0.2857841735990387, 0.07582268388148444, -0.08099021288444658, 0.08461991979035029, 0.11189850479477298, 0.08275498773534454, -0.07912684400349707, -0.18359900403361434, -0.0836226091617736, -0.20471383108430197, -0.10389982241409253, 0.1361109503225436, 0.22020108571169617], "trans": [-28.274701303044417, 1.4691989609796146, -0.7679876550555023]}