{"betas": [0.19173745763710806, 0.20679507266967936, 0.025545764337162807, -0.024244743693028488, 0.0007202369641003663, 0.013236882350636182, 0.021343764601424748, 0.007373052342460504, -0.01918535564321634, -0.005662447391478864], "pose": [-1.5263247121665273, 0.6061174780138725, -0.6061174780138725, -0.6326777581140811, -0.03377833493091275, 0.020942758162491623, -0.15053043661708465, -0.04294508259826605, -0.014148514483454042, 0.31329552042714176, -0.013505648347078417, -0.003206188348013607, 0.6832484597199254, -0.027652149676469697, -0.15877723731615154, 0.2526605061461409, 0.04214393011514503, 0.08794212772046286, -0.04445536640453015, -0.0026253489102799317, 0.01748818053268745, -0.0794188082896264, 0.09023777689867574, -0.07710370377284502, -0.145022769575677, -0.17128036326969265, 0.23429553534239508, 0.023581086744075094, -0.03635404964092413, 0.007590610888171597, -0.27197457289465166, 0.21644050103830845, 0.19806138444499494, -0.12500194139031134, 0.11760206718055345, -0.375816648896861, -0.23008310262019568, 0.07668518199386301, 0.03609499209811566, -0.013152988036506235, -0.0007375502991773117, -0.3164889265520079, -0.053949284749649495, 0.052182815880630215, 0.3192592428344624, 0.10998961377925204, -0.039808069872201, -0.017490328497844067, 0.0104749495734024, -0.2985651266274789, -0.7394424181443456, 0.11852090615247224, 0.22294804167848256, 0.7420393097476055, 0.082233340117731, -1.3074409478306444, 0.4659299967662723, -0.1181359378250281, 1.180023935917735, -0.45411228273584026, -0.11752822673018463, -0.07153643608571617, 0.1628140184106649, -0.03629313135493386, 0.08562736524209881, -0.11154536041421076, -0.11889480332693796, -0.0599757238510111, -0.20594145968657113, -0.09851891834338375, 0.11236596262264463, 0.20998849895151558], "trans": [-23.51798476942302, 15.014971743308926, -0.527568166508589]}