{"betas": [-0.10716845975804463, 0.03555393559239171, -0.022909588301634677, -0.0022321960585287635, -0.011360188238027402, 0.007048778770267401, 0.0026244476494828445, 0.001119221678184007, 0.011361241992361597, -0.011308692156923365], "dual": [0.05361102150755676, 0.008013765567663998, 0.044240666028285025, 0.09776498985336957, 0.020234546655840638, 0.010316842273846757, -0.0060716646708392115, -0.008719384586702803, -0.001215409497550557, -0.005611522554596633], "pose": [-1.1613276264438628, 1.2809157277097043, -1.2809157277097045, -0.40560629596665443, -0.022427109980938595, 0.09126577780792566, -0.46162612225118105, -0.008561900997194082, -0.08299566070018678, 0.36696564388860536, -0.0037964398953938758, -0.0031015534113526685, 0.7648246468235922, 0.0030238274351805866, -0.15001674866862316, 0.8546199636650155, -0.04744848148861727, 0.09289460423240657, 0.004869828129106114, -0.012391280169473514, 0.0184713038235753, -0.10044918487693019, 0.055546985440692864, -0.003743546422162215, -0.1673223849296482, -0.16446773402263554, 0.163779699251772, 0.020419712957619195, -0.03408917558456717, 0.0027758265290885992, -0.29601176399962875, 0.2849712416805656, 0.13097162487067807, -0.12383072783050972, 0.12222566201773281, -0.31138767562459363, -0.191295026030646, 0.0846545407032125, 0.04818010474348126, 0.016424328522847805, -0.1457947589442149, -0.38839348324223, -0.04746352018400601, 0.20857356970845994, 0.359256641398127, 0.15676383046416573, -0.04579163538776043, -0.046165794940494095, 0.10986558311486937, -0.35706842287183943, -0.8915112538084387, 0.20491423608734727, 0.3606004826175852, 0.881660603074195, 0.304938232191167, -1.5124505255181762, 0.4750390502562628, 0.10233556863674864, 1.602908891241915, -0.5529471787361366, -0.016798060498032823, -0.08681698641018155, 0.22946118685488343, 0.04806111047381473, 0.1455986389002882, -0.22438852010545124, -0.16534523692130576, -0.07714626337524202, -0.2344171553272564, -0.12122036977569699, 0.14660238954017868, 0.25094997494208143], "trans": [-55.48129487459131, 6.40150199788428, -0.9978670682021414]}