{"betas": [-0.10716845975804463, 0.03555393559239171, -0.022909588301634677, -0.0022321960585287635, -0.011360188238027402, 0.007048778770267401, 0.0026244476494828445, 0.001119221678184007, 0.011361241992361597, -0.011308692156923365], "dual": [-0.002948298804206398, 0.015990230470031133, 0.002380392517467054, 0.013249863170298621, 0.004731562157530982, -0.0002554218168882936, -4.66205338234822e-05, -0.0005176555585141086, -0.002628761345856564, 0.00017564552384007233], "pose": [-1.4005837413982134, 0.8445871188173414, -0.8445871188173414, -0.6004117027324507, -0.046999574473282145, 0.1871838919203224, -0.5654983481549994, -0.002280475117140579, -0.16987910268337003, 0.40832954907003965, 0.0095325545880394, -0.008101139151087036, 0.7865429208475703, -0.00973860016755465, -0.15947478686455435, 0.9321377968266458, 0.03379289104548785, 0.08095810362868218, -0.022064397290677232, 0.003879137620277665, 0.008454394050279531, -0.10544429868551351, 0.04884641112644124, -0.04408371296623166, -0.20018390211597115, -0.13614196797149702, 0.19622634949742881, 0.015000451697689586, -0.02169963836506254, 0.006742337094816808, -0.29935564680458493, 0.3020723182026316, 0.20882054909513906, -0.16083842907577095, 0.08271302833443547, -0.3389325618488745, -0.23367288805400907, 0.1392425818975349, 0.025571635772769732, -0.020091726499419718, -0.11452948236060048, -0.32386863165117197, -0.05493402901978902, 0.18916001066843693, 0.29631010105257544, 0.10069581381766705, -0.003060599804079492, -0.04491281190920309, 0.03370695478922308, -0.37324361600573075, -0.8177237923396242, 0.13797107177424658, 0.38262485028962734, 0.8288833010123733, 0.14146040109744532, -1.593481196377778, 0.5849209490375732, -0.01742464059904308, 1.6174586870126915, -0.6120890554935906, -0.11889007162033732, -0.07047540091482152, 0.2744193783507141, -0.01224363397798329, 0.12965158674236177, -0.23470087840141812, -0.12078980934331272, -0.06565897575854861, -0.22871298252469363, -0.12522442658621727, 0.1334689198910907, 0.24107377959796117], "trans": [-55.35576723191448, 6.365504024417354, -0.8908972215176165]}