{"betas": [1.8964894903024812, 0.31493576625010133, -0.1035326407414528, -0.4364464500446508, -0.04973432451903863, 0.09833628269918979, 0.014303769774192097, -0.026993742994641887, 0.07112343154180402, -0.03308173982274214], "pose": [-0.1125645996829035, 2.1681210956717334, -2.1681210956717334, -0.2508617925411415, 0.07059189137266694, 0.16211820752654965, -0.29540354551962744, 0.021800043685934987, -0.015270393353824706, 0.14265101390806986, -0.0799600905621833, -0.03739501179531863, 1.0914450112653644, 0.003793419038472322, -0.17760041538556964, 0.34328069470450906, -0.059383724401065395, 0.15282381549605387, 0.028111979873933872, -0.014368234566669622, 0.013687481963378476, -0.16020548261077852, 0.1398415600339363, 1.508013993175406e-05, -0.15449815195694355, -0.16213987412107025, 0.11762767077797684, 0.07384551611219943, -0.13567891373300803, 0.0015631809940398235, -0.28579404789285145, 0.20344003774809324, 0.07330723708872018, -0.05608368228527766, 0.14042296060120663, -0.25861893335380015, -0.3966184260615718, -0.21125020520252952, 0.02979757802282894, 0.0827813917922754, -0.26941885779671115, -0.33661145698237926, -0.021199895381872967, 0.22283991259096914, 0.37064744733607846, 0.36375919045520344, -0.0012511680142957907, 0.0007163117001225448, 0.20525466191280523, 0.07155414207641311, -0.9108907556471689, 0.35999094569791806, 0.2668928614836416, 0.905235694563054, 0.5487871362811146, -1.0508072209849428, 0.05319661061721544, 0.5005305947997618, 1.1633550822903445, -0.1179825325053921, 0.16758141992305473, -0.07840845618673839, 0.1121180779968314, 0.10060524781943374, 0.08917436658550068, -0.05821939636872587, -0.20630634549225502, -0.05492106192741676, -0.17297945722317176, -0.10203336603518516, 0.14355091545686885, 0.17216870800240267], "trans": [-12.114471017798852, 9.905735447752534, -0.41055929373201155]}