{"betas": [0.12182979554792384, 0.0498104030700563, 0.01874907528210161, 0.028247290178977192, -0.01045515424154793, 0.003794310233826808, -0.007750463989420916, 0.008476040652062412, 0.013630708331879994, -0.014916307566096007], "pose": [-1.227295118657473, -1.1805734755243045, 1.1805734755243047, -0.317076000075232, -0.005111795508078232, 0.12663866380886957, -0.4743076364761856, -0.01265507936531243, -0.13678808792180794, 0.3134906649510337, -0.030027450402838895, -0.001724570196483451, 0.6936626768701336, -0.05382756025631117, -0.1414891081406133, 0.8248881299278146, -0.02055062706388108, 0.088007536621849, 0.0006773736862199358, -0.00929879974324957, 0.02351226789225793, -0.10613142903512722, 0.06688969983587022, -0.024462185030025115, -0.13859379100956734, -0.17949831104714054, 0.21648686459379052, 0.02565369472177061, -0.05263104871360204, 0.0034782701299267927, -0.3071075310535855, 0.2614853578243035, 0.14590783971009622, -0.13410647515467056, 0.1410843454174041, -0.36294688581968687, -0.19712936226503194, 0.11491189981133883, 0.03923404037579432, 0.030303921590060286, -0.07952348913033926, -0.3958543275462996, -0.015269478095462445, 0.09722618431495367, 0.3981831934343058, 0.16262102016497396, -0.0009303493455980824, -0.04927083373725235, 0.10945224744424699, -0.37679630001802117, -0.8620866574393944, 0.24277845085685915, 0.22425704886823883, 0.8703725639187465, 0.339213519298733, -1.5311866708336006, 0.4594566868452901, 0.06807108188571359, 1.3650279156730776, -0.445324161599825, -0.03136610548394084, -0.08804456698551737, 0.1664345230981343, 0.03494759752466282, 0.10987415005126991, -0.12605423306260896, -0.13819247328656864, -0.07328020513390436, -0.2198071935321356, -0.11846127412165744, 0.13328015018258776, 0.23426086435266036], "trans": [-38.30290261427253, -8.652003398425272, -1.125258546944967]}