{"betas": [-0.04531959800123942, 0.25816046623113975, -0.10443940742347267, -0.07597029208210594, 0.013911735992459227, 0.013954990810594958, 0.00840059268463032, 0.018210526354907698, -0.01144635948893292, 0.002226290135924623], "pose": [-1.6203554042465587, -0.19365592696792128, 0.19365592696792128, 0.03488352772111983, -0.004582538726304056, 0.023704499986577574, -0.5220638856812021, -0.015830008607221897, -0.12412652250827849, 0.5429836791806446, -0.005252219799772616, 0.0040571505153112735, 0.09304883038818243, -0.02760274610232748, -0.13876724678215036, 0.8663727940490712, 0.02264555730235477, 0.10322235090524207, 0.004206841762795026, -0.016903603660448494, -0.0002045960895887213, -0.06058673189662146, 0.07825543773099237, -0.08136352107176893, -0.11647892448220472, -0.15778887493417548, 0.20316441148100525, 0.006125359032083165, -0.018736912223240792, 0.027290972945141486, -0.22693184848242673, 0.24398327056701896, 0.17827961086912142, -0.08902522121999577, 0.14232946497798377, -0.3161249508447677, -0.17275766470713888, 0.7139029330188807, -0.019538889460353363, -0.008457536920541629, -0.4012561734620395, -0.32836167484086937, 0.02101501395850825, 0.43721390818920364, 0.3297115790846262, 0.07737658036373989, 0.02770882696011249, 0.005952735653905431, 0.08437895483337157, -0.4416514796406335, -0.6776864455682078, 0.2117784163992027, 0.4220985959133583, 0.797157167049334, 0.2449969621632439, -0.943742237089476, 0.1426168991648958, 0.27929142745397345, 0.9191188586554375, -0.06007497437365949, 0.16492069155194763, -0.08978705764639393, 0.2660007814548444, 0.1421713784828207, 0.10109430308601394, -0.16429842964434516, -0.1874356046870579, -0.06285815473102917, -0.1588829781955193, -0.1577391445204257, 0.13149491930177912, 0.1751431773495855], "trans": [-27.005843936575435, -10.031094058343475, -1.043589798797074]}