{"betas": [0.12182979554792384, 0.0498104030700563, 0.01874907528210161, 0.028247290178977192, -0.01045515424154793, 0.003794310233826808, -0.007750463989420916, 0.008476040652062412, 0.013630708331879994, -0.014916307566096007], "pose": [-1.1456560593987837, -1.2969885914922719, 1.296988591492272, -0.38164304436975083, -0.028609223363309247, 0.1008940439719732, -0.4408351912824133, -0.015438784351822292, -0.09843107991986186, 0.33120711000427283, -0.003873891164459761, -0.0008501661419367041, 0.7124540622664587, -0.034949923671059355, -0.14490916057975145, 0.8152033595611609, -0.0221344201832892, 0.08745169523924373, -0.00616702152272699, 0.004161193386746755, 0.014056499518760049, -0.08044752146668865, 0.06690268485757359, -0.02739384579488563, -0.1574865319645195, -0.1758114511649913, 0.18621487494336264, 0.028087567257566066, -0.030274321961704407, 0.0030026580628348316, -0.30357828143787857, 0.26181101487408803, 0.15319247202455288, -0.13385010524749286, 0.13011769931070055, -0.3367996431678485, -0.20061895999373297, 0.11984550617734169, 0.04111841622053146, 0.02296886205423857, -0.05714249069938636, -0.39314696697302254, -0.02473627168229446, 0.13130343318474716, 0.3793993232653428, 0.1455302489556194, 0.0008019620407990065, -0.0526269818024951, 0.12127191990855347, -0.3108034874062497, -0.8794817665685045, 0.22921732098547293, 0.2925209061683937, 0.8730055422400961, 0.2959764809496945, -1.4677373550695916, 0.4463171566782664, 0.09287050824082613, 1.4287647240882952, -0.45456728122859535, -0.041563895397744084, -0.08433110852271786, 0.20595102143795074, 0.03321719982585866, 0.12591034073946397, -0.17752941190270757, -0.15636710460960002, -0.07427620454875591, -0.2220865003263282, -0.11783389499495217, 0.13300254597386285, 0.23637496777611242], "trans": [-55.63277477091074, -12.896099684703376, -1.4219783650270728]}