{"betas": [0.12182979554792384, 0.0498104030700563, 0.01874907528210161, 0.028247290178977192, -0.01045515424154793, 0.003794310233826808, -0.007750463989420916, 0.008476040652062412, 0.013630708331879994, -0.014916307566096007], "pose": [-1.1456560593987837, -1.2969885914922719, 1.296988591492272, -0.38164274680641713, -0.02860913054294755, 0.10089321051999017, -0.44083587140667113, -0.015438575605418715, -0.09843046753132499, 0.3312078823173643, -0.0038740505612571614, -0.0008499391151947237, 0.712454717536217, -0.034949961512339825, -0.14490916214855085, 0.8152035467449389, -0.022134687293184446, 0.08745191268503354, -0.006166813194999155, 0.004161076334825071, 0.01405684702199807, -0.08044773639224012, 0.06690290237564668, -0.027393744332662732, -0.15748602279239013, -0.17581138276949362, 0.18621503480733803, 0.028087785291581974, -0.030274388174507214, 0.0030027972254180343, -0.3035781574172342, 0.2618108213301624, 0.15319235630953265, -0.13385001458807022, 0.130117688919292, -0.336799649344219, -0.2006185041171807, 0.11984413184135131, 0.0411187429760536, 0.02296912631812157, -0.057142588388240954, -0.39314680958893433, -0.024736350266797092, 0.13130356178358246, 0.3793992338833032, 0.14553021507116642, 0.0008006180932418352, -0.052626489226997475, 0.12127199902595086, -0.3108032554744247, -0.8794817895874132, 0.2292171628060797, 0.29252061670111307, 0.8730053728087785, 0.29597633803407963, -1.467736638399015, 0.4463168757798633, 0.09287024364867551, 1.4287646376459593, -0.45456741615484736, -0.041563614977950365, -0.08433113603187783, 0.20595111496107593, 0.03321739609732845, 0.1259103475803646, -0.17752974851941816, -0.15636729814762715, -0.07427622916130666, -0.22208650843057057, -0.11783392451174364, 0.1330026305141649, 0.23637497102348826], "trans": [-46.79611549967816, -9.883012038216354, -0.9082826566405496]}