{"betas": [0.12182979554792384, 0.0498104030700563, 0.01874907528210161, 0.028247290178977192, -0.01045515424154793, 0.003794310233826808, -0.007750463989420916, 0.008476040652062412, 0.013630708331879994, -0.014916307566096007], "pose": [-1.1732223051848967, -1.2628252226975771, 1.2628252226975771, -0.44984126497076976, -0.04040804089651918, 0.09580647006870868, -0.518303878558777, -0.008955145241064924, -0.09754780084650996, 0.3810366127692655, -0.007324590862194358, 0.002673769485001677, 0.7211261900990681, -0.02868667617288694, -0.14698230503540646, 0.8391901384223215, -0.045935913342355694, 0.09029912571888962, -0.01689242762377555, 0.017358954701045884, 0.005857373487144161, -0.059792896115082796, 0.05388342860728104, -0.0236318900532458, -0.14660489557091294, -0.17494818227676337, 0.18533245522376796, 0.03745913910520196, -0.033336169619725554, -0.00038050547666006814, -0.32426140830797495, 0.2617546339134197, 0.15523316110175886, -0.14234777833271978, 0.1101170910742837, -0.3493787535485788, -0.20180469090893843, 0.09727036845147964, 0.03068374707898331, 0.05592804151843697, 0.025830772999584757, -0.44996318061639884, -0.00379516996197017, 0.06503161033866282, 0.4158291292582693, 0.13959420771127945, -0.0006663832716117862, -0.05132990427922922, 0.14997038334925655, -0.2478611916633921, -0.983898157601902, 0.2406029412934733, 0.24365887274727852, 0.9364194886151376, 0.30300556936273526, -1.409386004684768, 0.45046451132715226, 0.05068228743899924, 1.4122788537212851, -0.48961650058055417, -0.06099474127052567, -0.06058958904275365, 0.20408201071118645, 0.03465279181299344, 0.12228052864858666, -0.19727704976313504, -0.18351725840423788, -0.08735095982809676, -0.23968097939699798, -0.13340581759682765, 0.14053929347981226, 0.26088577547811886], "trans": [-43.050671692335975, -9.326138798859045, -1.145598239623252]}