{"betas": [0.12182979554792384, 0.0498104030700563, 0.01874907528210161, 0.028247290178977192, -0.01045515424154793, 0.003794310233826808, -0.007750463989420916, 0.008476040652062412, 0.013630708331879994, -0.014916307566096007], "pose": [-1.078374095319264, -1.3935503080204168, 1.393550308020417, -0.43528873017015507, -0.024328651877226597, 0.13960203858583814, -0.4738833966207424, -0.018601730467007183, -0.12483177149854727, 0.34059993493457835, -0.0021214071501910836, -0.0016407908575675847, 0.7544899216412252, -0.043774492303383816, -0.15584324006247577, 0.8665564612637623, 0.005296234945830558, 0.094930184449758, -0.024066965019220173, 0.011869250154205691, 0.015232034181911496, -0.0901668868059161, 0.08222828150995268, -0.044798857750111484, -0.18218661287942992, -0.17762338801804237, 0.18873878697386012, 0.026788524665075798, -0.028076674826551892, 0.005256590190515465, -0.2987283620291323, 0.2420024420151434, 0.17974483551563175, -0.1426433243144461, 0.12025211921144999, -0.3415562483543233, -0.22840317194792276, 0.15066096326426845, 0.03840869357620756, 0.026177198451769638, -0.014983733617081699, -0.4023853125593267, -0.013712639743824489, 0.09799881764774579, 0.3968073228178991, 0.11835581334620646, 0.028863021478147878, -0.05720585156241517, 0.11645977037773111, -0.25199479662871116, -0.845369597067037, 0.2161254939695865, 0.26209997796197004, 0.8405861604317141, 0.26519247666701107, -1.3044914715108709, 0.3819885003711948, 0.05910398848986154, 1.2416536710994002, -0.375577965081851, -0.025837233638031448, -0.06376742630742949, 0.17533499488530105, 0.025581501292752884, 0.1000166983103622, -0.13744999373374459, -0.1799399943285618, -0.07179367626156806, -0.22077993907147014, -0.12554675673058185, 0.12329849781879262, 0.2274956368622375], "trans": [-54.60231428250299, -12.520376889696983, -1.4119637027353256]}