{"betas": [-0.19266644468801378, 0.5771463667239267, -0.16308379457488245, -0.06462538974507079, 0.08054580167251779, 0.027975024271901693, 0.03561269911626106, 0.05188376016633901, -0.05289357868361275, 0.00684608270928935], "pose": [-1.4745271998686738, 0.6394926506741409, -0.6394926506741409, -0.11593405874263818, -0.01554913305171297, 0.04312279483262576, -0.16801140318019503, -0.015457355447918545, -0.04399931092012351, 0.35117439529971906, 0.0005593479521536, 0.00140292225172742, 0.7376886202628214, -0.04847005208218695, -0.1388968018537467, 0.3390813385922229, 0.0026848207125052754, 0.07811605112564961, 0.022674508252017094, -0.01950532150337873, 0.006198314619238772, -0.10810697716350631, 0.0673203342193799, -0.07746018433911306, -0.16966971637455683, -0.1691794919125232, 0.21815658409818584, 0.0068221493933384855, -0.016733971961356866, 0.016518839064410824, -0.27085946781566944, 0.28063919369574003, 0.20097596539177212, -0.1133984531139379, 0.13484674143988062, -0.35972565027645925, -0.2034707648110675, 0.1386338631878497, 0.017119547704459285, -0.04150606367916008, -0.30458201202803586, -0.209231549664421, -0.05797505827332482, 0.350922787776549, 0.17911695450331094, 0.05849465762529823, -0.011507070372814784, -0.015622757570000685, 0.09931840723990998, -0.4546667386382625, -0.6577492352816638, 0.19785600442140144, 0.4310078489811378, 0.7052737941129593, 0.38243774182244905, -1.7741183594748733, 0.4452012822958515, 0.3412514751010552, 1.768910182166361, -0.4060430482832166, 0.024049103097156875, -0.18224772588975297, 0.2952895818127023, 0.10210696282799943, 0.19324234705218454, -0.2224129589319336, -0.10371728711624068, -0.04306052302141789, -0.1789045928675314, -0.11101001485736896, 0.1280800384214985, 0.18218117265093087], "trans": [-22.176094178036852, 7.398594557256571, -0.5966713685553738]}