{"betas": [0.33303066142902105, 0.22906885785386125, 0.1321746135337195, 0.03485680493593007, -0.034928744222964915, 0.03738652273642406, 0.06435992437738675, -0.06135207138309116, 0.004712805749211021, -0.03328562850670294], "pose": [-1.5981150781309956, -0.4200549524952935, 0.3950549524952935, -0.34431669000748855, -0.06325660210071861, 0.09711074737326278, -0.08537335822309287, -0.023585330005149504, -0.004295695503928654, 0.29636881281221544, -0.01157098774865161, -0.009718406254447119, 0.6955013358802319, 0.03221136147317026, -0.15604359289884287, 0.035831801034312064, 0.19542792689047522, 0.01024577307213518, 0.025875358935848664, -0.0405460129424748, 0.04067297299208146, -0.06202756576725976, 0.05498602816885011, -0.06337560738354953, -0.14487496352528914, -0.10638551518000565, 0.1824777563919776, 0.017727513118398774, -0.05237097742151571, 0.015612070008807223, -0.2850293855933108, 0.25662366921941254, 0.17833478464001323, -0.09087677831704356, 0.0736829444262525, -0.2992424268564117, -0.15092075535756583, 0.12495758223661078, 0.05164795323803716, 0.03150781178729888, -0.1385146822805018, -0.3720841113227135, -0.025561481383763116, 0.14183167718235976, 0.3711977968053149, 0.15588153921129902, -0.026614757555493578, -0.03343423560570369, 0.14915520472336657, -0.4149587486210738, -0.9241778441747002, 0.24733339192304526, 0.3220875703311924, 0.9447871119137359, 0.40677916716238627, -1.577404723265501, 0.47007702671067975, 0.13685146379903124, 1.5714907213793725, -0.5395422536593903, -0.03361360166544422, -0.09884609588947231, 0.17404490224765837, -0.03750133053802518, 0.13191890932933736, -0.15587926128069313, -0.1612955880804901, -0.0696541058691236, -0.24478768896013775, -0.1386921970163788, 0.1426975391891809, 0.26414589217293166], "trans": [-13.112403059780917, 7.467971771262304, -0.5869429235190183]}