{"betas": [-0.10716845975804463, 0.03555393559239171, -0.022909588301634677, -0.0022321960585287635, -0.011360188238027402, 0.007048778770267401, 0.0026244476494828445, 0.001119221678184007, 0.011361241992361597, -0.011308692156923365], "pose": [-1.2658524934232591, 1.1163897271987309, -1.116389727198731, -0.49289417371956423, -0.03299279777927299, 0.13085111946134934, -0.48463595427386635, -0.0146321613339339, -0.1125369404391675, 0.40354950502341647, 0.008364568364946593, -0.003396608321000044, 0.7745443639088939, -0.011903623277872852, -0.15507224437380976, 0.8681720529001105, -0.01945229172885061, 0.09256095890858469, -0.00201933184341161, 0.004522024883863036, 0.011991058736048284, -0.07687318971863974, 0.061972074415704265, -0.02850028759017909, -0.1708884143547622, -0.16063220715529788, 0.16230999504930058, 0.032691285720263204, -0.026349843486384247, 0.0032910410388098774, -0.3046101195011641, 0.27678935047420167, 0.16780814818129935, -0.14068223934401453, 0.09680026758559272, -0.30291494401109215, -0.1600851236988103, 0.11137290886662712, 0.04019158108583293, 0.03494513213863021, -0.06183238388845639, -0.4110534476488121, -0.017744207525437206, 0.15083484876021486, 0.3832566903912578, 0.155570105931707, -0.013069939145773013, -0.0458952838809173, 0.11317765975102377, -0.28505552342412865, -0.9073690818702448, 0.21160176746206172, 0.32318240680775356, 0.9012196881518992, 0.26619785217803443, -1.361261570175445, 0.4324080121773214, 0.08129221251253654, 1.4410291749872013, -0.4837437489683024, -0.025988574464647123, -0.05836115831306919, 0.22680936958765346, 0.039069486652095885, 0.12192884014725287, -0.2135026511683856, -0.18530670814894587, -0.0774232219001645, -0.23087398511127638, -0.13553120321413673, 0.139915199458532, 0.24894043653757442], "trans": [-55.92289162575436, 6.401344974337382, -0.8515725919646857]}