{"betas": [1.0007394031128156, 0.13998077818863408, 0.20322321153559939, 0.06919845010960525, -0.06355964225067326, 0.0988583210768853, 0.031004152589175965, -0.07600298470585287, 0.01954775199647453, -0.05391534064665776], "pose": [-0.3138519776546863, 2.0585018517505476, -2.0585018517505476, -0.5228275508769576, -0.10191606643892707, 0.1486219403332903, -0.13101865732030496, -0.04511118684518817, -0.07711873191250934, 0.28537230462608154, 0.06802261565371555, -0.01568340752118114, 0.5941263287725819, -0.09503367228066983, -0.15227646095137798, 1.0102371703142943, 0.11776893791251832, 0.07323461827960878, 0.01750363290192655, 0.05771673966423239, -0.003077623355497998, 0.009189123529160575, 0.05458801123095552, -0.06807166850742041, -0.1513227814480643, -0.18640345095456048, 0.17734694909662882, 0.06577567253051726, 0.014480521023026308, -0.01569468218701782, -0.33435611328029585, 0.30506013359980144, 0.2769795718015814, -0.21684273633349502, 0.16650320904366805, -0.28416588086557243, -0.04522397760704507, 0.0014782877913493211, 0.033556647021005435, 0.023582855176722865, 0.016643171431958342, -0.48209773092748315, 0.030617043087590334, 0.13735253795186317, 0.4965732401398182, 0.29478396881139457, 0.08047084287719428, -0.1545547403598839, 0.24045860801367996, -0.3201444248158058, -0.8773443585822289, 0.2865250708401714, 0.3116940274020032, 0.8387116573495581, 0.5112343260530143, -1.4141774856268152, 0.2351620745857284, 0.30640907530529754, 1.2587025345265934, -0.19667284233725607, -0.16342257900146293, 0.021974493626292255, 0.09982139414009764, -0.08571242324105795, 0.027778054997194455, -0.043675924860863594, -0.17863698769788375, -0.06916384534122182, -0.20690278890768335, -0.14903499612409524, 0.10403801227480403, 0.21251324602924507], "trans": [-9.720850605581038, -3.186268074109875, -0.7945983814110356]}