{"betas": [-0.459125293958982, 0.2836700625543276, -0.2828307762064238, 0.06170009900103966, 0.04114696315793381, 0.017447099752977802, -0.018216663065381097, 0.013285817624318214, 0.01584973647464493, -0.019639755817989615], "pose": [-1.6956844810288583, -0.3287271108193815, 0.3287271108193815, -0.4347273182770873, 0.005244904993526346, 0.001535061234270059, 0.3273065319727256, -0.011927351801083605, 0.004509073215856717, 0.3830904924329195, 0.031218460511399197, 0.0013116055876388388, 0.15666632347356324, 0.006349200975551458, 0.004576405342870897, 0.24783767862310171, -0.0017142101637115728, 0.003466075996695371, -0.0036602498781908004, -0.016268501953295253, 0.00792770071256941, -0.008332968825220544, 0.0815781079098917, -0.12554766525496666, -0.12630160220633088, -0.12613258733399815, 0.2180726961725152, 0.010190893445621027, -0.009391109120904474, 0.014339168325418379, -0.2119691339573901, 0.21967501352971971, 0.29871498066094054, -0.0958546724846103, 0.08026575398391611, -0.33604126378036475, -0.2149887428676666, 0.13708300488951558, 0.023473482261237508, 0.013200454496973074, -0.15589558737176681, -0.3854155556712476, -0.04261237547847564, 0.2601134581044622, 0.3183951031682616, 0.09910661964403963, -0.03974484650520726, -0.0345510111374952, 0.15338088502285385, -0.24979944711147634, -0.8598241162916103, 0.1016937882414932, 0.4588988038313376, 0.7647667085731699, 0.20886945925698813, -1.0599646607768933, 0.25256094980346405, -0.027164520608408602, 1.348252497561626, -0.4294206746655732, 0.009508582343041172, -0.07908600054877352, 0.20159701691566012, 0.004418258142288026, 0.14333353638858323, -0.22382554940258215, -0.2836330910329394, -0.0786329689978907, -0.26873636257630623, -0.19930184503845663, 0.13475378529749968, 0.27274245063692537], "trans": [-11.874524770009831, 6.228866353708131, -0.5576037313080542]}