{"betas": [1.7511515842605234, 0.3670231778082652, 0.03978433168027672, 0.004913282851196045, 0.02958606384598556, 0.001461046037256542, 0.028411238985692, 0.012589726574853976, -0.014340388809218167, -0.004234100351574732], "pose": [-1.562595882724932, 0.4022260724672977, -0.45222607246729774, -0.09078708553130227, -0.0010567820865298276, 0.060912297434340894, -0.16011570540047232, -0.08143085180179274, -0.125084447595889, 0.2005575448679225, 0.0044005188594316135, -0.02081237669284545, 0.7347923643294201, -0.1121129141402524, -0.13046398330757766, 0.2776321227482764, 0.00808637847301244, 0.07570745484799608, 0.028198249703522235, -0.018025667655902012, 0.030893437128684836, -0.06112216614816208, 0.0633084790789037, -0.04534252931255399, -0.09575415351078845, -0.21153873451030591, 0.19970252250403323, 0.027433402309803342, -0.09740048372917179, -0.024650385924386432, -0.30452644678031915, 0.21191430710698494, 0.08050635915392157, -0.09060368502377125, 0.1375023458774332, -0.3463317299305798, -0.094699070035839, 0.017047652064156982, 0.05990928661383827, -0.011725413603859432, -0.027055555760253116, -0.3142262864057117, -0.030155044494968024, 0.07414530626662408, 0.3366120846956571, 0.3365829078413347, -0.15096434043556767, -0.02887060010333354, 0.2545948970599283, -0.4849227636456417, -0.6828599251993228, 0.33896006353092095, 0.1354610118975532, 0.8413431802940988, 0.16616110553991761, -1.3171512695600434, 0.3854515191949185, 0.16547301956621618, 0.6180699495024498, -0.10796030162487497, -0.13454981868648377, -0.06369815955875832, 0.12899924998619264, 0.026584289654073712, 0.03420231876357301, -0.07532082127350073, -0.03008107059683616, -0.05594238441093402, -0.15467887839161226, -0.0526998045523649, 0.11474116677161421, 0.1724997437189823], "trans": [-21.55267244714666, 15.644596998179964, -0.5903511228078769]}