{"betas": [0.12977417203956745, 0.49847687971378624, -0.19179541608583497, -0.1113183526768453, 0.0549914925669735, 0.1034291447522722, -0.013453424082682812, 0.010035343166627214, -0.014576049326274527, -0.02308049036666073], "pose": [-1.4460713710390845, 0.7260049612406527, -0.7260049612406527, 0.04380301801369507, 0.008157956828824458, 0.00822712658746756, -0.4317804269040957, -0.008340230025039199, -0.07201800883707207, 0.22706016148299343, -0.05778590355532423, 0.021762525006902907, 0.4460772012254077, -0.24962083691968306, -0.08669439971767354, 0.4872274055121048, -0.06469421667257222, 0.1093229070241851, -0.01712193990912262, 0.024430460648022893, 0.016100369139948917, -0.03158814914145346, 0.07936710125678119, -0.01921416406598473, 0.0116218855421891, -0.24011110178399514, 0.23452586693020464, 0.06556722021675318, -0.04757891004116703, -0.009666552820991301, -0.26734483815911, 0.1811380030703622, 0.05372677516706842, -0.04982220875507056, 0.25244229664366136, -0.37035713641604395, -0.042267448893994496, 0.09902853792538506, 0.06201261888910984, 0.044937058488493775, 0.07172952717083536, -0.47560909910262156, -0.012425874670204224, 0.006315151719045186, 0.533609922538275, 0.3462146110161471, -0.03202471481920398, -0.08149394015313444, 0.05266909392405916, -0.26756212353039827, -0.8681173255112583, 0.20490449094365848, 0.2060290997129473, 0.8459546851935715, 0.13936866219670768, -0.5526501526930968, 0.1358090124233983, -0.11502199840140616, 0.45584997858134274, -0.13419567040932795, 0.011339607002010218, -0.00733151353538194, -0.03801467032729123, 0.054586886182067355, 0.004590259867410863, 0.0208660337967964, -0.1734759642217732, -0.09262036292155211, -0.1912371453636245, -0.10374703628404855, 0.1285256732350802, 0.24174392672711198], "trans": [-22.502457504680383, 7.861067648555384, -0.6290338697327972]}