{"betas": [1.813289222669109, 0.20156947919784157, 0.0011390909961732187, -0.4871353642584728, -0.16755291678885467, 0.02420319783742449, 0.0691750353522659, -0.03790042278230592, 0.027389876576093666, 0.006434531786996541], "pose": [-0.5160903729181978, 1.927026575291232, -1.9270265752912321, -0.6654153884197578, 0.19029218946862114, 0.07842254582680683, -0.38374339155248727, -0.003208015859192239, -0.10428024088816096, 0.4015105699446985, 0.015749997209921852, 0.01937752130580231, 0.6581413225428994, -0.0475020735774293, -0.028614334759641077, 1.115463719180698, 0.22419164519383294, 0.15744864053428176, 0.0291690913356665, 0.05165160066547252, 0.04070386627927161, -0.15900053476577536, 0.08064439978769661, -0.009244679922913562, -0.13655939407009787, -0.2153217522603414, 0.2725742591238192, 0.12431256051370873, -0.019471621202820283, -0.023615922322373223, -0.4043830583662223, 0.331345729191699, 0.30015466397112855, -0.29009237823804723, 0.08893559141003861, -0.3946497276407629, -0.055886441031313634, 0.02478572407079815, 0.0679031883707253, 0.04347202780469946, 0.19224890131431482, -0.2971312899359086, -0.049674532521758734, -0.06789813811568261, 0.2007230973533755, 0.050746562482173935, -0.026974994487132344, -0.05507661827461927, 0.10490173085473681, -0.1910774105506757, -0.75252195171792, 0.699467887503617, 0.10434727263539374, 1.0547946997086515, 0.3949355355339219, -1.659558482121546, 0.4204738274076218, 0.14715507717040968, 1.8757586057137225, -0.5700118588148918, -0.23868551593707735, -0.0053830524134168695, 0.1423586182255795, 0.01705342883927164, 0.06970524541931408, -0.16260908292954082, -0.1493960395438093, -0.0443332596200865, -0.2515925574300242, -0.15121185353965746, 0.12031624228604089, 0.21525439398021978], "trans": [-11.633149063874994, -2.9866833098187917, -0.8281587345886834]}