{"betas": [1.7511515842605234, 0.3670231778082652, 0.03978433168027672, 0.004913282851196045, 0.02958606384598556, 0.001461046037256542, 0.028411238985692, 0.012589726574853976, -0.014340388809218167, -0.004234100351574732], "pose": [-1.5745691142035234, -0.19263786369039285, 0.15033017138270052, -0.2051200091813787, 0.02335715847046725, 0.05210467062014543, -0.48223925871261175, -0.01954892583868347, -0.052174418243576326, 0.29576543763907753, -0.04576585438998064, 0.0107014480199164, 0.7470173891495425, -0.07710679059035924, -0.1343777075453681, 0.6833165933464714, -0.0699998104810633, 0.09642342605305726, -0.006799130284187055, -0.008724552356248961, 0.02466226656668048, -0.12227622431090727, 0.0675419783017349, -0.027104162688712612, -0.10946276882187403, -0.1900293683728798, 0.21231304228658174, 0.02456349461351687, -0.056331436824059195, 0.004760306448810096, -0.3018414576386292, 0.24498332490608485, 0.10780320014221799, -0.10079243478250814, 0.1328175973870894, -0.3646345302773475, -0.17226957497713427, 0.016620293870424237, 0.057263703696367005, 0.026702516872316683, -0.03898749029156993, -0.37863442665699815, -0.04385672096603275, 0.06988067013424043, 0.37187634835407984, 0.1730569690269973, -0.06603260060001788, -0.022015409552986306, 0.054002472729717935, -0.3417422452660979, -0.8445829717569996, 0.18436741994995565, 0.20609026485301157, 0.8286415588078523, 0.2417019173615899, -1.461567293846593, 0.4909599993685051, -0.004732530408545483, 1.3888413226265066, -0.5169227035054982, -0.058590588921295816, -0.08973876213028015, 0.1601214312066172, 0.033665314688151274, 0.11217240667106027, -0.1456635214015699, -0.11596506553676211, -0.0753602471903314, -0.21530076125392053, -0.0898735533066382, 0.13774475630366922, 0.23325994480954554], "trans": [-29.05336751270562, 8.380580824971085, -0.6888479144757231]}