{"betas": [1.813289222669109, 0.20156947919784157, 0.0011390909961732187, -0.4871353642584728, -0.16755291678885467, 0.02420319783742449, 0.0691750353522659, -0.03790042278230592, 0.027389876576093666, 0.006434531786996541], "pose": [-0.3634704497353748, 2.028379955751313, -2.028379955751313, -0.25490824520326194, 0.024176925052282066, 0.09544790493369382, -0.31628548214384106, -0.004342210256418029, -0.035191563765934644, 0.2222753931040421, -0.027332769706552035, -0.0037848629312097148, 0.2155285943307445, 0.05626989648588838, -0.19573830866015793, 1.1579115381998843, 0.24899333102093896, 0.060861167636855486, 0.0016254553284324735, 0.012427982300344496, 0.03390780938868719, 0.08824554796125783, 0.17161485975019608, -0.04760604316789896, -0.16922154803929498, -0.22632584066120964, 0.34699426044240583, 0.0441951662824008, 0.0021950737236754655, 0.008173142958991275, -0.3102105307758969, 0.2629287710412497, 0.3887301748554573, -0.2710704024671859, 0.15019677670050066, -0.4983050505507169, 0.11818757497218543, -0.29936555529312325, 0.1384732990704885, 0.12376363659432714, 0.10149010785701132, -0.2195247779936157, -0.08581111634243353, -0.10934551703963628, 0.21206057447259383, 0.09537345331576827, -0.010264729148557451, 0.016905356791562062, 0.18639289058401134, -0.3333363017611164, -0.9932925307548122, 0.32097582776388384, 0.0737149952965972, 0.8987273785242346, 0.48086495972850996, -1.5904450977481885, 0.42497100401497545, 0.18906605852953756, 2.003769178254402, -0.7258778898216615, 0.0927068780363364, -0.1630390911788398, 0.09155377489452873, 0.05419860467097864, 0.19011502939988204, -0.1352494295189551, -0.328657149874515, -0.03136972322978167, -0.31667185816765, -0.21453979362952696, 0.12119995659317358, 0.25453628019825447], "trans": [-11.978829654530342, -1.872353696152244, -0.8136088888116175]}