{"betas": [0.19173745763710806, 0.20679507266967936, 0.025545764337162807, -0.024244743693028488, 0.0007202369641003663, 0.013236882350636182, 0.021343764601424748, 0.007373052342460504, -0.01918535564321634, -0.005662447391478864], "pose": [-1.5486357034256355, 0.08756610233942157, -0.08756610233942157, -0.5143439666963191, -0.01261100752509142, 0.0008871172169251165, 0.041435489533495885, -0.017558305618924516, -0.009447513471199216, 0.31329552540953665, -0.013505632593017127, -0.0032062212264300323, 0.18262047404572299, -0.08614866951631546, -0.06387519897287958, 0.7444718264777553, 0.03918357716468501, 0.08170017508950274, -0.04445543013566527, -0.0026253703962607466, 0.017488181396265283, -0.07941878375486422, 0.09023776428664074, -0.07710369434778033, -0.14502280638476564, -0.1712803378340024, 0.23429553430717875, 0.023581081558523242, -0.036354063994536286, 0.0075906069955591245, -0.27197458528121876, 0.2164404916353628, 0.19806141026167262, -0.12500195017116128, 0.11760205104938631, -0.3758166761313264, -0.2300831772520022, 0.07668519942845586, 0.036094975935981315, -0.013152982283863435, -0.0007375255838004964, -0.3164889365494443, -0.05394926674874021, 0.05218275125482269, 0.3192592585321537, 0.10998957217673154, -0.0398080708948427, -0.017490308086183334, 0.8924103452026333, -0.8677355794074985, -0.8400875107368144, 1.0667659258307103, 0.5330812224065294, 0.8086599191511734, -0.07122742098104903, -1.2473120381067742, 0.4111469542500608, -0.29319877950892, 1.2751568908206612, -0.3609942782813395, -0.11752824567485924, -0.07153642020472621, 0.1628140250967342, -0.036293168953760786, 0.08562736386823892, -0.11154534503303581, -0.11889481321214294, -0.05997572797907496, -0.20594147845986627, -0.09851892805885804, 0.11236596292401274, 0.20998851003185254], "trans": [-29.023613462795993, 0.9277337618501091, -0.8484603272078629]}