{"betas": [0.12977417203956745, 0.49847687971378624, -0.19179541608583497, -0.1113183526768453, 0.0549914925669735, 0.1034291447522722, -0.013453424082682812, 0.010035343166627214, -0.014576049326274527, -0.02308049036666073], "pose": [-1.4449952125073866, 0.7197704882800495, -0.7197704882800495, -0.2372282084462583, -0.017886368719364675, 0.02756130209799687, -0.2050712661253852, -0.03856980308318336, -0.03579876527576113, 0.25142414403380614, 0.011480321790236548, 0.0018117585154669143, 0.4869471362464471, -0.08119662139902173, -0.12009745564393394, 0.5110380169345905, 0.02777727688923179, 0.09562418335660275, -0.019881083994901776, -0.007104410937211588, 0.017339152072625912, 0.016328805115749842, 0.09848121354578787, -0.02381509404344089, -0.08415805827651565, -0.20188824252634718, 0.1452881422119667, 0.06672489626904889, -0.0333137719218396, -0.011456795810942735, -0.2563503223975128, 0.1974110696723439, 0.09555226147797065, -0.0448576088267379, 0.1986365183534637, -0.2603966674243496, -0.02289126134930332, 0.08509443435842762, 0.0694536866394453, 0.040852129731840735, 0.042838608846958406, -0.48035166890932834, -0.0182601317116431, 0.0493872968111734, 0.5126177421929904, 0.03870563094721737, 0.4716488731585127, -0.1942952355712576, 0.07885677689416161, -0.231572893570321, -0.8610933050054325, 0.1933704079221073, 0.26698516553660295, 0.8366005862357044, 0.16991147198972276, -0.5104723210208578, 0.10736346573044252, -0.056481824632135115, 0.5242098166419591, -0.13528681112698057, 0.023600367345886566, 0.003275876482252317, -0.04012611207596455, 0.026516282122411444, 0.01626696259426936, 0.010345832960518253, -0.20713443751407018, -0.07579629002106027, -0.19684410358542734, -0.11135032295376006, 0.12044478361770918, 0.2334628761760122], "trans": [-16.383431935734432, 12.356391601006777, -0.48260163004653817]}