{"betas": [-0.459125293958982, 0.2836700625543276, -0.2828307762064238, 0.06170009900103966, 0.04114696315793381, 0.017447099752977802, -0.018216663065381097, 0.013285817624318214, 0.01584973647464493, -0.019639755817989615], "pose": [-1.2845640373539444, -1.2467951749639479, 1.196795174963948, -0.3442796451390686, 0.006753472555383631, 0.009176770044851075, 0.12216294989243912, 0.006063840080354099, 0.0010988735912631081, 0.2403653391789071, 0.027083160508356418, -0.0014722549963060336, 0.6581687525685022, -0.029688321514071848, -0.14182090558044594, 0.08793353195236928, -0.0015725826701960752, 0.017091899296828236, -0.006866826659345449, 0.003413725692922679, 0.00468682601794133, -0.04500236444216835, 0.04096534536858435, -0.03946732202410199, -0.155314270084407, -0.13383986118955987, 0.16563410379229446, 0.031640562852763614, -0.013210405085193121, 0.0011390301712026782, -0.2925682537746098, 0.289947916067073, 0.1779028874548917, -0.14284587866909312, 0.08236163194426203, -0.30132716008843885, -0.16398052783694805, 0.09445059251783863, 0.044291356688506554, 0.002597171314295714, -0.04022299378828101, -0.3800938713735443, -0.06697987860406046, 0.15876429282757973, 0.32746797481494355, 0.15038934325774808, -0.027610425061958287, -0.048712142813253256, 0.11390763314649821, -0.10082011126571988, -0.8355250387550434, 0.15782929415009656, 0.5233010841702674, 0.8012621377497774, 0.1084576156252137, -0.984126548739454, 0.28676791163693344, 0.06840470468786779, 1.4469475700806003, -0.42157190642963854, -0.12649007708284768, -0.04992930906053256, 0.27809186076649883, -0.029152221370704237, 0.13892142055350226, -0.29577890326176715, -0.1640766494850303, -0.08072579280963812, -0.2522728687021832, -0.12986679051624217, 0.14386533362878332, 0.2792426342719951], "trans": [-20.108603401610495, 12.335769510604647, -0.48989693375982907]}