{"betas": [1.813289222669109, 0.20156947919784157, 0.0011390909961732187, -0.4871353642584728, -0.16755291678885467, 0.02420319783742449, 0.0691750353522659, -0.03790042278230592, 0.027389876576093666, 0.006434531786996541], "pose": [-0.5229175825781183, 1.9221628921541851, -1.9221628921541851, -0.5263613287242076, 0.22249104076163478, 0.14053447389500368, -0.1271268347652159, 0.22727707936607017, -0.0046453515758810016, 0.1556778113309844, 0.03763683051213399, -0.011064384544126664, 0.2731544595717771, 0.023766556542485242, -0.09266050606352645, 0.220442276290218, 0.09851915798225752, 0.06094457436311936, 0.018840920962227475, -0.02757081968761895, 0.012811604919744632, 0.03033233041205778, 0.149200461058856, -0.19561229751811798, -0.13908970743181473, -0.18848977433189787, 0.2580509171792802, 0.06392542524716614, -0.021501712754902272, 0.012671826549978006, -0.2478240291167511, 0.19025061872371174, 0.38261441306429217, -0.12292412564975073, 0.08558196497617453, -0.37709507646974805, -0.0859242044931601, 0.14288909009730044, 0.030975767842721106, 0.011238949901587237, 0.09535698519037439, -0.19073114345788678, -0.05493532431738057, -0.034274197055862536, 0.14042706832007448, 0.09608878595467563, 0.03202703898175353, -0.026471479837956804, 0.10490173085473681, -0.1910774105506757, -0.75252195171792, 0.699467887503617, 0.10434727263539374, 1.0547946997086515, 0.3949355355339219, -1.659558482121546, 0.4204738274076218, 0.14715507717040968, 1.8757586057137225, -0.5700118588148918, -0.0907607309169005, -0.177846881869332, 0.2079768207425829, -0.041746949631509093, 0.2039619471615546, -0.18259830434735427, -0.20357539326149743, -0.04061304818843313, -0.2205880778207015, -0.14409497589634604, 0.09637537115395949, 0.22145549478453844], "trans": [-13.87000461652364, 1.7746834041963468, -0.7872028356491367]}