{"betas": [-0.10716845975804463, 0.03555393559239171, -0.022909588301634677, -0.0022321960585287635, -0.011360188238027402, 0.007048778770267401, 0.0026244476494828445, 0.001119221678184007, 0.011361241992361597, -0.011308692156923365], "pose": [-1.3751254605622214, 0.9034231712541738, -0.9034231712541739, -0.5540528074963286, -0.03690574928935569, 0.15666381657184844, -0.5167158119370059, -0.007590127907816492, -0.13218886413508826, 0.4168507831599654, 0.011675582533358738, -0.007427663657219975, 0.8253030088903146, -0.0012128130693295075, -0.16141485700720168, 0.9212450034071238, -0.0023964043680637422, 0.09129646293523996, -0.014878965968337803, -0.0034657684417472422, 0.012384926365348773, -0.10769965755622135, 0.04815373374430929, -0.0251633805757372, -0.19926144528304532, -0.14147080766670747, 0.1573961045773597, 0.01544082033116565, -0.025649830443339926, 0.0022988937371350637, -0.29236517521383865, 0.28874982244415515, 0.17329012383981102, -0.14029920690171155, 0.07511352922660391, -0.29833665172174906, -0.21405324959308517, 0.07261946750068989, 0.043551434756932905, 0.009747430200840833, -0.10776083974605183, -0.3929047591272621, -0.052806840656251845, 0.19621522830605262, 0.3524038231690127, 0.12706190948857662, -0.0628989302593501, -0.03779363953666313, 0.06510005927780099, -0.318964073954164, -0.888550809224485, 0.14189027056850972, 0.378167368688521, 0.8654398077567202, 0.17309698126790254, -1.3701225768933438, 0.49529579346358205, -0.018509952267771263, 1.5281982360901996, -0.6011911109891405, -0.06952592358289046, -0.04930905340558262, 0.22951873727404432, 0.012292880081366656, 0.12166345374346318, -0.2316248458585727, -0.16764797626265782, -0.07456410803807553, -0.2411848209457504, -0.12956962290149465, 0.14336342291519827, 0.2539692648422416], "trans": [-59.698223605689655, 5.4495364259113215, -1.036046747053926]}