{"betas": [-0.10716845975804463, 0.03555393559239171, -0.022909588301634677, -0.0022321960585287635, -0.011360188238027402, 0.007048778770267401, 0.0026244476494828445, 0.001119221678184007, 0.011361241992361597, -0.011308692156923365], "pose": [-1.321716851683158, 1.014248307455203, -1.014248307455203, -0.3379786649948634, -0.050056835732116216, 0.08379007592978717, -0.3847424537863083, 0.013733963585785833, -0.08185467047285222, 0.2965015986291751, -0.020244090838708158, -0.012149633468706851, 0.7197652252496423, 0.002085872023629321, -0.13169351005733113, 0.8259842793488421, -0.05662451285362803, 0.06276278767431177, 0.023600073084087292, 0.003913593077932785, 0.029105882287459545, -0.0683609573160146, -0.00531109075469773, 0.03559065710915093, -0.15012441116212094, -0.07574602458252427, 0.1295339418320723, 0.03261151905232233, -0.06754533995872926, -0.00506331758417252, -0.382164851970996, 0.3301306432308753, 0.10259128838371766, -0.16277911748639612, 0.029740642378889084, -0.25693922444776296, -0.18062919803952357, 0.10044978029045007, 0.059291156980988684, 0.1342053340963477, 0.06460275245962166, -0.6298981549441244, 0.06024969710372328, -0.019519032636982906, 0.6289439620133723, 0.22565166080817756, -0.00029348917263245826, -0.07836000947130128, 0.25418310261562305, -0.4234024123164979, -1.3896603337364124, 0.44485775742160777, 0.24946608810984408, 1.3747061543900412, 0.49293917025935147, -1.7217286016368705, 0.6300428741825793, 0.14978074654491852, 1.5665525146089185, -0.6355229985600206, -0.19830005598284145, -0.015130444687322326, 0.1760170805566393, -0.04996281985704737, 0.09503513117094478, -0.17212532427398447, -0.1102100585684716, -0.1022815395087307, -0.25647380614889825, -0.13266980054938687, 0.16705549066132355, 0.30100489591375346], "trans": [-60.86593598241534, 5.225203947721711, -0.8713486958179911]}