{"betas": [0.19173745763710806, 0.20679507266967936, 0.025545764337162807, -0.024244743693028488, 0.0007202369641003663, 0.013236882350636182, 0.021343764601424748, 0.007373052342460504, -0.01918535564321634, -0.005662447391478864], "pose": [-1.5701821079237408, 0.051524865226903624, -0.051524865226903624, -0.5143439666963191, -0.01261100752509142, -0.049112882783074886, 0.041435489533495885, -0.017558305618924516, -0.009447513471199216, 0.3135641655965195, -0.02814738981416993, -0.006277462341847353, 0.18262047404572299, -0.08614866951631547, -0.13887519897287956, 0.7444718264777553, 0.03918357716468501, 0.08170017508950274, -0.07832591161056406, -0.008827134102858807, 0.024885796846225185, -0.1077957635087983, 0.11119818956616938, -0.07057343682633004, -0.16347754641937312, -0.18346675951091537, 0.24620722812666637, 0.023794063856032728, -0.05021844058919495, 0.006947650955204138, -0.2640118502396843, 0.17904562680468186, 0.19572872177801262, -0.133340804051892, 0.1242622343647513, -0.4124295598068721, -0.29851078334476305, 0.06589935570203877, 0.036408367126062546, 0.005078327974937539, 0.06407312119627154, -0.34489021790191243, -0.056979069278184434, -0.027786410390804248, 0.34518546653548166, 0.05975440789929681, -0.03948863474118965, -0.016876272611063135, 0.8924103452026333, -0.8677355794074985, -0.8400875107368144, 1.0667659258307103, 0.5330812224065294, 0.8086599191511734, -0.07122742098104903, -1.2473120381067742, 0.4111469542500608, -0.29319877950892, 1.2751568908206612, -0.3609942782813395, -0.07808403186432226, -0.048697521417124204, 0.10089738763247395, -0.03985738643943569, 0.06824228339799719, -0.06165596258226125, -0.17015959450124876, -0.06625866415664095, -0.22182188087901475, -0.10501763986142791, 0.10969037441485988, 0.2168334959489643], "trans": [-29.300216419419137, 3.6794163657866763, -0.7346760149391616]}