{"betas": [-0.10716845975804463, 0.03555393559239171, -0.022909588301634677, -0.0022321960585287635, -0.011360188238027402, 0.007048778770267401, 0.0026244476494828445, 0.001119221678184007, 0.011361241992361597, -0.011308692156923365], "dual": [0.024478023286199482, -0.012731549831454445, 0.008183704596474647, 0.01421433099938374, -0.0004485652634437492, 0.0032805572911105444, 0.0009187923207902072, -0.0027000146003235475, 0.0014337976134239233, -0.0010887992094077165], "pose": [-1.1850466040230898, 1.2460731848685962, -1.2460731848685964, -0.4567922233966872, -0.039739607669976904, 0.09827458103672096, -0.5029397158069624, -0.009367120079113252, -0.09657493422149076, 0.3997325029036379, -0.002120712899121469, -0.002696974524169255, 0.7685257680595631, 0.0004593807876202106, -0.1505093880768968, 0.8766912580315978, -0.05297325098023407, 0.0905944293008174, -7.935679361556517e-05, -0.008080045274869547, 0.014036127841382324, -0.08919133225562183, 0.04402707846814286, 0.0022126173703204727, -0.16125803982333076, -0.1611690768258969, 0.16729056447348853, 0.023472923569776726, -0.030843387792337206, 0.003779231712506254, -0.307224484358386, 0.3056368875771146, 0.12176689291299249, -0.1270312307445201, 0.11880621228870934, -0.3100682701204036, -0.1712092708384135, 0.0694376051569074, 0.03881304684990524, -0.012740594520001177, -0.15764167444227448, -0.3402038772829922, -0.06062139500920103, 0.21421938306761232, 0.3164580375542484, 0.170239001967817, -0.056474805785984024, -0.03243057745853562, 0.04159354943339979, -0.42273766355021736, -0.8508530582584573, 0.15685967106303608, 0.3581808180095589, 0.860132080266103, 0.20110040914185026, -1.6888834407870905, 0.6199787599105611, 0.015054199956232965, 1.6735110773116235, -0.6542464341058003, -0.08740631978537859, -0.08936606640449059, 0.27982629655384444, 0.02986163208039744, 0.145169679304308, -0.2570647212558899, -0.10612298895001142, -0.07301862870635228, -0.2216633584134811, -0.10255953062194384, 0.1450943202348627, 0.24423623932555813], "trans": [-51.92696037393951, 7.039595563132639, -0.9459284726528404]}