{"betas": [0.12182979554792384, 0.0498104030700563, 0.01874907528210161, 0.028247290178977192, -0.01045515424154793, 0.003794310233826808, -0.007750463989420916, 0.008476040652062412, 0.013630708331879994, -0.014916307566096007], "pose": [-1.1456560593987837, -1.2969885914922719, 1.296988591492272, -0.3816426584303984, -0.028609097753601404, 0.10089328253794488, -0.44083596165715566, -0.015438519871893205, -0.09843054316022601, 0.33120780801063054, -0.003874155420839131, -0.0008499158117178929, 0.7124547061420088, -0.034949876774800964, -0.1449091448804767, 0.8152035324900871, -0.022134695026401488, 0.08745189400168576, -0.006166761950484692, 0.004160976335203863, 0.014056875202115418, -0.08044776957784701, 0.06690282463364682, -0.02739371986549371, -0.15748602568761574, -0.17581127532009602, 0.1862150442364016, 0.0280877291514586, -0.030274487147410323, 0.0030027991347208083, -0.30357820356340726, 0.26181088617027715, 0.15319232733284294, -0.13384995834759533, 0.13011766747986245, -0.3367996563671055, -0.2006185692559735, 0.11984408617661811, 0.041118744963996694, 0.02296916032934181, -0.0571429802372095, -0.3931469746481143, -0.02473631382771039, 0.13130373719920374, 0.37939933922204844, 0.1455302932379705, 0.0008005927657686523, -0.05262647955396082, 0.12127215347066193, -0.31080380796776197, -0.8794821425292234, 0.22921726771929923, 0.29252071339368496, 0.8730055542479489, 0.29597668223225243, -1.4677371941428667, 0.4463169771512461, 0.09287032866950931, 1.4287647706207638, -0.4545674856302948, -0.041563733527175004, -0.08433117000350482, 0.20595108138083817, 0.033217398665201785, 0.1259103432348, -0.17752970638088358, -0.15636717633392175, -0.07427623377160196, -0.22208652262509174, -0.11783394439080158, 0.1330026599358965, 0.23637498065836815], "trans": [-47.043283535917425, -9.89676676841491, -0.9125072998707008]}