{"betas": [1.0007394031128156, 0.13998077818863408, 0.20322321153559939, 0.06919845010960525, -0.06355964225067326, 0.0988583210768853, 0.031004152589175965, -0.07600298470585287, 0.01954775199647453, -0.05391534064665776], "pose": [-0.22630532933566636, 2.1085625313290466, -2.1085625313290466, -0.2347239372603315, -0.006543725241154192, 0.04233327031827815, -0.4625359861239493, -0.022324353115441238, -0.08857520804464178, 0.38547222487005994, -0.006287143148462725, 0.002982884043453007, 0.8745264176326476, -0.09449388169240663, -0.1600196037615243, 0.5542898328580336, -0.021580003628959735, 0.08642789616551538, -0.050865868093680336, -0.054881094894049805, 0.039857510171403564, -0.09044707713012731, 0.07045079375575278, -0.014767612438074111, -0.0060786790820585475, -0.20338737651394412, 0.20770617462840374, 0.03252242062702152, -0.04599136810824462, 0.011791991189700922, -0.21534200183507682, 0.16900886568349674, 0.027787299917762395, -0.06151426339064023, 0.16483334089660076, -0.3404379928401525, -0.04522397760704507, 0.0014782877913493211, 0.033556647021005435, -0.007792064462803396, -0.15940547423485435, -0.3281935815300891, -0.09470697780178133, 0.19238815158700706, 0.3455055772090322, 0.29478396881139457, 0.08047084287719428, -0.1545547403598839, 0.24045860801367996, -0.3201444248158058, -0.8773443585822289, 0.2865250708401714, 0.3116940274020032, 0.8387116573495581, 0.5112343260530143, -1.4141774856268152, 0.2351620745857284, 0.30640907530529754, 1.2587025345265934, -0.19667284233725607, -0.002827450818096092, -0.009223187973332549, 0.08983264906957233, 0.04387161647233341, 0.0215132161478998, -0.10587879840399066, -0.13911357089511878, -0.07601557600004435, -0.19206313221766344, -0.0757111593779641, 0.14370637508365444, 0.20506251751073545], "trans": [-9.941843927518565, -2.4837340259347727, -0.8313069433848317]}