{"betas": [-0.04531959800123942, 0.25816046623113975, -0.10443940742347267, -0.07597029208210594, 0.013911735992459227, 0.013954990810594958, 0.00840059268463032, 0.018210526354907698, -0.01144635948893292, 0.002226290135924623], "pose": [-1.570338079602152, -0.04450525454549398, 0.04450525454549398, -0.45305837734400084, -0.054229908961670514, 0.04139656978657861, -0.03306946033702372, -0.061544368787357674, -0.06409319906224893, 0.3808013014189392, 0.00874717486892519, -0.010350665980104451, 0.6565230409907649, -0.04499677049718422, -0.15288033398402598, 0.1566565663620726, 0.08242702834176692, 0.07866038500715931, -0.03402725712646831, -0.018720295423748902, 0.024285074815863738, -0.0784413522586988, 0.09567231787302152, -0.06340989168105539, -0.16023896311326, -0.1610822268850751, 0.19347793475666294, 0.022715686722512667, -0.03507743020648839, 0.01001173037977441, -0.2528958937381423, 0.2077352232687498, 0.1879833300465587, -0.11880588443534995, 0.10848120185904632, -0.32258576053044713, -0.21653904601203275, 0.08564662775744271, 0.03467346229129864, 0.023126514394561728, -0.07543525239288575, -0.3943269202321667, -0.015183443041315406, 0.1284012755869687, 0.40158663901025166, -0.026340718167504162, -0.7857382085556832, -0.05506634074872019, 0.07679215648829295, -0.2736757880875824, -0.7884161904103661, 0.1630101456335129, 0.24913826397308003, 0.8010861675396561, 0.18446363840941898, -0.9663534891022783, 0.2662800583754572, -0.018795797526719536, 0.9022739846009867, -0.2808066440627809, 0.0002236034842506177, -0.0411079029731347, 0.12187130390469957, 0.015463489672300846, 0.05928867534619542, -0.08345977815621418, -0.19065580461250167, -0.06519147608121087, -0.2085068437795765, -0.1321025458395601, 0.11967028208629317, 0.2105119112863137], "trans": [-28.23807077160113, 3.3129412751357963, -0.7534254621704749]}