{"betas": [-0.19266644468801378, 0.5771463667239267, -0.16308379457488245, -0.06462538974507079, 0.08054580167251779, 0.027975024271901693, 0.03561269911626106, 0.05188376016633901, -0.05289357868361275, 0.00684608270928935], "pose": [-1.4794874093321213, 0.6230817111866465, -0.6230817111866465, 0.037446184446875724, 0.028357470978657588, 0.06489213862485033, -0.5848457086415575, -0.0034968431611520166, -0.08255641674528522, 0.3555581626994878, -0.035220861479300286, 0.01755920577620206, 0.7281773807349013, -0.14516921177044326, -0.11638832150043733, 0.5665759126665848, -0.03499670983715644, 0.09241853073196636, 0.043461233716757065, -0.0020912792634990907, 0.004159291092953106, -0.15467786465245253, 0.04933651967536956, -0.08660938520768219, -0.12994688597555817, -0.16025425102662488, 0.22626512175031796, -0.007965765252330507, -0.02631819432196861, 0.0138310027459711, -0.2652868595883208, 0.28795490609066626, 0.19383926475137644, -0.10213609317932017, 0.11614711244399786, -0.34662575793140565, -0.1784554441510584, 0.10743326952325226, 0.04024320317700991, -0.009570659241572292, -0.3070109204945229, -0.30806496441831954, -0.04259246194138164, 0.37375584479539536, 0.2689397586136751, 0.10374874960130952, -0.036370354693875125, -0.026342680601281043, 0.09512220299540287, -0.455318541007142, -0.7401325562096991, 0.19797355509823286, 0.4605685874791621, 0.756615592045238, 0.3215840545301477, -1.5222323990166167, 0.3811998085453565, 0.27266502276106086, 1.62083072117671, -0.3787608260065167, 0.03974392657011254, -0.14339725532392253, 0.2595360688742559, 0.12015551360761233, 0.1631609515464739, -0.21324777663157507, -0.12314404346623242, -0.0557845668267094, -0.1880748442212526, -0.12373382937735782, 0.13973794481429952, 0.19559807651574415], "trans": [-24.672665678649537, 5.183521321084457, -0.6370506097793005]}