{"betas": [0.12977417203956745, 0.49847687971378624, -0.19179541608583497, -0.1113183526768453, 0.0549914925669735, 0.1034291447522722, -0.013453424082682812, 0.010035343166627214, -0.014576049326274527, -0.02308049036666073], "pose": [-1.4232412746599554, 0.7880083294350205, -0.7880083294350205, -0.03740552418642641, 0.047825833016991864, 0.015379241088595716, -0.6401585995592319, -0.005790462610209312, -0.022883611780254318, 0.37997295614801985, -0.05505178739532857, 0.020370042959663076, 0.5653204310705127, -0.10767850710614368, -0.11674848359535364, 0.2535745492927933, -0.02484532072563581, 0.09502357649093288, -0.015292550997208009, -0.0019573774148761622, 2.520203528956622e-05, -0.05669354135047329, 0.09985202264530535, -0.11482303652706478, -0.0598120170958913, -0.20005714368000063, 0.2760309362423976, 0.029056155586845992, -0.05022701961665219, 0.01598469471055233, -0.25868110875418565, 0.1852200716360172, 0.19929003783809449, -0.10267925371032875, 0.15104570719534338, -0.42454484681617205, -0.1749486456528596, 0.16809641687656451, 4.1314372700626015e-05, 0.04676450051586475, -0.08146917905982638, -0.38070239086299684, 0.018325732547768946, 0.10151941705370691, 0.3544929957370282, 0.07953743529764692, 0.4007255539952062, -0.017242975567136408, 0.10267418141420978, -0.2459545881879825, -0.7703319347684984, 0.23245461424263092, 0.18979593742629114, 0.777619620267846, 0.24676277191919335, -0.8836984771422149, 0.13109643058254164, 0.14278639992033404, 0.9418615481821698, -0.13056234747055157, 0.08450421983296874, -0.08986818738819234, 0.14942420145032154, 0.09043195274547199, 0.10264952671362318, -0.09046301936440321, -0.2107009307990338, -0.07648025716533234, -0.19128849048358246, -0.14456947081133134, 0.12307489510339503, 0.20597247213622122], "trans": [-21.2960281585616, 8.770376329385414, -0.6073589595459331]}