{"betas": [-0.459125293958982, 0.2836700625543276, -0.2828307762064238, 0.06170009900103966, 0.04114696315793381, 0.017447099752977802, -0.018216663065381097, 0.013285817624318214, 0.01584973647464493, -0.019639755817989615], "pose": [-1.7003809219974826, -0.2965236362886417, 0.2965236362886417, -0.4447927557727833, 0.011814575322472563, 0.017346822412395033, -0.1523643329402986, -0.005803038364641612, 0.004764894998926454, 0.46504837198641513, 0.014338328010783151, -0.0003658590228080863, 1.153315144815764, 0.07826325062677537, -0.10389287938168368, 0.5502185911898834, -0.000486293484709098, 0.006314408276604629, -0.04372170722467475, -0.017337378241466004, 0.024270318444191134, -0.09841687545334095, 0.06258747752036437, -0.012048584738512677, -0.1781748917345352, -0.16353706483376954, 0.14215024226128453, 0.024857699697653828, -0.024466673759849563, 0.011674606207595424, -0.2671553841522365, 0.23553589318532295, 0.10946899265703232, -0.08954624799969796, 0.104789667359963, -0.30351765247530305, -0.1885239424007108, 0.06454875059565043, 0.043007241421099456, -0.0018793503273467852, -0.12617080542244566, -0.36967613902033575, -0.06932338632984904, 0.20765337004533085, 0.3434363525430277, 0.14085566134735408, -0.0695477380414978, -0.01734794809366998, 0.032596190986914395, -0.2519642480857107, -0.8054170715349187, 0.05807257555501123, 0.3581759056882064, 0.7689938910822754, 0.11847966725077318, -0.5868698728181975, 0.08808203036264664, -0.11234402483625545, 1.1762877068418127, -0.5056187662348745, 0.010775326000260507, -0.024651266899536405, 0.16977321688525876, 0.0159004760845251, 0.08417862178927484, -0.19645731540263464, -0.21626653346314897, -0.0822282352783373, -0.24685788914913448, -0.12985345817108448, 0.14400400051736587, 0.26227132964668576], "trans": [-11.799457657158793, 6.039535734629864, -0.5352347430446943]}