{"betas": [0.33303066142902105, 0.22906885785386125, 0.1321746135337195, 0.03485680493593007, -0.034928744222964915, 0.03738652273642406, 0.06435992437738675, -0.06135207138309116, 0.004712805749211021, -0.03328562850670294], "pose": [-1.5876704530852668, -0.4795715133190585, 0.4545715133190585, -0.4826899394026789, -0.01640170335310831, 0.07420820381076834, 0.13321390912579445, -0.024766214951159667, -0.07349762460451525, 0.25948902692098313, -0.0039079406352612285, -0.016657024503119584, 0.1539260913693381, 0.06933366659647024, -0.07793703406662997, 0.4098794687924894, 0.0530331666156876, 0.057017493872729565, 0.07172088450644443, -0.022836908631704803, 0.021893417903010217, 0.014947574324636885, 0.05863275053480646, -0.11932010975508955, -0.12660354599717635, -0.09607811395690258, 0.18165442382480104, 0.031166157961799806, -0.04294865115982197, 0.013055817506490023, -0.30125460934702714, 0.2733131299534697, 0.24481051969049494, -0.09267195755689396, 0.06182094600768107, -0.25505897341543093, -0.02127275200366432, 0.28092937809161767, 0.03566283597022401, 0.0324490026655845, -0.14177350152684298, -0.3611696458103246, 0.02210541040996864, 0.1396134122037949, 0.3709216741986677, 0.23368337653973867, 0.1123706269044274, -0.07089641914732231, 0.1841388396743117, -0.4923891164175297, -0.9306476466434445, 0.31231416882902185, 0.3575355447123504, 0.9973021926804166, 0.480228533572422, -1.7208588400313147, 0.47598388420236765, 0.2387295109066603, 1.5456514944620738, -0.43813770995139706, -0.05173443901520622, -0.11361865173572569, 0.18700897389546206, -0.05915532690428718, 0.12818721939353214, -0.12221953510495621, -0.14057721860527098, -0.058529814966322286, -0.2137888815690707, -0.14953707183650863, 0.12769572901584864, 0.24391246451819198], "trans": [-12.654128851627128, 6.430309722838746, -0.5748633924257313]}