{"betas": [-0.459125293958982, 0.2836700625543276, -0.2828307762064238, 0.06170009900103966, 0.04114696315793381, 0.017447099752977802, -0.018216663065381097, 0.013285817624318214, 0.01584973647464493, -0.019639755817989615], "pose": [-1.6164630319959608, -0.40514935820934184, 0.3551493582093418, -0.48779621578167986, -0.0015495483346895376, 0.0006208055060993103, 0.18982503903937153, 0.012494657219434782, -0.005719101022670377, 0.46656980941927245, 0.025330343179012, 0.0012057657670346783, 0.10684511284334958, 0.015058921136972277, 0.012698756469931488, 0.14962597709187445, 0.007875136128550356, 0.010026219399317589, -0.039972501549845586, -0.00620134263628141, 0.005257800613901079, -0.005835305165497829, 0.0822920029376706, -0.1125364507349322, -0.12533196770556687, -0.14326028595064128, 0.1932789348616459, 0.006746955387789347, -0.006068596606329464, 0.01712398245660433, -0.20740108608262797, 0.18458462590138836, 0.23705686006570217, -0.06895377593571908, 0.08741440576008587, -0.31482578857068394, -0.23922123030996656, 0.0760433154645957, 0.015801732851710038, -0.0002876879911928158, -0.1473987470246552, -0.3801756079073576, -0.035212092012377114, 0.2615445300080656, 0.34760999229953093, 0.08152154793549074, -0.09770843401253555, 0.0051328896297445775, 0.1702765460993638, 0.022116689359487185, -0.8998099627718518, 0.09186518473468223, 0.34104337683499514, 0.7374512073469814, 0.2192804035610375, -0.2315080730272641, -0.15856347513257976, 0.28661280021161445, 2.179523122612234, -0.3440411534457892, -0.000962252190812121, -0.0516764416898957, 0.17094075427028482, 0.012519362339958498, 0.08920841364270865, -0.16186724918781387, -0.24107718353155208, -0.0735034311528776, -0.2258714120331577, -0.1591417089567916, 0.1257186891896573, 0.22737536323463106], "trans": [-12.326291063136054, 7.3932522009277815, -0.42281785173677866]}