{"betas": [1.7511515842605234, 0.3670231778082652, 0.03978433168027672, 0.004913282851196045, 0.02958606384598556, 0.001461046037256542, 0.028411238985692, 0.012589726574853976, -0.014340388809218167, -0.004234100351574732], "pose": [-1.595519670315447, -0.17862178225983433, 0.17862178225983436, -0.42299359244270357, -0.025874068806483803, 0.12244259316851139, -0.2443140778092673, -0.048184482213978586, -0.08668801892012276, 0.25301468597764654, 0.018628208165690385, -0.034747847886578545, 0.5562837735302155, -0.039511818810873046, -0.1454468729115518, 0.8059706647106746, 0.1393745306916925, 0.06627711558627661, -0.031747485493340194, -0.03580399275052209, 0.030743054090684296, -0.051295520927313945, 0.11871810719952998, -0.07463181320593135, -0.17998627286332705, -0.17793810444340344, 0.21515356938293476, 0.033466289827612655, -0.037184699817958765, 0.007113892801855417, -0.2595761006667248, 0.24232966204647435, 0.19719918872493705, -0.14416180001245937, 0.15567905186266986, -0.3081553345835771, -0.13679308020750075, 0.18390648266467555, 0.03766455115724246, -0.09513158302652443, -0.08582746873955684, -0.18913390978627043, -0.08274483502590957, 0.05462649797070235, 0.2639210400755845, 0.19619659473584575, 0.02511830145647378, -0.024703331691296775, 0.12567046246869396, -0.42041619367776845, -0.7087138451331142, 0.27511241712866175, 0.42334739991172443, 0.8067205140147645, 0.2988000541394352, -1.4221326234210727, 0.31537818275919244, 0.31538216072056374, 1.1737007900691403, -0.13003520931444168, -0.15296293225745192, -0.08221572336704604, 0.20090129946365318, -0.10967818643751548, 0.067335925112247, -0.07137297192783426, -0.020241380920438583, -0.03228833177181396, -0.16147488192373574, -0.051128944283738764, 0.08799085666943933, 0.1671465337476959], "trans": [-27.890491340210236, -0.3931964652322335, -0.9646680516056726]}