{"betas": [0.19173745763710806, 0.20679507266967936, 0.025545764337162807, -0.024244743693028488, 0.0007202369641003663, 0.013236882350636182, 0.021343764601424748, 0.007373052342460504, -0.01918535564321634, -0.005662447391478864], "pose": [-1.5657219359567094, -0.14803788336459137, 0.14803788336459137, -0.6370571561981057, 0.0070686554212820146, -0.05370811779621663, 0.11570504281545016, 0.15714530173037533, 0.06766741382312254, 0.3219469787117169, 0.040244335273415185, -0.019690198315639194, 0.2081326783451169, -0.06676501934924847, -0.02449471976264972, 0.09595210438118193, -0.13318746359349004, -0.05039408465775554, -0.08683434119337503, 0.0209555411186231, 0.010533307655512192, -0.03770414162682074, 0.10536787961747394, -0.1367117293423757, -0.21531068908831727, -0.14310978117722065, 0.23468373336096854, 0.025781977774767095, -0.009377876100259867, 0.010107167799209877, -0.26806853038030154, 0.20344573461144055, 0.3207044343942492, -0.17259032464846852, 0.05711223748641053, -0.3731576250169601, -0.3028701127775402, 0.18912072589737108, 0.02188213018378345, -0.022304301403110474, 0.17026598996897752, -0.31638392745753335, -0.043579580248158035, -0.06492093865647863, 0.3251747937274315, 0.03497228624278366, 0.049071284623939046, -0.043938129788642685, 0.8924103452026333, -0.8677355794074985, -0.8400875107368144, 1.0667659258307103, 0.5330812224065294, 0.8086599191511734, -0.07122742098104903, -1.2473120381067742, 0.4111469542500608, -0.29319877950892, 1.2751568908206612, -0.3609942782813395, -0.18854769747321354, -0.03450270528969744, 0.17386608144242774, -0.13331809833202077, 0.07117718077448876, -0.11019629681282819, -0.15879730996125055, -0.05663030401116269, -0.23152282586573547, -0.12453105031546427, 0.09259378071807901, 0.22598365988595315], "trans": [-29.41263533990481, 4.772447293643322, -0.6884007978226405]}