{"betas": [1.7511515842605234, 0.3670231778082652, 0.03978433168027672, 0.004913282851196045, 0.02958606384598556, 0.001461046037256542, 0.028411238985692, 0.012589726574853976, -0.014340388809218167, -0.004234100351574732], "pose": [-1.6081094090297237, -0.02808711267864379, 0.02808711267864379, -0.48655749874570936, -0.05307643289041036, 0.04560325485194655, -0.06039969482952092, -0.07019793691816346, 0.005770837217609223, 0.28572642671110265, 0.07373951991690272, -0.028615480443311334, 0.47390305645432756, 0.0725620937211123, -0.13597787257132568, 0.570426546059549, 0.0682019615687938, 0.04441410346867209, 0.023945834509569466, -0.038127404225072624, 0.011098123911161661, 0.03986162825432004, 0.09258486448121751, -0.08565195657886078, -0.1599043427229479, -0.14178900046700668, 0.14783588470438588, 0.02845208919202766, -0.00854385252398761, 0.008709094836744855, -0.2470999638094482, 0.24496452517730788, 0.20791676869866563, -0.10966320036228912, 0.11829398027456205, -0.23201135084040053, -0.13644601442379603, 0.16997040863656554, 0.02243465763169739, -0.00940534628180682, -0.1706034544542671, -0.33831665698250796, -0.0018765515158076463, 0.21981170301866793, 0.36031921670132816, 0.1588507407564099, 0.003574494200808244, -0.017322107087762783, 0.1121122375390757, -0.40703463085505553, -0.7745659737261122, 0.2642470032643003, 0.33810136354249287, 0.8785925319149455, 0.26891354722744304, -1.4160059737441244, 0.39330197024751007, 0.2079696475716161, 1.219509434508909, -0.2870490454756495, -0.04890875344258849, -0.11886948319562818, 0.22743384408535955, -0.0017380951935384874, 0.12553637027789732, -0.1443617883602949, -0.1088514415356906, -0.045865334028986605, -0.16849238721377682, -0.10781161085876148, 0.11100857660630788, 0.18291981888485515], "trans": [-27.386521195664933, -3.436548589801875, -0.9408100788229257]}