{"betas": [-0.19266644468801378, 0.5771463667239267, -0.16308379457488245, -0.06462538974507079, 0.08054580167251779, 0.027975024271901693, 0.03561269911626106, 0.05188376016633901, -0.05289357868361275, 0.00684608270928935], "pose": [-1.5192281307649853, 0.46994581912777383, -0.46994581912777383, -0.5060895752903608, -0.05705519997924385, 0.12847820042957767, -0.15089301461072555, -0.10392683084583136, -0.10095566787427881, 0.3742215875110325, 0.09572983320989804, 0.0012559653008877387, 0.48151107631917517, 0.021879014023762702, -0.1256890449502024, 0.4794900546705134, -0.03856429733466369, 0.05958542391477486, 0.029406730934793443, 0.0014568007747418753, -0.021617616933994242, 0.06356738922728783, 0.06289152545367357, -0.12484510406783116, -0.12078446537716782, -0.1700488995417492, 0.1428701525806492, 0.010051089240720311, 0.0340645985760257, 0.011895478501729558, -0.2267627142420452, 0.23648117039871708, 0.2248268527884328, -0.0766658736976899, 0.0992408012301926, -0.232595407119517, -0.1452573976303015, 0.11649844903593663, 0.004082819058706685, -0.01843830959666955, -0.21374684026711235, -0.34173629420646107, -0.00421330551852942, 0.36944358990916226, 0.31221973349121035, -0.010250440328185971, 0.7380777291211048, -0.0030062648481749407, 0.17830983926912072, -0.4070698721059294, -0.728438203321721, 0.1854446256235248, 0.52971536615297, 0.6891452434228609, 0.4385988342214581, -1.7744181780305708, 0.4059668995915141, 0.3804772871434778, 1.7381622414381337, -0.34059515627155923, -0.018684187178863443, -0.1185008295794224, 0.24204428160218125, 0.07450690128002879, 0.13028881770301998, -0.21059423923463638, -0.15086274602653824, -0.05361245172570584, -0.16929983991528502, -0.12872039888578762, 0.11779856892894851, 0.183953061774557], "trans": [-15.842408774139805, 13.641299010920383, -0.4471023950620899]}