{"betas": [-0.10716845975804463, 0.03555393559239171, -0.022909588301634677, -0.0022321960585287635, -0.011360188238027402, 0.007048778770267401, 0.0026244476494828445, 0.001119221678184007, 0.011361241992361597, -0.011308692156923365], "pose": [-1.237809010418266, 1.1635193999494833, -1.1635193999494835, -0.4064896737940463, -0.02689730903839886, 0.0954267800004031, -0.39351223656839024, -0.019222383440669615, -0.08555608951562131, 0.3398190671511968, 0.009093253341837512, -0.004712849142795439, 0.750692278753795, 0.00276535723399869, -0.15074646432286368, 0.8387619731842302, -0.021504369109807804, 0.0874294808949235, 0.006364293175970767, -0.01041425232884787, 0.015382952158293243, -0.09522521739484466, 0.06319101655307163, -0.015162539905024953, -0.18044970484349634, -0.16976776635661964, 0.16072116062533323, 0.02174233485095727, -0.02659173262378902, 0.0003967634502052785, -0.29298440165947304, 0.28102547256846916, 0.14815883418279416, -0.1282981058236416, 0.12186735125369882, -0.30649379080550265, -0.18940525058258653, 0.08561011743440797, 0.052098069189842756, 0.008766341565485891, -0.1251951080975903, -0.37388076243514123, -0.05493329217820533, 0.20239546404332412, 0.33982980753113645, 0.1548190452630918, -0.04144508759242211, -0.049790563626277685, 0.10716463914440585, -0.33244698790918337, -0.8625412329357703, 0.19064763359814893, 0.3659755854434503, 0.8410392007517928, 0.29130506069710016, -1.5187309736690204, 0.4717411542275216, 0.0962411314469437, 1.617045341111207, -0.5476216367118273, -0.031260231044752514, -0.09313750086549076, 0.22377947990324507, 0.04094258119678321, 0.1487839055095895, -0.22076361577289413, -0.16291588108505758, -0.07124327295411129, -0.2312978569877141, -0.11692406916595124, 0.1398933950981568, 0.24340153564040648], "trans": [-61.938691328677464, 4.864480384721477, -1.0536884475943606]}