{"betas": [-0.10716845975804463, 0.03555393559239171, -0.022909588301634677, -0.0022321960585287635, -0.011360188238027402, 0.007048778770267401, 0.0026244476494828445, 0.001119221678184007, 0.011361241992361597, -0.011308692156923365], "pose": [-1.4266801661872381, 0.7790175423701514, -0.7790175423701514, -0.48730115069209823, -0.01646671574655646, 0.19257776349166505, -0.5590699291035243, -0.0052616076903324125, -0.17742183830710562, 0.38002936136054793, -0.008797241980402017, 0.0006818426465434559, 0.7283280095971129, -0.047709790220279644, -0.14757291369774564, 0.8462691749721445, 0.023993446813767062, 0.08665126779715365, -0.0176840616374568, 0.007624293298026458, 0.010991578903779201, -0.10163743331061027, 0.06681223906565807, -0.0642323796854263, -0.16785068106301182, -0.15122591829751542, 0.21143893890330184, 0.021674302275058725, -0.031384424889439815, 0.006872336925238583, -0.2915216184042985, 0.2624553623781649, 0.2133854726050624, -0.14684022773775648, 0.08902475857520101, -0.3527183439262612, -0.21129294601381307, 0.1267662718867855, 0.03352763587862784, 0.020422115429605054, -0.04908145888402298, -0.379600313733702, -0.025184473112902457, 0.12496934877797956, 0.3527162625064958, 0.11028297194228409, 0.002606589241884621, -0.04339998964034121, 0.08310524161700111, -0.29590626488987626, -0.8543665877343427, 0.17749735496607827, 0.31088949683763006, 0.8379660314719006, 0.20421005362710593, -1.3366748500934484, 0.4301504732674463, 0.016531507080613354, 1.3695820544210038, -0.46058149119773284, -0.06379440699399187, -0.060607315921209, 0.20426637468856387, 0.011677230746234038, 0.10822647845512236, -0.1740678959878363, -0.1659976417255459, -0.07047644160937468, -0.22659454544144683, -0.13714213452154791, 0.1300053891374384, 0.23683609560625593], "trans": [-62.69362643542956, 4.584825470898671, -1.05295018126024]}