{"betas": [1.0007394031128156, 0.13998077818863408, 0.20322321153559939, 0.06919845010960525, -0.06355964225067326, 0.0988583210768853, 0.031004152589175965, -0.07600298470585287, 0.01954775199647453, -0.05391534064665776], "pose": [-0.11574291123233887, 2.1665365864430366, -2.1665365864430366, -0.03374522241499634, 0.026254698991120717, 0.07298575033518236, -0.4674926555008704, 0.025736708488895633, -0.11487817281852986, 0.29781562642149473, -0.06604542111410405, 0.018824031610843513, 0.38027755555461723, -0.16004964804108007, -0.07516537864343084, 0.6454551107544073, -0.018398169148963438, 0.08068965221835242, 0.06296326405960395, -0.01632722776708789, 0.02109914994962042, -0.05225059325337414, 0.07636931322814032, -0.05022011800325504, -0.019323231863436124, -0.17721051046949063, 0.2424452041201713, 0.03947423713225695, -0.05780073936200626, 0.000887536622880307, -0.27036345410731044, 0.23928873766133094, 0.13689765967203935, -0.08457785817398353, 0.1809469335886448, -0.3444604795028267, -0.03580821942325689, 0.04478346104006804, 0.06287439321091863, 0.0412374503115696, -0.1696447330616052, -0.3956133062540882, -0.024127302957166565, 0.19688846587942194, 0.37200979203569273, 0.2693394799352359, -0.07300637793658062, -0.033373939341183274, 0.14073088314719356, -0.42923953303202445, -0.8785093860340227, 0.23672991100995383, 0.3130044168041061, 0.8347615432607298, 0.33988117919888783, -1.3016184067294385, 0.3076574390740979, 0.10920226127210703, 1.258039570895581, -0.3266753745100192, 0.02052538187727981, -0.10353786974287733, 0.17237468436754153, 0.07238122216201925, 0.11487414408012822, -0.1520769283055814, -0.16941202472319689, -0.07374038610545808, -0.20829092365219778, -0.13449465560989732, 0.137793466128057, 0.23168322615885104], "trans": [-11.18967193082367, 6.387603177006355, -0.6015562116095665]}