{"betas": [1.8964894903024812, 0.31493576625010133, -0.1035326407414528, -0.4364464500446508, -0.04973432451903863, 0.09833628269918979, 0.014303769774192097, -0.026993742994641887, 0.07112343154180402, -0.03308173982274214], "pose": [-0.10194021930769159, 2.1733855003578677, -2.1733855003578677, -0.5365724723482721, -0.02046151245899018, 0.08382852564880877, 0.23316192604945243, -0.06169658198265076, -0.06683829620064212, 0.14265101390806986, -0.0799600905621833, -0.03739501179531863, 0.31443732873626395, 0.19846779860988834, -0.15089591295232332, 0.47257772103068796, 0.26908968353160423, 0.009619904522748135, 0.07899473767517555, 0.09419803409260526, 0.021687531052451393, 0.03407267749210731, 0.19474393201868193, -0.08760044738279299, -0.10813997664073263, -0.15666199855199564, 0.1873591314369782, 0.07384551611219943, -0.13567891373300803, 0.0015631809940398235, -0.18927635139267232, 0.155710048382403, 0.28579274375412256, -0.10836652118607862, 0.16015115246693368, -0.2478979048085133, 0.14594063142468083, -0.06694140298614581, 0.11483152981724302, 0.07540708663009806, -0.20912206066752673, -0.24396669109774025, -0.032974174619068486, 0.1561397763449513, 0.2401344330375063, 0.34834106276284477, -0.22429851174805562, 0.06213811095970002, 0.20525466191280523, 0.07155414207641311, -0.9108907556471689, 0.35999094569791806, 0.2668928614836416, 0.905235694563054, 0.5487871362811146, -1.0508072209849428, 0.05319661061721544, 0.5005305947997618, 1.1633550822903445, -0.1179825325053921, 0.014139222557326712, -0.13579696344609984, 0.018113826939280316, 0.0030483641351116706, 0.09540679505337041, 0.005402396452483367, -0.23075337301358292, -0.010200211488640563, -0.17087779296491593, -0.15718371577697277, 0.09636221306074973, 0.1426594825220686], "trans": [-10.936209603199273, 0.4532079294991674, -0.7965157412005669]}