{"betas": [-0.459125293958982, 0.2836700625543276, -0.2828307762064238, 0.06170009900103966, 0.04114696315793381, 0.017447099752977802, -0.018216663065381097, 0.013285817624318214, 0.01584973647464493, -0.019639755817989615], "pose": [-1.248057014887442, -1.1873586051232516, 1.1873586051232519, -0.32980339339769493, -0.02947263844025297, -0.0573196877652517, 0.31004074568896756, 0.004022912202179256, -0.0033445751968635903, 0.2931114788210075, 0.036908152778721205, -0.0008217538397591295, 0.06916181372148289, -0.007078944723482472, -0.003797891716530534, 0.38326200285370804, 0.017046073725871483, 0.005087701332152764, -0.025244030597393812, 0.01589321106643152, -0.012227762549306995, -0.025716079292046452, 0.06629114129098768, -0.044920581119601795, -0.21648592651853363, -0.15307225687202436, 0.13661071675027098, 0.022517733198074034, -0.004452583709430354, 0.0036038000996401437, -0.28445875942493326, 0.27948588289586535, 0.19294231021903785, -0.13240138607669288, 0.08959054099822993, -0.27257886376984136, -0.1687500618132123, -0.24851980254431238, 0.0077585929656664755, -0.01090761998714973, -0.08842206507972583, -0.40885470760872095, -0.02302395696264492, 0.192953777433154, 0.3631431350083326, 0.14122781223339564, 0.12313425207972298, -0.08299181323950908, 0.07542961817712505, -0.03254507765365644, -0.8242483412553269, 0.14995644551327855, 0.3768308280113988, 0.7990164847894704, 0.05684977689305503, -0.4280073358954213, 0.22739043076499202, -0.04632835319728555, 1.408096152197097, -0.5024905612703929, -0.06263973908733991, -0.03714391823348511, 0.24622599249580482, 0.0007608051947626529, 0.1076059427179661, -0.22673188925592164, -0.1887422419737174, -0.07798220017037223, -0.2296477273035497, -0.13937502595750656, 0.12599694636921963, 0.25120365425790514], "trans": [-20.408593089313882, 12.367326763740746, -0.45088756910484806]}