{"betas": [-0.459125293958982, 0.2836700625543276, -0.2828307762064238, 0.06170009900103966, 0.04114696315793381, 0.017447099752977802, -0.018216663065381097, 0.013285817624318214, 0.01584973647464493, -0.019639755817989615], "pose": [-1.6157521324660427, -0.3594040743402143, 0.3594040743402143, -0.5043534912143235, -0.0072547995423341075, 0.009125119359150537, 0.05351930294791269, -0.005225586991095703, 0.004854793657441563, 0.459245794238525, 0.0334565372061671, -0.0026846891789570025, 0.7811057251308632, 0.003651191831146504, 0.0007865521811586881, 0.19491733432503275, 0.010197935081731758, -0.0036283538102788657, -0.0350987973019272, 0.0034235664974170015, 0.0056934043830891784, -0.0699352173821187, 0.06578105240757195, -0.06336969775764578, -0.19809581824588135, -0.1827374319040163, 0.1280477800708034, 0.025603874154946988, -0.002417777645342718, 0.0044736431762930915, -0.2671254275453735, 0.21203111941784636, 0.1650232430041985, -0.08255862955961286, 0.0878183193668213, -0.2825058370448867, -0.1701930810752407, 0.0070331072945563605, 0.045413851187353686, -0.0027910418832269262, -0.09348495350968616, -0.35241095114755083, -0.06909154639503483, 0.23572206740280632, 0.30178891061374746, 0.12402909006304434, -0.12803418308549275, 0.0007462910657148884, 0.3568117063169865, -0.24123673263535525, -0.7739048350309471, 0.05996518536588932, 0.35989216316227113, 0.6966863806387756, -0.00819283687022531, -0.6889806388044789, 0.12442102205547581, -0.11022827412973384, 1.1020033227745933, -0.3967693461694941, -0.011653301321160344, -0.038543711978332514, 0.15269581753282088, 0.03420082524122424, 0.08706312236261046, -0.1810614147892673, -0.2222996816026721, -0.06694666033383494, -0.22482863362991254, -0.12256731641282036, 0.13026597389821212, 0.22493778879295723], "trans": [-12.744625406305635, 8.551925935858307, -0.3912526374008785]}