{"betas": [0.33303066142902105, 0.22906885785386125, 0.1321746135337195, 0.03485680493593007, -0.034928744222964915, 0.03738652273642406, 0.06435992437738675, -0.06135207138309116, 0.004712805749211021, -0.03328562850670294], "pose": [-1.5910299356549573, -0.46145341748005875, 0.4364534174800588, -0.33743647518001296, 0.05628861739587067, 0.02170371639970091, -0.2873404657508418, -0.010866382655764284, -0.014992868134436219, 0.211305105677403, -0.05428037803919552, 0.0026360082642012707, 1.3549486851366048, -0.03721736292777491, -0.08764914869986207, 0.4115271019879198, 0.05248990353184598, 0.08553165734296922, 0.02731492935958943, -0.024809424186141894, 0.052826484690706395, -0.13096342190575555, 0.07034108645836641, -0.002146197917289051, -0.1480120790515982, -0.1638011438211668, 0.16058449165041008, 0.03614002976273054, -0.07206312880864955, 0.008126167350669414, -0.3344247319938318, 0.24795521764160205, 0.08206854359803444, -0.09461877889377539, 0.10459444402951011, -0.3090347701991043, -0.11460619264244336, 0.031297277247827784, 0.0893381647564957, 0.07373013187617261, -0.015374902603509254, -0.40100502011733835, -0.018868605178372185, 0.022577264607073447, 0.41202061055324074, 0.19658180349698612, -0.058966199852920176, -0.03571408544833212, 0.18203038581677336, -0.3504803336514676, -0.9773377859241884, 0.32911025498170615, 0.19583777405241987, 0.9853123319575274, 0.5438448544940159, -1.6735224905283719, 0.46202861487487545, 0.25890077245358756, 1.6144748447291237, -0.5078269301503768, -0.0212416365220257, -0.10628890175396781, 0.11475012759473344, 0.01690455649130686, 0.12847423228458618, -0.10433895187660454, -0.13737574380754838, -0.07048728338555324, -0.22181512322515834, -0.09051232352223751, 0.14438375202645856, 0.2382349238298521], "trans": [-12.509683052089551, 6.090547840853265, -0.5919300824832981]}