{"betas": [0.5425939922495325, 0.47738774179747123, 0.15292601182064422, 0.1712734498191424, -0.026676199413162845, 0.029053080237652254, -0.052279591306768236, 0.04030904345707816, 0.08374319963315201, -0.11291980133855471], "pose": [-0.950617849792146, -1.5445583607124764, 1.5445583607124764, 0.24058532027196305, -0.06203167928069594, -0.00045545273854408625, -0.40305872748067145, -0.0031031184222947918, -0.02539563873205194, 0.3146115818467016, 0.007366779082204119, -0.0070138482143101795, 0.00864881972435353, -0.035144183504541036, -0.24510585536187965, 0.16511794278372782, -0.003600605218598866, 0.07342415008267147, -0.05424771057247934, 0.019702747211342197, 0.01802631107562585, -0.009336377484262968, 0.07393294329143284, -0.013852504451471815, -0.09411264004719479, -0.201265345742809, 0.21865563099768706, 0.05239740434091627, -0.029412239414093835, 0.0017430573756752202, -0.29983939343412147, 0.2106540125103659, 0.13554300006042183, -0.15936249126130403, 0.18787972032553987, -0.39461277886188745, -0.30128141487587046, 0.7530775271454161, 0.017164497307449122, 0.06529329468031059, 0.12431169350575504, -0.4985653176753899, 0.017115544952097578, -0.03598967447664019, 0.5273059410809161, 0.34596797874763563, 0.44680717522636565, -0.06948478896648536, 0.17265490276295437, -0.13815287182823036, -0.9770198330404652, 0.332637710875883, 0.18590971219052002, 1.0088472876279766, 0.25863313842109464, -0.9782321798024343, 0.24514256990580663, 0.043905105802859425, 0.9971466565571584, -0.26684232228857785, 0.007150821219398205, -0.027030378078671115, 0.148059650387154, -0.012447793231264328, 0.08628192716280472, -0.11700599931789946, -0.24354624564051602, -0.10372469158007837, -0.25189380696471175, -0.1425823063315337, 0.1316009552389844, 0.2745848228457138], "trans": [-25.101094216624773, -12.325717069985611, -1.2228317753897686]}