{"betas": [1.8964894903024812, 0.31493576625010133, -0.1035326407414528, -0.4364464500446508, -0.04973432451903863, 0.09833628269918979, 0.014303769774192097, -0.026993742994641887, 0.07112343154180402, -0.03308173982274214], "pose": [-0.0608249202014801, 2.1932964975452767, -2.1932964975452767, -0.2895943390937716, 0.04556318796022536, 0.09856948099825069, -0.17296476026042126, -0.043178140689919535, -0.13358941096386992, 0.3450598433770113, 0.002053807360312595, -0.018894200943559807, 0.2542169724738311, 0.05527223863499994, -0.1435209806027826, 0.7806482500736376, 0.08319586161261773, 0.08763472530367901, 0.03365505065919665, -0.0591591364336879, 0.04856984416700731, -0.11772322893904982, 0.12940286494697884, -0.050119766846434204, -0.12629084731601856, -0.16864274657120193, 0.20972371993139188, 0.030744373723554527, -0.04979043545393091, 0.003886852107732556, -0.22162184210758334, 0.231164295858344, 0.2146208969200061, -0.12328245356509805, 0.13840277030938003, -0.28658008802775786, -0.0791577335562024, -0.04854554777934886, 0.08134366813601339, 0.030731707988675187, -0.239798081232362, -0.3394275192617212, -0.03274991996652478, 0.254743459021875, 0.3471099443994178, 0.2345812675772646, -0.22166660277981567, 0.021898753075021, 0.11433554898624061, -0.4139959236171577, -0.7101897597138538, 0.20919231517222736, 0.3281807989258385, 0.7380176700864851, 0.36013436636406815, -1.1560139191306935, 0.19311280210880397, 0.1965980331094851, 1.1259677628152707, -0.21423113815191655, 0.0919472845638313, -0.09822848792005213, 0.12744675343661005, 0.10159437119759974, 0.0969738591423936, -0.08169541519412628, -0.19076192707379128, -0.04077294960972513, -0.1843874704101687, -0.1362439965323568, 0.12173234115236944, 0.16685061209437516], "trans": [-11.858375482513436, 6.676749460728547, -0.5660942638063121]}