{"betas": [0.19173745763710806, 0.20679507266967936, 0.025545764337162807, -0.024244743693028488, 0.0007202369641003663, 0.013236882350636182, 0.021343764601424748, 0.007373052342460504, -0.01918535564321634, -0.005662447391478864], "pose": [-1.5707812857020742, -0.0080634036344535, 0.0080634036344535, -0.5143439666963191, -0.01261100752509142, -0.049112882783074886, 0.041435489533495885, -0.017558305618924516, -0.009447513471199216, 0.3193548821170768, 0.027530468328873414, -0.028720751006120683, 0.18262047404572299, -0.08614866951631547, -0.13887519897287956, 0.7444718264777553, 0.03918357716468501, 0.08170017508950274, -0.07032882122645184, -0.012161967960701736, 0.026469300195866335, -0.06836864276991376, 0.11949157443841839, -0.09836839324731497, -0.2156797785941399, -0.15152938456501797, 0.22339050297267882, 0.02501633238833921, -0.029720357750429385, 0.008511609652223624, -0.2552628811919087, 0.20141146798485088, 0.27369732263909924, -0.16942131688612677, 0.09196429665999094, -0.3523009460496138, -0.28106125143678945, 0.1609878772681126, 0.029296518021257045, -0.01546338070798852, 0.05050798375701241, -0.3243705718458729, -0.039036229230839055, -0.005432673313991078, 0.351321437574196, 0.06809007569850953, 0.008126563861151554, -0.030685201503688253, 0.8924103452026333, -0.8677355794074985, -0.8400875107368144, 1.0667659258307103, 0.5330812224065294, 0.8086599191511734, -0.07122742098104903, -1.2473120381067742, 0.4111469542500608, -0.29319877950892, 1.2751568908206612, -0.3609942782813395, -0.11006037824724905, -0.03487182709278628, 0.12893727585865494, -0.0919353025702669, 0.05451403855757101, -0.053895122623292366, -0.16143986500171872, -0.05142826683525049, -0.2147853020169298, -0.12073765986140475, 0.09533619536118407, 0.20447364489209816], "trans": [-29.42724831860061, 4.931457651483992, -0.6830236721245878]}