{"betas": [-0.10716845975804463, 0.03555393559239171, -0.022909588301634677, -0.0022321960585287635, -0.011360188238027402, 0.007048778770267401, 0.0026244476494828445, 0.001119221678184007, 0.011361241992361597, -0.011308692156923365], "pose": [-1.2689754510530158, 1.1109842138885995, -1.1109842138885997, -0.3262987517483732, -0.012506099501008094, 0.14780642088862989, -0.4330918748877517, -0.013458546733206003, -0.13690593299239567, 0.3271306959772067, -0.012824854980545971, -0.0055181778378425896, 0.7246106021463363, -0.053785984895881156, -0.13475006432044256, 0.8053959496180118, -0.008872408884316684, 0.0835139279688663, 0.016178598017961173, -0.02448340969555955, 0.021967718375705398, -0.11731577519570704, 0.05468995442776495, -0.02697756253164864, -0.15847917577115644, -0.15597463647566231, 0.18570624726524684, 0.011358017189420675, -0.037258320317111134, 0.006693867658734501, -0.2860431756724974, 0.3003608697796674, 0.13793194935736866, -0.11602270597799715, 0.12287496308937633, -0.30483659375783717, -0.15562578449548514, 0.06390881101626998, 0.05270915642526249, -0.043407186283745694, -0.22465793110973514, -0.2766978416441517, -0.08327347075934423, 0.24763592179030225, 0.2712136617652625, 0.17612661538989552, -0.07298326841386836, -0.020744934370288945, -0.01556205144669508, -0.5023863902633897, -0.732562188685843, 0.13621165149368017, 0.3754682036375449, 0.7842723255110496, 0.14734058651003723, -1.7299719826094404, 0.6283118065196586, 0.02216390000672802, 1.6756478824416003, -0.6334223360794675, -0.10377231867590106, -0.1131175004111782, 0.2643486515819345, 0.0115376816230509, 0.14135953676788704, -0.21608178359851546, -0.054296482630356344, -0.05531245822515004, -0.1966970485229704, -0.07936674394613212, 0.13504287514915725, 0.21157398397408536], "trans": [-57.544775836220026, 6.263127480189573, -0.8554825899124284]}