{"betas": [-0.10716845975804463, 0.03555393559239171, -0.022909588301634677, -0.0022321960585287635, -0.011360188238027402, 0.007048778770267401, 0.0026244476494828445, 0.001119221678184007, 0.011361241992361597, -0.011308692156923365], "pose": [-1.3131905568259308, 1.03064218945823, -1.03064218945823, -0.5563525430921007, -0.03896067303080939, 0.1817028080924194, -0.593900005958139, 0.0037240775086626906, -0.17574015393474354, 0.4196703389015265, -0.003616059875368253, -0.003750027901979266, 0.8041547539256385, -0.028913468986368217, -0.1565035550700593, 0.9294963849870844, 0.016309593177326557, 0.0835524723067332, -0.012985931450636149, 0.0037135428938345556, 0.015892511750227514, -0.11722747664741634, 0.04487965621887681, -0.031848342338874534, -0.17488068319134564, -0.13675927170596522, 0.20113514383154074, 0.02059309208904696, -0.030296892332015386, 0.007160184478292302, -0.30853771422376647, 0.30723615821758044, 0.1899249004117445, -0.16087607201782478, 0.08130387415795941, -0.33982286149383184, -0.20196627301157147, 0.09165876353288077, 0.0355349365820878, -0.0021032697654432653, -0.09940801632658404, -0.34121129559769614, -0.047809646941183344, 0.1698718047034661, 0.31918144520518665, 0.12660284056717586, -0.04230512292394143, -0.03432551909898683, 0.03816470963514301, -0.38029442984068607, -0.8506152939003614, 0.1548917644522511, 0.35262548792369847, 0.8619121413214026, 0.1666521113150989, -1.6166020731150526, 0.5995913004239661, -0.013305916549766365, 1.6236582201338035, -0.6251507533358457, -0.10986471486466415, -0.06521765863395931, 0.276035784172249, 0.0035733767061835106, 0.1252434472248018, -0.24306529136110927, -0.11986900687931354, -0.06992858544514713, -0.23171754129402355, -0.12704195285244288, 0.14029936069285945, 0.24822769719143195], "trans": [-57.908685798555915, 6.106892759024818, -0.9244282606283504]}