{"betas": [1.7511515842605234, 0.3670231778082652, 0.03978433168027672, 0.004913282851196045, 0.02958606384598556, 0.001461046037256542, 0.028411238985692, 0.012589726574853976, -0.014340388809218167, -0.004234100351574732], "pose": [-1.6125958827249318, 0.15222607246729758, -0.20222607246729757, -0.39078708553130237, -0.0010567820865298276, 0.060912297434340894, -0.16011570540047232, -0.08143085180179274, -0.050084447595889, 0.2005575448679225, 0.0044005188594316135, -0.02081237669284545, 1.08479236432942, -0.1121129141402524, -0.15546398330757766, 0.2776321227482764, 0.00808637847301244, 0.07570745484799608, 0.028198249703522235, -0.018025667655902012, 0.030893437128684836, -0.11776019368588575, 0.04228471476664247, -0.01259181896252074, -0.09752263164254524, -0.17190642809597798, 0.1810687139639959, 0.027433402309803342, -0.09740048372917179, -0.024650385924386432, -0.3192525186926673, 0.2431952889065922, 0.0710171059200274, -0.08083907260948321, 0.12085883423985737, -0.3130518025674403, -0.094699070035839, 0.017047652064156982, 0.05990928661383827, 0.057165613629960164, 0.013400849272784692, -0.4820841557668522, -0.014726039231285036, 0.05932128723576273, 0.49037357369559637, 0.3365829078413347, -0.15096434043556767, -0.02887060010333354, 0.2545948970599283, -0.4849227636456417, -0.6828599251993228, 0.33896006353092095, 0.1354610118975532, 0.8413431802940988, 0.16616110553991761, -1.3171512695600434, 0.3854515191949185, 0.16547301956621618, 1.0180699495024501, -0.007960301624874967, -0.13388124708224294, -0.057246933420121875, 0.062076487572958625, 0.0008115089163041828, 0.05187224461061053, -0.06740374791254884, -0.08887745303057369, -0.07621118260214468, -0.20898748992222813, -0.08388276576580919, 0.13504822918640993, 0.23163224653225975], "trans": [-19.858451910239918, 18.348464448358783, -0.5755739128892038]}