{"betas": [-0.10716845975804463, 0.03555393559239171, -0.022909588301634677, -0.0022321960585287635, -0.011360188238027402, 0.007048778770267401, 0.0026244476494828445, 0.001119221678184007, 0.011361241992361597, -0.011308692156923365], "dual": [0.002589672195756107, -0.00631516543495295, -0.0021676530147867745, -0.008418469898670362, -0.002284207675534753, -0.0004251092084832705, 0.0008423854803402621, 0.0002991672879412181, 0.0006302265514661724, 0.000520470374845353], "pose": [-1.2423660853085108, 1.1560268313762732, -1.1560268313762732, -0.5384037875614789, -0.04402234309654172, 0.14349144064324545, -0.5231219468368488, -0.004580096975399143, -0.1396431153700026, 0.40232588814924414, 0.006841864888040543, -0.005115769326126208, 0.7850511858678059, -0.0061545484137962405, -0.1581725842489997, 0.9038674653657023, 0.006565481765386638, 0.08182686535223074, -0.010398694006518813, 0.0014035654407954644, 0.014161747475906986, -0.09945029100296646, 0.04930477724347932, -0.021715383389221552, -0.1750238304996816, -0.14663265902724876, 0.18674038736692092, 0.02419815238700788, -0.025776431597605707, 0.004736206346939446, -0.3052750755518354, 0.3011692303758371, 0.17351524542197486, -0.1545991956208489, 0.09748135973333841, -0.32875513809260387, -0.19583057884952737, 0.10386021812114991, 0.03654901757907916, -0.0011657404976091505, -0.09932968186681855, -0.3524123539012192, -0.0478298376022607, 0.175706008410371, 0.3297702237052437, 0.14003744053707934, -0.029271850991562206, -0.04244844220223278, 0.056467384743794764, -0.3627257278165017, -0.8600315881320348, 0.16560008541807372, 0.35908817286196393, 0.8660852640774959, 0.19042773423395745, -1.5803855337813815, 0.5685748745956908, 0.006489204300789048, 1.6017493053469507, -0.6024380138532346, -0.09334783097196155, -0.06890806446950551, 0.2666762801028979, 0.008140210768762696, 0.1295608126478257, -0.2406481239996562, -0.13203900416362307, -0.07184250435160491, -0.23235404035803037, -0.12450237735902016, 0.13985437082677593, 0.24962066656775533], "trans": [-50.264681662067595, 7.132018450718972, -0.9414020574843471]}