{"betas": [1.0007394031128156, 0.13998077818863408, 0.20322321153559939, 0.06919845010960525, -0.06355964225067326, 0.0988583210768853, 0.031004152589175965, -0.07600298470585287, 0.01954775199647453, -0.05391534064665776], "pose": [-0.24480348236576133, 2.098301915460387, -2.0983019154603872, -0.06622157450782723, 0.010449495565337075, 0.02564565695089828, -0.5169549275710825, 0.004246550355129459, -0.11189898832563812, 0.25557817895387624, -0.046588403625153686, 0.017910608551945147, 0.21481209025402032, -0.12680844110899941, -0.11789809950648544, 0.7903576419277493, 0.029376043191287195, 0.0982683267601878, 0.027640194595110936, 0.0014921324237711037, 0.021960179881677956, -0.05452130973767387, 0.09652315492914597, -0.04258997312109752, -0.04633383480828116, -0.19499305419813948, 0.25502731617615254, 0.049156310272192305, -0.045903143905112666, 0.001466788464377032, -0.2850455339222833, 0.21920476411005216, 0.16284297122061467, -0.12303831519753847, 0.18063765950570126, -0.39496167676694643, -0.12496590821612144, 0.05224805646510616, 0.05954928855982069, 0.05819135991242826, -0.0182981700943282, -0.39034681192958687, -0.019221238231233933, 0.08898311350415841, 0.36596512013529453, 0.19566964547696838, -0.04439587941296104, -0.04653203991753633, 0.20474829614633744, -0.29492877366414627, -0.9366553817321569, 0.27155550603383255, 0.26223081084855376, 0.8578543902674097, 0.4269561146826778, -1.3934222413828938, 0.3042561647801198, 0.15543046388593107, 1.3168871150059558, -0.30941196789821335, -0.01762529556642833, -0.10735237826172432, 0.1593010045228049, 0.06125614667769399, 0.12487878816955347, -0.1437482289232541, -0.19249355230024362, -0.07552399228441985, -0.21815170151092364, -0.13784611150209838, 0.12906457295608678, 0.2340033375400955], "trans": [-10.697637392219239, 3.059331742065549, -0.7101312537730395]}