{"betas": [1.7511515842605234, 0.3670231778082652, 0.03978433168027672, 0.004913282851196045, 0.02958606384598556, 0.001461046037256542, 0.028411238985692, 0.012589726574853976, -0.014340388809218167, -0.004234100351574732], "pose": [-1.4231835207099601, 0.7881583494640785, -0.7881583494640785, -0.09078708553130227, -0.0010567820865298276, 0.060912297434340894, -0.16011570540047232, -0.08143085180179274, -0.125084447595889, 0.2005575448679225, 0.0044005188594316135, -0.02081237669284545, 0.7347923643294201, -0.1121129141402524, -0.13046398330757766, 0.2776321227482764, 0.00808637847301244, 0.07570745484799608, 0.028198249703522235, -0.018025667655902012, 0.030893437128684836, -0.13029418726541997, 0.06540822307407024, -0.03283794354819609, -0.11361866106357235, -0.16891747229490944, 0.22354593831761146, 0.027433402309803342, -0.09740048372917179, -0.024650385924386432, -0.31304222455104996, 0.24402441212561657, 0.1204329296070911, -0.13498585306034733, 0.1356150322566124, -0.36530346320074714, -0.16969907003583898, -0.232952347935843, 0.05990928661383827, 0.018110596980224124, -0.0669633445364522, -0.3390120939975236, -0.01413082987670141, 0.10739511259161863, 0.38336454577107243, 0.28658290784133467, -0.4509643404355678, -0.05387060010333354, 0.2545948970599283, -0.4849227636456417, -0.6828599251993228, 0.33896006353092095, 0.1354610118975532, 0.8413431802940988, 0.26207797844322106, -1.3951353807861284, 0.42037955895645945, 0.16547301956621618, 0.6180699495024498, -0.10796030162487497, -0.08843471520202996, -0.07098627415615327, 0.1666269582487625, 0.019903480592372676, 0.0632434062127412, -0.0853352597614472, -0.06832090648628802, -0.05998935539099659, -0.17583383711759565, -0.08600015096602162, 0.12466202096114579, 0.18752802615016606], "trans": [-24.27578806963352, 13.660753722590847, -0.6582388947411546]}