{"betas": [-0.19266644468801378, 0.5771463667239267, -0.16308379457488245, -0.06462538974507079, 0.08054580167251779, 0.027975024271901693, 0.03561269911626106, 0.05188376016633901, -0.05289357868361275, 0.00684608270928935], "pose": [-1.4390874319112987, 0.7455772611491978, -0.7455772611491978, -0.4159087860318241, -0.04798801638010251, 0.10058836291514403, -0.18172267055230745, -0.055233019989275885, -0.06970425482447057, 0.3355369932586089, 0.06512863554737301, -0.001332326431066711, 0.7373368478487091, -0.006165374891006401, -0.1408530143021436, 0.5904372157935645, 0.004553261333061625, 0.06708611248820517, 0.07423066561508258, -0.036667418613082516, 0.004808157055466979, -0.039973219180402815, 0.0549227150271048, -0.07207580799283499, -0.18117598455471415, -0.16940534463261517, 0.1309354052837194, 0.007921835641304328, 0.010089314696157602, 0.01330149798150484, -0.24978221608755125, 0.2834656927340014, 0.17737305444723295, -0.07247275763211901, 0.1485933150264817, -0.24571664588670267, -0.11090420615499047, 0.20487005959543125, 0.03185282012835355, -0.03236678611163999, -0.4262917788754219, -0.29186680490492584, -0.039115115879002245, 0.5070297866819165, 0.2531145080668237, 0.16458041179305585, 0.02581761251196131, -0.04684456782514501, 0.18867508592393745, -0.4706753777677796, -0.7213105696317258, 0.2006802353376597, 0.5681049890798808, 0.7250724611764814, 0.49818597023157773, -1.5057457376452787, 0.26895395954671064, 0.3865628060576737, 1.5593012042280359, -0.2844096943627723, 0.10492948956210327, -0.1697964417023785, 0.23904636419956415, 0.12124050761551072, 0.17838523005258797, -0.21612210616942065, -0.16681840011566484, -0.046707447218763555, -0.18827944027893367, -0.13708873215212586, 0.132274338657172, 0.1959018069521024], "trans": [-18.302335490556924, 10.17025717968511, -0.5584781098930454]}