{"betas": [0.19173745763710806, 0.20679507266967936, 0.025545764337162807, -0.024244743693028488, 0.0007202369641003663, 0.013236882350636182, 0.021343764601424748, 0.007373052342460504, -0.01918535564321634, -0.005662447391478864], "pose": [-1.4044690367589694, 0.8208994356727551, -0.7875661023394219, -0.6326777581140811, -0.03377833493091275, 0.020942758162491623, -0.15053043661708465, -0.04294508259826605, -0.014148514483454042, 0.3132954181084246, -0.013505651655315474, -0.0032062138301528925, 0.6832484597199254, -0.027652149676469697, -0.15877723731615154, 0.2526605061461409, 0.04214393011514503, 0.08794212772046286, -0.044455393368837456, -0.0026253593488694917, 0.017488178443832027, -0.07941880699774717, 0.09023778392345752, -0.07710369852960115, -0.14502277618718562, -0.17128036149007056, 0.2342955339039438, 0.023581075637396202, -0.036354061210627515, 0.007590601205554438, -0.2719745819345654, 0.21644049056782136, 0.19806138208100654, -0.1250019418574142, 0.1176020728217681, -0.3758166554600555, -0.23008311955863156, 0.07668517323765404, 0.036095004617615944, -0.013152994981918973, -0.0007375330765842648, -0.3164889206989624, -0.053949281013499446, 0.05218276882934125, 0.31925925564335567, 0.10998962549333141, -0.03980808224779875, -0.017490316237880298, 0.010474944326748335, -0.29856516802820177, -0.7394424114774336, 0.1185209491616365, 0.2229480143701334, 0.7420393538907364, 0.08223335767847824, -1.307440986349382, 0.4659300082153333, -0.11813589409696645, 1.1800239118671674, -0.4541122643743315, -0.11752822190762444, -0.07153643346195149, 0.16281401925624017, -0.036293151114164805, 0.08562736395487518, -0.11154533862572974, -0.11889479422593434, -0.059975724026436764, -0.20594146436011512, -0.09851890914670046, 0.1123659603941051, 0.20998849888205232], "trans": [-25.806372993391452, 13.473862625034851, -0.4960356254759713]}