{"betas": [1.726796659765029, 0.41891031545459445, -0.15139553369490252, -0.5462419580768579, -0.07855182412525559, 0.07595039952460043, 0.008045347212360082, 0.06009336300381875, 0.04481580265154796, 0.006120580758014304], "pose": [-0.11348131549097439, 2.167664535241913, -2.167664535241913, -0.4723990951569996, -0.0031400474847313254, 0.034163172604417966, -0.0953019881191506, -0.06512446815168771, -0.1001336834528933, 0.264242170337489, 0.021791305891851097, -0.0091549184354267, 0.6745662609103796, 0.0939793469814536, -0.15052621423977575, 0.138129295553665, 0.04628960840348911, 0.046618787436259024, 0.06275692711983634, -0.09397947159949356, 0.0565717716705597, -0.025152206066186573, 0.0983638838269048, -0.07422083175482784, -0.09194350456028447, -0.14654150844040958, 0.18630970520183396, 0.06927112085285993, -0.06938595329952403, 0.01649142821672041, -0.28097435732745063, 0.21206596560851348, 0.1961350349856492, -0.09258800960210455, 0.08469712011376629, -0.3048930272222745, 0.001358649069145762, -0.08177416969662939, 0.026858226693902296, 0.10656186523641767, -0.0922053342524003, -0.3590456191369542, 0.01222741877422732, 0.07641223648078752, 0.33787955349767795, 0.10969465055673859, -0.02759405222180819, 0.08371324312425335, 0.2558344476552708, -0.3612877862967168, -0.979613433885944, 0.2939726259391836, 0.21681815889324424, 0.9096500047962752, 0.629354460143422, -1.4149181254963727, 0.23546095190261368, 0.3038708768302099, 1.3210472943450675, -0.29526549416322195, -0.042757463943258536, -0.12786043723003876, 0.10256574409348543, 0.04660953070236796, 0.12328821320946341, -0.1093996676687, -0.16444898095954838, -0.05270107885668852, -0.20332088256607236, -0.14432766303217237, 0.13446135367813014, 0.2147318393432206], "trans": [-10.72041986488354, 1.8946906083785242, -0.7353192301163342]}