{"betas": [-0.04531959800123942, 0.25816046623113975, -0.10443940742347267, -0.07597029208210594, 0.013911735992459227, 0.013954990810594958, 0.00840059268463032, 0.018210526354907698, -0.01144635948893292, 0.002226290135924623], "pose": [-1.5645163594082838, -0.16466922897144662, 0.16466922897144662, -0.6340365680396228, -0.030800313278700385, 0.19363288774867304, 0.19345847060909727, -0.04353263781235619, -0.020682795902592213, 0.3810497316411685, 0.032946816352343554, -0.011925929095896971, 0.45998197222372383, 0.03936689983834758, -0.16254401338759192, -0.00727572944575066, 0.09607869293884919, 0.07639596934766463, -0.022792084698389257, -0.007064644983777838, 0.006024808155259718, -0.029519737220980793, 0.10636345094003744, -0.10687143157586192, -0.1746032757901566, -0.1702779246389267, 0.19355223394678722, 0.03463952724279462, -0.020552036391502833, 0.0029736661629970827, -0.25496322547065675, 0.21217006972118843, 0.25581575584246996, -0.12543462805207706, 0.09258514433516694, -0.311123769567282, -0.15534542093283213, 0.12923181775427145, 0.02670239183755428, 0.01265014729096079, -0.010263447251289269, -0.3733213210425031, -0.019264624693320246, 0.08740271223431449, 0.35045594313568695, -0.026340718167504162, -0.7857382085556832, -0.05506634074872019, 0.05917944935329113, -0.21666118953197402, -0.7417874320969339, 0.10780217281946941, 0.25122424484806005, 0.7153905536525039, 0.12524549727722314, -1.0191792731600924, 0.3057779514894733, -0.09996143586577409, 1.0002964430499035, -0.3389656339099514, -0.03310007876186583, -0.04831111227364851, 0.1338687838845929, -0.007934763213597717, 0.07515755367263523, -0.10776934376859579, -0.20744686050374378, -0.05951974644458674, -0.21596582928443905, -0.1429183530547259, 0.10863436769534655, 0.21799560136768817], "trans": [-28.44572808001463, 4.943460347991634, -0.6588303532922684]}