{"betas": [0.12182979554792384, 0.0498104030700563, 0.01874907528210161, 0.028247290178977192, -0.01045515424154793, 0.003794310233826808, -0.007750463989420916, 0.008476040652062412, 0.013630708331879994, -0.014916307566096007], "pose": [-1.1456560593987837, -1.2969885914922719, 1.296988591492272, -0.3816426586450767, -0.0286091971503528, 0.1008932380967272, -0.4408356453469957, -0.01543861363567977, -0.09843043872848765, 0.3312076233829938, -0.003874006016551207, -0.0008500553303837871, 0.7124546348911994, -0.0349499396996749, -0.14490914463972634, 0.8152035672112959, -0.022134708478476848, 0.08745189030982424, -0.006166772546561928, 0.004161129278719988, 0.014056688670696931, -0.08044769147895857, 0.06690283799350065, -0.02739372315143268, -0.15748608613304751, -0.17581136205759462, 0.18621500295280177, 0.028087760495945743, -0.030274371497504324, 0.0030026843414517924, -0.30357824123818355, 0.26181087208834947, 0.15319236191797275, -0.133850012660043, 0.13011770808599268, -0.3367996491731322, -0.20061853127549137, 0.11984422717139877, 0.04111864595023411, 0.022969159555377858, -0.05714261888986281, -0.39314700318583223, -0.02473628162779675, 0.13130361197770363, 0.3793993196934476, 0.1455303208131435, 0.000800729485473535, -0.05262659240021539, 0.12127223772587163, -0.3108034753256376, -0.8794821135742074, 0.2292172981522551, 0.292520706804593, 0.8730055375843363, 0.29597665802072765, -1.467737207784723, 0.4463169628781829, 0.09287038529556974, 1.4287648040985315, -0.4545673953958048, -0.04156378788256173, -0.08433115336598092, 0.20595107114752012, 0.03321736623063995, 0.12591035209613247, -0.17752967891300322, -0.1563672179513765, -0.07427623528764096, -0.22208652302876677, -0.11783393478096248, 0.13300263703353285, 0.23637500262605873], "trans": [-53.180461981719795, -12.570227916457222, -1.32103647239221]}