{"betas": [1.7511515842605234, 0.3670231778082652, 0.03978433168027672, 0.004913282851196045, 0.02958606384598556, 0.001461046037256542, 0.028411238985692, 0.012589726574853976, -0.014340388809218167, -0.004234100351574732], "pose": [-1.5993875623409077, 0.14683569819461856, -0.15837415973308014, -0.4690897151394011, -0.01865414041248182, 0.11224631619767145, -0.41823108338562737, -0.04153920307860907, -0.0825836989669543, 0.3269977321919654, 0.004482559022959659, -0.0073183536572708, 0.6525698962575117, -0.055521051562289744, -0.14998519671912253, 0.7276118294955003, 0.05773834230315206, 0.08424332696032111, -0.051927903296046816, 0.00336215991158913, 0.01957695782982252, -0.04498693505949267, 0.10992289732734788, -0.0891852282404565, -0.14597028754370278, -0.18997786335717942, 0.22384118258915783, 0.045368822021835384, -0.03407695065276435, 0.008243791748993225, -0.28282321689465245, 0.19789610036333727, 0.20875006981962024, -0.13632194035958595, 0.1139569494598913, -0.3614528916469554, -0.17359291417153644, 0.11499930025320702, 0.031898427246526015, 0.0035931525900136803, 0.11082238909686828, -0.3320493992153504, -0.026763292863467018, -0.057656346138481626, 0.35427532229315906, 0.13514481381177174, 0.011826365395925374, -0.021304506208505866, -0.0064947051307369, -0.2032628160369391, -0.7104641820701079, 0.12423224801689324, 0.1168954520943394, 0.740227995349621, 0.051815885596997575, -1.6626594125131504, -0.0678398516990964, -0.16785967445387726, 0.9820470077658432, -0.395531986367229, -0.09359210142407282, -0.04662259494619191, 0.1431941847550466, -0.045838127032614695, 0.06060217242613273, -0.08682729954509383, -0.14696152522137762, -0.06266364313140138, -0.2060315645760345, -0.10468567327766574, 0.10366393822650177, 0.21503841534193233], "trans": [-29.138312557310194, 9.856945394423814, -0.6695689519096717]}