{"betas": [0.19173745763710806, 0.20679507266967936, 0.025545764337162807, -0.024244743693028488, 0.0007202369641003663, 0.013236882350636182, 0.021343764601424748, 0.007373052342460504, -0.01918535564321634, -0.005662447391478864], "pose": [-1.5707559473425552, 0.013211676355725625, -0.013211676355725625, -0.014386416204661752, 0.07449527982586107, 0.004914258282362312, -0.478753840085463, -0.022060890334761454, -0.01098454720629561, 0.3365963549407541, 0.023806956827955535, -0.015853536286704592, 0.2953579213373896, -0.1802617570179269, -0.10524341216390476, 0.2402401357837314, 0.0004136385256758744, 0.09998165819341467, -0.07485174807745208, -0.018030913831920087, 0.01745376620621494, -0.03094064215716855, 0.1330596625939333, -0.1282469697993921, -0.17051545808778265, -0.1658712853285538, 0.2434161890395, 0.021296473025370643, -0.025227643151175882, 0.011805412963654218, -0.21662216678706026, 0.15758972735657434, 0.28121793151514324, -0.12687567617641773, 0.11009155916872733, -0.37706123623789334, -0.2882237530868716, 0.1296737256902128, 0.01792259336128945, -0.016215598339765727, 0.023158513142273376, -0.3212323174943794, -0.04731922064382905, 0.031654125441682196, 0.32187931010352966, 0.04684197034576973, -0.015545245757334035, -0.012207488282129657, 0.8924103452026333, -0.8677355794074985, -0.8400875107368144, 1.0667659258307103, 0.5330812224065294, 0.8086599191511734, -0.07122742098104903, -1.2473120381067742, 0.4111469542500608, -0.29319877950892, 1.2751568908206612, -0.3609942782813395, -0.06289915700256794, -0.05272241692086348, 0.10458930344566744, -0.06429582701368947, 0.06530217694100403, -0.05277904419337639, -0.20395074881460964, -0.05564918830518609, -0.21605736084714727, -0.1317043355341245, 0.09421671301297278, 0.2040072928670995], "trans": [-29.47108725468802, 5.408488725006002, -0.66689229503043]}