{"betas": [0.33303066142902105, 0.22906885785386125, 0.1321746135337195, 0.03485680493593007, -0.034928744222964915, 0.03738652273642406, 0.06435992437738675, -0.06135207138309116, 0.004712805749211021, -0.03328562850670294], "pose": [-1.620752004199357, -0.01384172295263611, 0.01384172295263611, 0.02816740691459138, 0.01843544203249405, 0.006601289119255921, -0.3914920102619548, 0.04061452105370435, -0.012145616352263404, 0.2414726352930598, -0.0657311827742239, -0.009250326738518227, 0.09537826717570838, 0.011798234205910973, -0.01058599152409588, 0.9507497139256054, 0.14768209403241797, 0.03941615019781189, 0.010748455334242337, -0.05495294203296193, 0.046357710946995166, -0.10807704745465703, 0.11659415876078662, -0.01059622947899738, -0.10815076233298847, -0.15774514295034964, 0.2455272385792925, 0.052682691106196305, -0.0875824933249356, -0.0010611682242674882, -0.2885106004229948, 0.2306218108748302, 0.1402694086874751, -0.11163306902309296, 0.14175433104231536, -0.36160100943086015, -0.14261556858583052, -0.008062901684768982, 0.09531934718114797, 0.007976889616781793, -0.09655198732112141, -0.2547673284029202, -0.06062248135435522, 0.0323536214527966, 0.25822677882518347, 0.3180944898213439, 0.18289595068339115, 0.019333351556619516, 0.055917892021844995, -0.539835796506036, -0.8091033577680402, 0.2979517252922716, 0.3610868919323772, 0.8802567954842748, 0.3436332355515171, -1.7088955717278518, 0.5305966176444228, 0.5267490235599157, 1.610557576752039, -0.29918952662428167, -0.1780724271548587, -0.10509547108028196, 0.0755013116522293, -0.03256773305503465, 0.06935808759592163, -0.014464130323120269, -0.04295536378891323, -0.03620830213490509, -0.16820258831799903, -0.07663300754917411, 0.11052276729488525, 0.1729504394125628], "trans": [-10.944691865468945, -0.2858701624727184, -0.7362273956086116]}