{"betas": [-0.10716845975804463, 0.03555393559239171, -0.022909588301634677, -0.0022321960585287635, -0.011360188238027402, 0.007048778770267401, 0.0026244476494828445, 0.001119221678184007, 0.011361241992361597, -0.011308692156923365], "dual": [-0.002335886135732393, 0.0008151790863076616, -0.004545292798743758, -0.01316428483499354, -0.0017898749385063684, -0.0018074747019224324, 0.0007450789918878567, 0.0014845107431034116, -0.00027033627233129937, 0.0011761601988554988], "pose": [-1.2496909588601561, 1.1438517504969725, -1.1438517504969727, -0.458598542829306, -0.030512420655412844, 0.1601659033139495, -0.5194270738109255, -0.0023452209884423274, -0.15098808896031105, 0.37931656764494925, -0.00742765142584056, -0.003928504574946124, 0.7793332912647261, -0.03348151136451493, -0.14684052900074948, 0.8737833711334423, -0.005160094561375655, 0.08309367932513922, 0.001135238450510491, -0.0052625616141125904, 0.01656019186870864, -0.11360110661478318, 0.04158744005893166, -0.025295101612655094, -0.17118370945803152, -0.13898324512359359, 0.1839770918517432, 0.017242401280732705, -0.035145663232234205, 0.004160111213039248, -0.307933259875473, 0.30533465388343034, 0.16466886417866394, -0.1416043719759147, 0.0852260219450551, -0.3183648710547313, -0.18810592572394622, 0.06431471188374452, 0.04459934527695917, -0.00022045799859367403, -0.12251454115962011, -0.3526066290019502, -0.05375704840670468, 0.18230105876580158, 0.327014594939834, 0.1477657462322131, -0.062387051905725036, -0.032078441202036956, 0.04723727743385413, -0.41052074490643964, -0.8723424695793045, 0.1639739257081521, 0.35468305483303847, 0.8739242778682194, 0.1963642646670682, -1.6552688656167582, 0.608402525276978, 0.005520097838422369, 1.6601282664653814, -0.6463604607952987, -0.11726237264474809, -0.07737001552725072, 0.2572209567741587, 0.005144710358320952, 0.1317526150580083, -0.23399367902473217, -0.10428917162490502, -0.06871404824444327, -0.2263882519743828, -0.11261382064416003, 0.14247860390919842, 0.2440931062350809], "trans": [-52.62320470924278, 6.937114732413096, -0.9284550384286887]}