{"betas": [0.12182979554792384, 0.0498104030700563, 0.01874907528210161, 0.028247290178977192, -0.01045515424154793, 0.003794310233826808, -0.007750463989420916, 0.008476040652062412, 0.013630708331879994, -0.014916307566096007], "pose": [-1.1769252230585934, -1.2581500726768948, 1.258150072676895, -0.37594117200878185, -0.04438142351230994, 0.08453115049970517, -0.42108355173704115, -0.01200237100681422, -0.06755299923895085, 0.32014961259286573, 0.005614241961199925, 0.0024879682765732054, 0.6892214009889517, -0.04245532756115192, -0.12981701456775216, 0.7516432168111402, -0.05223509491802409, 0.08637786896190235, -0.0007082893129549074, 0.0246731917353443, 0.012039555661579451, -0.047992605388484565, 0.05463331592380294, -0.04558594982202317, -0.16095135919078205, -0.16030645809052732, 0.16492774185347278, 0.036543228847812866, -0.02248505126577213, 0.0025322402344994943, -0.33058059423191577, 0.2620450727968464, 0.18457844240959453, -0.13893765147244394, 0.07950869949137906, -0.32497265138679865, -0.19884549885494718, 0.09791167649224529, 0.05201115599412482, 0.06888531565781143, 0.0866719279408316, -0.4490069492527809, -0.008006577267149328, 0.043581070832636515, 0.4127158436961875, 0.12240025658251188, -0.0064510990081795404, -0.061489266662530254, 0.20738985015855102, -0.18726889137133917, -1.038627543484576, 0.28952584211874166, 0.2795262125458668, 0.9919402451550455, 0.3845120262750268, -1.5828804283103186, 0.48694282198744554, 0.15913757745979953, 1.6931378272799107, -0.5519983155885215, -0.07205900548951023, -0.08402367112546877, 0.23293196647678624, 0.015555639048057832, 0.1609514312841319, -0.24078477315317706, -0.20009364954682854, -0.08691102362505504, -0.2554476552222102, -0.13524910471934387, 0.14340743382003004, 0.2750254058570031], "trans": [-44.52345155789559, -9.492066313515613, -1.1882466788401511]}