{"betas": [-0.04531959800123942, 0.25816046623113975, -0.10443940742347267, -0.07597029208210594, 0.013911735992459227, 0.013954990810594958, 0.00840059268463032, 0.018210526354907698, -0.01144635948893292, 0.002226290135924623], "pose": [-1.5705352161162462, -0.03359552283452198, 0.03359552283452198, -0.06916593184960773, -0.02172218165142189, 0.01958358823469412, -0.3008428621304417, -0.031840871439606656, -0.06145805000206139, 0.36924370773059484, -0.029001402579868822, 0.004792365085184911, 0.15170459152864402, -0.15555369892701906, -0.12345787669202679, 0.7243401289314628, 0.00582323720521276, 0.11796864996931923, -0.003041784087760653, -0.005793255133471924, 0.021108242841040202, -0.11925278493250212, 0.09278829948684675, -0.03634080818271941, -0.12736008606387164, -0.19344755137287525, 0.20712277959821448, 0.022356308146216673, -0.040245373764233025, 0.004563827439915928, -0.2581479540028903, 0.23290475799861493, 0.14825085005248534, -0.11895827080210034, 0.15508468968285372, -0.33164345179224564, -0.1656512744248798, 0.08055282910312789, 0.05230415934797693, 0.01421790363116275, -0.13416458106139054, -0.390054017934068, -0.03378633437415546, 0.18965723089416933, 0.38812624452279665, 0.17521882212753961, -0.05350987704206258, -0.03393105765836484, 0.055274162002412766, -0.31694549125881444, -0.756393548327639, 0.159476495155865, 0.2883084715954122, 0.7631318154823354, 0.18146172389825363, -1.0413084147606313, 0.28257879740269365, -0.006181595857673487, 1.0291364286518376, -0.3054336690737107, 0.04502947058027022, -0.05375216834808256, 0.14693301194310396, 0.06716346712696404, 0.07509657173183759, -0.11567995120083949, -0.18886622182303464, -0.06951351315236705, -0.2043997614482975, -0.12475546394234172, 0.1265576710955156, 0.21121212193299593], "trans": [-28.727719628694533, 7.0392470664892715, -0.6385015701637962]}