{"betas": [0.12182979554792384, 0.0498104030700563, 0.01874907528210161, 0.028247290178977192, -0.01045515424154793, 0.003794310233826808, -0.007750463989420916, 0.008476040652062412, 0.013630708331879994, -0.014916307566096007], "pose": [-1.1456560593987837, -1.2969885914922719, 1.296988591492272, -0.38164254539518483, -0.028609100923895528, 0.10089314933312991, -0.44083588442340776, -0.015438532747061945, -0.0984304121924964, 0.33120773461572006, -0.0038741264483916483, -0.0008499672123271661, 0.7124547084137995, -0.034949893673096644, -0.14490914148805037, 0.8152035521929064, -0.022134712948171195, 0.08745191530738575, -0.006166781810523928, 0.004160998242743545, 0.014056837254268496, -0.08044776970592675, 0.06690286140176084, -0.02739370775465223, -0.15748600575717536, -0.1758113120697715, 0.18621506473287644, 0.028087734802669777, -0.030274460583195145, 0.0030027668870425575, -0.3035781861786517, 0.26181085142346966, 0.15319230726258484, -0.13384995954188614, 0.1301177234151058, -0.3367996809005469, -0.20061857184037638, 0.11984410388648326, 0.041118716134152085, 0.022969132659219505, -0.05714295490396047, -0.3931468772731235, -0.024736341082542655, 0.13130372982400643, 0.3793992702105087, 0.14553027138699146, 0.0008005930733048546, -0.0526264990910697, 0.12127213518290274, -0.3108037501608802, -0.8794819872881211, 0.22921725927396516, 0.29252069589296037, 0.8730054640141758, 0.2959766468708384, -1.467737197018642, 0.4463169417158657, 0.09287033654433306, 1.428764793580929, -0.45456745138588645, -0.041563698114289296, -0.08433119709806268, 0.2059510838736333, 0.03321738336140242, 0.12591035536224743, -0.177529694364934, -0.15636718135741356, -0.07427622856762496, -0.22208651560443826, -0.11783392461138503, 0.13300265244905374, 0.23637497629298365], "trans": [-52.525225362178304, -12.492546194311313, -1.3194468455636665]}