{"betas": [-0.19266644468801378, 0.5771463667239267, -0.16308379457488245, -0.06462538974507079, 0.08054580167251779, 0.027975024271901693, 0.03561269911626106, 0.05188376016633901, -0.05289357868361275, 0.00684608270928935], "pose": [-1.4438318472125098, 0.732343739192983, -0.732343739192983, -0.5484622828046433, -0.06912886261029152, 0.09627770200964582, -0.061527079697382005, -0.07335281285901818, -0.04408257081651848, 0.3283797321307853, 0.10723995576365995, -0.022834654408040687, 0.5933647940941418, 0.10075694572492443, -0.14863680884788183, 0.6838641549547794, 0.02962605519809639, 0.05883343476353629, 0.03730311786548047, -0.02860344202307779, -0.002217214086515136, 0.002249786225826063, 0.06504879278860251, -0.06461736305747225, -0.2259357902996227, -0.1344595356509558, 0.09155347379897152, -0.003663325591171747, 0.0277026931082952, 0.00927827693615322, -0.22121505519181467, 0.2892910546441609, 0.20248824131420481, -0.09774461696438587, 0.12044679027500849, -0.17980632502690566, -0.19130790734090367, 0.2579945699424256, 0.02966238867330706, -0.05242140804557158, -0.35962603183157626, -0.34487132386594793, -0.04070430042385253, 0.4742086356094796, 0.3291685959912597, 0.14380695421398348, 0.04464243713909896, -0.06445918474991053, 0.13237008870372113, -0.43113819023630684, -0.760371083716779, 0.2014950086033767, 0.6051832117754035, 0.8284975033620262, 0.27035374992123207, -1.3701679385185528, 0.3518177994873506, 0.26128901766977836, 1.4554543072397437, -0.34547054629336116, 0.025891965912694156, -0.12359892295433618, 0.275089551420341, 0.03861465950597425, 0.16302130791527472, -0.23039223939455297, -0.15808013844511357, -0.05014829899831695, -0.19094398830785578, -0.1250359345879004, 0.1238496838984963, 0.19851302451536307], "trans": [-21.73907969085847, 7.733619547592617, -0.5585563108552497]}