{"betas": [1.7511515842605234, 0.3670231778082652, 0.03978433168027672, 0.004913282851196045, 0.02958606384598556, 0.001461046037256542, 0.028411238985692, 0.012589726574853976, -0.014340388809218167, -0.004234100351574732], "pose": [-1.3971905803675302, 0.8526972573004197, -0.8526972573004197, -0.04013209230298184, 0.043243746642449774, -0.040240710662415385, -0.5416364707991229, -0.000696269620741621, 0.01024380817696327, 0.3403221535632949, -0.020039916764440217, 0.00895406528267266, 0.6206798346949927, -0.12793662465762126, -0.11037951900691459, 0.6295337527218411, -0.10721914858769711, 0.09837821118491559, 0.004096254290061831, 0.0011240340239629593, 0.018010754612247798, -0.0880249786662213, 0.07117249401557162, -0.07432425995215526, -0.1080418605936681, -0.165372262879683, 0.2305853926252307, 0.019816859612411503, -0.029768443219077134, 0.017151063291270564, -0.277608590141294, 0.25146186835343404, 0.1717444699398633, -0.1128398223404662, 0.13314328995297242, -0.34881359725218875, -0.15629524212904966, 0.13404170360838555, 0.033066378947536196, -0.010839972445007331, -0.15036972707807764, -0.3109055225188969, -0.017664869842146682, 0.19896102924202555, 0.3342571703307401, 0.1469705734503679, -0.000753861388163056, -0.018585095259410284, 0.04611400156174087, -0.4230822155978839, -0.7343882008953302, 0.1942696131874123, 0.3067602127411926, 0.7981449363531947, 0.20293498987074757, -1.5458930467036922, 0.433373564914201, 0.08823825522431333, 1.1929852839570223, -0.32298715905317626, -0.04315441323218227, -0.0977746444833835, 0.22238865254485765, 0.03750807419755764, 0.09413023767415639, -0.13864806685177034, -0.09046903537470374, -0.05763637983777753, -0.17654731015797936, -0.1066691924963804, 0.12137414959868671, 0.19096407625189932], "trans": [-28.16542262077873, 11.556113092868422, -0.5550249053322706]}