{"betas": [1.813289222669109, 0.20156947919784157, 0.0011390909961732187, -0.4871353642584728, -0.16755291678885467, 0.02420319783742449, 0.0691750353522659, -0.03790042278230592, 0.027389876576093666, 0.006434531786996541], "pose": [-0.24532802097736128, 2.098008534866707, -2.0980085348667075, -0.5644021920545816, -0.12760355844280605, 0.03124506163651211, -0.06535911289575061, -0.012950086682252102, 0.05509644000775962, 0.33326265175190806, 0.01653947471007864, -0.0027049541556023043, 0.809234126666506, 0.14011859094346238, -0.12998905281217946, 0.18515644322096086, 0.159525558294863, 0.03574543710435208, 0.046735252488537604, -0.2664551155602297, 0.1510338457703295, 0.03702304526186187, 0.0999835333801634, -0.00753218836534181, -0.05374809717090346, -0.14595575781832906, 0.1810433217697475, 0.12359853191756874, -0.1720707294956146, 0.035358283337289756, -0.26422628706053447, 0.1751233002472176, 0.06751434001915145, 0.01767180404184371, 0.20210494205404766, -0.35524600130074474, -0.055886441031313634, 0.02478572407079815, 0.0679031883707253, 0.06323632060397155, -0.27495868224548803, -0.20623502337689817, -0.14556558185831545, -0.014270114817596971, 0.1894271946313008, 0.050746562482173935, -0.026974994487132344, -0.05507661827461927, 0.10490173085473681, -0.1910774105506757, -0.75252195171792, 0.699467887503617, 0.10434727263539374, 1.0547946997086515, 0.3949355355339219, -1.659558482121546, 0.4204738274076218, 0.14715507717040968, 1.8757586057137225, -0.5700118588148918, 0.09843871663800498, -0.18837447040097655, 0.1667041509138402, -0.06542177733756477, 0.24253026040450687, -0.23023575729516532, -0.2381058704008101, -0.07921480805202483, -0.3080738955585232, -0.12090255924316569, 0.17621782208905035, 0.33066284026348686], "trans": [-11.34465649419486, -3.777429434357484, -0.8289612221724361]}