{"betas": [-0.19266644468801378, 0.5771463667239267, -0.16308379457488245, -0.06462538974507079, 0.08054580167251779, 0.027975024271901693, 0.03561269911626106, 0.05188376016633901, -0.05289357868361275, 0.00684608270928935], "pose": [-1.4586500752406792, 0.6892153891639691, -0.6892153891639691, -0.1589852763540104, 0.03269818513376688, 0.15583515722057512, -0.5211385764590845, -0.010715776528149677, -0.1521593546510944, 0.35368435260561304, -0.04137940760723185, 0.011190138022106309, 0.854093260083375, -0.14864131341293374, -0.13100707681374707, 0.7171499504214216, -0.0703294846564956, 0.09940133494661657, 0.058512501865130566, -0.02762145508785308, 0.015128280505089669, -0.17394261653359835, 0.053497016166926765, -0.03867663055201268, -0.11338832569063505, -0.1957174126985872, 0.20353900235177316, 0.002980260540384422, -0.04050005882521065, 0.009807130909425033, -0.27568615171826444, 0.2863567093303838, 0.10831718269800909, -0.08919655638268321, 0.15773528051956756, -0.33257521860367123, -0.12750207235941807, 0.003925690911653065, 0.05150963984297369, -0.0008841037960654548, -0.3725984305632626, -0.29037265621852065, -0.04891055085098664, 0.4012651118422477, 0.2643962202723243, 0.13962202230108606, -0.1277067254285972, 0.010268914797464945, 0.09341368892635958, -0.49162454350968937, -0.6907177836308167, 0.24138959003712837, 0.39614180538406535, 0.7486701179024987, 0.41689832156342443, -1.5355494420724107, 0.33267116704597893, 0.4005486110692543, 1.6377336915533216, -0.33582165295753585, 0.11907234281257953, -0.16616477713193611, 0.2450049383341545, 0.18851598169333936, 0.1734264799483628, -0.19948566167907206, -0.10698316188409049, -0.05222317293568161, -0.16744742648578223, -0.09648024070212073, 0.1485301020193519, 0.17507673893205997], "trans": [-18.48281675213131, 10.00702064718832, -0.5257501397442406]}