{"betas": [1.7511515842605234, 0.3670231778082652, 0.03978433168027672, 0.004913282851196045, 0.02958606384598556, 0.001461046037256542, 0.028411238985692, 0.012589726574853976, -0.014340388809218167, -0.004234100351574732], "pose": [-1.562595882724932, 0.4022260724672977, -0.45222607246729774, -0.5274484121146377, 0.02990903592998627, 0.051000162386227565, 0.30274761892304686, -0.09669997295259786, -0.11271107289099808, 0.2005575448679225, 0.0044005188594316135, -0.02081237669284545, 0.2759063329196486, 0.14723623213904485, -0.09884482340353548, 0.11388020514506042, 0.10028924189165891, 0.11791159622428485, 0.028198249703522235, -0.018025667655902012, 0.030893437128684836, 0.09910301636149894, 0.09695164890272737, -0.12942941226399277, -0.1672291898685086, -0.17470269548286074, 0.12227992978649717, 0.027433402309803342, -0.09740048372917179, -0.024650385924386432, -0.24823113707648461, 0.2621269952018965, 0.25462944356259704, -0.10090541826193693, 0.13803418207040366, -0.18398825301240315, -0.094699070035839, 0.017047652064156982, 0.05990928661383827, -0.02730841772318776, -0.2128588115145081, -0.3257562921975447, 0.019610676007308918, 0.3201695227959253, 0.31935997546544864, 0.3365829078413347, -0.15096434043556767, -0.02887060010333354, 0.2545948970599283, -0.4849227636456417, -0.6828599251993228, 0.33896006353092095, 0.1354610118975532, 0.8413431802940988, 0.16616110553991761, -1.3171512695600434, 0.3854515191949185, 0.16547301956621618, 1.0180699495024501, -0.007960301624874967, -0.04272560191117288, -0.14686630278782775, 0.23044715907068364, 0.03182043645977235, 0.1374771312047722, -0.13928675564489312, -0.1054885284306456, -0.03113365390143178, -0.13443412170343932, -0.10820197438842451, 0.09323030840327998, 0.14734742154640443], "trans": [-21.244316913688934, 15.985060010771987, -0.5805474689672612]}