{"betas": [1.8964894903024812, 0.31493576625010133, -0.1035326407414528, -0.4364464500446508, -0.04973432451903863, 0.09833628269918979, 0.014303769774192097, -0.026993742994641887, 0.07112343154180402, -0.03308173982274214], "pose": [-0.10423482643907386, 2.1722527093366035, -2.1722527093366035, 0.011234273042483527, 0.08086023255546955, 0.021724576690557863, -0.6500332641564867, 0.034759972511501175, -0.047738283250763715, 0.39085728613985293, -0.10211723626268408, 0.022645299629340795, 0.5017190271022742, -0.11585866845587368, -0.09449842660804134, 0.6334119515909431, -0.13941110952323688, 0.12229424508711985, 0.0342648271227743, -0.05386007145151884, 0.038660607229824305, -0.10618418849878683, 0.10814813707227498, -0.006507569117898368, 0.018984206638902386, -0.23118659313886966, 0.2522743128544036, 0.028086561843203402, -0.07437895994802471, 0.015527940816274819, -0.21484046424730674, 0.20388453813883564, 0.03368005015142331, -0.024580149425133698, 0.26367968007531234, -0.37372102779811034, -0.06083616018432208, -0.02333520863501471, 0.05999877099839168, 0.010392647738405062, -0.37591393754633945, -0.3115263968745419, -0.05840887465932486, 0.3399031595317339, 0.31667684257179746, 0.23190225299506745, -0.1679172380299615, 0.026284251699122865, 0.07401949000388341, -0.45438020292306436, -0.6391401540844251, 0.23301692883195457, 0.2994140776964954, 0.7080917304548962, 0.3386914578815682, -1.0940290491015696, 0.15038375774092566, 0.28703801012809005, 1.2121040377143677, -0.192969101414297, 0.2732081526240176, -0.15894232389988078, 0.22939945766789865, 0.21038995236098854, 0.16026045542197545, -0.18323796731179517, -0.2034032167877146, -0.07652832592006975, -0.18265107265358513, -0.10931682435372674, 0.15102795500764005, 0.19914014713843642], "trans": [-11.98417382293812, 7.555713993709777, -0.5567058669559278]}