{"betas": [0.19173745763710806, 0.20679507266967936, 0.025545764337162807, -0.024244743693028488, 0.0007202369641003663, 0.013236882350636182, 0.021343764601424748, 0.007373052342460504, -0.01918535564321634, -0.005662447391478864], "pose": [-1.5707465513372405, 0.014668475432307917, -0.014668475432307917, -0.6326777581140811, -0.03377833493091275, 0.020942758162491623, -0.15053043661708465, -0.04294508259826605, -0.014148514483454042, 0.3410801701905315, -0.04994881328022695, 0.01710142050420949, 0.6832484597199254, -0.027652149676469697, -0.15877723731615154, 0.2526605061461409, 0.04214393011514503, 0.08794212772046286, -0.022230520154886378, 0.01785768989658961, 0.011062817776933341, -0.11058704838834782, 0.04644940935916759, -0.04685582206788369, -0.10849319079924655, -0.16680804954829606, 0.24731953827757802, 0.014429175296755178, -0.03825764253229894, 0.009452788533205022, -0.3009219634386185, 0.2726267213054207, 0.14987592917287745, -0.11483433347119155, 0.1278874107137285, -0.395686864166656, -0.2148704184290384, 0.0779709978715184, 0.037991372786721406, -0.028085199559705933, -0.0707382080965051, -0.30793752539842384, -0.06816132566798763, 0.12979377931973538, 0.29919212133372436, 0.14059563453166682, -0.03073327326804291, -0.03379567341522404, 0.8924103452026333, -0.8677355794074985, -0.8400875107368144, 1.0667659258307103, 0.5330812224065294, 0.8086599191511734, -0.07122742098104903, -1.2473120381067742, 0.4111469542500608, -0.29319877950892, 1.2751568908206612, -0.3609942782813395, -0.15473285882799875, -0.09293753177931847, 0.25137247047444405, -0.012815369601929041, 0.11946283920465192, -0.20571744587638677, -0.06628149908652697, -0.07144800814387597, -0.21293238792335947, -0.08985505750704197, 0.13183693009748293, 0.2334020739771554], "trans": [-30.074179952987325, 9.740243618825444, -0.5479482399322837]}