{"betas": [1.7511515842605234, 0.3670231778082652, 0.03978433168027672, 0.004913282851196045, 0.02958606384598556, 0.001461046037256542, 0.028411238985692, 0.012589726574853976, -0.014340388809218167, -0.004234100351574732], "pose": [-1.587305780923586, -0.18080513105387547, 0.1808051310538755, -0.28489004131878437, 0.004735877082581993, 0.10492836087413521, -0.446698081342004, -0.01726615315474039, -0.1011518808378713, 0.26684292398125475, -0.03897946191721917, -0.015517224251949752, 0.5648870450075542, -0.0992932899454717, -0.13092815715233477, 0.8290304850434818, 0.07537867238405714, 0.0820928458478117, -0.02686041391006572, -0.024367132095214593, 0.029522680054260956, -0.08891720616361747, 0.11156611395585736, -0.05868251217502581, -0.13318963949780127, -0.20269391254849922, 0.2626347148714126, 0.038465448001561285, -0.058217176592914345, 0.007310655177269142, -0.2860438419417284, 0.2478418195560925, 0.16781056475441963, -0.1438600326868592, 0.18333369301667393, -0.38258241451567976, -0.13349532512306486, 0.15722760369115182, 0.03479097013173158, -0.07430966555792352, -0.07496942361087236, -0.18870655234220923, -0.08009948453822142, 0.02099344121675838, 0.24508554019466836, 0.1911760512259073, 0.0320587283448229, -0.026282679900161376, 0.12567046246869396, -0.42041619367776845, -0.7087138451331142, 0.27511241712866175, 0.42334739991172443, 0.8067205140147645, 0.2988000541394352, -1.4221326234210727, 0.31537818275919244, 0.31538216072056374, 1.1737007900691403, -0.13003520931444168, -0.12853847322088705, -0.10733897735130948, 0.21827415327642466, -0.057168349581499814, 0.09499156173739656, -0.09223282570260907, -0.018917254086736463, -0.04309366195425882, -0.16710070622697445, -0.0515679629067197, 0.09948033650526335, 0.1775466643434575], "trans": [-27.938711469039394, -0.2076383864029463, -0.9609686116420452]}