{"betas": [0.12182979554792384, 0.0498104030700563, 0.01874907528210161, 0.028247290178977192, -0.01045515424154793, 0.003794310233826808, -0.007750463989420916, 0.008476040652062412, 0.013630708331879994, -0.014916307566096007], "pose": [-1.1398081879975026, -1.3114456409655593, 1.3114456409655595, -0.38091030398338693, -0.02706783194865076, 0.10458633212897918, -0.4077733991666723, -0.02188328249037213, -0.08480144224846412, 0.3233270729615649, 0.007385442919433385, -0.0027330885626427265, 0.7347846832030934, -0.0516785655601096, -0.1471338615705408, 0.8236162141684478, -0.010975040951862792, 0.09565344296883867, -0.01903328117429688, 0.010050753006868092, 0.01926917136651102, -0.08349005068382637, 0.08646702772596446, -0.04117028619329648, -0.1738047123406276, -0.1841823269488729, 0.17125516269426833, 0.03020850132821306, -0.020663225218205024, 0.004782829851526238, -0.2909794284278295, 0.23841990364781063, 0.16829855618552964, -0.1353025466998409, 0.11919435541856263, -0.3200350852690432, -0.20632325236620996, 0.09050290296536097, 0.05803927816973611, 0.021550644487636748, 0.003700208042289654, -0.38131267697184523, -0.038546461182259545, 0.10507530324205291, 0.37257445286099294, 0.1235272817931876, -0.03278507968495044, -0.04345373402883479, 0.10623830260876711, -0.2104494813782852, -0.8352814624598267, 0.21082272086227866, 0.2840780679169203, 0.8394924630275992, 0.23549069124294408, -1.3151154729699979, 0.39758286969334167, 0.08553429197681123, 1.3909185495196028, -0.4355781636451374, -0.02266826884350873, -0.07454495725807739, 0.2016863452765926, 0.028008710891116655, 0.12461733477189019, -0.18057968983754033, -0.1855329446217997, -0.07150478252237454, -0.22301815304577316, -0.11190724411968667, 0.12734531161961452, 0.22939656400258535], "trans": [-40.687594184511454, -8.851623354539624, -1.1696310867624575]}