{"betas": [-0.10716845975804463, 0.03555393559239171, -0.022909588301634677, -0.0022321960585287635, -0.011360188238027402, 0.007048778770267401, 0.0026244476494828445, 0.001119221678184007, 0.011361241992361597, -0.011308692156923365], "dual": [-0.040677664622604956, 0.011823219191632914, -0.029340807551245372, -0.05526080848964349, -0.010631175282909988, -0.007300311226423094, 0.003667478216598281, 0.00780782265762133, 0.0004047365442533986, 0.0038138935343239432], "pose": [-1.1997273074313481, 1.2238361582418336, -1.2238361582418338, -0.38859473401680444, -0.028731258624425812, 0.04894750072660625, -0.3975228364425715, -0.01628644562948496, -0.04357399731768078, 0.36917035436010504, 0.005813797081405788, 0.001377170998214838, 0.7007411778621616, 0.017875637357195107, -0.14263405033252896, 0.7693010403609083, -0.05746882454768412, 0.0891150528290586, 0.006735242891000838, -0.014826065322628422, 0.017637990877489074, -0.06272080030535077, 0.06587741534539285, -0.0034752719682908154, -0.1431037074582454, -0.1775800717401296, 0.15583921974154663, 0.034412105207880406, -0.02847252251587688, 0.0023032566098644736, -0.2898950683157328, 0.2716532216550802, 0.11708374646054279, -0.10861886229982116, 0.13247133095669178, -0.30104520504874166, -0.1430768159683565, 0.03338807961900315, 0.054520219612363426, 0.010996020182062976, -0.10882885355647794, -0.3662320620351472, -0.06270231661410147, 0.18665158452837277, 0.3283322508973136, 0.1811520563053959, -0.08048822738256178, -0.029637068956096215, 0.0914078122232439, -0.3184535895645984, -0.8743702745491587, 0.17131986225018583, 0.34196871590983846, 0.8442136836020485, 0.2546165685307961, -1.4999293570454921, 0.49564300416194135, 0.06107376402800742, 1.6232099607004886, -0.5894120336301816, -0.0297729360521238, -0.09600789162073178, 0.24891609696145395, 0.050042255526359075, 0.15779544702300938, -0.25818183863233546, -0.16582253083605533, -0.07752593791298049, -0.23197916656441137, -0.11016856074641984, 0.1452478436338303, 0.25253247699318365], "trans": [-54.540208648979615, 6.671085780243639, -0.8315091434344394]}