{"betas": [1.813289222669109, 0.20156947919784157, 0.0011390909961732187, -0.4871353642584728, -0.16755291678885467, 0.02420319783742449, 0.0691750353522659, -0.03790042278230592, 0.027389876576093666, 0.006434531786996541], "pose": [-0.3560335240200433, 2.0329785294869835, -2.0329785294869835, 0.004977775209956607, 0.13287188074904083, 0.15407534313070556, -0.6155624034780234, 0.09175572713703878, -0.16548843339600816, 0.2791709772382528, -0.1371602561070235, 0.013728825030680836, 0.1348101920391293, -0.0525923186584336, -0.05845963050574791, 0.9640636437614909, 0.04508253964292093, 0.10730045062948344, 0.07825773199183292, -0.07042556686390865, 0.10621394799942144, -0.1578275581612987, 0.17024414500485327, -0.05030703659127318, -0.046567527557180126, -0.14076448718766746, 0.28256675859567254, 0.07075424325830082, -0.1272587478816622, 0.014252725634457815, -0.24566296176475913, 0.222240050008386, 0.27107298923668455, -0.1510063646565943, 0.09381167834853475, -0.3576134904329188, 0.04355200166539158, -0.2194378066624736, 0.17970315623720154, 0.13780696488494465, 0.03022908552033792, -0.3843497359046582, -0.06863344941069187, -0.06364398328449616, 0.3217429568210307, 0.2781460211123692, -0.3279492102237541, 0.03336453358223794, 0.16657972079868727, -0.24732574634957658, -0.9660818056294203, 0.311101401697009, 0.18542961615922207, 0.8870963689337281, 0.3904229262256624, -1.4613603444759686, 0.3301075809687457, 0.20572771010959937, 2.0202363103704237, -0.6257646375886545, 0.019847129567255695, -0.1117181012532968, 0.18537111973285605, 0.03889402044302325, 0.20419888867797903, -0.2066947136725443, -0.2876538176226992, -0.07039529547088716, -0.27122998297504086, -0.16095832006065677, 0.1499341590914648, 0.2577369472104169], "trans": [-12.050307628531293, -2.0923052013845265, -0.8415491770319721]}