{"betas": [1.7511515842605234, 0.3670231778082652, 0.03978433168027672, 0.004913282851196045, 0.02958606384598556, 0.001461046037256542, 0.028411238985692, 0.012589726574853976, -0.014340388809218167, -0.004234100351574732], "pose": [-1.4794663066776659, 0.46908691642877487, -0.484086916428775, 0.061597249185870014, 0.017503656886637468, 0.039592970196454184, -0.5063456381171482, -0.030514357284082104, -0.07325768627328716, 0.37034818192619373, -0.024437997078496518, 0.02158088330480889, 0.5158570940343588, -0.08972079084444198, -0.10861899382566825, 0.4439632813177876, -0.06094683814193641, 0.08941705504729655, 0.01636824486658474, 0.0004922454128487503, -0.0025454562191891553, -0.04687493661438116, 0.08534026130966697, -0.0896450348658026, -0.06479639064447656, -0.20495628533569454, 0.23775645831494094, 0.028498429379250095, -0.025953643193996172, 0.009359943913829976, -0.2579309896132977, 0.22916828086654542, 0.1762769618761806, -0.0824555478452447, 0.14973254423787122, -0.36286589031296956, -0.10826699913087008, 0.03591894691344621, 0.025955226837919305, -0.0014920574596376877, -0.1394660186306766, -0.30163156464678315, -0.037808799055077114, 0.21125073332310945, 0.2638023453307295, 0.1512282812963409, -0.06316741717570148, 0.0017276458887043147, 0.05932434479342441, -0.339663515400108, -0.7202475132838788, 0.13497170466172706, 0.29122971844166773, 0.6962482573764784, 0.20502111741624288, -1.8612361931263102, -0.11444171894274546, 0.07115536906574971, 1.3175451009376107, -0.3636614715280674, 0.0008276304322967494, -0.13082433097613672, 0.23338398247851186, 0.09884074667021475, 0.14089421631901652, -0.19835536230077064, -0.14044592002452738, -0.06240731361674829, -0.1827249741859531, -0.11252502223908313, 0.1257246048472951, 0.19898668549207577], "trans": [-28.989974818598508, 10.814168144054914, -0.6455057804734978]}