{"betas": [1.7511515842605234, 0.3670231778082652, 0.03978433168027672, 0.004913282851196045, 0.02958606384598556, 0.001461046037256542, 0.028411238985692, 0.012589726574853976, -0.014340388809218167, -0.004234100351574732], "pose": [-1.428587562758464, 0.7739806580735208, -0.7739806580735208, -0.203889258965619, -0.02168152393355987, 0.1374910272721974, -0.272295505967495, -0.033330645666769264, -0.11536092753064012, 0.2005575448679225, 0.0044005188594316135, -0.02081237669284545, 0.2876806499876161, 0.02694945763862674, -0.14581750005967214, 0.8942103706063204, 0.04159068062453051, 0.07285485823372065, 0.028198249703522235, -0.018025667655902012, 0.030893437128684836, -0.0761023181855913, 0.08759649960371717, -0.03617324229803991, -0.1982043864263112, -0.1585056921038874, 0.16768571193249104, 0.027433402309803342, -0.09740048372917179, -0.024650385924386432, -0.29620230620630755, 0.29353208957276883, 0.2073992889845217, -0.17374971248603333, 0.1137934696058678, -0.2819608298632475, -0.094699070035839, 0.042047652064157025, 0.059909286613838285, 0.015900147762988877, -0.11497508900923926, -0.3478266349024456, -0.023308677783872148, 0.15152631900878052, 0.34584011838383505, 0.08658290784133468, -0.0009643404355676663, -0.003870600103333538, 0.2545948970599283, -0.4849227636456417, -0.6828599251993228, 0.33896006353092095, 0.1354610118975532, 0.8413431802940988, 0.3462022215005428, -1.6445757767456122, 0.4566208569350052, 0.16547301956621618, 0.6180699495024498, -0.10796030162487497, -0.04628941070885262, -0.11084589418701178, 0.23555341737799285, 0.01882675442167266, 0.1604691677091072, -0.16769500063823858, -0.12959647933280968, -0.053843746275784005, -0.19882119359739678, -0.10880277635095309, 0.12657678409655906, 0.20383478210481928], "trans": [-23.54373085334739, 14.180396415879695, -0.6899070850353105]}