{"betas": [0.19173745763710806, 0.20679507266967936, 0.025545764337162807, -0.024244743693028488, 0.0007202369641003663, 0.013236882350636182, 0.021343764601424748, 0.007373052342460504, -0.01918535564321634, -0.005662447391478864], "pose": [-1.4711357034256358, 0.6875661023394218, -0.6725661023394219, -0.3021955119160502, 0.0003449007171520725, 0.023929876490932797, -0.48619668299254165, -0.07828546680334426, -0.0035002612092533483, 0.31329547019278664, -0.013505656143386781, -0.0032061853291452855, 0.3643464940047718, 0.04517933275232926, -0.1065790805040176, 1.1183618782659113, 0.2014330964295708, 0.11690252484338878, -0.04445531579420047, -0.0026253919154564835, 0.017488208627777065, -0.07941882755514369, 0.09023773300743301, -0.07710368749010853, -0.1450227568111393, -0.17128030618094683, 0.23429551555331066, 0.0235810328770503, -0.036354061939818494, 0.007590624831208387, -0.271974556918488, 0.21644055445197638, 0.19806137148159786, -0.12500191326533583, 0.11760208039553352, -0.3758166046277555, -0.23008314658495302, 0.07668521522738259, 0.036095010134225766, -0.013152987659082906, -0.0007379048483912459, -0.31648898948904036, -0.05394927103935416, 0.052183120850097055, 0.3192593316524422, 0.10998966244987053, -0.03980810477840957, -0.017490341455057287, 0.010475065359267012, -0.2985654364268107, -0.7394425359832628, 0.11852103308257977, 0.2229482901705983, 0.742039466584325, 0.08223356602560514, -1.3074411670859343, 0.4659299391658443, -0.11813570490356587, 1.180024103379193, -0.45411220593544, -0.1175281878164806, -0.07153647065671342, 0.1628139947390568, -0.03629311831563004, 0.08562738718336, -0.11154533101403862, -0.11889477143599195, -0.05997572116319301, -0.20594145874035405, -0.09851893401323229, 0.1123659835769281, 0.20998848967962686], "trans": [-28.069117703043325, 12.449862515445687, -0.4344147691572856]}