{"betas": [0.33303066142902105, 0.22906885785386125, 0.1321746135337195, 0.03485680493593007, -0.034928744222964915, 0.03738652273642406, 0.06435992437738675, -0.06135207138309116, 0.004712805749211021, -0.03328562850670294], "pose": [-1.1890401691592973, -1.3939888672821135, 1.3689888672821138, -0.3876712863907362, 0.003937505664113629, 0.06123452837839385, 0.004092293545968413, -0.03787973505880085, -0.03057633654723156, 0.40716449860922077, 0.015191864891240926, 0.005815547086964973, 0.23610052329221684, 0.06513528030780968, -0.11093621887381803, 0.06634196816422616, 0.05114741098608662, 0.05656504421085348, 0.003149738997264207, 0.01486661611670612, -0.003174609556206619, -0.045953496929011614, 0.05659275723338927, -0.06367305291739117, -0.13026429808539572, -0.13613655057963076, 0.19839311919268696, 0.027246390052836626, -0.009519142794236345, 0.008830922470039857, -0.27896930648391616, 0.28329963903404803, 0.20388349415274093, -0.14391871647846738, 0.10229086032470182, -0.31628425093910284, -0.15757375662741252, 0.17066605360325696, 0.022504942549126918, 0.011309893194560845, -0.12135384582106773, -0.3786776391279254, -0.0075054068766121475, 0.23207131442083775, 0.3515680245753359, 0.13719949872653828, 0.03271260485992475, -0.043913018352710234, 0.10033924894062912, -0.34628471280950235, -0.8858418488559975, 0.21941450942057658, 0.42068192752950284, 0.9013645571577633, 0.18831342617293412, -1.2981588598040184, 0.4043276228486213, 0.13220366481809542, 1.3434088566788642, -0.3687245435883704, -0.05431907930967413, -0.07124533284530961, 0.28785773620081684, 0.04070044294917241, 0.1228508238781519, -0.23667104410199225, -0.14784772518217693, -0.06982231704197775, -0.2020053312940763, -0.14025523232742573, 0.1321592086975662, 0.22395569124736409], "trans": [-22.470699025464846, 11.240441013085844, -0.6041894344670851]}