{"betas": [1.726796659765029, 0.41891031545459445, -0.15139553369490252, -0.5462419580768579, -0.07855182412525559, 0.07595039952460043, 0.008045347212360082, 0.06009336300381875, 0.04481580265154796, 0.006120580758014304], "pose": [-0.29050439427064445, 2.0722292781319847, -2.0722292781319847, -0.5781983482410866, -0.05416526400339469, 0.05801366809270714, -0.12189155176215959, -0.05760105124805955, 0.03862639484345719, 0.370395092318004, 0.006393037024743101, -0.013677609692493958, 1.277295224146886, 0.03807769045640622, -0.1945852005806105, 0.1754400263542097, -0.19141853473147444, 0.10549839043729754, -0.022985756230135573, 0.004953770121919478, 0.0033300647643616423, -0.024370722364798036, -0.01796782475839088, 0.059912902003936556, -0.03520496945362988, -0.20552346778626893, 0.08698703791914804, 0.0350835669258593, 0.044615642197978596, -0.0013680640223320256, -0.3003651130507639, 0.24370089649377488, -0.044415035501391385, -0.021241511998701803, 0.19423609893773594, -0.2721018280030853, -0.3454858145395854, 0.027234619051272196, -0.002617901662938932, -0.01116996807958385, -0.3938583414337093, -0.35845970597587107, -0.023916118350092788, 0.5551427808051788, 0.3532340969306236, 0.3932576437900661, -0.2856368963733883, 0.1084403954783832, 0.15079704160553054, -0.5226466499851059, -0.9298141712014528, 0.33783007274437293, -0.03834553013169273, 0.7880617927366603, 0.2672832289811506, -0.6287835984723922, -0.008267651828456277, 1.0320292744289783, 1.5058103434783345, -0.7385534714126031, -0.0012447799609883773, -0.03134396642584913, 0.13222607099790526, 0.09244362582133794, 0.05904651967360546, -0.1349229842279837, -0.11198638167255814, -0.08130981475503649, -0.17709757518255761, -0.08246734541117995, 0.1731903754167006, 0.17793677334849356], "trans": [-9.558687503281822, -3.184631038951371, -0.8343874247992734]}