{"betas": [-0.10716845975804463, 0.03555393559239171, -0.022909588301634677, -0.0022321960585287635, -0.011360188238027402, 0.007048778770267401, 0.0026244476494828445, 0.001119221678184007, 0.011361241992361597, -0.011308692156923365], "dual": [-0.08962102705705673, 0.017972012327224722, -0.05241770564339531, -0.10317847476117023, -0.017110540918023574, -0.013829253893133955, 0.005392078534068777, 0.012008659410313408, -0.0005151368396341272, 0.0062201672942980395], "pose": [-1.240093903106872, 1.1597704210798077, -1.1597704210798077, -0.44177011167257596, -0.033147944642747985, 0.1206476230035224, -0.425112935118037, -0.017315103129965825, -0.12223658543132765, 0.3569426588176812, 0.011775595127250738, -0.0029008354715411005, 0.7401237770898782, -0.012315635409469767, -0.14945764673237183, 0.8491733229483575, -0.0033748323791773015, 0.08091808302719726, 0.014427144601913579, 0.00113885032672326, 0.014072494423226493, -0.09156028031628932, 0.05728233882833543, -0.02525693890321932, -0.16741627795892763, -0.16308837833908627, 0.17815037403431122, 0.03078426663390512, -0.023192994039618314, 0.00163824736931216, -0.306320890777995, 0.2999433139772461, 0.17587966248536116, -0.15088290706669027, 0.11140053600874401, -0.31677958745503676, -0.15101725386503909, 0.12124788303683275, 0.04883135645281053, 0.01570396591964083, -0.09138450507492918, -0.3695775530745036, -0.03946066472227082, 0.17697589929553584, 0.3402902713514296, 0.1732001927546527, -0.007451345498083684, -0.05917129560193105, 0.10524091129617293, -0.33373786628288554, -0.8778442574718972, 0.20880118694907143, 0.370069715222133, 0.8725074876770184, 0.28678729597423647, -1.5841381345078913, 0.5027711488936606, 0.10135917892307819, 1.6669761905219345, -0.5535266144522248, -0.05199891458431174, -0.08544228791147697, 0.24930149749134062, 0.030229929692013494, 0.14677567358417504, -0.23620247175364653, -0.15805296637056718, -0.07201135552376049, -0.23371907269219294, -0.1294815535032539, 0.14036537270096913, 0.2506360510646541], "trans": [-51.663493273939046, 7.053669823511701, -0.8582405908301649]}