{"betas": [1.7511515842605234, 0.3670231778082652, 0.03978433168027672, 0.004913282851196045, 0.02958606384598556, 0.001461046037256542, 0.028411238985692, 0.012589726574853976, -0.014340388809218167, -0.004234100351574732], "pose": [-1.6024898683580808, 0.18926989343024503, -0.19696220112255272, -0.5777381500439803, -0.029834772885747474, 0.13477980799211944, -0.3650129628286966, -0.03405772086524228, -0.08983260596924336, 0.33461856383097727, 0.025197480097591294, -0.022658265790076758, 0.535679391759284, 0.015076119948925737, -0.1447098976052838, 0.737987431935754, 0.11291633051707595, 0.06685149558279399, -0.04097100679746903, -0.017387767868986066, 0.024233292705655184, -0.013497349411284356, 0.11074994317254007, -0.10672791470021957, -0.1623123239241788, -0.15103793028559448, 0.22393526341649453, 0.04043703283398027, -0.033482842064766746, 0.010957091648599595, -0.26416141700977674, 0.21833980348864138, 0.26138948480815766, -0.14658843123561666, 0.09761274852229627, -0.3362874776553734, -0.17173715265792147, 0.18634431779143049, 0.024751796916240888, -0.009983488967136939, 0.040749303715739454, -0.3180185273830151, -0.027481840801449383, -0.016093551109722704, 0.34411524387622067, 0.13808086513856765, 0.041818448527551205, -0.031124310520407567, -0.0034393167122921736, -0.269865454950943, -0.7048219485009215, 0.1487168743188454, 0.18836518874050587, 0.7763888153383233, 0.04696191435154763, -1.6377826784294058, 0.08753497736183957, -0.13062036266382554, 1.1362569238532856, -0.4392761019660754, -0.10091546080257736, -0.05883653102595418, 0.18709929743924203, -0.08404550527911148, 0.08482950121239437, -0.11338621002657823, -0.14936023471056606, -0.05843260382381576, -0.2165070587499452, -0.12293335235472068, 0.10411701698508732, 0.22463282030816842], "trans": [-29.148930687885766, 10.041490965605407, -0.6671590815889152]}