{"betas": [-0.19266644468801378, 0.5771463667239267, -0.16308379457488245, -0.06462538974507079, 0.08054580167251779, 0.027975024271901693, 0.03561269911626106, 0.05188376016633901, -0.05289357868361275, 0.00684608270928935], "pose": [-1.4441523656428552, 0.7314402323693927, -0.7314402323693927, -0.4982911670465639, -0.04800320727586639, 0.09322229605499333, -0.0033737750955622576, -0.0880962343068612, -0.022426250251356014, 0.3102121862560848, 0.11375457652239847, -0.02904603530692623, 0.4921602193293114, 0.05766725857629909, -0.13881109925489554, 0.5702359570000464, 0.08706713993128977, 0.06335091373181656, 0.04946422578128036, -0.03413257206281553, 0.00721162034188721, 0.07391430262207008, 0.13960857660021828, -0.12501555333707481, -0.17699100887019528, -0.21411052496474026, 0.14377357152775364, 0.05454772689588786, 0.029068907247556116, 0.018181394534400867, -0.2250583011633008, 0.2464007891350166, 0.26453770872758786, -0.12446729016779197, 0.1916676498989595, -0.23700005131755247, 0.004231909908779042, 0.43071285351716304, 0.019016355326766224, -0.0572465666474594, -0.24815426356189688, -0.1928258364503755, -0.02743165034481527, 0.31673569068897983, 0.21378449627537777, 0.185758442024091, 0.21857625580873982, -0.0783894635026859, 0.17830983926912072, -0.4070698721059294, -0.728438203321721, 0.1854446256235248, 0.52971536615297, 0.6891452434228609, 0.4385988342214581, -1.7744181780305708, 0.4059668995915141, 0.3804772871434778, 1.7381622414381337, -0.34059515627155923, 0.1882020246133017, -0.16891335970000246, 0.31803884647952807, 0.052620683742635926, 0.20842316119818136, -0.22227734741833066, -0.23546252081450325, -0.04250814441930733, -0.17928937653015364, -0.13703467472519032, 0.10390381833647776, 0.18876762579135617], "trans": [-18.146517963426085, 10.359186667095608, -0.5420653451084929]}