{"betas": [0.12977417203956745, 0.49847687971378624, -0.19179541608583497, -0.1113183526768453, 0.0549914925669735, 0.1034291447522722, -0.013453424082682812, 0.010035343166627214, -0.014576049326274527, -0.02308049036666073], "pose": [-1.4468715628843585, 0.7237253286970783, -0.7237253286970783, -0.27200547357948135, 0.05227379315264246, 0.19633295749015384, -0.6342574766120426, -0.010902987436926019, -0.1696974162752581, 0.3920960411219864, -0.03789334903722441, 0.02819660166552339, 0.6115461077780832, -0.11021120367457442, -0.11505883636490921, 0.5871501381360491, -0.05486696834292141, 0.10469771037529006, 0.004649379731671832, 0.009660716048800068, -0.003987499147706694, -0.06555453424023706, 0.08642888339113898, -0.12134652935285453, -0.08120741484467563, -0.1886043287388247, 0.24436356353532485, 0.013841730685061955, -0.027371270685337918, 0.023312883183733025, -0.24217569849920562, 0.21076846281835473, 0.20765871141265066, -0.08782205224272992, 0.15144833951305567, -0.38330737892291905, -0.15648893268595085, 0.3192831530368091, 0.005272910617868075, 0.030145188312230658, -0.19168184851545864, -0.39576528252644605, 0.022934679441074957, 0.24600658706804368, 0.37066869028786, 0.10394765948819239, 0.18803694347124522, -0.06652364516531299, 0.12632303741710382, -0.26861053199825713, -0.7731124685437304, 0.23474495687942387, 0.36940969616214125, 0.7998843268770939, 0.26728395802100197, -0.7803354527827074, 0.05488770457456645, 0.2168261485496782, 0.9696734572715868, -0.07331833000931127, 0.15145098619857114, -0.08119311230114466, 0.1716298440287329, 0.09372625383348518, 0.1081770591160461, -0.11813225567464095, -0.25045279990647795, -0.08158262988999113, -0.19918434656736167, -0.16598650386363017, 0.12817129658107076, 0.21721566212384452], "trans": [-20.019213474123877, 9.683379954741882, -0.6526197749318952]}