{"betas": [0.12182979554792384, 0.0498104030700563, 0.01874907528210161, 0.028247290178977192, -0.01045515424154793, 0.003794310233826808, -0.007750463989420916, 0.008476040652062412, 0.013630708331879994, -0.014916307566096007], "pose": [-1.1456560593987837, -1.2969885914922719, 1.296988591492272, -0.3816425506732958, -0.0286091098084971, 0.1008933003748364, -0.4408357161984066, -0.015438573172179195, -0.09843057653705194, 0.33120751696882206, -0.003874102384994511, -0.0008499317474062344, 0.7124545792022093, -0.034949913756538234, -0.144909142212846, 0.8152034570214812, -0.022134644986124802, 0.08745186584331906, -0.006166856456096778, 0.004161040395157637, 0.01405685248891978, -0.080447762561498, 0.06690284001909626, -0.027393727643128127, -0.15748609913353787, -0.17581132730543422, 0.18621504354855062, 0.028087695779805046, -0.03027443559897636, 0.0030027911528210365, -0.3035782075786266, 0.2618108569811824, 0.15319234993650707, -0.13384999995660235, 0.130117698758486, -0.3367997005065688, -0.20061871055072136, 0.11984428943402028, 0.04111875944812164, 0.02296910797191907, -0.05714272843503451, -0.3931469354785019, -0.024736337087876033, 0.13130358192821545, 0.3793993381313317, 0.14553024835436057, 0.000800804360771353, -0.0526265657602681, 0.12127213244925637, -0.31080360348063296, -0.8794820485760011, 0.2292172800402962, 0.29252071932796236, 0.8730055034142329, 0.295976628828337, -1.4677372067072276, 0.4463170006996204, 0.09287034330263015, 1.428764771607716, -0.4545674416349963, -0.04156376159277268, -0.08433116913181478, 0.20595104667463476, 0.033217337646861717, 0.12591034647973065, -0.17752963842490008, -0.15636718443562686, -0.07427622944811875, -0.22208653973144604, -0.11783391201102034, 0.13300262773281205, 0.23637497165976118], "trans": [-50.464203103740886, -11.674893598471069, -1.3109866156668435]}