{"betas": [0.33303066142902105, 0.22906885785386125, 0.1321746135337195, 0.03485680493593007, -0.034928744222964915, 0.03738652273642406, 0.06435992437738675, -0.06135207138309116, 0.004712805749211021, -0.03328562850670294], "pose": [-1.6184250918294008, -0.25338617669462415, 0.22838617669462416, -0.3876712863907362, 0.003937505664113629, 0.06123452837839385, 0.0790922935459684, -0.03787973505880085, -0.03057633654723156, 0.25759801043933694, 0.005676252086950067, -0.0005550375680984359, 0.23610052329221684, 0.06513528030780968, -0.11093621887381803, 0.2663419681642261, 0.05114741098608662, 0.05656504421085348, 0.047798062642740904, -0.053818384621707016, 0.020536767753538444, -0.01471508097491683, 0.09030966999052223, -0.1023651574145608, -0.1398052927588635, -0.11614509878555403, 0.20321161144736619, 0.023872118792575184, -0.04243056698521761, 0.008349304301827296, -0.2513433334107279, 0.23232506535718953, 0.23563962827863572, -0.0549866830112307, 0.08650954070020739, -0.29812563736067577, -0.07482569373698292, 0.10944327751847802, 0.03361385238985725, -0.007118906788210368, -0.22019148722725077, -0.29032341223238173, -0.03940278456640617, 0.2126258863953758, 0.2460148191618718, 0.22464762483297251, -0.014225270933016267, -0.02936100809995437, 0.15420344722934834, -0.53175597315155, -0.8445256467982017, 0.09295193056366188, 0.38499131578019735, 0.7128526030722768, 0.44287729577424617, -1.6490329368404284, 0.4472214208580949, 0.008018596213652193, 1.3149028023142995, -0.45059625723410324, -0.12293155869272984, -0.13372207708592215, 0.08126318144796323, -0.03377760277729881, 0.10222645305336238, -0.06690129167528808, -0.1161218757331189, -0.03879764201992301, -0.1998684355720847, -0.13620082400102027, 0.11097716821615682, 0.20735351052399992], "trans": [-11.679826705835865, 3.6150682170965194, -0.6451019622762437]}