{"betas": [0.12182979554792384, 0.0498104030700563, 0.01874907528210161, 0.028247290178977192, -0.01045515424154793, 0.003794310233826808, -0.007750463989420916, 0.008476040652062412, 0.013630708331879994, -0.014916307566096007], "pose": [-1.30042903047878, -1.0546048160998347, 1.0546048160998347, -0.20415070432253557, -0.00943497981356265, 0.08157436022150502, -0.38243606824363713, -0.008035547257657663, -0.0950669755293825, 0.2732779951298456, -0.019545828111575916, 0.0031707304918970956, 0.6187837197208061, -0.084367938527934, -0.11669614454633807, 0.7043324515424938, -0.032954525656273236, 0.0813815950259972, 0.014751422679123785, -0.024697021697631168, 0.03454371044525479, -0.10992294397510785, 0.06318255610166107, -0.02829581678793402, -0.11334998508876357, -0.16600196728362607, 0.20089847585727177, 0.007708139070603334, -0.036402211676121426, 0.008709698702206486, -0.2608201172347226, 0.24809733687433067, 0.12609238228046835, -0.09055439892700799, 0.1445918439243179, -0.32615965957592896, -0.20115559122990898, -0.016448533846189207, 0.07294894693130585, -0.01190305607698927, -0.19388352590666313, -0.3258883951834611, -0.0775088399895902, 0.24851770335221032, 0.32761984617861245, 0.16354556781805224, -0.16038202601307514, -0.008909860167012508, 0.08596264994078755, -0.4402294510777377, -0.8133823470485739, 0.16850830130137806, 0.3656640902016692, 0.8063191535494332, 0.27201297511325173, -1.53492852102646, 0.47115727052402, 0.0616918292744452, 1.4610049269481897, -0.49988043610749927, -0.05821008332617991, -0.11564794339709623, 0.18762834166768377, 0.03246793680626973, 0.12682834309108787, -0.1676860245591118, -0.10725748553872515, -0.06144718424393666, -0.20669390957723396, -0.09283517525567493, 0.13569478940550525, 0.21251654178890275], "trans": [-38.99842575938506, -8.6486089274826, -1.1443796002674613]}