{"betas": [0.19173745763710806, 0.20679507266967936, 0.025545764337162807, -0.024244743693028488, 0.0007202369641003663, 0.013236882350636182, 0.021343764601424748, 0.007373052342460504, -0.01918535564321634, -0.005662447391478864], "pose": [-1.5707361213672555, -0.016132243256025428, 0.016132243256025428, -0.3021955119160502, 0.0003449007171520725, 0.023929876490932797, -0.48619668299254165, -0.07828546680334426, -0.0035002612092533483, 0.33300184112066533, -0.0331944858348673, -0.006000925164946089, 0.3643464940047718, 0.04517933275232926, -0.1065790805040176, 1.1183618782659113, 0.2014330964295708, 0.11690252484338878, -0.05726319963360867, 0.0024364831282276565, 0.028476405010418954, -0.10412578748608645, 0.11191193008775531, -0.0597098730759021, -0.14687285787240703, -0.18771727017418713, 0.24862916304495636, 0.034252088607093854, -0.049753151480911494, 0.008315452865810855, -0.2783529549207786, 0.20425297063057987, 0.19290880817200792, -0.15409252012483046, 0.13795753724958182, -0.3924353040509438, -0.22998327920321215, 0.11986816229700543, 0.03777017319121787, 0.006729701716853609, 0.048192070147640306, -0.3466000716412402, -0.030086516113222862, -0.018572507053453195, 0.37637769288175954, 0.11608247629810788, -0.00042659974800122585, -0.030767730342412994, 0.8924103452026333, -0.8677355794074985, -0.8400875107368144, 1.0667659258307103, 0.5330812224065294, 0.8086599191511734, -0.07122742098104903, -1.2473120381067742, 0.4111469542500608, -0.29319877950892, 1.2751568908206612, -0.3609942782813395, -0.05876902295421386, -0.038982245535579337, 0.13177137486769241, -0.025308708979973445, 0.053320037069849884, -0.05932120572499325, -0.1552670646196872, -0.06520213473327026, -0.20627323262333902, -0.1095249593330839, 0.10802589324371284, 0.20791256887335624], "trans": [-29.166508160248398, 2.5110830935114077, -0.8044811657050095]}