{"betas": [1.813289222669109, 0.20156947919784157, 0.0011390909961732187, -0.4871353642584728, -0.16755291678885467, 0.02420319783742449, 0.0691750353522659, -0.03790042278230592, 0.027389876576093666, 0.006434531786996541], "pose": [-0.6024775713815715, 1.863208142403293, -1.863208142403293, -0.39386366356419783, 0.0007107697294965469, 0.16571060216358766, -0.04712058183813114, 0.20095408360541467, 0.023529275456586812, 0.2546157724630173, 0.00442124700341086, 0.0040406651045873316, 0.48211124524436855, -0.02977820287656573, -0.11088273804488294, 0.15219840052538863, -0.13218171107733917, 0.06904590399873173, 0.049521827690937194, -0.004249227077273434, 0.031114807177859277, -0.02377218049979213, 0.16000723035010725, -0.15530246021530592, -0.12442294313203425, -0.2168645004158583, 0.2629769026588786, 0.10955814721555125, -0.030913301600650984, 0.00707436205192448, -0.3087109905516525, 0.2097365602757844, 0.35886871796663666, -0.15210788105484405, 0.09306454991499387, -0.4210187508308545, 0.03620968874344566, 0.01818877689734985, 0.07441900532506417, 0.0824753443970333, 0.24969490309322367, -0.18036299911087225, -0.05549211827459754, -0.13299621927129554, 0.10794354332570638, 0.14581834974519894, -0.05123624555240986, -0.020624987550771783, 0.10490173085473681, -0.1910774105506757, -0.75252195171792, 0.699467887503617, 0.10434727263539374, 1.0547946997086515, 0.3949355355339219, -1.659558482121546, 0.4204738274076218, 0.14715507717040968, 1.8757586057137225, -0.5700118588148918, -0.04979376559729008, -0.18078168243713924, 0.23301670119991177, 0.002620988660363445, 0.2321464376300126, -0.2522760497726173, -0.26458725048143794, -0.047150062431392824, -0.25061181775117025, -0.16367425267447133, 0.11129344370547721, 0.25496458404381156], "trans": [-13.204071647710736, 0.7889030956386385, -0.7937590137472538]}