{"betas": [1.726796659765029, 0.41891031545459445, -0.15139553369490252, -0.5462419580768579, -0.07855182412525559, 0.07595039952460043, 0.008045347212360082, 0.06009336300381875, 0.04481580265154796, 0.006120580758014304], "pose": [-0.1621434743879585, 2.142890548330517, -2.142890548330517, -0.5836748865723346, -0.010705132646409326, 0.07926925352060654, 0.04989662279818166, 0.1123466555589753, -0.03660172885149898, 0.29892340387746963, -0.033055311499586015, -0.048608914652078596, 0.8092987862192242, 0.13274177125545078, -0.1717313552844484, 0.15479190229081077, 0.05441781338076255, 0.07263348036258926, -0.02522913509887903, -0.192235560847516, 0.09660280031316738, 0.01897705676470669, 0.14165314209679808, -0.08778378008770639, -0.051541460202781955, -0.18789423243884998, 0.1363153513703404, 0.05678157798326008, -0.07719029605993082, 0.02952378282926909, -0.13319267015946423, 0.06986581782665466, 0.10910336520321853, 0.019412977946820783, 0.12893529038724075, -0.25211518525654986, -0.23957664227022324, -0.06342467837642263, 0.0005803698899909809, 0.02678586017392429, -0.176778327310069, -0.27447507488080614, -0.1309154008053076, 0.11266976219339188, 0.3115285053652903, 0.0029547867196668687, -0.024624796221490525, 0.0716866549971985, -0.035731634638362014, -0.1541844980320048, -0.5862830439755686, -0.028509386520821918, 0.14507743650298252, 0.6577221813560908, -0.12459867881353835, -0.6519840755238161, -1.188249362990712, -0.24272774337841463, 0.6309501054147731, 1.1706583258103576, 0.09448330244508084, -0.04654060922093857, 0.002910004294762953, -0.038427492338611306, 0.055318181336306296, -0.08769998861456278, -0.2789083602198583, -0.06931918035912855, -0.24461437310779083, -0.11535872662733251, 0.14310299434940993, 0.24861960146981213], "trans": [-10.025661777305965, -1.5538938261805753, -0.8258966151772527]}