{"betas": [1.7511515842605234, 0.3670231778082652, 0.03978433168027672, 0.004913282851196045, 0.02958606384598556, 0.001461046037256542, 0.028411238985692, 0.012589726574853976, -0.014340388809218167, -0.004234100351574732], "pose": [-1.562595882724932, 0.4022260724672977, -0.45222607246729774, -0.01265386674052113, 0.004221015133839441, 0.02316346029363818, -0.2945127402341566, -0.07358968056797713, -0.08994831744536858, 0.2005575448679225, 0.0044005188594316135, -0.02081237669284545, 0.059079311936952365, -0.05082369677877661, -0.01494758746663756, 0.8792585210692567, -0.01774544661655321, 0.07609518138022338, 0.028198249703522235, -0.018025667655902012, 0.030893437128684836, -0.03375342561515476, 0.05659430705349868, -0.08055157976697828, -0.09274154474905585, -0.11270010268775661, 0.20507368177667948, 0.027433402309803342, -0.09740048372917179, -0.024650385924386432, -0.22543871165089258, 0.23583718725137517, 0.1838630072390857, -0.0704385604828215, 0.07540911141307255, -0.2976079646841684, -0.094699070035839, 0.017047652064156982, 0.05990928661383827, -0.020000852951590535, -0.23972117401778753, -0.32154725494842035, -0.04153890629164164, 0.2970659611081641, 0.31237116726961023, 0.3365829078413347, -0.15096434043556767, -0.02887060010333354, 0.2545948970599283, -0.4849227636456417, -0.6828599251993228, 0.33896006353092095, 0.1354610118975532, 0.8413431802940988, 0.16616110553991761, -1.3171512695600434, 0.3854515191949185, 0.16547301956621618, 1.0180699495024501, -0.007960301624874967, -0.10117740203226387, -0.08146550027713005, 0.22326306074690866, 0.018940816828047654, 0.08423143244516945, -0.1831865327015974, -0.09396487766121306, -0.056940632151640205, -0.18769312714786507, -0.1212032851131116, 0.13065538806349014, 0.20188556790099949], "trans": [-20.14914663105063, 17.621484099919574, -0.6042259628357407]}