{"betas": [-0.04531959800123942, 0.25816046623113975, -0.10443940742347267, -0.07597029208210594, 0.013911735992459227, 0.013954990810594958, 0.00840059268463032, 0.018210526354907698, -0.01144635948893292, 0.002226290135924623], "pose": [-1.556191559592957, 0.25093155014102164, -0.25093155014102164, -0.43002774709915065, 0.010004553017027396, 0.055824255689084716, -0.22317805615720637, -0.01979211736492095, -0.009757343330193909, 0.3886695911510461, -0.012477589310901607, -0.0050112298608382295, 1.0989936611249937, -0.053720038048645204, -0.15581482327811844, 0.2364125898394324, -0.00995088691536705, 0.10041812050935388, -0.03752343029215291, -0.02114942596222302, 0.02090182557482187, -0.07589074779426108, 0.16223840868125747, -0.0642204407943774, -0.1555405648346549, -0.22294180852258633, 0.21413361181742604, 0.04753846664686236, -0.04272282955185161, -0.00181332676949383, -0.22307763309501694, 0.15871023136577184, 0.20287253720304116, -0.11712715118049312, 0.16532371126368645, -0.3390807265637447, -0.13131916859147427, 0.05247161265361441, 0.043872600755920095, 0.0037895809332123558, -0.036131871293109345, -0.3503571598722182, -0.04958501857453647, 0.07572440245555748, 0.33169147327211157, 0.18747413727794038, -0.06428070076331961, -0.016063282028206595, 0.0066844521666463525, -0.184972177343972, -0.6211603003099306, 0.03368543570954863, 0.17920916996086783, 0.5593170546444591, 0.0471713406807395, -0.6395625936144127, 0.12913862985250604, -0.21683044144900732, 0.624269668613761, -0.21071453646370586, 0.03367668753643578, -0.02400313002213873, 0.03685815000255804, 0.030490699771346295, 0.029031678205542474, -0.013673987645821985, -0.24576303654400342, -0.05625765038313867, -0.20001867885028324, -0.13052751059636641, 0.09733740663445815, 0.18690864178111097], "trans": [-28.310176390517565, 10.564397481695364, -0.4299603267008995]}