{"betas": [0.12182979554792384, 0.0498104030700563, 0.01874907528210161, 0.028247290178977192, -0.01045515424154793, 0.003794310233826808, -0.007750463989420916, 0.008476040652062412, 0.013630708331879994, -0.014916307566096007], "pose": [-1.1456560593987837, -1.2969885914922719, 1.296988591492272, -0.38164267171484584, -0.02860914891148045, 0.10089330300111078, -0.44083562811503413, -0.015438632336077158, -0.0984306165810095, 0.33120758650465043, -0.0038739988715323134, -0.0008498811187510335, 0.712454608965478, -0.03495001701163873, -0.14490916358802666, 0.815203431862139, -0.02213461613534576, 0.08745187144398835, -0.006166867384383938, 0.004161162607256481, 0.01405690702153639, -0.08044774358267619, 0.0669029199807805, -0.02739376963066076, -0.15748608912464665, -0.17581141619510993, 0.18621503372849477, 0.028087781158577838, -0.030274328073515475, 0.003002839368849817, -0.30357819721970997, 0.26181081150618646, 0.1531924340899895, -0.1338500772877548, 0.13011766167640038, -0.3367996831476575, -0.20061856045182952, 0.11984416632354115, 0.04111883366074339, 0.022969118270567992, -0.05714217789982435, -0.3931467673812871, -0.02473635098672765, 0.13130332919077067, 0.3793992644772001, 0.14553023024379996, 0.0008006812798476767, -0.05262653403420914, 0.12127203379254631, -0.3108030127592368, -0.8794818037475279, 0.22921718946544917, 0.2925205926315106, 0.8730053661680067, 0.29597638435436474, -1.4677370241011776, 0.44631704640626363, 0.09287026973005205, 1.4287647813828228, -0.45456742682728674, -0.04156373469425327, -0.08433112413453996, 0.20595109440367662, 0.03321734211811732, 0.12591033805852866, -0.1775297113792914, -0.15636728600711455, -0.07427621653014328, -0.22208653235721534, -0.11783390660847098, 0.13300259425170533, 0.23637495442801637], "trans": [-52.739216974911656, -12.48185677883254, -1.3357011202576137]}