{"betas": [0.33303066142902105, 0.22906885785386125, 0.1321746135337195, 0.03485680493593007, -0.034928744222964915, 0.03738652273642406, 0.06435992437738675, -0.06135207138309116, 0.004712805749211021, -0.03328562850670294], "pose": [-1.619400301809325, -0.07767322261509985, 0.07767322261509985, 0.07264190811058495, 0.011839442561243342, 0.0034644341158226385, -0.3639965924241473, 0.06269232251125377, -0.050251636128721626, 0.2221736917038012, -0.09219352293561152, 0.022093175285718875, 0.9253744013093087, -0.2685799281607284, -0.1481396420839657, 0.20540669321399996, 0.0052880553895, 0.040750471248902034, 0.032609965856683555, -0.038933488039500516, 0.04530654021608045, -0.16175149077493475, 0.05461753583029872, 0.010375977532547398, -0.05678978485912314, -0.1540260250420464, 0.23346836736540832, 0.048996025344222024, -0.09199582559950649, -0.00431252134181773, -0.32186498530106983, 0.24271196382044383, 0.04595721209394116, -0.05648906397205784, 0.1234457411986296, -0.36577980849207864, -0.14261556858583052, -0.008062901684768982, 0.09531934718114797, 0.031120027501498053, -0.08084082640441814, -0.31574358764177946, -0.07152206391478026, 0.05671796532954614, 0.2932366380650069, 0.3180944898213439, 0.18289595068339115, 0.019333351556619516, 0.06557178849131963, -0.5781613773943046, -0.9421888567796921, 0.2979517252922716, 0.3610868919323772, 0.8802567954842748, 0.38104521918779016, -1.6299820181760702, 0.5648144259603346, 0.5267490235599157, 1.610557576752039, -0.29918952662428167, -0.2274719785807024, -0.06968709740174087, -0.004943070953780961, -0.02686251695334936, 0.015587618448352488, -0.014601922508568378, -0.01342955447600127, -0.04847035994348117, -0.18514421988836102, -0.0706324936140216, 0.12978002638096348, 0.2068126487073795], "trans": [-10.795483492586081, -1.3053341040363222, -0.7337772350068892]}