{"betas": [0.12182979554792384, 0.0498104030700563, 0.01874907528210161, 0.028247290178977192, -0.01045515424154793, 0.003794310233826808, -0.007750463989420916, 0.008476040652062412, 0.013630708331879994, -0.014916307566096007], "pose": [-1.1456560593987837, -1.2969885914922719, 1.296988591492272, -0.3816426664192025, -0.028609114951560627, 0.1008932763177896, -0.44083580414518253, -0.015438599790619597, -0.09843053245126028, 0.33120781343332606, -0.0038740351620370635, -0.0008499016323590526, 0.7124547323190692, -0.03495003013453788, -0.14490916240305382, 0.8152035151092726, -0.022134669120946616, 0.08745190512316199, -0.0061668295633646245, 0.004161121038885498, 0.01405686799871163, -0.08044775440460121, 0.0669029095170694, -0.027393761456364477, -0.15748605134819596, -0.17581139568542264, 0.18621502063987652, 0.028087788468727514, -0.030274362295057523, 0.003002817111468894, -0.3035781706380339, 0.2618108217436084, 0.1531923745517188, -0.13385004800898406, 0.13011765902245712, -0.3367996410085436, -0.2006184965953689, 0.11984412730030258, 0.04111878643248157, 0.02296912066955111, -0.05714239290453324, -0.39314681528397794, -0.02473635572509908, 0.13130345745613173, 0.37939925902349053, 0.14553020998686117, 0.0008006366974163443, -0.052626498819597765, 0.12127193703974651, -0.31080309965973435, -0.8794818014500522, 0.229217140711249, 0.29252059455156426, 0.8730053965227843, 0.2959762211448577, -1.4677365222725558, 0.4463169443654502, 0.09287020587043252, 1.428764594013125, -0.454567443349747, -0.04156361908256163, -0.08433107099321345, 0.2059511475405316, 0.033217398461748086, 0.12591032065087568, -0.17752977115151852, -0.15636730782113872, -0.07427622987969928, -0.2220865151359555, -0.11783391472872888, 0.13300262167398388, 0.23637497169395352], "trans": [-48.596893605540224, -10.32325247127395, -0.8923634721907102]}