{"betas": [1.726796659765029, 0.41891031545459445, -0.15139553369490252, -0.5462419580768579, -0.07855182412525559, 0.07595039952460043, 0.008045347212360082, 0.06009336300381875, 0.04481580265154796, 0.006120580758014304], "pose": [-0.03440644105440108, 2.2311976430939464, -2.2311976430939464, -0.5594753224766058, -0.26425692390686945, 0.0778050706823925, 0.10978742620510715, 0.004796957824209622, -0.013391013067956717, 0.36699102689678365, 0.05016017908577529, -0.013055681915671035, 0.20444789729326354, 0.2415215177371153, -0.11940211106528882, 0.3212506607832798, -0.1185110735629391, 0.13700133255013194, 0.09158045342661096, -0.13890373554179303, 0.05137336592389748, 0.032684044451213236, 0.12678988400105468, -0.16876382147814703, -0.10235527303313315, -0.2081466747153033, 0.20994831757536775, 0.011992546156228858, -0.07342263248630074, 0.020671900698845228, -0.17154759729980654, 0.17960419765149724, 0.34666406055660376, -0.015270291967224089, 0.10876837726560415, -0.26137941304073575, -0.039126276712119254, 0.11989395652290126, 0.03033116106512265, 0.0686903524290869, -0.3914263709104401, -0.46117687249702793, 0.03527923026036636, 0.23439166461090455, 0.41403239603712627, 0.2793851200278681, -0.05892395810395778, 0.0037563026530469143, 0.22373252981360503, -0.451651858209779, -0.7159403649458421, 0.16729305821364804, 0.18682957721631624, 0.6233673105790843, 0.5697412925607863, -1.1077180942313714, 0.002972953365952347, 0.060697550933004496, 1.232205612459296, -0.30252393298725017, 0.20617046378970483, -0.18180133878332833, -0.003195378900889975, 0.11796940318214115, 0.18372500726683738, -0.03426097543477303, -0.32257989703953616, -0.06922837517830618, -0.26582248428568617, -0.21949970733149457, 0.13801810262811764, 0.24066229391619953], "trans": [-11.360445607865596, 6.966458411434306, -0.548102713845765]}