{"betas": [0.40466836330444017, 0.05863328700476435, 0.12669029315925331, -0.03563903324106255, -0.03161275739992719, 0.041330373522867565, 0.0442195718616265, -0.05240537505411271, 0.026760476646685124, -0.027919142557181535], "pose": [-1.5694548310319152, 0.07614151480351335, -0.07614151480351335, -0.10235809188941507, 0.011839442561243342, 0.02846443411582264, -0.33899659242414726, 0.06269232251125377, -0.025251636128721625, 0.0831649198998154, 0.009144593820569473, 0.011746227386020257, 0.9253744013093087, -0.2685799281607284, -0.1481396420839657, 0.330406693214, 0.0052880553895, 0.040750471248902034, 0.05287963423478337, 0.005877618625867935, 0.014502621652827286, -0.05975323159990484, 0.12444291591026484, -0.0871659082899377, -0.14430005825808337, -0.18175485474018432, 0.24765965074845778, 0.07077750394025192, 0.020964580316720743, -0.005044272976659839, -0.32695856692231334, 0.2335318045033834, 0.17216681537737838, -0.24615635738768013, 0.22190465056725472, -0.39215840919528194, -0.10106914383202162, 0.047199138329281236, 0.0019185967791616534, -0.017826512342383118, -0.09847274312881049, -0.18045765171060238, 0.005388871006096483, -0.010585017442419842, 0.2923810383513399, 0.2144071446228778, -0.016810166875601357, 0.0024533911699791758, 0.18325512233123273, -0.4705856247052162, -0.8460748992023948, 0.17295172529227162, 0.2610868919323772, 0.9802567954842748, 0.4916270150325839, -1.7546850981168292, 0.17012393618171273, 0.5767490235599155, 1.8105575767520374, -0.5741895266242819, 0.1198429813277394, -0.049494005173076054, 0.24039105013766696, -0.06640748372039669, 0.0803125442716951, -0.020237768228837695, -0.12806919725102497, -0.04613342901206252, -0.14293151888886602, -0.09008617553784284, 0.10019912006797978, 0.16744779512596825], "trans": [-10.719167769878695, -4.332779222026406, -0.7842911903641824]}