{"betas": [1.0007394031128156, 0.13998077818863408, 0.20322321153559939, 0.06919845010960525, -0.06355964225067326, 0.0988583210768853, 0.031004152589175965, -0.07600298470585287, 0.01954775199647453, -0.05391534064665776], "pose": [-0.14090454707828234, 2.153834204153194, -2.153834204153194, -0.5224242319842795, 0.008471008091382463, 0.017983819888684846, -0.05270127769917906, -0.034606871507158576, 0.03618700438170097, 0.3323998174019555, -0.037132568179217604, 0.029711865712575516, 0.6021194675900298, 0.14146771445493747, -0.10500081595188415, 0.10236054266682898, 0.15998231357813328, 0.10916463504252318, 0.005874969197139061, -0.004197701759273583, -0.003459630496761821, -0.08023335841197468, 0.05990089114971531, -0.019504278283873376, -0.1510011026279478, -0.1671196129536438, 0.15797183778236418, 0.013327941089069744, -0.01855310871809354, 0.0015033426967311562, -0.24543632890026074, 0.23678195925163553, 0.1097737738798529, -0.03201310223818291, 0.13727206366612418, -0.2877463075243814, -0.10119335858272438, 0.05968466788914218, 0.026908237410032055, -0.03397275675108622, -0.308746168303132, -0.36925037918531756, -0.054503561642488076, 0.39119771493719785, 0.30306669744021086, 0.2613044031404136, -0.054936739858412124, -0.03424246616066668, 0.057190161328950134, -0.49111471680284186, -0.8109361629498145, -0.10438160688165567, 0.47108866298991287, 0.5917410513806082, 0.1652229375987438, -0.9873996837146495, 0.32806911966167474, -0.32004968641878, 0.6575903714057255, -0.3583240525411364, -0.06877129807909266, -0.015040380340498032, 0.04656252559632871, 0.04402330165046113, -0.005239893689627134, -0.0739334701488484, -0.15989016726604666, -0.061362416845772164, -0.1985402793228632, -0.14055708568202913, 0.12064951904560904, 0.20994613944104767], "trans": [-11.259234758430964, 10.210564734299929, -0.5372201731702101]}