{"betas": [-0.459125293958982, 0.2836700625543276, -0.2828307762064238, 0.06170009900103966, 0.04114696315793381, 0.017447099752977802, -0.018216663065381097, 0.013285817624318214, 0.01584973647464493, -0.019639755817989615], "pose": [-1.1906672545055366, -1.2626223374301129, 1.2376223374301132, -0.1696085884859284, -0.003946734216834474, 0.03399519421166851, -0.39926950083030865, -0.08756113771187896, 0.00029511233507040907, 0.21622724432415122, 3.4579356224598846e-05, 0.01504123856168788, 0.3684361010721967, 0.0030589525954200017, -0.14080439253223512, 1.385246723353976, 0.008180115731314726, 0.09712920930564883, -0.00781474789815194, 0.043563954171731506, -0.0015094692847474344, -0.06743456955034732, 0.012819390100367664, -0.05462125195366552, -0.1241742823837615, -0.09460634302848701, 0.2516101262575574, 0.05740679594030731, -0.02474975909115305, -0.007425165699663196, -0.3565009823069925, 0.3307854127558632, 0.2806248429523652, -0.2423017911661645, 0.028910551188409704, -0.42261604320953555, -0.18648269228947426, 0.1432456246682566, 0.04989289566299816, 0.08889788242932165, 0.2317467456187525, -0.4732862420514587, -0.04147195875001558, -0.06442132499051387, 0.354034633565093, 0.11697801698346338, 0.07199767936823269, -0.11155332251221367, 0.032947694981212645, -0.1325395175909335, -0.8886073615025295, 0.19474971101699864, 0.26956149464556406, 0.9108909435341552, 0.09836042199772352, -0.33542635960840517, 0.14028653068327554, -0.07141897172544831, 1.587687036780693, -0.6587270144472646, -0.2450935660356258, -0.024032645749419282, 0.30521632981816066, -0.0847594182703876, 0.1820191021717489, -0.3755383917191031, -0.22791583253091954, -0.10700939323219978, -0.330494486580855, -0.1946990771006519, 0.16222730222542234, 0.36510087581291], "trans": [-20.70220522536965, 12.357223223127075, -0.4448180364277545]}