{"betas": [0.33303066142902105, 0.22906885785386125, 0.1321746135337195, 0.03485680493593007, -0.034928744222964915, 0.03738652273642406, 0.06435992437738675, -0.06135207138309116, 0.004712805749211021, -0.03328562850670294], "pose": [-1.2094654681659838, -1.3657590756867188, 1.3407590756867191, -0.06243647518001293, 0.05628861739587067, 0.04670371639970091, -0.33734046575084187, -0.010866382655764284, 0.010007131865563783, 0.30936982665073903, 0.05268251549449206, -0.003395009153287378, 0.8049486851366059, -0.03721736292777491, -0.3126491486998621, 0.2615271019879197, 0.0024899035318459786, 0.010531657342969215, 0.013124216657436174, 0.005610695150370856, -0.006603103117524393, -0.05126869096130919, 0.05810749737656061, -0.1199676412191477, -0.17696544572686365, -0.12798654521783642, 0.187382264106043, -0.0001914263523022118, 0.022602331519439113, 0.019181564257160177, -0.23954000678979245, 0.283212207812693, 0.24703649220898624, -0.12391812130147388, 0.10972563842946492, -0.2922363243656038, -0.19224843103790293, 0.30592359423079396, 0.024180677669914524, -0.07515086775330254, -0.2643175357340928, -0.23987811898657505, -0.058891890887284845, 0.3862652905647551, 0.23286523307550128, 0.08665847554632103, 0.11724866302852525, -0.06402330832155602, 0.039900336694701576, -0.411262000766549, -0.676071674458111, 0.16170002375522927, 0.5981442823944316, 0.7689431237876662, 0.10820203003809567, -1.3686588330589078, 0.39718472587675696, 0.20242190615985117, 1.4831257720384174, -0.3431683196101486, -0.0621790243122315, -0.11593898073500149, 0.3156101077725636, -0.008243672020919121, 0.14534529259742104, -0.2308590657668474, -0.10224534823683497, -0.04534133510032169, -0.17705510333367147, -0.11442834834475886, 0.11514116123976036, 0.18847133396114382], "trans": [-17.996167980876706, 11.600484107133212, -0.5049833990091741]}