{"betas": [0.19173745763710806, 0.20679507266967936, 0.025545764337162807, -0.024244743693028488, 0.0007202369641003663, 0.013236882350636182, 0.021343764601424748, 0.007373052342460504, -0.01918535564321634, -0.005662447391478864], "pose": [-1.5597342910571532, -0.21845609987273543, 0.21845609987273543, 0.19132094368975427, 0.08664087416928098, 0.07231813545726803, -0.733802726131848, 0.00966512780105393, -0.0041422227519165924, 0.33943172549693545, 0.02161238593454772, -0.008283643652762488, 0.3236658855013602, -0.1666139750706412, -0.11021781877994619, 0.5225820541701647, -0.022863229034607493, 0.1116510336698588, -0.019203584287997937, 0.00966543030858189, 0.01162838559239951, -0.07100523587049198, 0.07450708866030306, -0.08468247694475264, -0.18402043919833233, -0.1426650860612733, 0.198700904543431, 0.02116482864999981, -0.016508951872741994, 0.005701586574014159, -0.2795114039112383, 0.25515072068715094, 0.24047829323654418, -0.14578688656063066, 0.07878035991281672, -0.317409022345802, -0.2031124489957473, 0.13344795297086182, 0.038918547921042435, -0.006465066235746263, -0.019343251155600906, -0.3527632293474257, -0.0348905683765659, 0.1146477845421869, 0.34731569546808017, 0.1320618672392649, -0.007161939615230771, -0.04473816782202148, 0.8924103452026333, -0.8677355794074985, -0.8400875107368144, 1.0667659258307103, 0.5330812224065294, 0.8086599191511734, -0.07122742098104903, -1.2473120381067742, 0.4111469542500608, -0.29319877950892, 1.2751568908206612, -0.3609942782813395, -0.12983455306205588, -0.05317260686202951, 0.19008346377592505, -0.044051499109586806, 0.08247300564499509, -0.14845941367432966, -0.13607076455151185, -0.05837801487074935, -0.21639966502423788, -0.12571821894700247, 0.11446568979822326, 0.22316867687661524], "trans": [-29.823079410699325, 8.127602019891013, -0.5859972035696259]}