{"betas": [0.12182979554792384, 0.0498104030700563, 0.01874907528210161, 0.028247290178977192, -0.01045515424154793, 0.003794310233826808, -0.007750463989420916, 0.008476040652062412, 0.013630708331879994, -0.014916307566096007], "pose": [-1.191907523686389, -1.2357471531659696, 1.2357471531659698, -0.2961140689078316, -0.03295046956639529, 0.08222120470117998, -0.37627688678582083, -0.018839665632111324, -0.09925704923938886, 0.29303048822092315, -0.008047238778420859, 0.00011947441761509022, 0.6986126477868727, -0.03173482830754006, -0.13452434190819673, 0.7915313574455567, -0.05102122070960806, 0.0743298736180839, 0.033794289543786264, 0.003908131391762508, 0.005758029574394601, -0.0834220705210602, 0.032173948459526244, -0.003335953127778384, -0.15385349823665306, -0.1654991880438615, 0.17371312709580705, 0.026531752933470366, -0.0364824988356173, -0.004551886613192752, -0.3386732438548237, 0.3162853350872666, 0.12938774533324895, -0.13964942432387287, 0.1256703004254183, -0.3208751623525828, -0.16455143786917567, 0.1341673043669027, 0.04119197435023847, 0.0366965139686333, -0.10050740551829669, -0.425095017531098, -0.010782664407489569, 0.1589431081171672, 0.39478312166501206, 0.19351259414465177, 0.029947305305183494, -0.07531016536246839, 0.16625180926723188, -0.4222969713324069, -0.9928191744812428, 0.2925621989719904, 0.3283802766936016, 0.9697602975146756, 0.42886256896366454, -1.8306981315818356, 0.5700821261956511, 0.18199835206243303, 1.7248547412969202, -0.557156290731785, -0.08688967358113826, -0.1084224817696004, 0.2285316269722848, 0.044093142379904374, 0.15403946023565007, -0.2083935631288091, -0.10832969578800318, -0.07655449135728891, -0.22282324561992667, -0.11377203384724081, 0.1454059278374336, 0.2495090568542245], "trans": [-41.33812599367483, -8.92849762827843, -1.200365955421454]}