{"betas": [-0.459125293958982, 0.2836700625543276, -0.2828307762064238, 0.06170009900103966, 0.04114696315793381, 0.017447099752977802, -0.018216663065381097, 0.013285817624318214, 0.01584973647464493, -0.019639755817989615], "pose": [-1.6290451248491387, -0.08699192882723969, 0.08699192882723969, -0.5356509593629195, 0.0, 0.0, 0.053783029513942156, 0.0, 0.0, 0.28356213831374416, 0.02971961661786698, -0.017885407612320853, 0.965022274701238, 0.0, 0.0, 0.22560959098083158, 0.0, 0.0, -0.028552058878767165, -0.09832769158426885, 0.0751716956908306, 0.14671435615749043, 0.09360603120970735, -0.0372119805040666, -0.14299198194403984, -0.16259618484702446, 0.261737654031777, 0.03678823855832767, -0.06535745545118977, 0.006550143832080553, -0.23851573858155717, 0.22731131495726742, 0.20869588814087425, -0.14814651320846, 0.15317675516335758, -0.43553240014418654, -0.19116736574707155, 0.0184614500433219, 0.0969477469441091, 0.032471360328359, -0.13022241843106105, -0.3612549566102643, -0.10796903651867118, 0.1018948838201364, 0.32474268697608005, 0.1956384126202615, -0.12211248443162737, -0.017005546629060002, 0.19728726666897825, -0.3256205949269415, -0.8704501366782775, 0.20310933024919864, 0.3079551939640002, 0.7808387117124085, 0.002940231837615527, -0.5083284835210033, -0.13930794437499175, -0.008530943377439672, 1.901064525544193, -0.4930546135078836, 0.07115221746536628, -0.06776043731699159, 0.03085897667270219, -0.012542900572169927, 0.12856431575288801, -0.11012420091019803, -0.27612628836909775, -0.07586429930699413, -0.3112386578310654, -0.17076678903971135, 0.14874685490449024, 0.29302036836732714], "trans": [-10.023570772500861, -1.7986275932394882, -0.634618370674661]}