{"betas": [0.33303066142902105, 0.22906885785386125, 0.1321746135337195, 0.03485680493593007, -0.034928744222964915, 0.03738652273642406, 0.06435992437738675, -0.06135207138309116, 0.004712805749211021, -0.03328562850670294], "pose": [-1.3316549289326054, -1.371833244594769, 1.2468332445947694, 0.26007333087496615, 0.006951664592763707, 0.010475276406613172, -0.447943329473683, 0.03773864814242876, 0.016532890331746042, 0.26846361513913414, -0.010533372719463346, -0.0023972169133001887, 0.38924871300699315, -0.23085117589394918, -0.15593849495790124, 0.20550223227015357, 0.18085864903362103, 0.06847549682644628, 0.03183638314554106, -0.02764611475264376, 0.02734162356897946, -0.051467650475993734, 0.07734802679049639, -0.048233163246086466, -0.12365319215356235, -0.1469307991424996, 0.19360905513137586, 0.03902571612215985, -0.0420127260982453, 0.0074870611874343, -0.2890969950517451, 0.25945983521822, 0.1654361479425247, -0.10850140015556038, 0.12248432889230751, -0.31098204328463747, -0.08817408761097548, 0.11505115780138343, 0.05290876152139877, 0.011580359381724937, -0.12420548290369102, -0.31803858594996415, -0.040201777975602274, 0.14976664106828416, 0.30542877131873203, 0.2072729893899555, -0.00752583167061805, -0.03893659434412949, 0.12159049267348335, -0.4268020558973905, -0.8682491163966897, 0.22466314390105802, 0.3434340825264641, 0.8646311516096914, 0.36083476492930694, -1.6102266685522564, 0.4613382118371595, 0.15290108094400004, 1.5344047412648991, -0.4746908614852578, -0.08186531556821487, -0.11348057730183031, 0.1981126103055669, -0.004966531057327011, 0.13218321355820029, -0.16087411540708804, -0.11724176929518862, -0.05863666231967435, -0.20512134414326255, -0.11113186447365087, 0.1290502718752472, 0.2235923283302826], "trans": [-21.995462776288136, 11.359835693611098, -0.6130882204460736]}