{"betas": [0.23095163209771685, 0.04109343311864416, 0.025248775430059576, 0.03225921746385679, -0.011730228160678488, 0.01411489487013554, -0.004068968651146599, 0.0031222508939531494, 0.007432816158778922, -0.011705167054862173], "pose": [-1.0877777577470964, -1.3814325922049036, 1.3814325922049038, 0.022443955191106035, 0.0034285845735978135, 0.10184587093510572, -0.43948655395661523, -0.015114231498638862, -0.1581389480534106, 0.34654554871778603, -0.002690899046782326, -0.0017114514363678088, 0.7263392316211192, -0.05899639682258656, -0.14774408469956554, 0.5972949561090647, 0.002080170380711465, 0.08613600387646111, -0.022656116893802574, 0.013261340294500726, 0.012645950541024985, -0.08842607330859203, 0.07423620582820085, -0.06468385192393174, -0.17070069192561838, -0.16127156495717698, 0.20081736561835042, 0.028626605503890498, -0.03009401961856233, 0.004455725974547835, -0.2992485613731933, 0.24792019503803508, 0.2065751886363139, -0.14820463761015298, 0.09068611057983776, -0.34427002403500195, -0.20611577084139093, 0.12390305136253268, 0.04036167653854041, 0.031235898553792142, 0.024366417948569224, -0.39956122669867117, -0.01759692925637656, 0.06276134251990957, 0.38331249392641653, 0.12004654989685525, 0.00892110444573213, -0.04790573457948001, 0.09268003908793775, -0.24365274360022654, -0.8677546683856676, 0.19555218950254022, 0.2607753178469324, 0.8537356703926022, 0.20615542511706378, -1.2952172609913595, 0.41966899807628305, 0.003830452768858268, 1.2948965102007128, -0.4384284603709762, -0.07266139990353222, -0.05301376532835406, 0.1802573792941328, -0.0024311666700335428, 0.09781154531060451, -0.15177489461451465, -0.17062021073443923, -0.0713913921282142, -0.2264101078067107, -0.12927863831098782, 0.12525692811143654, 0.2364398206255348], "trans": [-59.31038150260648, 4.780270334811467, -1.043113017767922]}