{"betas": [1.726796659765029, 0.41891031545459445, -0.15139553369490252, -0.5462419580768579, -0.07855182412525559, 0.07595039952460043, 0.008045347212360082, 0.06009336300381875, 0.04481580265154796, 0.006120580758014304], "pose": [-0.2669907838248046, 2.085774004862843, -2.085774004862843, -0.05434087639806728, 0.036372099546474156, -0.015170869749951521, -0.4164317771694317, 0.04297754970707787, -0.08313341699443702, 0.223673779247415, 0.019360009430840194, 0.0026141899909220847, 0.10874469491245387, -0.057614854841678116, -0.07807022650518974, 0.9116445035691378, 0.045409328049894594, 0.05985500816478125, 0.0660115080325141, -0.027181032107569083, 0.026758688468451742, -0.0650637470900539, 0.1409694774230663, -0.02211559105858513, -0.051466380880563704, -0.1971334412913938, 0.28465316323067924, 0.04926908402014019, -0.05108315268983289, -0.002486250068516223, -0.24110960619438618, 0.20200954418419398, 0.20351417369290742, -0.1654945245601231, 0.22180182807707824, -0.40327598595345426, 0.001358649069145762, -0.08177416969662939, 0.026858226693902296, 0.06459761247319157, -0.21042168851644913, -0.33502177795668103, -0.005309789623521608, 0.22117207614139506, 0.29889453411051836, 0.10969465055673859, -0.02759405222180819, 0.08371324312425335, 0.1156778587472394, -0.02373440632835036, -0.7821502643354871, 0.7636706417074448, 0.16075704384344922, 0.7160371209645261, 0.23860954551911068, -1.2830202955767356, -0.7793237419646963, 0.25112254725355143, 1.347065582418627, -0.29860317194184965, 0.05459514737257248, -0.13757382044405184, 0.11140091110596385, 0.09554540748037471, 0.13660007431582552, -0.06410139023194437, -0.2403882747582266, -0.057500899809005794, -0.1951895945801399, -0.17708160293827835, 0.12228639412973114, 0.18844984612123544], "trans": [-10.212953621031732, -0.5322560393470133, -0.7928536014730513]}