{"betas": [-0.19266644468801378, 0.5771463667239267, -0.16308379457488245, -0.06462538974507079, 0.08054580167251779, 0.027975024271901693, 0.03561269911626106, 0.05188376016633901, -0.05289357868361275, 0.00684608270928935], "pose": [-1.4761245418189812, 0.634257446230417, -0.634257446230417, -0.1971359607130488, -0.03480116051231712, 0.03958735652270597, -0.1423970518644783, -0.023095636645846462, -0.05785905115731193, 0.33008742261507623, 0.0268494198025619, -0.007281667756224072, 0.7641939848748123, -0.052105873686796464, -0.1380330198588171, 0.27968955407553864, -0.004855676823696945, 0.07326352906951754, 0.03724337485700268, -0.012588865029768914, 0.009335519457532523, -0.08839073362204312, 0.04083805636031477, -0.04857347706643976, -0.17581909352633793, -0.13617495988080747, 0.14905193170890918, 0.00025564767526909185, -0.008432485716728593, 0.012080115027456135, -0.2742817018267903, 0.30003206734155635, 0.16105789455005057, -0.11647831996113113, 0.11215162852117389, -0.26264944151361247, -0.18265297511073816, 0.19119822119293958, 0.03786996018083166, -0.012377000373566684, -0.30148290121390664, -0.35018433368455765, -0.02397684060734576, 0.3791782477118579, 0.3458200635170321, 0.13111118471270578, 0.017328313670481134, -0.04733925898427043, 0.12646728747627692, -0.4665614597368684, -0.8307942653579651, 0.26437132711465133, 0.5029396002954555, 0.9105786246616852, 0.33501996495580644, -1.479480231555245, 0.3911024423183408, 0.312635989499133, 1.524059175527271, -0.365303529265167, 0.0026844837559273516, -0.11195725325997097, 0.2622803219186044, 0.06037893187385138, 0.1445819750171186, -0.20453452323416813, -0.11547371516913556, -0.0582611528184284, -0.18776001866970285, -0.11627249069755852, 0.1383514054091436, 0.20242292393698672], "trans": [-24.51970055479125, 5.394372620104348, -0.6830156432183696]}