{"betas": [0.5425939922495325, 0.47738774179747123, 0.15292601182064422, 0.1712734498191424, -0.026676199413162845, 0.029053080237652254, -0.052279591306768236, 0.04030904345707816, 0.08374319963315201, -0.11291980133855471], "pose": [-0.9921917164158486, -1.4979875919342935, 1.4979875919342935, -0.5005461836197923, -0.0700940104516389, 0.09392228534227776, -0.07305183148678523, -0.019121736096364476, -0.07177731884494219, 0.26748784884869575, 0.04466464700607593, 0.0010632263699065017, 0.689178481853823, -0.05498368575201259, -0.1466002681393855, 0.12771002746654117, -0.02435876072722855, 0.09053001119613817, -0.04450977077904062, 0.04977967429670522, -0.009455458378117312, 0.013830181855173719, 0.05528756728368669, -0.054509543265240025, -0.16277478500859527, -0.17649580241001558, 0.16270963108476957, 0.0456369901589507, -0.00988945499064355, 0.0029335649122959246, -0.32790228131367816, 0.23868369141242818, 0.17323943068262967, -0.14029641748816685, 0.12164652062992501, -0.32785430233379337, -0.30128141487587046, 0.7530775271454161, 0.017164497307449122, 0.05157222327052163, 0.1120311669610432, -0.5036317558208194, 0.04193893669795397, 0.01298177699486746, 0.5022207400321702, 0.34596797874763563, 0.44680717522636565, -0.06948478896648536, 0.1604160252279784, -0.1642891951303979, -0.9933652771179681, 0.2775447478846927, 0.26206914126272673, 0.9931521081845561, 0.21912788051799084, -1.051638523849112, 0.32491901550388747, 0.01920526401927949, 1.0017378745280239, -0.29599964044838833, -0.04994591487579859, -0.012992430525325619, 0.17518657316379865, -0.02694503529308388, 0.07478876047566374, -0.1356887472456201, -0.21810470721363165, -0.09581534732968071, -0.23365103918034405, -0.14268977765872518, 0.12332120073284897, 0.2627782228156789], "trans": [-26.215875492175282, -12.819889946496417, -1.247085530682072]}