{"betas": [0.5425939922495325, 0.47738774179747123, 0.15292601182064422, 0.1712734498191424, -0.026676199413162845, 0.029053080237652254, -0.052279591306768236, 0.04030904345707816, 0.08374319963315201, -0.11291980133855471], "pose": [-0.8503189881896294, -1.6710032081934572, 1.5210032081934577, 0.07870920668142421, -0.044061103917880706, 0.0562732522069909, -0.27413355363680936, -0.04994055919224607, 0.05909567377715431, 0.33828483505850393, 0.0028573387544866147, 0.002353714460969501, -0.005898783019528113, -0.0828016471309504, -0.08624663824543041, 0.6124800491255218, -0.01893261878104311, 0.05056351850234921, -0.04806764225173037, 0.016558739980719533, -0.0036216918107886647, -0.028325748617277897, 0.056220969420032164, -0.03859238182541031, -0.14042514020595379, -0.1626292960426063, 0.21645991206593496, 0.0400514436083917, -0.019962592920504105, 0.00726840111335985, -0.29859288787641497, 0.25150069651695545, 0.1807002759453161, -0.1560364833157625, 0.14502831470341512, -0.38767554148923095, -0.40128141487587055, 0.27807752714541567, -0.03283550269255088, 0.009836160760912923, -0.07284032320702792, -0.39190587148906497, -0.011907055263230434, 0.15612113333089203, 0.3600516376882133, 0.34596797874763563, 0.44680717522636565, -0.06948478896648536, 0.10053128573412802, -0.2807477428883189, -0.8890825610932886, 0.17843214890044304, 0.3460714987091215, 0.8579105170128994, 0.15243603420966442, -1.068194721512092, 0.31594133064910207, -0.015608748190121367, 1.1038462876213206, -0.3412237681975158, -0.05823961442791043, -0.0316785575292012, 0.22906965419000944, 0.01113093499816706, 0.08924581915613992, -0.18832047490023004, -0.19519619502095398, -0.08561101784762103, -0.2280109363921837, -0.15460357503909763, 0.1296533285072104, 0.24993034482815626], "trans": [-26.872335555830418, -13.110946581384393, -1.3222015976373287]}