{"betas": [1.7511515842605234, 0.3670231778082652, 0.03978433168027672, 0.004913282851196045, 0.02958606384598556, 0.001461046037256542, 0.028411238985692, 0.012589726574853976, -0.014340388809218167, -0.004234100351574732], "pose": [-1.6444485392970896, -0.02631981796342718, 0.02631981796342718, 0.05602087739300907, 0.03434271247878036, 0.06585883813104126, -0.5541251119651769, -0.012221897365359141, -0.03875545147769329, 0.332267738513497, -0.05639129509136617, 0.029196462358661027, 0.7206117391814474, -0.17154646821139954, -0.11062267596856254, 0.6139157811119296, -0.040288149923970215, 0.09751868763940388, 0.029821657421436686, -0.0024727612869790616, 0.009142722115429838, -0.12780444111456984, 0.06636379184295992, -0.06022379732404158, -0.06694295014928167, -0.2201809888241266, 0.24217647889641583, 0.045458642386029216, -0.046533020479043036, -0.0022462778542201513, -0.30004422182937307, 0.26969980420057194, 0.1369656608129302, -0.08156249073738604, 0.14534508228316892, -0.38243770313075803, 0.020387206239005404, -0.04880363612493001, 0.07674156273140478, -0.022117862677488002, -0.07831742440924461, -0.24781790719828709, -0.11350997472926429, 0.12952422361127208, 0.17986890434517658, 0.28345056376402034, -0.1021671118217325, -0.010490794038765223, -0.06141117032861042, -0.3665180362846565, -0.6773795614192616, -0.002387371978092162, 0.2976754310923572, 0.5750788993402971, 0.07190292506835796, -1.783324664002866, 0.560473631427245, -0.17370362040483178, 1.661837465592373, -0.6796988367435955, -0.10259656693239025, -0.11047153972737604, 0.20232061370006443, 0.03533352811731459, 0.13682823695305896, -0.22816620823776093, -0.09828452065417691, -0.062749206789907, -0.21482238785091903, -0.08377414848678262, 0.13597712056472042, 0.23567823056274625], "trans": [-26.878999684706887, -7.190807895745692, -0.9457970346462845]}