{"betas": [0.19173745763710806, 0.20679507266967936, 0.025545764337162807, -0.024244743693028488, 0.0007202369641003663, 0.013236882350636182, 0.021343764601424748, 0.007373052342460504, -0.01918535564321634, -0.005662447391478864], "pose": [-1.3836357034256361, 0.8875661023394221, -0.8875661023394221, -0.6370571561981057, 0.0070686554212820146, -0.05370811779621663, 0.11570504281545016, 0.15714530173037533, 0.06766741382312254, 0.3132954252855113, -0.013505679786355793, -0.003206203917802087, 0.2831326783451169, -0.06676501934924847, 0.050505280237350285, 0.09595210438118193, -0.13318746359349004, -0.05039408465775554, -0.04445538193655855, -0.0026253971451804027, 0.017488191644344418, -0.07941881897931367, 0.09023777586699427, -0.07710369567229938, -0.14502277201800237, -0.17128034993803629, 0.2342955443077767, 0.02358106786475075, -0.036354090309109396, 0.0075906055771712425, -0.27197458225206755, 0.21644049862438178, 0.1980613724235172, -0.12500192960011874, 0.11760207612789464, -0.3758166607598221, -0.23008312407421266, 0.07668516117613311, 0.03609500128001767, -0.013152995501486742, -0.0007376365147045996, -0.31648891949665714, -0.05394928860474788, 0.05218280262884558, 0.3192592454952647, 0.10998963214224705, -0.03980808645724932, -0.017490311540692444, 0.010474947011693532, -0.298565275833171, -0.7394424192090359, 0.118520939157666, 0.22294801203941594, 0.7420393340944498, 0.08223341856137398, -1.3074410597343369, 0.46593001387220967, -0.11813590732658452, 1.980023918474815, -0.4541122829284117, -0.11752821666847171, -0.07153645100898545, 0.1628140017643729, -0.03629314226805877, 0.08562736311314392, -0.11154532805857378, -0.11889477542916028, -0.059975719724002806, -0.20594146251229634, -0.09851891104244195, 0.11236596385627856, 0.20998849537245023], "trans": [-26.849652742248686, 12.907640422448747, -0.4668462869871216]}