{"betas": [0.19173745763710806, 0.20679507266967936, 0.025545764337162807, -0.024244743693028488, 0.0007202369641003663, 0.013236882350636182, 0.021343764601424748, 0.007373052342460504, -0.01918535564321634, -0.005662447391478864], "pose": [-1.5564814360200412, -0.24843530917901635, 0.24843530917901635, -0.6370571561981057, 0.0070686554212820146, -0.05370811779621663, 0.11570504281545016, 0.15714530173037533, 0.06766741382312254, 0.3509287767420977, 0.03132311249789055, -0.0015247875744293937, 0.2081326783451169, -0.06676501934924847, -0.02449471976264972, 0.09595210438118193, -0.13318746359349004, -0.05039408465775554, -0.11457645283186116, 0.044627451295779476, -0.018275672839738362, -0.05392632282265159, 0.13251922873743724, -0.1898704809073135, -0.21119361114653015, -0.19902808457079527, 0.28551712268262597, 0.020529428278105864, 0.014938879962554708, 0.008294037884220071, -0.23427632568860818, 0.15853192300513036, 0.3720419311153594, -0.15888240843841522, 0.09336999132903787, -0.4474588862596881, -0.32766586187153, 0.14653961184113912, 0.003995234415181342, -0.07830656122285427, 0.13764449615022806, -0.18841328257246853, -0.09300312538914518, 0.0195714439715653, 0.1505327229344155, -0.027068577414386577, 0.023330475474363652, -0.022083928125069686, 0.8924103452026333, -0.8677355794074985, -0.8400875107368144, 1.0667659258307103, 0.5330812224065294, 0.8086599191511734, -0.07122742098104903, -1.2473120381067742, 0.4111469542500608, -0.29319877950892, 1.2751568908206612, -0.3609942782813395, -0.19285332800574248, -0.05705101312108329, 0.14418130217520078, -0.09448105824741862, 0.06451925498304394, -0.07884855639854464, -0.16284344872215925, -0.03564802114453143, -0.1941850918468374, -0.11138644958640556, 0.06780676949865796, 0.16747526844820482], "trans": [-29.529539169471228, 6.0445301563686815, -0.6453837922382195]}