{"betas": [-0.459125293958982, 0.2836700625543276, -0.2828307762064238, 0.06170009900103966, 0.04114696315793381, 0.017447099752977802, -0.018216663065381097, 0.013285817624318214, 0.01584973647464493, -0.019639755817989615], "pose": [-1.5577641252164272, -0.5581719188164412, 0.5581719188164412, -0.23975788192725436, 0.008827041663608443, 0.009796129893655948, -0.11564945468056359, 0.04266361276832498, 0.002691599427856288, 0.4343612783342043, 0.011644734249403476, -0.0006011135668323033, 1.0246860651994205, 0.005992439129409294, -0.18758793902159682, 0.29937699029549814, 0.006135383104544, 0.00253845320133992, -0.036811352789361776, 0.00510900824480746, 0.014137059747671876, -0.13355071532810212, 0.040629538416413404, 0.027248922916126326, -0.210380579706153, -0.19933469786142807, 0.11319822540523025, 0.032631291186075946, -0.01612716588253476, 0.0005769330475616065, -0.3219766781811948, 0.2697312446542202, 0.05505809450706644, -0.12938845896727588, 0.12875750222531557, -0.30178592641601026, -0.20149138755362261, 0.003147739678340505, 0.05689868029893487, -0.0027842202752243143, -0.09157208154486716, -0.3566281465510429, -0.0850619198495262, 0.2153155494211685, 0.31996942006762963, 0.12003594529711367, -0.10313506372624864, -0.018658515937091006, -0.010381003263802977, -0.22186246297337964, -0.7068261696945276, 0.09186518473468223, 0.34104337683499514, 0.7374512073469814, 0.07228999624285068, -0.43751151902964847, 0.20786086604928516, 0.28661280021161445, 2.179523122612234, -0.3440411534457892, -0.002924395655112339, -0.0442190490590777, 0.2332470152176174, 0.07482577669850482, 0.1183214425546252, -0.25203990584309194, -0.1689431953867501, -0.07735885084476517, -0.22643116621489406, -0.08687293751769254, 0.14819663293421995, 0.23960946841669464], "trans": [-13.953543033766065, 10.721010102989759, -0.3976997256945778]}