{"betas": [-0.04531959800123942, 0.25816046623113975, -0.10443940742347267, -0.07597029208210594, 0.013911735992459227, 0.013954990810594958, 0.00840059268463032, 0.018210526354907698, -0.01144635948893292, 0.002226290135924623], "pose": [-1.569327332496531, -0.07967680877075019, 0.07967680877075019, -0.5534726474524562, -0.08123362011525276, 0.04742840178776825, 0.13382576883438732, -0.09203572615030589, -0.02558366337331198, 0.2557755004218237, 0.11257238166729935, -0.012977892061603661, 0.3185796441221148, 0.05486039541159111, -0.15677422716486214, 0.3547967679636405, 0.15853415225246678, 0.04604596842187404, -0.02250911568040948, -0.014819234250494574, 0.00519636104976645, 0.050946385582321216, 0.08547548023437833, -0.04654800062794147, -0.11192731217777593, -0.1748312749453543, 0.12053868425751506, 0.08329215516204232, -0.0004001596580733065, -0.018544565582262185, -0.2586479396282078, 0.22925097895582447, 0.15503130001482102, -0.06924463464048965, 0.1659389583752849, -0.21911623936278873, 0.029245454330855458, 0.07884561170808978, 0.06258652742683, 0.04384545261211318, 0.12010842715587441, -0.5050268013754223, -0.014905069022595013, 0.03342872075291128, 0.5136008790818006, 0.376306793185536, -0.0506858510527005, -0.0815620737493358, 0.09703835317446305, -0.173234731952044, -0.9014050513171379, 0.16960244145212897, 0.32168497316108763, 0.8227062566750944, 0.15548636849291014, -0.4862024943779449, 0.13265088116404455, -0.08269117778674769, 0.51509317986639, -0.14069911745439906, -0.04480161163139033, 0.010277637755240702, -0.05015827123531828, 0.0003700848390653767, 0.014412802812794015, -0.00811270604319823, -0.19457594665158473, -0.06776362054992914, -0.19282561590305308, -0.11370998086392424, 0.11327283898778058, 0.23649612464738085], "trans": [-27.794570812855127, -5.889535501005706, -0.8336626983725609]}