{"betas": [1.7511515842605234, 0.3670231778082652, 0.03978433168027672, 0.004913282851196045, 0.02958606384598556, 0.001461046037256542, 0.028411238985692, 0.012589726574853976, -0.014340388809218167, -0.004234100351574732], "pose": [-1.605592174375254, 0.2317040886658715, -0.2355502425120253, -0.4987797354712435, -0.022673618274816176, 0.09780963160354902, -0.29562460314141326, -0.03415282804465068, -0.05976985017867545, 0.30642108208196184, 0.022335826597507574, -0.023912763996312057, 0.5725033370433775, 0.028080267871964548, -0.14550144781544896, 0.7436082390002732, 0.09242204108755978, 0.06452218027005471, -0.024831367678852787, -0.030589163085192807, 0.03072321749675036, -0.03746909474919025, 0.10114728243038623, -0.07504080629072528, -0.165896527309345, -0.1509017599740804, 0.20467921799764918, 0.03415955778909421, -0.040731379504763895, 0.007656217504089382, -0.2678091449777723, 0.23381006327547624, 0.22052857413464982, -0.1442463940840127, 0.10329039034626836, -0.3191194965829719, -0.18188438559863107, 0.14153025610485734, 0.03838478398193777, -0.0023006503203505204, 0.00022991747915221668, -0.34156686705370487, -0.03839305665512628, 0.01254352224742793, 0.36275725982449425, 0.1465658615909778, 0.002221094827445566, -0.03093295212731487, 0.011515721522356439, -0.29982285849541634, -0.7502623931652678, 0.17295610740843975, 0.19940377658912362, 0.8171900996234521, 0.10377076614801187, -1.5961350438852924, 0.23808476196725914, -0.0906491001044072, 1.2749278955799013, -0.5038439259635059, -0.08987532446243918, -0.0674830933797096, 0.18273834156854307, -0.06754469369006022, 0.10045351874642443, -0.1298029049519194, -0.14292261710476303, -0.06212081989968041, -0.2245288721189635, -0.11542046234824871, 0.11513185211644489, 0.23461391087533276], "trans": [-29.159548818461335, 10.226036536786998, -0.6647492112681589]}