{"betas": [-0.459125293958982, 0.2836700625543276, -0.2828307762064238, 0.06170009900103966, 0.04114696315793381, 0.017447099752977802, -0.018216663065381097, 0.013285817624318214, 0.01584973647464493, -0.019639755817989615], "pose": [-1.633140113188174, -0.2586340523883575, 0.23363405238835752, -0.008171431507630063, -0.04974399857879289, 0.05003474214998866, -0.4404828677628585, -0.000669677575625569, -0.024645521302144553, 0.32041483199154375, -0.010293923541844267, -0.015659052688105104, 0.35847660236976087, -0.2319710992628911, -0.13087459385067654, 0.8636219335881521, -0.03640246661900154, 0.1204226809718463, -0.016698601830756422, -0.020521146063334505, 0.026173050431690402, -0.0950288134918433, 0.0651424410802987, -0.028380681381303518, -0.14093623544704653, -0.2352576853546469, 0.1460781625291444, 0.028029323352929285, -0.030672340858508156, -0.0032566081626892156, -0.2714293347009292, 0.19682725509620358, 0.08156151207076281, -0.08240404050147014, 0.17004908969321586, -0.2984101564878914, -0.15329000421161154, -0.08412228711743543, 0.07918204810421178, -0.014929829100945983, -0.13747554132134024, -0.312795430097413, -0.1105965304369395, 0.21403222088085008, 0.305826790124318, 0.16570498966911062, -0.23107590828560545, 0.01942725007335083, 0.014490983813270896, -0.25628506114938965, -0.6735869412345427, 0.11415629365853351, 0.2865144547334108, 0.7006041111845799, 0.09608007139727433, -0.4060934298325487, 0.24494081898746148, 0.002089822796767394, 1.2412041893845858, -0.43830658183707366, 0.011650491161397599, -0.0728034961967667, 0.12307427385155603, 0.0441438484974757, 0.10640853648736112, -0.1296686508630142, -0.17022078822332437, -0.06302151176930754, -0.19864612715212204, -0.06106541985624412, 0.1341001526631926, 0.19416610304990645], "trans": [-12.09084732377839, 6.7162290265014715, -0.44596670784924963]}