{"betas": [0.5425939922495325, 0.47738774179747123, 0.15292601182064422, 0.1712734498191424, -0.026676199413162845, 0.029053080237652254, -0.052279591306768236, 0.04030904345707816, 0.08374319963315201, -0.11291980133855471], "pose": [-1.1959195530441713, 1.229655208439247, -1.229655208439247, -0.9413562962034199, -0.3204841094585596, -0.15648704676458344, -0.8963002862918148, -0.0037876809015729, -0.0014294752509468984, 0.6527080504447594, 0.09361406934034197, 0.0809739748194027, 0.8987495899375734, -0.27714727241068876, -0.1687846259192224, 0.9352940384572107, -0.1558139164807516, 0.0953314811325606, -0.17797577358086317, 0.22218709138081597, -0.10168100514007361, 0.06640661394002172, -0.05079306263670564, 0.011124948272021389, -0.10715697555802214, -0.2543999754225694, 0.1651613410098577, 0.04605181385523201, 0.13526526009879622, -0.019334198509581516, -0.34825808175447964, 0.16855806945942348, 0.07981231640411504, -0.10975654062080968, 0.11344189897623734, -0.4584086996160171, -0.4395787442482449, -0.29092828920651836, -0.012787388996981872, -0.034321361287470126, 0.37146828387773784, -0.4480906002226556, -0.08454739948021753, 0.21714932731127282, 0.2792439477346789, -0.003422567538183366, -0.3022858517714674, 0.018267787040104448, 0.1685701886513556, 0.13992288286569818, -1.1789512669416002, -0.3196435298914906, 0.40768010715384495, 0.6088687759911484, -0.20111326642405364, -0.7875109108791507, 0.5465335578965731, -0.8098254979233689, 0.43100746246276644, -0.5584387808480958, -0.4311936629074016, 0.08855350316247816, 0.17506124566891118, 0.053499570810363745, -0.03466144504185493, -0.31730338610694536, -0.1964071592328786, -0.11024652301031128, -0.25347685624729227, -0.12767782201128725, 0.11797837272402933, 0.26280341890001147], "trans": [-28.107638771717703, -13.864362794697527, -1.2989179577011416]}