{"betas": [1.8964894903024812, 0.31493576625010133, -0.1035326407414528, -0.4364464500446508, -0.04973432451903863, 0.09833628269918979, 0.014303769774192097, -0.026993742994641887, 0.07112343154180402, -0.03308173982274214], "pose": [-0.25171249610232277, 2.0944268138115056, -2.094426813811506, -0.009279771298027116, 0.07292538127673813, 0.03000619198424108, -0.6460077830792538, 0.017345961845151598, -0.12210114675380496, 0.32506061559072325, -0.09604221939129569, 0.024217044557239022, 0.42504621605659476, -0.10993733557187703, -0.08006407109925337, 0.27045220841562934, -0.4156578582817548, 0.08789818592720453, 0.035066949187158906, -0.05325083995333206, 0.03661019377648262, -0.041867388123616636, 0.10722537562006303, -0.05900592996329344, 0.06414747381902942, -0.20890772356770881, 0.27375641572817816, 0.03033308855978693, -0.0700576233344929, 0.017704020804128372, -0.2074868684666089, 0.16543287656167627, 0.08443832619699403, -0.015581313425523777, 0.23203318022069783, -0.38467824824778885, -0.06181729703853423, -0.06301583570499188, 0.05798293506927126, 0.016534208322392625, -0.3004513002811485, -0.2962406072040955, -0.0615426646558033, 0.280600552646702, 0.2935396621394585, 0.21304827717865332, -0.19694178084506203, 0.04319936313215986, 0.10393804861884877, -0.4408722033282954, -0.7239754852592537, 0.21610676643511814, 0.29909131687221935, 0.7442305726623778, 0.3162452185054223, -1.055396951372978, 0.14142331755063983, 0.2172043795688765, 1.14462023057373, -0.20462608194204226, 0.1495068537367454, -0.15871047524725013, 0.18554830232246403, 0.13500831886281048, 0.14650775336235147, -0.14950955083483403, -0.1849625802024994, -0.07211288714356938, -0.18016352431346766, -0.10906580607581358, 0.1422238020306807, 0.19554177160126757], "trans": [-11.88827008965788, 6.281800356171101, -0.6203166815065704]}