{"betas": [0.19173745763710806, 0.20679507266967936, 0.025545764337162807, -0.024244743693028488, 0.0007202369641003663, 0.013236882350636182, 0.021343764601424748, 0.007373052342460504, -0.01918535564321634, -0.005662447391478864], "pose": [-1.568691523154995, -0.09536803074990134, 0.09536803074990136, -0.24447167733106315, -0.009488139191764132, 0.017940787998638366, -0.25993991511094505, 0.005222737768565257, -0.011520544391981614, 0.261200870086836, -0.03402472698443801, -0.01197171649961316, 1.0580474574390262, -0.12833858765015016, -0.0842992357781316, 0.27654263543381774, 0.04701582872383438, 0.14972703988801594, -0.08655075865146662, 0.03792601506262197, 0.024809310383347803, -0.10411307733311012, 0.10429145371659446, -0.06497798305809793, -0.18672379765496075, -0.15925288332268947, 0.25022488194398546, 0.04059996697425928, -0.04772082199379569, 3.412600060902811e-05, -0.3243706859087381, 0.2010736894909773, 0.2403423473256274, -0.20666147172955934, 0.07689039917603652, -0.4202863992475197, -0.32540992126884427, 0.08667927691032584, 0.047831991325490444, 0.04843307213844075, 0.3096665228663933, -0.4026205709419672, -0.023299481046498878, -0.21639388511485944, 0.41684974138184805, 0.041289518848603685, -0.003960229248949322, -0.0523486931974327, 0.8924103452026333, -0.8677355794074985, -0.8400875107368144, 1.0667659258307103, 0.5330812224065294, 0.8086599191511734, -0.07122742098104903, -1.2473120381067742, 0.4111469542500608, -0.29319877950892, 1.2751568908206612, -0.3609942782813395, -0.21842586977588754, -0.008970395161301416, 0.12253132401061317, -0.11604533595333529, 0.05354079881943387, -0.0691943158894665, -0.15673374039268506, -0.07211322062474505, -0.23781896247492598, -0.11103166074064033, 0.1050010885858077, 0.23844726166463878], "trans": [-29.50031321207962, 5.726509440687342, -0.6561380436343247]}