{"betas": [1.7511515842605234, 0.3670231778082652, 0.03978433168027672, 0.004913282851196045, 0.02958606384598556, 0.001461046037256542, 0.028411238985692, 0.012589726574853976, -0.014340388809218167, -0.004234100351574732], "pose": [-1.611947449099169, -0.17425508467175208, 0.17425508467175208, -0.48730509148696366, -0.026305234068597222, 0.13027702130880078, -0.3470474167418102, -0.05436689278539051, -0.07487899538238965, 0.29745686290920403, 0.024631711121767194, -0.022622503665231823, 0.6150602787252824, -0.06839146030833312, -0.1509974082980073, 0.6715237475771976, 0.11134567681185914, 0.07966736644261854, -0.08526386298447289, -0.016916394503652187, 0.02901490976938276, -0.0322464550398429, 0.13212994142348272, -0.11066022569871244, -0.15451381874524894, -0.19941586196213743, 0.23753485494989773, 0.032802964231550165, -0.020258565174925965, 0.02064225348941025, -0.2327045014583077, 0.18261673051934518, 0.20182315321573438, -0.11780812485657303, 0.16158715226642814, -0.3542510808639047, -0.1870510105469141, 0.2101432595685274, 0.025835081363397086, -0.10911450182826597, -0.0030115997929313462, -0.16369645353957513, -0.08709958407129702, 0.010863634069272052, 0.2552788125283566, 0.12977520551820318, 0.05120463001175381, -0.0076445357730487926, 0.12567046246869396, -0.42041619367776845, -0.7087138451331142, 0.27511241712866175, 0.42334739991172443, 0.8067205140147645, 0.2988000541394352, -1.4221326234210727, 0.31537818275919244, 0.31538216072056374, 1.1737007900691403, -0.13003520931444168, -0.09932752437305654, -0.06274514916673433, 0.1920177343396027, -0.11596296148242505, 0.04662738421537067, -0.06178299366815142, -0.06830844353873201, -0.0416454081604627, -0.16736656164124905, -0.05377342508520285, 0.08102465140969768, 0.17044033522958393], "trans": [-27.794051082551928, -0.7643126228908083, -0.9720669315329273]}