{"betas": [-0.04531959800123942, 0.25816046623113975, -0.10443940742347267, -0.07597029208210594, 0.013911735992459227, 0.013954990810594958, 0.00840059268463032, 0.018210526354907698, -0.01144635948893292, 0.002226290135924623], "pose": [-1.5706014636352852, -0.02902261539640593, 0.02902261539640593, -0.17662232263313868, -0.04059150162389039, 0.030532277140996832, -0.11910918982232509, -0.060646152243768334, -0.0469500465940345, 0.2516038127797159, 0.03342061129099462, -0.008023387334677301, 0.10730314221787668, -0.05985421523968774, -0.14730946490638638, 1.027175926988489, 0.07113916800843723, 0.09503816935461161, -0.019769371078629402, -0.007186544431166299, 0.02331221761047661, 0.043068322012771804, 0.08707243350955617, -0.008625235144686674, -0.06513003093320946, -0.18491391820248568, 0.13081739595874822, 0.07444854811914853, -0.0316348672491843, -0.01843821163198918, -0.29418190945647693, 0.2103882677236288, 0.08834927864819944, -0.09327025161645267, 0.1896032278763834, -0.22889250861331512, 0.025540535243124107, 0.04813232316908596, 0.07190771920811112, 0.04986290010211114, 0.08779799375960068, -0.4890373872438047, -0.01101692200746803, 0.013072019030086644, 0.5281316284639999, 0.3728570987376186, -0.06772332059364194, -0.07318364861649497, 0.06413079749597553, -0.22923177147822418, -0.8763092844088154, 0.19536588691338203, 0.24077290063297735, 0.8522012482859318, 0.15124322396195325, -0.5185083216540038, 0.13621133836426513, -0.09192616158340675, 0.45755048933017756, -0.14022928723962844, -0.03581338819199377, 0.02071038963053927, -0.06365375371490462, 0.014309742710596264, -0.00569788094982624, 0.03132100913646228, -0.18611877100910745, -0.0708221266528565, -0.1916171958494324, -0.09653204024087612, 0.11656088499462655, 0.2266244669256465], "trans": [-28.088508733546014, -2.2517572161812716, -0.8514267576770055]}