{"betas": [1.726796659765029, 0.41891031545459445, -0.15139553369490252, -0.5462419580768579, -0.07855182412525559, 0.07595039952460043, 0.008045347212360082, 0.06009336300381875, 0.04481580265154796, 0.006120580758014304], "pose": [-0.25042945080240697, 2.0951482148495946, -2.0951482148495946, -0.5681300911466021, -0.16877015785985497, 0.03603760909090058, 0.23802849761290454, -0.09515777687116463, -0.019023341138266522, 0.14298278268886977, -0.0021908041355609836, -0.023497635636609705, 0.10359728505711036, 0.43801913682483845, 0.10268400634987965, 0.06338962006154789, 0.20657664792549435, -0.043141205148237584, -0.014581525626169349, 0.04754444373128633, 0.0027108746623630627, -0.05587844709816597, 0.02789747156273701, -0.1563351550997516, -0.30624559145874314, -0.03264582819633122, 0.08635850297136528, 0.16766580694114736, 0.07255256786597729, 0.016874789435713657, -0.24868553717895123, 0.2886034105715115, 0.26786612636157536, -0.14126106878813563, 0.023218587425108777, -0.05626609253911089, -0.05331962960959272, 0.16227574157622304, 0.09111748494603562, -0.03924576019687162, 0.20281414295465178, -0.46992397678333403, 0.0361104855375124, 0.04679194892456238, 0.5273130631713355, 0.12479699678953116, -0.5629141924126085, -0.09324642446183215, 1.045107081691318, -0.18964384530717904, -0.97844043122296, 0.9447427413783374, 0.557699769227844, 0.6608905153057505, -0.30837832477691607, -1.6718057369416566, 0.33125993544624605, -4.2263005195879166e-05, 1.193795264645474, -0.23460182210607614, -0.30226663584098923, 0.061549666177029415, 0.29364045444012055, -0.2798406847686567, 0.020177859322766088, -0.1799827705156761, -0.024850603648227658, -0.057992271403175435, -0.13702680854147198, -0.0623426269805445, 0.09236930657598369, 0.19314070575911477], "trans": [-9.527135054900786, -3.5045559900798144, -0.7861397102694473]}