{"betas": [1.8964894903024812, 0.31493576625010133, -0.1035326407414528, -0.4364464500446508, -0.04973432451903863, 0.09833628269918979, 0.014303769774192097, -0.026993742994641887, 0.07112343154180402, -0.03308173982274214], "pose": [-0.126878107626731, 2.160949997166857, -2.160949997166857, -0.5357733281040316, -0.07669031315456229, 0.15513463024875265, 0.03769072386602942, -0.06898938770067772, -0.1458270457088211, 0.14265101390806986, -0.0799600905621833, -0.03739501179531863, 0.45302897956191585, -0.003247977074435761, -0.1435785209654726, 0.6929538146524059, 0.24247102944965723, 0.02929639476009102, 0.07899473767517555, 0.09419803409260526, 0.021687531052451393, 0.04525104540194351, 0.14133651795087762, -0.09563096462882564, -0.14228998987673866, -0.16809871843098256, 0.17231634577923965, 0.07384551611219943, -0.13567891373300803, 0.0015631809940398235, -0.2763202419836942, 0.20705463515979836, 0.29353137796509376, -0.18219287651754293, 0.11969222264746761, -0.24763957822460747, 0.15635468918534318, 0.12793284707619318, 0.08023474611908184, 0.028565793753815568, 0.022251429774549955, -0.28469202521346204, 0.003657835639421199, 0.05100864883788515, 0.2845699770214923, 0.36865768101591995, -0.0076055406482898325, -0.018379004948373828, 0.20525466191280523, 0.07155414207641311, -0.9108907556471689, 0.35999094569791806, 0.2668928614836416, 0.905235694563054, 0.5487871362811146, -1.0508072209849428, 0.05319661061721544, 0.5005305947997618, 1.1633550822903445, -0.1179825325053921, -0.14645629518843495, -0.03288357878235802, 0.05712525135709956, -0.07979731899131384, 0.03433463764764936, 0.008565391556798712, -0.16164852467984908, -0.02398404852062643, -0.16064825439551914, -0.13010203404993903, 0.08591987467897787, 0.1477519423873348], "trans": [-11.111986595774539, 1.9601943553340917, -0.774263644472152]}