{"betas": [1.8964894903024812, 0.31493576625010133, -0.1035326407414528, -0.4364464500446508, -0.04973432451903863, 0.09833628269918979, 0.014303769774192097, -0.026993742994641887, 0.07112343154180402, -0.03308173982274214], "pose": [-0.16611733591018915, -2.1408201436737957, 2.1408201436737957, -0.455866563192215, 0.027437178075550257, 0.0704224605357191, 0.16262450099594447, -0.06568248257076584, 0.00797028338517907, 0.3851667930997247, 0.029774957968866016, -0.015362095328046797, 0.3159357159048417, 0.08820119564092883, -0.15297445361211587, 0.08498130069155316, -0.00490293685744388, 0.09871304596061352, 0.04598232004028823, -0.06026202491044774, 0.03690838348387185, -0.054406677253679835, 0.12739109974938498, -0.06664018370934337, -0.12931590660041956, -0.18249462654977064, 0.1673628881248212, 0.03285486496675651, -0.03413544549835446, 0.007926939452149801, -0.2137242845549665, 0.2281070169685622, 0.2024296567159074, -0.0733537786237971, 0.1424821577026994, -0.24387122544976, -0.017343469067986297, 0.05114008752784906, 0.06367593193713034, 0.02196378329953836, -0.28247381648770703, -0.3505096522578476, -0.01860027882477649, 0.30172232067273286, 0.35007852865368944, 0.27381232744127604, -0.1300067801403626, 0.0023053027838431848, 0.12361517757913307, -0.3864945563576974, -0.6695152613618514, 0.18754224564755398, 0.35834519008064425, 0.7017520511733268, 0.383514751262717, -1.1140317071289043, 0.16188667895609107, 0.2143027280206302, 1.1522257089691528, -0.21344295382787928, 0.17447073677181443, -0.11603477508198203, 0.13548666202375997, 0.11729135102719812, 0.1224493600918968, -0.10775453312890607, -0.2327403316087392, -0.04938698843157355, -0.19543804047355398, -0.146352786662402, 0.12576552958636963, 0.18792160741939135], "trans": [-11.977471001408942, 8.121591031456573, -0.5202359417485652]}