{"betas": [0.12182979554792384, 0.0498104030700563, 0.01874907528210161, 0.028247290178977192, -0.01045515424154793, 0.003794310233826808, -0.007750463989420916, 0.008476040652062412, 0.013630708331879994, -0.014916307566096007], "pose": [-1.1456560593987837, -1.2969885914922719, 1.296988591492272, -0.38164254056270397, -0.028609102061455987, 0.10089313413928346, -0.4408359109477358, -0.01543852373679854, -0.09843041038681338, 0.33120776371924393, -0.003874137628031978, -0.0008499569419369178, 0.7124547129797825, -0.034949880931945364, -0.14490913759298762, 0.8152035568038029, -0.022134735520539895, 0.08745191357953733, -0.006166764033132537, 0.004160999554309058, 0.014056824144198479, -0.08044776433857122, 0.06690283872075405, -0.02739369686182081, -0.15748599730006124, -0.17581129525083533, 0.1862150551184398, 0.028087734896773173, -0.030274468989559447, 0.0030027562270893353, -0.30357820410130537, 0.261810870775293, 0.153192296051844, -0.13384995449064874, 0.13011770917594837, -0.3367996725147104, -0.20061856627127186, 0.1198440836189009, 0.04111871141302849, 0.022969165540423254, -0.05714297366726682, -0.39314697119811376, -0.024736317159206253, 0.131303747103225, 0.37939932300473594, 0.1455302942742524, 0.000800595862314885, -0.0526265058076519, 0.12127218431812992, -0.3108037890419903, -0.8794821404498877, 0.22921728271382963, 0.29252070773596917, 0.873005537687066, 0.2959766952299797, -1.4677371920516251, 0.44631694958588175, 0.09287033100511391, 1.4287647843829885, -0.45456746902740064, -0.04156372203860466, -0.08433118497947072, 0.205951077793783, 0.03321739934967376, 0.12591035277995857, -0.1775297092730545, -0.1563671805010985, -0.07427623805498265, -0.22208652233284112, -0.11783393506319993, 0.13300266240079522, 0.23637498990033168], "trans": [-50.33265302968817, -11.591543437485006, -1.3063635480238402]}