{"betas": [0.19173745763710806, 0.20679507266967936, 0.025545764337162807, -0.024244743693028488, 0.0007202369641003663, 0.013236882350636182, 0.021343764601424748, 0.007373052342460504, -0.01918535564321634, -0.005662447391478864], "pose": [-1.5486357034256355, 0.08756610233942157, -0.08756610233942157, -0.6370571561981057, 0.0070686554212820146, -0.05370811779621663, 0.11570504281545016, 0.15714530173037533, 0.06766741382312254, 0.3132954535677259, -0.013505728032132716, -0.0032062179602742355, 0.2081326783451169, -0.06676501934924847, -0.02449471976264972, 0.09595210438118193, -0.13318746359349004, -0.05039408465775554, -0.04445545102258269, -0.00262536857355401, 0.017488174885165308, -0.07941882269553077, 0.09023778306378628, -0.07710368397891229, -0.14502277544099035, -0.17128034880458848, 0.23429556686674693, 0.023581069701228537, -0.036354104399401024, 0.0075905988579088235, -0.2719746014777132, 0.21644046511164555, 0.1980613570273441, -0.12500191839666416, 0.11760207545710685, -0.37581673061704945, -0.23008318680443243, 0.07668516091125012, 0.03609498478120672, -0.013152991319163653, -0.0007375277242991504, -0.31648890223582393, -0.05394928056057571, 0.05218268999278386, 0.31925922120511446, 0.10998956394954501, -0.039808079468944414, -0.01749029128320965, 0.8924103452026333, -0.8677355794074985, -0.8400875107368144, 1.0667659258307103, 0.5330812224065294, 0.8086599191511734, -0.07122742098104903, -1.2473120381067742, 0.4111469542500608, -0.29319877950892, 1.2751568908206612, -0.3609942782813395, -0.11752822399854017, -0.07153642883868894, 0.16281403023403926, -0.03629316447702546, 0.08562736066283505, -0.11154532395023532, -0.11889479312074105, -0.05997573287379535, -0.2059414707651356, -0.09851890675379954, 0.1123659639851529, 0.20998850639061029], "trans": [-28.73011001321211, -0.6732262740629629, -0.8700364725385323]}