{"betas": [1.7511515842605234, 0.3670231778082652, 0.03978433168027672, 0.004913282851196045, 0.02958606384598556, 0.001461046037256542, 0.028411238985692, 0.012589726574853976, -0.014340388809218167, -0.004234100351574732], "pose": [-1.579075841410826, -0.17444367227106986, 0.17444367227106988, -0.1710069812792762, 0.01378770428594674, 0.07040350116606042, -0.526766593933264, -0.008852627353953813, -0.08838073263387314, 0.3010427967247429, -0.043370643665926224, 0.015257188498331874, 0.5665500270303502, -0.1264550397584369, -0.10088768888376921, 0.653977922337561, -0.034909067749807315, 0.08433664915711014, 0.0181335653611626, -0.01215732073520417, 0.004158441526763522, -0.10825434167295492, 0.06214976158274908, -0.06387074509772292, -0.09531017028906658, -0.1988460589326129, 0.2561187220036089, 0.012421116071937894, -0.031525406669236776, 0.00867385016735366, -0.2691780635689143, 0.29301488207051224, 0.147150343960193, -0.08658475709193549, 0.18113679788899906, -0.3833833195434166, -0.11729520961766453, 0.09196757213198667, 0.04085404522511988, -0.10291834795186797, -0.26238737490004305, -0.15011683791019748, -0.1294444908772437, 0.2778925006972861, 0.12807082612372306, 0.18769802311677733, -0.02864450687546029, -0.023327057264503834, 0.12567046246869396, -0.42041619367776845, -0.7087138451331142, 0.27511241712866175, 0.42334739991172443, 0.8067205140147645, 0.2988000541394352, -1.4221326234210727, 0.31537818275919244, 0.31538216072056374, 1.1737007900691403, -0.13003520931444168, -0.11410594193349854, -0.17428290382376008, 0.31454256303098355, 0.023943426971167366, 0.18161597806158042, -0.2502375140933216, -0.010941426496858567, -0.04804592854709481, -0.1777705422844266, -0.05603122284379635, 0.12552129520995534, 0.19525625968369367], "trans": [-28.22921404134833, 1.4040350846490042, -0.9086155792944393]}