{"betas": [0.12182979554792384, 0.0498104030700563, 0.01874907528210161, 0.028247290178977192, -0.01045515424154793, 0.003794310233826808, -0.007750463989420916, 0.008476040652062412, 0.013630708331879994, -0.014916307566096007], "pose": [-1.1456560593987837, -1.2969885914922719, 1.296988591492272, -0.38164253661336994, -0.028609114305175067, 0.10089313206538839, -0.44083586177656675, -0.015438531211832678, -0.09843036804637975, 0.33120770341406197, -0.0038741211794061383, -0.0008500229488681531, 0.7124547068091405, -0.03494987778502425, -0.1449091385197971, 0.815203579723642, -0.022134726531436232, 0.08745191606721854, -0.00616677636667535, 0.004161001098051983, 0.01405677942353785, -0.08044776393714595, 0.06690283812128847, -0.027393696930936885, -0.15748600924135914, -0.17581129477873342, 0.18621505710312425, 0.028087727807256355, -0.030274469915027902, 0.0030027230057716164, -0.3035782007356831, 0.261810862735691, 0.1531922992595185, -0.13384995800767155, 0.13011771468550434, -0.3367996808324926, -0.20061859622726388, 0.11984407367047105, 0.041118687326524996, 0.02296916656439391, -0.057142966845025234, -0.3931469688957641, -0.024736322411259466, 0.13130373728737402, 0.3793993137787029, 0.14553028336351861, 0.000800573139630561, -0.052626510337315836, 0.12127219495241785, -0.3108037960375339, -0.8794821408912968, 0.22921729738604815, 0.2925207048523284, 0.8730055522595014, 0.2959766989456559, -1.4677371999825402, 0.4463169469394437, 0.09287034923287209, 1.4287647931323106, -0.4545674701929511, -0.04156373818653628, -0.08433118287382146, 0.20595107056656692, 0.033217380772301526, 0.12591035146680946, -0.177529689660626, -0.1563671743089553, -0.07427623684103674, -0.22208652308870594, -0.11783392986246702, 0.1330026620503938, 0.23637499465917383], "trans": [-57.70540327008981, -13.118690353894292, -1.3289727379622396]}