{"betas": [1.7511515842605234, 0.3670231778082652, 0.03978433168027672, 0.004913282851196045, 0.02958606384598556, 0.001461046037256542, 0.028411238985692, 0.012589726574853976, -0.014340388809218167, -0.004234100351574732], "pose": [-1.4428792741601795, 0.7350217480935823, -0.7350217480935823, -0.5437458677368364, 0.03888475237266543, 0.07023805824554788, 0.036771905695405255, -0.10704091023739645, -0.050089105769646446, 0.2005575448679225, 0.0044005188594316135, -0.02081237669284545, 1.0592089682665953, -0.046448913649878014, -0.18256019244318603, 0.1317139168951045, 0.011131061683396289, 0.053617632588272894, 0.028198249703522235, -0.018025667655902012, 0.030893437128684836, -0.008914443786060771, 0.05127207925545066, -0.04272451527822258, -0.12826528906105866, -0.13279687899902265, 0.1562135942435374, 0.027433402309803342, -0.09740048372917179, -0.024650385924386432, -0.29946386016738163, 0.27000691893638445, 0.1492267885511352, -0.12470663283209454, 0.11020748584751776, -0.26383781803262074, -0.21969907003583897, -0.4079523479358431, 0.05990928661383827, 0.03224889831640596, -0.12906454698587658, -0.4073196816027197, 0.026142480791814415, 0.19052176621978043, 0.4366018330706678, 0.28658290784133467, -0.4509643404355678, -0.05387060010333354, 0.2545948970599283, -0.4849227636456417, -0.6828599251993228, 0.33896006353092095, 0.1354610118975532, 0.8413431802940988, 0.3631292663080387, -1.481850561350162, 0.42260885311366075, 0.16547301956621618, 0.6180699495024498, -0.10796030162487497, -0.07407332091518275, -0.09011818001047928, 0.22529598059887884, 0.016407760526688887, 0.10818868769003019, -0.15164058880163137, -0.09326989268896907, -0.06413444508602492, -0.18134116440965245, -0.11174531830973909, 0.13118942914364035, 0.20583606652013656], "trans": [-26.60424597025548, 12.355110474168239, -0.6043368714362056]}