{"betas": [0.33303066142902105, 0.22906885785386125, 0.1321746135337195, 0.03485680493593007, -0.034928744222964915, 0.03738652273642406, 0.06435992437738675, -0.06135207138309116, 0.004712805749211021, -0.03328562850670294], "pose": [-1.6206152200687576, -0.07797947132414404, 0.07797947132414404, -0.26898962988877656, -0.004846979836181069, 0.04018401707229338, -0.11483355285327239, -0.019953209939279994, -0.05397804749595616, 0.20862949022685562, 0.019619665950617503, -0.043657622545845313, 0.3349289870316089, -0.007298334718161048, -0.1555805168838112, 1.0969656538900363, 0.11916982382341457, 0.04908057105959934, 0.009855099497908687, -0.08615841944383058, 0.06222543786304332, -0.04993038049944859, 0.12835606943693728, -0.02050456829371391, -0.19353261514283, -0.12504916120601212, 0.17335070336060002, 0.061663238922606306, -0.07248613839485675, -0.0024359178471536624, -0.28740698436499906, 0.23878551204157486, 0.192164425944133, -0.13901665516288222, 0.08374248676922573, -0.27048304187315414, -0.062495083884787354, -0.05796356926600105, 0.07365459807361091, 0.004359490793795437, -0.021195619422382416, -0.24689970064333133, -0.0719047045526866, -0.03444613842230149, 0.2669161733825677, 0.2501371015624686, -0.17109162656611016, 0.01423839600221659, 0.05276215473234402, -0.4751623101539893, -0.8214169687525408, 0.2979517252922716, 0.3610868919323772, 0.8802567954842748, 0.33521055743207173, -1.8120350640252314, 0.6315956214063185, 0.5267490235599157, 1.610557576752039, -0.29918952662428167, -0.23147154612270332, -0.08637626811798207, 0.08324570672869938, -0.1203053796390578, 0.07054014879623294, -0.04263935375071603, -0.059619022063732215, -0.026691011773838452, -0.1936356273921668, -0.08352068517560113, 0.10341296692271157, 0.19608356344820538], "trans": [-10.936191812347463, -0.5150553408954419, -0.7062865731860968]}