{"betas": [-0.04531959800123942, 0.25816046623113975, -0.10443940742347267, -0.07597029208210594, 0.013911735992459227, 0.013954990810594958, 0.00840059268463032, 0.018210526354907698, -0.01144635948893292, 0.002226290135924623], "pose": [-1.5707695755952256, -0.010753500959599814, 0.010753500959599814, -0.6340365680396228, -0.030800313278700385, 0.19363288774867304, 0.19345847060909727, -0.04353263781235619, -0.020682795902592213, 0.3788288793442409, 0.035965698595667395, -0.021482386133716065, 0.45998197222372383, 0.03936689983834758, -0.16254401338759192, -0.00727572944575066, 0.09607869293884919, 0.07639596934766463, -0.03785013455261592, -0.01913857086658355, 0.021464005520731976, -0.0085200308465908, 0.11701554549737576, -0.09478894697729763, -0.16669051219347053, -0.16219661006259767, 0.19674924890480472, 0.045275392175032105, -0.031587431323463366, 0.008036334861151904, -0.25926160852275343, 0.19616735901032503, 0.24597598990320743, -0.1396905070691246, 0.09807775792618868, -0.31565506710691765, -0.1669080155171095, 0.15267159127072608, 0.021971586115338244, 0.031724545076105976, 0.03325186813773071, -0.3934204984305003, 0.00562713052666895, 0.0109528132216258, 0.40417388199245907, 0.13669179390757114, 0.015441675469046469, -0.021780818762197878, 0.07366938460773666, -0.20189222541978763, -0.772516274938666, 0.17740900680353414, 0.17191319935125807, 0.8004359821188037, 0.1515389763895572, -0.9543384043371343, 0.2734711434513131, -0.06144731219425579, 0.8745043994969565, -0.2794987766467438, -0.020785666624303433, -0.035283896617616516, 0.12728475090374833, -0.027242374749924324, 0.06177884484829301, -0.07739151775089874, -0.21403561965324072, -0.06422221484603252, -0.21710617466038049, -0.14590823276466286, 0.10785144513347815, 0.221174501635388], "trans": [-28.303285219698793, 1.9123026441697855, -0.7751531564753676]}