{"betas": [-0.04531959800123942, 0.25816046623113975, -0.10443940742347267, -0.07597029208210594, 0.013911735992459227, 0.013954990810594958, 0.00840059268463032, 0.018210526354907698, -0.01144635948893292, 0.002226290135924623], "pose": [-1.5688977971223288, -0.09057613403356639, 0.0905761340335664, -0.5138663863657131, -0.0700556976076851, 0.042237689768042555, 0.10421205348796246, -0.08719029350825586, -0.0269694151874801, 0.3663337473200315, 0.0557455028772667, -0.01828227375814265, 0.15214528696225305, 0.0481376249682371, -0.15008975772298014, 0.47768245553882865, 0.15267649146908183, 0.05535235207514374, -0.011537422336882819, -0.018946609249697252, 0.00853564911088313, 0.004690067969226531, 0.1252913294755609, -0.12702516228072244, -0.16673117438920762, -0.16988833274148687, 0.18627395978305075, 0.03665903309801628, -0.015528107633129982, 0.00408357378103754, -0.23079155564168286, 0.18844304225615482, 0.28017578211282257, -0.12028881760842591, 0.09433016382485446, -0.2839532791254291, -0.13796369540531303, 0.13171693945139382, 0.024832251662432733, 0.02626286110248455, -0.024077068698733342, -0.3945952758551854, 0.0038860492750396073, 0.10047788728234376, 0.3814588054906867, 0.1510032515939985, -0.011938958676015288, -0.019545015959743197, 0.0964251555974713, -0.19772072393993106, -0.7341874862314592, 0.1372376194551721, 0.23759694688552907, 0.7200055645661385, 0.16959516183528436, -0.8575948491824472, 0.19003479903326292, -0.04890095989835429, 0.8074299833611489, -0.20587240430255796, 0.006814505655552685, -0.049848447596233456, 0.10125810735754374, 0.0021953333630555356, 0.0640084742790957, -0.06953547811756698, -0.23369608405741948, -0.05473972475974689, -0.2060991923175106, -0.15590462725318793, 0.10165186588982014, 0.2035376613569251], "trans": [-28.70122291026622, 6.556863905981244, -0.6652066790156865]}