{"betas": [0.12182979554792384, 0.0498104030700563, 0.01874907528210161, 0.028247290178977192, -0.01045515424154793, 0.003794310233826808, -0.007750463989420916, 0.008476040652062412, 0.013630708331879994, -0.014916307566096007], "pose": [-1.1299819476953623, -1.3250644500337285, 1.3250644500337287, -0.42676077413633157, -0.04120279265946287, 0.11906463886726013, -0.4023090069971612, -0.0330552297056811, -0.1155275975277612, 0.3146697200772391, 0.01033620864504956, -0.00799155967896133, 0.7376795535666205, -0.03897977501476502, -0.15736551175028982, 0.8825895943196402, 0.00797335287578158, 0.08564271135211746, -0.025140530686475135, 0.017956425726451748, -0.0017994702513604412, -0.07861608091922924, 0.07026716892400896, -0.030015391037471535, -0.19287821537703712, -0.1967796761677959, 0.18114067022592015, 0.03177685080673933, -0.02131706130282065, -0.005349746536497872, -0.3150683589413389, 0.27184095307513534, 0.16298948442465047, -0.15682654571153384, 0.13769526484650266, -0.33943093385695267, -0.2103451790099163, 0.1671590097009604, 0.03270367443916928, -0.004025735103719831, 0.00048416122164035433, -0.37033471438723975, -0.03800742355880352, 0.08309429944629508, 0.3539197993347459, 0.1468788459071768, 0.060742300771874466, -0.07151601735513216, 0.05128985193582458, -0.2815784523142535, -0.8070855740323084, 0.18680918786012976, 0.2701937544203031, 0.8134435203778536, 0.1618156799182188, -1.469755429740152, 0.5073682169482812, -0.008108328319018962, 1.4135365110355462, -0.49468747990701945, -0.1014081021260168, -0.07242912180168393, 0.20688642060332046, 0.0009553515605736103, 0.11632351243547026, -0.16599761331529692, -0.12462331411123005, -0.06839281302816831, -0.2106509659447628, -0.09554019040722173, 0.12060342402943988, 0.22393865425571652], "trans": [-39.86810248627213, -8.719683196264137, -1.1600842104191966]}