{"betas": [0.19173745763710806, 0.20679507266967936, 0.025545764337162807, -0.024244743693028488, 0.0007202369641003663, 0.013236882350636182, 0.021343764601424748, 0.007373052342460504, -0.01918535564321634, -0.005662447391478864], "pose": [-1.6326341296885734, 0.2632476521933606, -0.2632476521933606, -0.6370571561981057, 0.0070686554212820146, -0.05370811779621663, 0.11570504281545016, 0.15714530173037533, 0.06766741382312254, 0.36933433748056305, 0.037166565605630086, -0.009790809925697534, 0.2081326783451169, -0.06676501934924847, -0.02449471976264972, 0.09595210438118193, -0.13318746359349004, -0.05039408465775554, 0.0040259275181137736, -0.012428223668877735, 0.0063131874582563145, -0.06945965703394738, 0.03612217157689875, -0.1297188489300281, -0.1629220292002501, -0.08674970712424794, 0.23915406634729522, -0.00969569168768071, -0.010698546324119252, 0.010614534385648173, -0.2512348771789252, 0.3056378038623857, 0.32088573975499785, -0.1350940773292095, 0.02649650892248138, -0.3258699275369139, -0.2243039243782639, 0.0713733503730432, 0.028033314479345886, -0.05133077458794755, -0.18083576841554214, -0.27511171862979883, -0.07312465034998591, 0.25645040943973335, 0.2398256462879225, 0.11331388841285793, -0.10102083142762949, -0.01220872870666021, 0.8924103452026333, -0.8677355794074985, -0.8400875107368144, 1.0667659258307103, 0.5330812224065294, 0.8086599191511734, -0.07122742098104903, -1.2473120381067742, 0.4111469542500608, -0.29319877950892, 1.2751568908206612, -0.3609942782813395, -0.231153663414918, -0.10078529969093077, 0.26603007589255145, -0.07535613446950541, 0.13186358753747346, -0.2316863307002859, -0.0654490306985326, -0.046416232936179164, -0.22588472783505667, -0.13668247305735445, 0.12461831444462239, 0.22991141713432112], "trans": [-21.28683039013923, 17.431816463091895, -0.4947697015961834]}