{"betas": [0.19173745763710806, 0.20679507266967936, 0.025545764337162807, -0.024244743693028488, 0.0007202369641003663, 0.013236882350636182, 0.021343764601424748, 0.007373052342460504, -0.01918535564321634, -0.005662447391478864], "pose": [-1.545445052016949, -0.33028337733359797, 0.33028337733359797, -0.24447167733106315, -0.009488139191764132, 0.017940787998638366, -0.25993991511094505, 0.005222737768565257, -0.011520544391981614, 0.29112898859043485, -0.048198133638821604, 0.014275369577790634, 1.0580474574390262, -0.12833858765015016, -0.0842992357781316, 0.27654263543381774, 0.04701582872383438, 0.14972703988801594, -0.00029939432744750794, 0.013090916952169254, 0.017020253741925777, -0.11731122419383021, 0.053419161042780966, -0.008723439498680978, -0.11570577861950535, -0.19651285979280878, 0.20136762428545804, 0.035614860036638295, -0.053811367492322223, -0.0006627699482030574, -0.34462223562104877, 0.27637034657098397, 0.09603276011418452, -0.12104884265026392, 0.12397547132125593, -0.3651008733792882, -0.14599852942008762, 0.025173873294306613, 0.05828860733775097, 0.03764886351330795, 0.04202764858942667, -0.3933955460756369, -0.03602356415690391, 0.009789348739687467, 0.3778191738400844, 0.19594907007992912, -0.032664139995042446, -0.041311856631432727, 0.8924103452026333, -0.8677355794074985, -0.8400875107368144, 1.0667659258307103, 0.5330812224065294, 0.8086599191511734, -0.07122742098104903, -1.2473120381067742, 0.4111469542500608, -0.29319877950892, 1.2751568908206612, -0.3609942782813395, -0.11559620899929031, -0.08944758365585577, 0.19898787594332273, 0.02442628475859822, 0.12910014591455013, -0.19031735339454636, -0.09392516129572034, -0.08168870498508825, -0.2237494329493083, -0.08308407934706862, 0.14288231935775447, 0.25122981756529705], "trans": [-29.850824000159403, 8.306050996557715, -0.5811910689502442]}