{"betas": [-0.459125293958982, 0.2836700625543276, -0.2828307762064238, 0.06170009900103966, 0.04114696315793381, 0.017447099752977802, -0.018216663065381097, 0.013285817624318214, 0.01584973647464493, -0.019639755817989615], "pose": [-1.6105141554992681, -0.2816693163807652, 0.2566693163807652, -0.48779621578167986, -0.0015495483346895376, 0.0006208055060993103, 0.18982503903937153, 0.012494657219434782, -0.005719101022670377, 0.3034657162955452, 0.029645054535614696, 0.001710483694803459, 0.10684511284334958, 0.015058921136972277, 0.012698756469931488, 0.14962597709187445, 0.007875136128550356, 0.010026219399317589, -0.03261148594840349, -0.008116714631425465, 0.01199377537509734, -0.019782220220123915, 0.12120890216002488, -0.14353144085074726, -0.28258090444195666, -0.028804023790921965, -0.010319053408346678, 0.019257825420686114, -0.014132674142395205, 0.010613451079667194, -0.21083372410129453, 0.15705311203767836, 0.3024668827844498, -0.08796404164710826, 0.08432783071605737, -0.3450486147352663, -0.23366977013629114, 0.12405248698672389, 0.03461165896716135, 0.03551399903005633, -0.005187085129695766, -0.4154080500526826, -0.0217393889872221, 0.11847045659485483, 0.3671689626389552, 0.09411232320354528, -0.02147951778802606, -0.035179142866512865, 0.1702765460993638, -0.1278833106405128, -0.8998099627718518, 0.09186518473468223, 0.34104337683499514, 0.7374512073469814, 0.2192804035610375, -0.2315080730272641, -0.15856347513257976, 0.28661280021161445, 2.179523122612234, -0.3440411534457892, 0.001276535544075935, -0.056127883914533605, 0.06254844643785375, -0.017119690342786948, 0.0834415111374286, -0.07882611063051667, -0.29455800081736894, -0.06786429505714936, -0.24686295612359332, -0.1798507892811845, 0.10943811963540533, 0.23568369839015152], "trans": [-10.992439263072479, 3.6294464327736478, -0.579373841444601]}