{"betas": [-0.10716845975804463, 0.03555393559239171, -0.022909588301634677, -0.0022321960585287635, -0.011360188238027402, 0.007048778770267401, 0.0026244476494828445, 0.001119221678184007, 0.011361241992361597, -0.011308692156923365], "pose": [-1.3159252698501356, 1.0254184969141213, -1.0254184969141216, -0.4449202381104957, -0.030184942867739373, 0.12690867402942954, -0.4079082787830417, -0.018806171325308964, -0.11256654743022843, 0.36295887344690636, 0.01377714434850099, -0.004247893149572412, 0.728879825028597, -0.010570836453492173, -0.14572929254209283, 0.8171654527141086, -0.0026149038272551463, 0.08265642587465837, 0.010009373630524265, -0.004988648118693464, 0.013032245683842395, -0.08113800754329666, 0.06036247400259941, -0.034159186452989, -0.16992768109194342, -0.15762593165964048, 0.16427748691085708, 0.029023224697720784, -0.02470004332068162, 0.0006368050799289341, -0.2960979682522865, 0.28436527270971473, 0.1753515976380967, -0.13541769010437393, 0.09553521875739443, -0.29797973464593414, -0.14968154962886512, 0.07432167394656648, 0.05258117644919255, 0.017960986899050922, -0.08197382528051611, -0.3782273650913147, -0.04752001325955696, 0.17082867236769653, 0.33843757913849903, 0.1670221440751167, -0.04861730333540029, -0.042267668101356154, 0.09372357568463434, -0.3113683837589669, -0.8832354395119116, 0.17926388093324816, 0.360017550359758, 0.85852546634958, 0.24256313562735873, -1.4730299452123408, 0.4851229081876565, 0.056879500689584334, 1.6072139674516308, -0.5689380357664037, -0.06168095435358777, -0.07782142974801169, 0.23315651841678975, 0.023011910147998756, 0.1412337349161985, -0.2339403988950327, -0.16419014805840498, -0.07122447822693793, -0.2333362113697756, -0.1248233443514666, 0.13993111303735836, 0.24898307597505762], "trans": [-57.37346702952524, 6.2530868841472635, -0.8608026156664965]}