{"betas": [-0.10716845975804463, 0.03555393559239171, -0.022909588301634677, -0.0022321960585287635, -0.011360188238027402, 0.007048778770267401, 0.0026244476494828445, 0.001119221678184007, 0.011361241992361597, -0.011308692156923365], "dual": [-0.018717022508838124, -0.005777073139599426, -0.009799978725669914, -0.01052380784490765, -0.003807365018307182, -0.0005560548581770167, 0.0005969727724063319, 0.0011401449428401972, 0.0014653177379910457, -0.0002574842919999716], "pose": [-1.2078676159297468, 1.211271811570661, -1.2112718115706613, -0.4991409759102658, -0.03960193073370259, 0.11484795757024088, -0.48566241789808673, -0.008274286570711798, -0.10470178352756013, 0.40155591853758127, 0.007012098962018983, -0.005189058014958833, 0.8136177098809292, 0.014582589748245514, -0.15896834344560903, 0.8995575391701722, -0.031643684216252695, 0.08825351521768945, 0.007021827476522267, -0.007249485555642649, 0.00995481828350489, -0.09730051822992158, 0.039472884644085576, -0.0018174572973692865, -0.18577014487431018, -0.1493341445418356, 0.153004400076, 0.01998059584360932, -0.029264978405761408, 0.0007522950774551785, -0.30775341091390845, 0.3072901601369703, 0.140836909810353, -0.13501141898835514, 0.10337792710842472, -0.2983536188898671, -0.18552490579104522, 0.11223905401787554, 0.03716033737496934, 0.015657933674576074, -0.1639732445032326, -0.40214443905423325, -0.03676159178181872, 0.23234849811205138, 0.3622709352901956, 0.1619202383972816, -0.018885852580483357, -0.053209277683799065, 0.10938871580103367, -0.3885706535979695, -0.9262117762189563, 0.19601735354203964, 0.393381522026666, 0.9047472018814889, 0.2948839774438262, -1.531945864180883, 0.5035809816389034, 0.08418239313562847, 1.6015254613069072, -0.5723462493746333, -0.04833230799758176, -0.07233573006220473, 0.23970016717733467, 0.04124847142136382, 0.13665777620251768, -0.23373093981827325, -0.15292727288724264, -0.07672629885357546, -0.2338025180004531, -0.1289067153029007, 0.14804990417060135, 0.253733949567836], "trans": [-54.167973500856, 6.289826384890697, -0.8106492644648348]}