{"betas": [-0.459125293958982, 0.2836700625543276, -0.2828307762064238, 0.06170009900103966, 0.04114696315793381, 0.017447099752977802, -0.018216663065381097, 0.013285817624318214, 0.01584973647464493, -0.019639755817989615], "pose": [-1.6113155443846725, -0.3248669520185139, 0.3248669520185139, -0.23975788192725436, 0.008827041663608443, 0.009796129893655948, -0.11564945468056359, 0.04266361276832498, 0.002691599427856288, 0.3785724336203414, -0.0006935753293007571, -0.0009481570131086635, 1.0246860651994205, 0.005992439129409294, -0.18758793902159682, 0.29937699029549814, 0.006135383104544, 0.00253845320133992, -0.0655134396327262, -0.021955337276831386, 0.02671766397462429, -0.1364550828030836, 0.0796772622576242, -0.026954374176282832, -0.1902036333704403, -0.19490294800190502, 0.1538438883003531, 0.008720899899582779, -0.03492745783144612, 0.014348390626137204, -0.24909006406219383, 0.20804549980014717, 0.10369458366651611, -0.07196330703517743, 0.1235773986117541, -0.3257166802688181, -0.24102072034923058, 0.11680909169538707, 0.044188759068114994, -0.008904557106657246, -0.127488411499264, -0.382183513397517, -0.06779177333925492, 0.17251442904159042, 0.37679805740560146, 0.12161490243007364, -0.016129593655046282, -0.026312853576073617, -0.010381003263802977, -0.22186246297337964, -0.7068261696945276, 0.09186518473468223, 0.34104337683499514, 0.7374512073469814, 0.07228999624285068, -0.43751151902964847, 0.20786086604928516, 0.28661280021161445, 2.179523122612234, -0.3440411534457892, 0.07210046515900197, -0.029383163969577297, 0.10345218389873384, 0.02270594802738469, 0.07561002536891402, -0.1167774622156517, -0.2240530832309146, -0.08338361775159787, -0.23859936725058076, -0.11157185436514784, 0.13724982506648895, 0.2435083951020768], "trans": [-10.935359198339432, 3.4224161607286128, -0.5908935094037387]}