{"betas": [1.726796659765029, 0.41891031545459445, -0.15139553369490252, -0.5462419580768579, -0.07855182412525559, 0.07595039952460043, 0.008045347212360082, 0.06009336300381875, 0.04481580265154796, 0.006120580758014304], "pose": [-0.2488818062641308, 2.0960173123008787, -2.096017312300879, -0.24584764408929177, -0.01007809906851747, 0.06859879539100376, -0.172469024681041, 0.01819870894128583, -0.06871737502770521, 0.2138761750999165, -0.00591417800815416, -0.02748325963386946, 0.4483001368975591, -0.003953948549839591, -0.143785459142005, 1.082366403656553, 0.2164484453149693, 0.04097696799103749, 0.0660907991199875, -0.058131394375227505, 0.0591870698763461, -0.10721298901820453, 0.14400881376638397, -0.0010962439834898588, -0.14619768282849732, -0.16577157954165442, 0.21674052982986927, 0.07831825556155778, -0.06632416048047668, -0.0157570138518608, -0.28441929432365787, 0.2452306699500869, 0.23194806933880865, -0.22499107565986803, 0.1537551209100502, -0.31112943572223145, 0.001358649069145762, -0.08177416969662939, 0.026858226693902296, 0.09062497661770998, -0.059079015992204276, -0.3754172077623291, -0.022756904595310736, 0.08032959072497646, 0.35385750637007823, 0.10969465055673859, -0.02759405222180819, 0.08371324312425335, 0.1156778587472394, -0.02373440632835036, -0.7821502643354871, 0.7636706417074448, 0.16075704384344922, 0.7160371209645261, 0.23860954551911068, -1.2830202955767356, -0.7793237419646963, 0.25112254725355143, 1.347065582418627, -0.29860317194184965, -0.03395688967258605, -0.06928725569310895, 0.07690901835425551, 0.029445740928108755, 0.08576270627513756, -0.05561453199008709, -0.21692058250423787, -0.039385998080204904, -0.2104533160416743, -0.15821793967442896, 0.1155313206053844, 0.19032485746556954], "trans": [-10.58728772169847, 1.2257688140044138, -0.7475914032497857]}