{"betas": [0.5425939922495325, 0.47738774179747123, 0.15292601182064422, 0.1712734498191424, -0.026676199413162845, 0.029053080237652254, -0.052279591306768236, 0.04030904345707816, 0.08374319963315201, -0.11291980133855471], "pose": [-0.7807081363087924, -1.714056657664987, 1.714056657664987, -0.7516357279155435, -0.09042625729850347, 0.1355046127014863, -0.7262591274718568, 0.029279200448164906, -0.10387337500719106, 0.5390479322872296, 0.014001419056149603, 0.004514323138727666, 0.8462682018702218, -0.018047118225054854, -0.1649862786625169, 0.9084484736959809, 0.006638053262687607, 0.0896962526029114, -0.050841806312379445, 0.015485222941453686, -0.010594139452165491, -0.03077277201846735, 0.025777464860953548, -0.03887099323549396, -0.18642417376274528, -0.12493327752156298, 0.16617202644054171, 0.01678185081045419, -0.007093767763594142, 0.015005269937186172, -0.2924619796160033, 0.2739032004977315, 0.16078418342458964, -0.1219845893832023, 0.10124859988675246, -0.3279456215930841, -0.25651756699308276, 0.24455677230351197, -0.01817291148675806, -0.024428357102932473, -0.20185548087548663, -0.37441823271999775, -0.022813566407176366, 0.295052031663654, 0.33622751016741426, 0.07484636666689522, 0.09424614979041364, -0.048350645751886946, 0.061366618536622966, -0.37123445213429823, -0.8768060205647428, 0.11362601857493322, 0.4512607268975093, 0.8587207800722845, 0.08328490396363122, -1.1182982592727053, 0.40910775835776636, -0.04176768862545492, 1.1405134926530676, -0.4245523208071718, -0.0719481368222054, -0.02972615852575644, 0.28387666374155324, 0.011940857897550053, 0.09021373245205294, -0.2378490981734042, -0.1599103286562086, -0.0813982394916, -0.21883400940154105, -0.1446759647414964, 0.13558146914980887, 0.24294297913863436], "trans": [-27.16483728762448, -13.382785213334419, -1.2970725369566514]}