{"betas": [0.19173745763710806, 0.20679507266967936, 0.025545764337162807, -0.024244743693028488, 0.0007202369641003663, 0.013236882350636182, 0.021343764601424748, 0.007373052342460504, -0.01918535564321634, -0.005662447391478864], "pose": [-1.6266676293703637, 0.12926665037407545, -0.14176665037407543, -0.6326777581140811, -0.03377833493091275, 0.020942758162491623, -0.15053043661708465, -0.04294508259826605, -0.014148514483454042, 0.31580940503503546, 0.00786375285124579, 0.009205157508102198, 0.6832484597199254, -0.027652149676469697, -0.15877723731615154, 0.2526605061461409, 0.04214393011514503, 0.08794212772046286, -0.004316753580610063, 0.006816124545049557, -0.0076027964115953075, -0.022955315599958677, 0.06428230053525982, -0.08817768088094219, -0.11454766749465814, -0.1873181383491493, 0.20383891021767656, 0.011084828108269879, -0.010210529738249104, 0.006111515066515521, -0.2607997159570171, 0.23833405051146442, 0.17247491889683658, -0.07806049653982108, 0.13232081701955703, -0.32281532945938113, -0.18144506260577642, 0.06707534813700779, 0.022592720095191872, -0.04862662073534053, -0.12391276837109198, -0.2948342743304835, -0.05994501291613669, 0.21014738765596355, 0.2799629071693725, 0.14958576943333643, -0.04967533765596802, -0.014979407601472322, 0.004329998051718164, -0.40342305215951313, -0.7143727924000128, 0.06529927796996489, 0.3176360151672273, 0.696879773352275, 0.07588303071112515, -1.5152129139475619, 0.5638216202815617, -0.12537737835295024, 1.2514637379431897, -0.4917033206065181, -0.13377175866275665, -0.11321540008752182, 0.21545492756220844, 0.00680953935092983, 0.10956999344901126, -0.17136884566809954, -0.07007448995103288, -0.055443287339304606, -0.17913204634399232, -0.08213904389178717, 0.11348012783353706, 0.19466984824160966], "trans": [-21.114931024345474, 18.52691463337845, -0.47270423308498677]}