{"betas": [1.726796659765029, 0.41891031545459445, -0.15139553369490252, -0.5462419580768579, -0.07855182412525559, 0.07595039952460043, 0.008045347212360082, 0.06009336300381875, 0.04481580265154796, 0.006120580758014304], "pose": [-0.28644184418194485, 2.0745894007691965, -2.0745894007691965, -0.5801466655934908, 0.21398137717291055, 0.08094298112864862, 0.15091605179180986, -0.1008018963931116, -0.08333043120939225, 0.1897415987837335, 0.1646937238572005, -0.02697775615835417, 0.3613504609607108, -0.05221750296007665, -0.14130706408839397, 0.7028261513595907, 0.21733310941937392, 0.02274135846239507, -0.039941467501324865, 0.0523177682112091, -0.02405311739124245, 0.044658360377404505, 0.05896299289384148, -0.015813788984053757, -0.029218652626550323, -0.15834694395975424, 0.21582363808468072, 0.0860078983707325, 0.05558752352775223, -0.034318267880038986, -0.2795801786413379, 0.22787523388479483, 0.20164441964644303, -0.22031911442144986, 0.1772986454877201, -0.26697036662058327, 0.001358649069145762, -0.08177416969662939, 0.026858226693902296, 0.00044111971707967853, 0.16285362119258046, -0.43283117030511437, 0.04106070096289023, -0.007976247551272754, 0.44087170024222133, 0.10969465055673859, -0.02759405222180819, 0.08371324312425335, 0.09442240510526119, -0.21173075740914535, -0.9402281997723205, 0.1902858507915887, 0.3414870745016179, 0.8574156509044686, 0.23860954551911068, -1.2830202955767356, -0.7793237419646963, 0.25112254725355143, 1.347065582418627, -0.29860317194184965, -0.1353617873840094, -0.0077190469902350374, 0.009019657181597189, -0.06185111667387129, 0.03534079495419508, 0.004559343172056776, -0.18454635461389626, -0.07573969759612373, -0.21920757396746823, -0.14016786426568018, 0.1046564041042968, 0.2569297131504239], "trans": [-10.324023569742586, -0.28073339747032483, -0.7140391506751218]}