{"betas": [0.12182979554792384, 0.0498104030700563, 0.01874907528210161, 0.028247290178977192, -0.01045515424154793, 0.003794310233826808, -0.007750463989420916, 0.008476040652062412, 0.013630708331879994, -0.014916307566096007], "pose": [-1.1456560593987837, -1.2969885914922719, 1.296988591492272, -0.3816428016277709, -0.028609169255548492, 0.10089356562717211, -0.44083548085086616, -0.015438682432929018, -0.09843081686764857, 0.3312074353908843, -0.0038739746703439467, -0.0008499370066883486, 0.7124544084667992, -0.034949976880160695, -0.1449091621893412, 0.8152033736025814, -0.02213455156017522, 0.08745180235526322, -0.006166899242674736, 0.004161169889673289, 0.014056794867593975, -0.08044767151292877, 0.06690282986734362, -0.02739379653504656, -0.157486241120221, -0.17581142214653947, 0.18621497307169393, 0.028087712903289576, -0.030274333373136595, 0.0030027972813807986, -0.30357823429798964, 0.26181088902057925, 0.15319246105171513, -0.13385008855549094, 0.13011765407136203, -0.33679966894877256, -0.2006187013612157, 0.11984463359031053, 0.041118725557357155, 0.02296907256513242, -0.057142268175845265, -0.39314690868185254, -0.024736296899561548, 0.13130335765702975, 0.3793993344572143, 0.14553023885586322, 0.0008011544529989794, -0.052626685168529225, 0.12127207502249485, -0.31080315156412697, -0.8794819205301915, 0.2292172585912062, 0.2925207081269767, 0.87300546913014, 0.29597651935588964, -1.467737142041228, 0.446317044606894, 0.09287036965740789, 1.4287647487190431, -0.45456735094255674, -0.0415638065508075, -0.08433111048942012, 0.20595105061610464, 0.033217308326673335, 0.12591033775861776, -0.17752961522210256, -0.15636724839545962, -0.07427621969221346, -0.22208653565647854, -0.11783392551453531, 0.13300258048667254, 0.2363749659911291], "trans": [-54.773228139891884, -12.80869365454927, -1.3305487977791617]}