{"betas": [1.813289222669109, 0.20156947919784157, 0.0011390909961732187, -0.4871353642584728, -0.16755291678885467, 0.02420319783742449, 0.0691750353522659, -0.03790042278230592, 0.027389876576093666, 0.006434531786996541], "pose": [-0.2712955927659197, 2.083315046999425, -2.083315046999425, -0.31285451002208087, 0.05993130482683048, 0.10802925315463116, -0.6768600880621832, 0.039426541187518795, -0.23311525158678245, 0.44120413490900806, -0.08552743709902227, 0.03140270765621884, 0.44879010810122394, -0.019605827132727707, -0.12106366985169882, 0.9123147458904044, 0.007124779283675815, 0.1033188011160762, 0.09336131294261683, -0.022751982953173586, 0.10952291402189482, -0.15087382822365933, 0.1486061585191784, -0.02997938047966361, -0.045313289911449686, -0.1520542978672647, 0.2666499336081395, 0.10913327134809375, -0.07975952205758083, 0.032350434601491174, -0.29985279413021504, 0.3007735756967962, 0.25389316015541274, -0.15227867319919317, 0.07958966245502003, -0.3392671148359157, 0.11818757497218543, -0.29936555529312325, 0.1384732990704885, 0.09278492992577972, 0.08160037299934632, -0.2193627489212526, -0.05843586656435521, -0.008774369801549466, 0.2216559629960608, 0.09537345331576827, -0.010264729148557451, 0.016905356791562062, 0.18639289058401134, -0.3333363017611164, -0.9932925307548122, 0.32097582776388384, 0.0737149952965972, 0.8987273785242346, 0.48086495972850996, -1.5904450977481885, 0.42497100401497545, 0.18906605852953756, 2.003769178254402, -0.7258778898216615, -0.10381637191678401, -0.11509832852981679, 0.3416064190211047, 0.044250539335901486, 0.16286404051985146, -0.3191916268786858, -0.15914083181805475, -0.047687603875556754, -0.2288981736880042, -0.1427789826334454, 0.1373930353360579, 0.2363947137371654], "trans": [-11.60841374525894, -3.076843752397693, -0.8553878628471362]}