{"betas": [1.7511515842605234, 0.3670231778082652, 0.03978433168027672, 0.004913282851196045, 0.02958606384598556, 0.001461046037256542, 0.028411238985692, 0.012589726574853976, -0.014340388809218167, -0.004234100351574732], "pose": [-1.5225423645825864, 0.40410403891968255, -0.4141040389196826, 0.026267539483617805, 0.00842412580868101, 0.022493020871426697, -0.3750799635337035, -0.035441530622818046, -0.054086364274959, 0.29880823832168657, -0.005559689235491886, 0.00015210193345017826, 0.2302627723604044, -0.03766486526570446, -0.12811135714579402, 0.6273572243161356, 0.03673184806457153, 0.07976840494653917, -0.02685369272205065, -0.015857222910913984, 0.016835620695427173, -0.03617357308642663, 0.11570972754937872, -0.09576784949563072, -0.11219669411258064, -0.20041992030828584, 0.23736154113645158, 0.03753699354551738, -0.03718805773152061, 0.0069133458103267705, -0.25555442687574315, 0.1929912245055335, 0.20437562971972634, -0.11020962085720219, 0.14447576299881928, -0.3732280728354167, -0.1638470645901577, 0.09247988529993625, 0.03710869125055355, -0.0014781314675800365, 0.013040101396194112, -0.3172104676716598, -0.0510724662065269, 0.026798330948230222, 0.3082434886485209, 0.13790067747903234, -0.010758327210708313, -0.019976252306471834, 0.02157619622551655, -0.22293023510823193, -0.6858104088491589, 0.12873026277303976, 0.18162172357551998, 0.6840961183322481, 0.1106881503481098, -1.67708862324175, -0.13656190480458813, -0.07406568834438627, 1.1845721130935847, -0.40017038955728584, -0.028115100179428233, -0.09529935047838792, 0.15853314406080293, -0.0007592422718240297, 0.1137876001943024, -0.12535828186185607, -0.1729246887220257, -0.06402675735137438, -0.213898320928601, -0.10933856079095017, 0.11172627383408776, 0.2197586546281504], "trans": [-29.050038862077976, 10.679639465359472, -0.6511169672981326]}