{"betas": [0.33303066142902105, 0.22906885785386125, 0.1321746135337195, 0.03485680493593007, -0.034928744222964915, 0.03738652273642406, 0.06435992437738675, -0.06135207138309116, 0.004712805749211021, -0.03328562850670294], "pose": [-1.600712847020304, -0.4035422370898986, 0.3785422370898986, 0.26007333087496615, 0.006951664592763707, 0.010475276406613172, -0.447943329473683, 0.03773864814242876, 0.016532890331746042, 0.265906756654663, -0.0853648820421844, 0.014695706805880846, 0.38924871300699315, -0.23085117589394918, -0.15593849495790124, 0.20550223227015357, 0.18085864903362103, 0.06847549682644628, 0.037549122410074444, -0.02242828665184061, 0.039897458328099544, -0.03570192736466379, 0.05405676774175444, -0.0148815977270595, -0.04820227232100192, -0.16530430385094014, 0.22269391257783305, 0.04910300009878929, -0.08064922254084553, 0.011701162061951029, -0.33040062113116825, 0.25518895231411787, 0.08211577205138507, -0.07387371479636796, 0.17065826539762693, -0.37494157349873963, -0.06575647042317702, 0.19322543655928412, 0.05505703537347209, 0.05341958913931612, -0.06967436461099744, -0.40149100686778494, -0.018384863956829842, 0.030659305455386036, 0.4011042621840748, 0.2547686059962358, 0.08869328441898262, -0.07739535208411098, 0.1658278912491657, -0.41196909818468275, -0.9837492909962748, 0.3210117503532672, 0.22254108762067754, 0.988329807064886, 0.4698019962267537, -1.7026460189952137, 0.49504504434538826, 0.15026108698374255, 1.6771680339909005, -0.5631429750734761, 0.012230701776694107, -0.1178668886550508, 0.19824912935413574, -0.00658551614651931, 0.15956564277685323, -0.18271650771915526, -0.17500376450262414, -0.09791017781716113, -0.2589327821006249, -0.12813027914439962, 0.15443417468421813, 0.3025369158153292], "trans": [-12.412165138177867, 5.895241853318893, -0.5852248032565759]}