{"betas": [1.7511515842605234, 0.3670231778082652, 0.03978433168027672, 0.004913282851196045, 0.02958606384598556, 0.001461046037256542, 0.028411238985692, 0.012589726574853976, -0.014340388809218167, -0.004234100351574732], "pose": [-1.5889228786085199, -0.16669676917211243, 0.16669676917211243, -0.465075241627071, -0.033681428984663156, 0.10560643420708593, -0.3509956497590018, -0.03459893396886208, -0.07957915752049424, 0.314447754218175, 0.022264845230259386, -0.008906450000812575, 0.7081955147097178, -0.01818819846646371, -0.14309450683752017, 0.7022595014009854, 0.04856493151820896, 0.0662423060959111, -0.003072123388601311, -0.016888649523165763, 0.013084057202033665, -0.07943841598276581, 0.06145352108444632, -0.06923503149044548, -0.17513801511530583, -0.15042519901114684, 0.19241772720487038, 0.019096459150521026, -0.02220963217322759, 0.004708777955246346, -0.28238543015881884, 0.27935557830383817, 0.19969515975207772, -0.12201733853504765, 0.09320846170651383, -0.31818662751723575, -0.1678043019860066, 0.07487902467945871, 0.04459036986114661, -0.04023744797746049, -0.10767162570413286, -0.27353703515923117, -0.08314982676367635, 0.16675194533610294, 0.2514470793207963, 0.1525985604141245, -0.05043637419191096, -0.024230898336823598, 0.12567046246869396, -0.42041619367776845, -0.7087138451331142, 0.27511241712866175, 0.42334739991172443, 0.8067205140147645, 0.2988000541394352, -1.4221326234210727, 0.31537818275919244, 0.31538216072056374, 1.1737007900691403, -0.13003520931444168, -0.15466950449103783, -0.10272500738746637, 0.23488334088238255, -0.03784773516716209, 0.13278139425942773, -0.20803530614925447, -0.07869644227520664, -0.05246109356028463, -0.21295886939785663, -0.09419221864781045, 0.12396143341836052, 0.22449406165309876], "trans": [-28.316719352841215, 2.037034625387457, -0.883862751820405]}