{"betas": [0.12977417203956745, 0.49847687971378624, -0.19179541608583497, -0.1113183526768453, 0.0549914925669735, 0.1034291447522722, -0.013453424082682812, 0.010035343166627214, -0.014576049326274527, -0.02308049036666073], "pose": [-1.4563315295986876, 0.6961559198050432, -0.6961559198050432, -0.5435252920939321, -0.08328503013959627, 0.021947715542840744, 0.16108670343641565, -0.10760544809990623, -0.011760219012259477, 0.23107242463556288, 0.11522793679391988, -0.014153021321919887, 0.6475861337345102, 0.06920007443093867, -0.16897054757296603, 0.5250605275892992, 0.1549907606199208, 0.05041516129595133, -0.026089858713526013, -0.011983616117291653, 0.004172589060946059, 0.08346798158293674, 0.08433122894467339, -0.03017490479304764, -0.08890315838722862, -0.17997613137857188, 0.10717936841395634, 0.07661239948128405, 0.0014392419368414056, -0.021329903418380165, -0.2933350138295408, 0.22132972450826668, 0.1287730254170708, -0.11325972078023416, 0.1783113823670121, -0.21427824161871975, -0.026386428743237277, 0.10507510722778748, 0.05154480784030451, 0.03462094334691497, 0.10653269495630671, -0.5076734576023404, -0.011244205305992027, 0.03992879949289727, 0.5193068159398516, 0.34013909753838567, -0.001310337234013427, -0.0887369306459001, 0.09880874382133344, -0.1683347639234122, -0.9021265868009914, 0.1805216930738432, 0.2993217608407306, 0.8308021099654711, 0.1860607426311901, -0.46490536921422376, 0.11812745876525417, -0.07493890019474352, 0.4659373067657614, -0.12990179735815097, -0.04046390562738988, 0.013366955066879958, -0.06481117698411193, 0.003284770141446362, 0.007665500938025226, 0.009683992264697584, -0.19870118692984493, -0.07109448164719098, -0.2033842399980378, -0.10978500726435658, 0.1119562512347336, 0.24064059277287347], "trans": [-24.199218422454386, 6.571411228890282, -0.6586432384567029]}