{"betas": [-0.04531959800123942, 0.25816046623113975, -0.10443940742347267, -0.07597029208210594, 0.013911735992459227, 0.013954990810594958, 0.00840059268463032, 0.018210526354907698, -0.01144635948893292, 0.002226290135924623], "pose": [-1.5679094385753516, -0.11168154949323725, 0.11168154949323725, -0.38445857404478334, -0.044019719262067554, 0.03471286839902581, 0.09826651595648625, -0.044439365191115306, -0.05455819649529991, 0.26525237714030486, 0.020752992318232067, 0.003319151973431535, 0.6033184412619566, -0.11205979584843455, -0.137414495049119, 0.11743590986716818, 0.04111744777954987, 0.1004646468147273, -0.017812525116925926, 0.0064466250787078485, 0.018168214424381553, 0.02426845327636402, 0.07864195268278096, -0.02266649347128058, -0.06469130617748062, -0.1899119484247871, 0.14727698092351457, 0.0783125111110583, -0.028186371945968663, -0.016915284632669333, -0.29723858714774426, 0.21127752148637718, 0.09191746649699145, -0.06335513122655495, 0.19197929207601566, -0.2599012687125358, 0.05684341809208046, 0.06112602567742838, 0.07002269101429985, 0.05401704158877457, 0.10193716276982998, -0.4863654181597952, -0.01070585159938993, 0.014616325040161578, 0.5211958130758886, 0.3980012011766635, -0.059799064539814754, -0.08114283968825849, 0.07124456991139966, -0.22495003542441888, -0.8855034797148397, 0.18272445312785962, 0.2620385041193974, 0.8404791613631455, 0.14198290967988886, -0.5471615363858687, 0.1462064087146066, -0.10159394331977831, 0.5074942268275083, -0.14787361502549012, -0.04027607681888182, 0.012986062014836184, -0.05283452481599783, 0.010393955278719865, 0.0019302921243978918, 0.012386770631223004, -0.18101109832242948, -0.07354479997959651, -0.19080382475264032, -0.0964858196934583, 0.11954915031113122, 0.23189864344664393], "trans": [-27.85267462016498, -4.434962845562277, -0.8450466112146091]}