{"betas": [-0.04531959800123942, 0.25816046623113975, -0.10443940742347267, -0.07597029208210594, 0.013911735992459227, 0.013954990810594958, 0.00840059268463032, 0.018210526354907698, -0.01144635948893292, 0.002226290135924623], "pose": [-1.5705367690418408, -0.033495475786797464, 0.033495475786797464, -0.5138663863657131, -0.0700556976076851, 0.042237689768042555, 0.10421205348796246, -0.08719029350825586, -0.0269694151874801, 0.24528260547736264, 0.09871813691501201, -0.016248172515277083, 0.15214528696225305, 0.0481376249682371, -0.15008975772298014, 0.47768245553882865, 0.15267649146908183, 0.05535235207514374, -0.024260216136611206, -0.017934248590295493, 0.01168758041298017, 0.057769687039317445, 0.09386636659236754, -0.03823539388881957, -0.10738813176408078, -0.17424892588470647, 0.11458233966550989, 0.07661316532343188, -0.007734611491309994, -0.018931563843510427, -0.25817578432411625, 0.22095201616910165, 0.15122221080571074, -0.08251415782076837, 0.16643649721973, -0.204023103743607, -0.002202056485000603, 0.055608005142871314, 0.07108006262802248, 0.04039187926426136, 0.10492764948717498, -0.5023200561938639, -0.020551091954689325, 0.03619849078432795, 0.5170996198411131, 0.3559808247262816, -0.07704318642707225, -0.07350540951209103, 0.09407015183356648, -0.18518941613938875, -0.8913089694176619, 0.17805879783244527, 0.30578648523195817, 0.8288030591603076, 0.15866964148380003, -0.4854830028460023, 0.1283246620759144, -0.07838899088588352, 0.4985193622065288, -0.14238176973000236, -0.03545004024251574, 0.012754727265862744, -0.054220878072170325, 0.007773706726783447, 0.011508681308790899, 0.005148236120467952, -0.20118467271763857, -0.06609939575413969, -0.19399705342470164, -0.11200198728555179, 0.11155991852111782, 0.22918013619389477], "trans": [-28.303113988416023, 0.5379261453052635, -0.8381252639580435]}