{"betas": [0.19173745763710806, 0.20679507266967936, 0.025545764337162807, -0.024244743693028488, 0.0007202369641003663, 0.013236882350636182, 0.021343764601424748, 0.007373052342460504, -0.01918535564321634, -0.005662447391478864], "pose": [-1.5654033087593753, -0.15261048934028615, 0.15261048934028615, -0.3021955119160502, 0.0003449007171520725, 0.023929876490932797, -0.48619668299254165, -0.07828546680334426, -0.0035002612092533483, 0.328684594555298, -0.0012011712488160804, 0.005316129918516151, 0.3643464940047718, 0.04517933275232926, -0.1065790805040176, 1.1183618782659113, 0.2014330964295708, 0.11690252484338878, -0.09169355911762889, 0.022188204316532838, 0.006974555716283605, -0.08066923043060736, 0.16241490144318646, -0.11921583094121806, -0.15998933611042684, -0.24418547541141258, 0.26271599234452186, 0.03704522790111922, -0.01051080099265961, 0.004952629519908296, -0.22458384638784087, 0.12045845683102809, 0.2564539884587402, -0.12987224064674283, 0.15932674776326375, -0.43200268293184857, -0.27716566017622624, 0.03152120360530717, 0.03807194072312264, -0.0207992958980825, 0.1257686175789773, -0.2679483148921801, -0.07902051868734672, 0.00934294498056628, 0.24693823165162246, 0.03306491147792424, -0.07318033172232463, -0.006766937232581113, 0.8924103452026333, -0.8677355794074985, -0.8400875107368144, 1.0667659258307103, 0.5330812224065294, 0.8086599191511734, -0.07122742098104903, -1.2473120381067742, 0.4111469542500608, -0.29319877950892, 1.2751568908206612, -0.3609942782813395, -0.01468392488085836, -0.057647882305168194, 0.08175082177451001, 0.010803392552738647, 0.05894128903607698, -0.04918044722065791, -0.23957264567144865, -0.05067009668148697, -0.19956656376740387, -0.11306610050926913, 0.08254068409785582, 0.1747241376571053], "trans": [-29.558765126862834, 6.362550872050022, -0.6346295408421142]}