{"betas": [0.12182979554792384, 0.0498104030700563, 0.01874907528210161, 0.028247290178977192, -0.01045515424154793, 0.003794310233826808, -0.007750463989420916, 0.008476040652062412, 0.013630708331879994, -0.014916307566096007], "pose": [-1.1456560593987837, -1.2969885914922719, 1.296988591492272, -0.3816425304913058, -0.028609108291795922, 0.10089313052381574, -0.4408358816891782, -0.015438527237399226, -0.09843038900383953, 0.33120772508008345, -0.003874130136978872, -0.0008499899164138028, 0.7124547078067379, -0.03494987788881474, -0.1449091373161702, 0.8152035664505641, -0.022134732923317996, 0.08745191459432297, -0.006166770512971273, 0.004161001384521912, 0.014056799064743613, -0.08044776489211919, 0.06690283489262525, -0.02739369511683992, -0.15748600392387302, -0.17581129194469874, 0.18621505504272157, 0.028087729235417785, -0.030274469803994983, 0.00300273639673198, -0.3035782049918635, 0.26181086923333063, 0.15319229639668533, -0.13384995484610335, 0.1301177108690656, -0.33679967594554056, -0.2006185824059991, 0.11984408025797245, 0.04111870207769029, 0.02296916914367094, -0.05714297138874394, -0.39314698694974204, -0.024736316853280087, 0.13130374298773073, 0.37939932897030265, 0.14553029626342256, 0.0008005892592851206, -0.052626510926762335, 0.12127219788111637, -0.31080380121730683, -0.879482163830114, 0.22921729470053834, 0.29252071104652483, 0.8730055544384531, 0.2959767042093898, -1.4677371990931534, 0.44631695086080575, 0.09287033918321749, 1.4287647868345907, -0.4545674717729322, -0.04156373463383774, -0.08433118251217243, 0.20595107166398482, 0.03321739009276792, 0.12591035145484603, -0.17752969859030704, -0.15636717613704612, -0.07427623877833646, -0.22208652495182205, -0.11783393271208968, 0.13300266316403472, 0.23637499392485176], "trans": [-39.70154314280633, -8.955465502714864, -1.1882431491979046]}