{"betas": [0.12182979554792384, 0.0498104030700563, 0.01874907528210161, 0.028247290178977192, -0.01045515424154793, 0.003794310233826808, -0.007750463989420916, 0.008476040652062412, 0.013630708331879994, -0.014916307566096007], "pose": [-1.1456560593987837, -1.2969885914922719, 1.296988591492272, -0.3816426419761917, -0.02860934257517589, 0.10089337424052343, -0.44083522796483826, -0.015438792340658668, -0.0984306730762808, 0.33120688614775257, -0.003873758768747375, -0.0008499024149526031, 0.7124545005339384, -0.03495028086301099, -0.14490916042695606, 0.8152034192078074, -0.022134441112175145, 0.08745184035096476, -0.006167321400622381, 0.004161477071481431, 0.014056931696028183, -0.08044779113919404, 0.06690297195350312, -0.027393815150421975, -0.15748619562367586, -0.1758113985540507, 0.1862151772711918, 0.028087656002836695, -0.03027403396851263, 0.003002910587592965, -0.3035782033956179, 0.26181079883615993, 0.15319249609531901, -0.13385025196361633, 0.13011766727723947, -0.33679978010006045, -0.20061900591830753, 0.11984437115877834, 0.04111889800283056, 0.022968482466005802, -0.05714143949505085, -0.3931459043790757, -0.024736633952372907, 0.1313029821517152, 0.3793988259788699, 0.14553002530203743, 0.0008007899642781897, -0.052626543311131944, 0.12127113470791266, -0.31080303519382213, -0.8794807169591613, 0.2292168378849133, 0.292520646710331, 0.8730049307134078, 0.2959749212158479, -1.4677388949981731, 0.4463186453996076, 0.09286972908797786, 1.4287653926297348, -0.45456808345401545, -0.04156430006248318, -0.08433123731335168, 0.2059517980950078, 0.033217022605155994, 0.12591035156987987, -0.1775299179767291, -0.15636668390061711, -0.0742761385878241, -0.2220864435061546, -0.1178335812162066, 0.13300246699569018, 0.23637478799412528], "trans": [-58.37336146095731, -13.248574267112469, -1.424745536804586]}