{"betas": [0.19173745763710806, 0.20679507266967936, 0.025545764337162807, -0.024244743693028488, 0.0007202369641003663, 0.013236882350636182, 0.021343764601424748, 0.007373052342460504, -0.01918535564321634, -0.005662447391478864], "pose": [-1.4161357034256359, 0.7375661023394219, -0.742566102339422, 0.19132094368975427, 0.08664087416928098, 0.07231813545726803, -0.733802726131848, 0.00966512780105393, -0.0041422227519165924, 0.3132955538201853, -0.013505670921131611, -0.0032062018911487512, 0.3236658855013602, -0.1666139750706412, -0.11021781877994619, 0.5225820541701647, -0.022863229034607493, 0.1116510336698588, -0.044455384206238076, -0.0026253961671240935, 0.017488192153827166, -0.07941880544244038, 0.09023774842410544, -0.07710368357127302, -0.14502277161683416, -0.17128033569224985, 0.23429555195505894, 0.023581078543661597, -0.03635408885653032, 0.007590611244869859, -0.27197458954402, 0.21644051914481577, 0.19806138201028453, -0.1250019372565738, 0.1176020682549523, -0.3758166763469026, -0.23008312818522084, 0.07668518362883064, 0.03609497455996198, -0.013152983388376234, -0.000737681739095015, -0.3164889372344029, -0.053949263040666384, 0.05218284453914758, 0.31925925981592473, 0.1099896189299938, -0.03980808580648886, -0.017490305493695745, 0.01047497716459423, -0.2985653078480239, -0.739442464335533, 0.11852095219762679, 0.2229480358198313, 0.7420393710868026, 0.08223344407800115, -1.3074410481243695, 0.46592999951828995, -0.11813589515388169, 1.1800238965204448, -0.4541122677387753, -0.11752821577369266, -0.07153643943289217, 0.1628140176963049, -0.03629313279906902, 0.08562735974595509, -0.11154533950409039, -0.11889478197153486, -0.05997572377680987, -0.20594146577184957, -0.09851893326131739, 0.11236597157595433, 0.20998850002575772], "trans": [-27.57533171872547, 12.638973678246911, -0.44538737628922]}