{"betas": [0.12182979554792384, 0.0498104030700563, 0.01874907528210161, 0.028247290178977192, -0.01045515424154793, 0.003794310233826808, -0.007750463989420916, 0.008476040652062412, 0.013630708331879994, -0.014916307566096007], "pose": [-1.1201500999546443, -1.33849779428618, 1.33849779428618, -0.48716111045095684, -0.04085771933985548, 0.10425540261214589, -0.48171531322390126, -0.020406578330344906, -0.09346544063686364, 0.3791664220133799, 0.011631604425873208, 0.0004316349052831215, 0.7268368672771217, -0.018509421510481714, -0.15434692007122588, 0.8478630962488237, -0.021130269379466063, 0.09435953887562827, -0.022082986084594282, 0.016773859189572856, -0.00017128924073046478, -0.05750761359616675, 0.07209812919885213, -0.04095695749040631, -0.1745551290370145, -0.1887453316177106, 0.1783128187409127, 0.031988869045555285, -0.016500679472418733, 0.001490988517528344, -0.2985696453146377, 0.25129034288198815, 0.17588152329893383, -0.13634769061494456, 0.13045403509075804, -0.3407857759030368, -0.211331219697211, 0.16131346945512687, 0.02684040266111941, 0.022078844360806288, -0.033373142732551465, -0.40255871198750853, -0.02057044487919361, 0.13815132781765277, 0.36776577086278595, 0.12347626656995062, 0.04278308600817818, -0.06238998575440424, 0.1283244818076277, -0.22871973168750798, -0.8617496914266082, 0.20217798395474942, 0.3092323454548726, 0.8302226886657188, 0.2584889012256772, -1.291159227138174, 0.3705547783359014, 0.07616001361577893, 1.3547223719299493, -0.4077561862101938, -0.012700051428233168, -0.07304387322604809, 0.21028013470791282, 0.045675404941479314, 0.1283402361235479, -0.1910602350590428, -0.2008426693485744, -0.07793143195494924, -0.22780000083812335, -0.13169816337650603, 0.1293989184036539, 0.23988007484876606], "trans": [-40.86949689030111, -8.850157156515873, -1.1924089366371127]}