{"betas": [1.813289222669109, 0.20156947919784157, 0.0011390909961732187, -0.4871353642584728, -0.16755291678885467, 0.02420319783742449, 0.0691750353522659, -0.03790042278230592, 0.027389876576093666, 0.006434531786996541], "pose": [-0.6380543966681287, 1.835419242766098, -1.835419242766098, 0.10677749303721532, 0.13275799617155684, -0.034993366491139655, -0.5722270339408823, 0.003399452184407653, -0.022533192959196285, 0.19561343318394797, -0.08266296524524613, 0.03844055045714358, 0.25277349846678693, -0.19707202506753324, -0.03403568369193028, 0.4823881014401517, -0.04238788064207586, 0.06239588371225368, 0.03765572584526739, 0.02534882439215684, 0.003495806669428171, 0.018479142940623576, 0.11261698988805906, -0.04286373651833487, 0.024690056276094396, -0.2534596505213672, 0.28736624116297693, 0.11445554763313626, -0.040677485852190144, -0.00380472397331363, -0.32146580277399417, 0.2085198121595295, 0.12827886516177234, -0.09807061074630358, 0.22861940404113962, -0.4748862506388766, 0.04832105918534582, -0.021091117673054535, 0.0605881101310449, 0.034495757415656365, 0.14501421894899663, -0.20460867239690111, -0.09542060352775393, -0.04449601087282488, 0.11884478242599134, 0.21963534272186896, -0.051582931791394906, -0.025082040212547032, 0.10490173085473681, -0.1910774105506757, -0.75252195171792, 0.699467887503617, 0.10434727263539374, 1.0547946997086515, 0.3949355355339219, -1.659558482121546, 0.4204738274076218, 0.14715507717040968, 1.8757586057137225, -0.5700118588148918, -0.0916731015799012, -0.17224962275529426, 0.2817060348141954, 0.03375698048998467, 0.22127135168013676, -0.29555824199635433, -0.17731455726590448, -0.07855937469945727, -0.21954184186595127, -0.10105038547875025, 0.1317652462610814, 0.2594107663455466], "trans": [-13.523525529795208, 1.2172609026050907, -0.8010580062263358]}