{"betas": [1.726796659765029, 0.41891031545459445, -0.15139553369490252, -0.5462419580768579, -0.07855182412525559, 0.07595039952460043, 0.008045347212360082, 0.06009336300381875, 0.04481580265154796, 0.006120580758014304], "pose": [-0.15534994481586356, 2.1464132964959486, -2.1464132964959486, -0.4313628902582446, -0.024129481099339076, 0.14395110298443708, 0.24027459512741806, -0.12584966797547958, -0.059919931234430984, 0.20505775556586134, 0.07849306983010262, -0.02756461267233257, 0.33310301455318214, -0.0031475863502596884, -0.11344331058888857, 0.3242607587246098, 0.1072847970013495, 0.059784688205204065, 0.061530318556707694, -0.025473132092916427, 0.010895684621870344, 0.009410949418885064, 0.10697263639470467, -0.1379812765918833, -0.13505005133435474, -0.17592151193656466, 0.18002760282731145, 0.05238366672655743, -0.024423493785167852, -0.021573884967045338, -0.2719262827080664, 0.23140800858430197, 0.34354503320439805, -0.1483498799295054, 0.06282935704611965, -0.23062869318989385, 0.02298133243053991, -0.04027304696746563, 0.10412560564884948, 0.09739132503848273, 0.04088096132365773, -0.5021093804720228, 0.04559917007505865, 0.0444353329150948, 0.44798217891042064, 0.32175501034000065, -0.15866971597893167, 0.004978890216263183, 0.2219883313420778, -0.2740848846131051, -0.9223320334262717, 0.3083573770562822, 0.22424071900171016, 0.8392283550169283, 0.38475666220250015, -1.1078081010744087, 0.1646728562537851, 0.18119903933232448, 1.175044332068897, -0.2123605814138172, -0.06214515291292286, -0.08716926276776721, 0.050988256788863894, 0.028045661728980032, 0.10995891556625541, -0.04291948656736686, -0.1962502903933271, -0.041433427629449286, -0.20052727814825663, -0.14459592116485723, 0.10924515002866804, 0.17501240048282907], "trans": [-10.984976875327009, 5.0971321367207105, -0.6096181300949971]}