{"betas": [0.19173745763710806, 0.20679507266967936, 0.025545764337162807, -0.024244743693028488, 0.0007202369641003663, 0.013236882350636182, 0.021343764601424748, 0.007373052342460504, -0.01918535564321634, -0.005662447391478864], "pose": [-1.5668681693159796, 0.13026273089810422, -0.13026273089810422, -0.3021955119160502, 0.0003449007171520725, 0.023929876490932797, -0.48619668299254165, -0.07828546680334426, -0.0035002612092533483, 0.32656690009956285, -0.035796821043191665, -0.013190317023540647, 0.3643464940047718, 0.04517933275232926, -0.1065790805040176, 1.1183618782659113, 0.2014330964295708, 0.11690252484338878, -0.07095109573987671, -0.015001042978977162, 0.029190478269372055, -0.10936786426596266, 0.11386893199452554, -0.06425249705752638, -0.16796614658392825, -0.17823908744210448, 0.25231559656149627, 0.030705553297667578, -0.06247076556438244, 0.004954275106598531, -0.2744994521282916, 0.195269994786279, 0.20922605799021893, -0.1534380879803847, 0.12359959327183684, -0.4114464207133649, -0.2704877131243985, 0.111067109021571, 0.034696374364693694, 0.01531388254685773, 0.06673489411858945, -0.3608796499770338, -0.04447530424302567, -0.06378383209200553, 0.3653223767522672, 0.0861878552916165, -0.0007986236729672762, -0.031175628531212807, 0.8924103452026333, -0.8677355794074985, -0.8400875107368144, 1.0667659258307103, 0.5330812224065294, 0.8086599191511734, -0.07122742098104903, -1.2473120381067742, 0.4111469542500608, -0.29319877950892, 1.2751568908206612, -0.3609942782813395, -0.06866195941135769, -0.03928848696291621, 0.1028780237439506, -0.05040991889433418, 0.069364184759434, -0.05426378483325535, -0.17979950581277518, -0.0692516604425477, -0.23048906391357543, -0.11615723445320113, 0.11212501184923576, 0.2277991565221677], "trans": [-29.322501129280926, 3.8741385778325546, -0.7230418231448535]}