{"betas": [-0.10716845975804463, 0.03555393559239171, -0.022909588301634677, -0.0022321960585287635, -0.011360188238027402, 0.007048778770267401, 0.0026244476494828445, 0.001119221678184007, 0.011361241992361597, -0.011308692156923365], "dual": [-0.017583856429274264, 0.029348763391131204, 0.0097625065107099, 0.037573009939087666, 0.010851326407624975, 0.0028516206014990953, -0.0015766413545998308, -0.003414543002819009, -0.002842114372051757, -0.0031258765309566516], "pose": [-1.264991425478212, 1.1178743787002519, -1.1178743787002519, -0.4243010089824463, -0.03852771302017331, 0.11556778997755754, -0.4051783639870323, -0.02120352063702313, -0.10938224727089764, 0.34801529347672333, 0.00819062511028242, -0.008547321703468353, 0.7195537544542128, 0.007935747139709019, -0.14630015139660832, 0.8653821142037875, -0.023531123380138342, 0.08096525027223196, 0.015769266857148048, -0.011728172913611955, 0.008755423413299102, -0.08106885077883766, 0.04311397975361618, -0.007359081611331898, -0.18188791383560227, -0.1523077506319601, 0.15838738543580197, 0.018093872608381942, -0.02787355811040071, 0.001035825279751521, -0.3066066502857368, 0.3194506418715272, 0.13819878786191406, -0.13212944969395024, 0.12034957371878824, -0.287620588071934, -0.15993243943151467, 0.1496715512468996, 0.03539467997271029, -0.024690307784903543, -0.19821723688223616, -0.34019275234711893, -0.05290886637058951, 0.23993724178635353, 0.32067495072320773, 0.19175858203437976, 0.014784951398640556, -0.05838964052117125, 0.04521477930621541, -0.4822973271227088, -0.8446661078717647, 0.17716593013137646, 0.40043998259617414, 0.8699150192047997, 0.21801698596232746, -1.7437410920031793, 0.6227813578151569, 0.045724948529143807, 1.672475119927118, -0.625349530789679, -0.11052534783893389, -0.09542060472951482, 0.2662736890826382, 0.007612411321007539, 0.14157029046173414, -0.22637001721496508, -0.08197869459920205, -0.06545637457084638, -0.21009648660497388, -0.0988215183881894, 0.13788039750683848, 0.23212268762010035], "trans": [-54.180045937712265, 6.617239495461284, -1.03716044544387]}