{"betas": [0.19173745763710806, 0.20679507266967936, 0.025545764337162807, -0.024244743693028488, 0.0007202369641003663, 0.013236882350636182, 0.021343764601424748, 0.007373052342460504, -0.01918535564321634, -0.005662447391478864], "pose": [-1.569942399248205, 0.060751419426646844, -0.060751419426646844, -0.5143439666963191, -0.01261100752509142, -0.049112882783074886, 0.041435489533495885, -0.017558305618924516, -0.009447513471199216, 0.297259996842974, 0.043304392452880876, -0.033236783259949464, 0.18262047404572299, -0.08614866951631547, -0.13887519897287956, 0.7444718264777553, 0.03918357716468501, 0.08170017508950274, -0.021988801415545007, -0.029989583148759998, 0.026164118442949715, -0.07214800412256193, 0.08000913345988103, -0.0874956758217318, -0.21687681860968647, -0.12429808871637012, 0.19902717626327604, 0.01328286875953926, -0.02559589002728167, 0.00669616325854628, -0.263983083449723, 0.27931238853045237, 0.25711585298124867, -0.15921766000192625, 0.07654796433756453, -0.2964030835656258, -0.2090954089936578, 0.1565913536391492, 0.041557141956185, -0.0627649852614908, -0.08450729757245581, -0.2649052680166784, -0.0808199440414884, 0.10632869789260246, 0.28727115643826473, 0.13946063407511597, -0.011983555383198244, -0.03612995235407745, 0.8924103452026333, -0.8677355794074985, -0.8400875107368144, 1.0667659258307103, 0.5330812224065294, 0.8086599191511734, -0.07122742098104903, -1.2473120381067742, 0.4111469542500608, -0.29319877950892, 1.2751568908206612, -0.3609942782813395, -0.1858810602980863, -0.07327730213500311, 0.22713272143652358, -0.11877286060147532, 0.10315468527686335, -0.15888677916965024, -0.06957252132913315, -0.044520364888238344, -0.21670109874701496, -0.09773402478991007, 0.10940370362931047, 0.22050081559717125], "trans": [-29.925275984435377, 8.784115203980292, -0.5701101259442574]}