{"betas": [0.19173745763710806, 0.20679507266967936, 0.025545764337162807, -0.024244743693028488, 0.0007202369641003663, 0.013236882350636182, 0.021343764601424748, 0.007373052342460504, -0.01918535564321634, -0.005662447391478864], "pose": [-1.560773199217798, -0.2079643709097065, 0.2079643709097065, 0.08052832266893682, 0.04051186080823587, 0.017940787998638366, -0.25993991511094505, 0.005222737768565257, -0.011520544391981614, 0.3384591980002993, -0.03358257312157809, 0.000801882630442295, 0.8830474574390262, -0.12833858765015016, -0.0842992357781316, 0.27654263543381774, 0.04701582872383438, 0.14972703988801594, -0.042586868730246454, 0.0024540171616154486, 0.018473749792100827, -0.123153810336083, 0.06285263871676228, -0.04789061764891501, -0.16074318952171063, -0.17115829803816718, 0.21945011212148588, 0.033565407047452936, -0.049521692645541154, 0.00525467636558423, -0.32565614178923, 0.24952023270631452, 0.15154242452945518, -0.12436667116762147, 0.09794703617083968, -0.38711458032414875, -0.1837125070878829, 0.041496206720249534, 0.04080110566081481, -0.002529169999643685, 0.02492463772953799, -0.3055160009796849, -0.059133696931573276, 0.01220097614048544, 0.294597360344379, 0.13886959533176524, -0.03834951731764733, -0.0137460116979899, 0.8924103452026333, -0.8677355794074985, -0.8400875107368144, 1.0667659258307103, 0.5330812224065294, 0.8086599191511734, -0.07122742098104903, -1.2473120381067742, 0.4111469542500608, -0.29319877950892, 1.2751568908206612, -0.3609942782813395, -0.1610346805724671, -0.06811668237605588, 0.17341559566737474, -0.034409383063973606, 0.0893205607175641, -0.13798611857198625, -0.0787750127048719, -0.0632030851552773, -0.21143351785436962, -0.08301160200204002, 0.12473797114492291, 0.2251885460592143], "trans": [-28.374945383769614, -2.489097556978842, -0.8915969472301585]}