{"betas": [1.7511515842605234, 0.3670231778082652, 0.03978433168027672, 0.004913282851196045, 0.02958606384598556, 0.001461046037256542, 0.028411238985692, 0.012589726574853976, -0.014340388809218167, -0.004234100351574732], "pose": [-1.5776714202206965, -0.1502036684547664, 0.11174212999322794, -0.4488582622533265, -0.011101263569176088, 0.12117634686601514, -0.4477870314297847, -0.03034365408907078, -0.09414047788211014, 0.3339469852715218, -0.004097397915168328, -0.004065779931754117, 0.6892365816640337, -0.029970854777963137, -0.14321993988836, 0.7338564780926254, 0.028359199076927025, 0.08134985589343872, -0.017387228535951198, -0.00528772095744251, 0.014133037822429667, -0.06720757946159601, 0.07978968807462401, -0.07679210589066716, -0.15923595581544142, -0.16842855673912432, 0.2103991913427715, 0.03524584867923078, -0.039906376748643085, 0.004646939129254569, -0.30111666627029016, 0.25151455702280556, 0.20752202519017027, -0.1317533909621275, 0.09323022142104326, -0.347817234188753, -0.1502843813596414, 0.11320671309793515, 0.034729777854109155, 0.007382194976980015, 0.01369994258718612, -0.33766076186293825, -0.037103285393957214, 0.02617945567728805, 0.32105954214204296, 0.1561210368035116, 0.012517980590751319, -0.03470290027664683, 0.02564793711708392, -0.2990106441559422, -0.7826390425446662, 0.14288881229303194, 0.21643799824438759, 0.7786015680054914, 0.15322113173245774, -1.5995361396709498, 0.401715831040132, -0.07524627360906458, 1.4172945040322136, -0.5478741248584292, -0.1091909569272391, -0.07841053712610314, 0.18811134696187848, -0.027731026844378476, 0.11231808753920601, -0.15639370609920555, -0.12885985338756703, -0.0644571506173449, -0.22162006790002892, -0.11144995547158937, 0.12180293634035634, 0.23572620718030263], "trans": [-29.063985643281192, 8.565126396152678, -0.6864380441549667]}