{"betas": [1.0007394031128156, 0.13998077818863408, 0.20322321153559939, 0.06919845010960525, -0.06355964225067326, 0.0988583210768853, 0.031004152589175965, -0.07600298470585287, 0.01954775199647453, -0.05391534064665776], "pose": [-0.26493368473269074, 2.086945780643999, -2.0869457806439993, 0.12828530022899262, 0.0808853921139254, 0.05642396188235302, -0.5508934256668334, -0.005214219270355038, -0.11464995431680508, 0.2908467426504663, -0.08361405115838123, 0.04619742937516663, 0.33914250739244206, -0.13135891646576772, -0.06721512260378527, 0.018277189095932497, -0.10993993357673644, 0.07546202735232738, 0.04025010924959848, 0.010740952437678189, 0.0056664907390677425, -0.022721226009421905, 0.06625948418032475, -0.041498007730062736, 0.05607247613651325, -0.2218492492077, 0.2688680092537379, 0.04530610375596203, -0.04759905692108766, 0.007228337193159847, -0.2831857711148493, 0.20951693983319905, 0.08096383509766984, -0.048731234925740066, 0.21567376837031668, -0.41983920533775204, -0.07633030947133754, -0.003826827027879335, 0.04594129448677452, 0.058749030035067436, -0.10032753371544836, -0.3883256436811642, -0.014153409119837288, 0.17259354186396605, 0.3503494793633617, 0.22478583018586057, -0.07303391409378172, -0.01614332387462381, 0.2082362666381931, -0.3659141838028261, -0.9614722380950718, 0.27225737261079114, 0.28192582725459747, 0.8654355823716957, 0.4442791526879207, -1.4153210470203756, 0.3014177521648154, 0.2212589470590066, 1.3240330506996485, -0.2814476254926478, 0.015963434354565223, -0.1517638274655303, 0.19870618773744247, 0.13530679091091521, 0.15492178990196637, -0.18877665447770456, -0.15519533395305493, -0.08766773471926365, -0.19238930444828056, -0.11273673354039003, 0.1447673476514098, 0.225166271255352], "trans": [-10.644711411732471, 2.7861185950358895, -0.6745605761433299]}