{"betas": [1.726796659765029, 0.41891031545459445, -0.15139553369490252, -0.5462419580768579, -0.07855182412525559, 0.07595039952460043, 0.008045347212360082, 0.06009336300381875, 0.04481580265154796, 0.006120580758014304], "pose": [-0.20129005309932751, 2.122176442826504, -2.122176442826504, 0.22089782338643965, 0.28182972338461676, 0.08325058263855915, -0.7089015150081002, -0.00786788480130544, -0.17974026110188057, 0.2308670510617673, -0.059321491803607886, 0.05727085415765065, 0.18076102155378873, -0.3176030450720617, -0.017069535657313162, 0.2503657566751215, -0.2576723847303064, 0.0972506734270317, 0.03444552367419155, 0.0867702924100295, -0.015384496064916877, -0.02239485451097784, 0.03223374469414602, -0.07862622165344837, 0.1633458413675775, -0.2225465406834002, 0.3017532573708438, 0.037795894202409426, 0.00045713647767582627, 0.002365651595560625, -0.25696379072758374, 0.21435206768539508, 0.09978052467366308, -0.030134507567633105, 0.16869020317357256, -0.400412258619648, 0.001358649069145762, -0.08177416969662939, 0.026858226693902296, 0.04441741217998339, -0.02114478062165378, -0.4315026580328044, 0.02185895848668308, 0.16450857638306454, 0.40304826280813855, 0.10969465055673859, -0.02759405222180819, 0.08371324312425335, 0.1156778587472394, -0.02373440632835036, -0.7821502643354871, 0.7636706417074448, 0.16075704384344922, 0.7160371209645261, 0.23860954551911068, -1.2830202955767356, -0.7793237419646963, 0.25112254725355143, 1.347065582418627, -0.29860317194184965, -0.02522759680347229, -0.07997018009950822, 0.17872271869861667, 0.08464397801041097, 0.11842697881865348, -0.1602727131422551, -0.12732259228413217, -0.1012028939646913, -0.18873194409063554, -0.10600336673500026, 0.16063637704948927, 0.21674555340996135], "trans": [-10.197369224014418, -0.87240983477823, -0.8036407698985613]}