{"betas": [1.7511515842605234, 0.3670231778082652, 0.03978433168027672, 0.004913282851196045, 0.02958606384598556, 0.001461046037256542, 0.028411238985692, 0.012589726574853976, -0.014340388809218167, -0.004234100351574732], "pose": [-1.5690869904250753, -0.1179977881800691, 0.1179977881800691, -0.155074203219052, 0.020975631405123277, 0.010826654087147503, -0.4221631558906988, -0.035469403217001094, -0.018475580666259844, 0.2895027861808745, -0.037066102077599715, 0.017072190541607316, 0.7107867499703716, -0.0707022012413332, -0.12997036546383178, 0.6230745925155087, -0.11221852024655894, 0.10054691910189224, 0.004565825603775729, 0.0019264129916461451, 0.019186367939175615, -0.09132501104164692, 0.07063903226850919, -0.018164342077701554, -0.091385954241454, -0.20474446091686233, 0.1896612677475508, 0.03479222643491296, -0.047370762377474854, 0.0023928453693412817, -0.3049509752419349, 0.2369790409836811, 0.08474333536466523, -0.08452813868291537, 0.14340309938028553, -0.339285756253424, -0.12127387707269896, 0.01787630822428351, 0.06157430790761247, 0.04254928639435056, -0.012107538663874826, -0.41136807841754386, -0.025822215880734998, 0.07166778046403383, 0.40289542407681506, 0.2182173256294544, -0.05488689974392636, -0.02978024212721755, 0.09453002665072827, -0.3128615468380487, -0.8958396930416423, 0.19903981966047454, 0.21044820697605246, 0.8560950937525483, 0.2940959453868707, -1.3947279161550437, 0.4449493192700131, 0.01956637212334044, 1.2812210323392403, -0.4549151471046902, -0.03997242353248194, -0.08439856396238953, 0.14267447310919357, 0.05319413776635255, 0.1036788142406421, -0.140797145894394, -0.1345914726844164, -0.07971471107474278, -0.20969154596084413, -0.09178101955406609, 0.13761996041103702, 0.23320434793408193], "trans": [-28.882299785751634, 5.604387144898006, -0.8013036009453643]}