{"betas": [-0.04531959800123942, 0.25816046623113975, -0.10443940742347267, -0.07597029208210594, 0.013911735992459227, 0.013954990810594958, 0.00840059268463032, 0.018210526354907698, -0.01144635948893292, 0.002226290135924623], "pose": [-1.5646903260180722, -0.16237493492644037, 0.16237493492644037, -0.43002774709915065, 0.010004553017027396, 0.055824255689084716, -0.22317805615720637, -0.01979211736492095, -0.009757343330193909, 0.3441110220976797, -0.026509575431184134, 0.008444494420201983, 1.0989936611249937, -0.053720038048645204, -0.15581482327811844, 0.2364125898394324, -0.00995088691536705, 0.10041812050935388, -0.014724874924930258, -0.007291943365857652, 0.02019709814391022, -0.10459217393105477, 0.09182423232970562, -0.039628762886770405, -0.1164996076209349, -0.211510899571509, 0.19699948403219295, 0.03398772016387607, -0.04866412920858076, 0.0020410702226385485, -0.28014280176351636, 0.20723846832966436, 0.12024750858212042, -0.09812219644424007, 0.14008303001204803, -0.342468994027906, -0.14557924577437883, 0.016722055058193273, 0.05254659836363901, 0.046046676689514676, -0.01730736208440529, -0.4231540362761561, -0.01916853921636014, 0.06841605390862486, 0.4138648202949099, -0.026340718167504162, -0.7857382085556832, -0.05506634074872019, 0.06950156920382965, -0.23991854622440884, -0.8038490736174496, 0.15959309555456822, 0.16522086226334887, 0.7680048413321343, 0.22558272693735143, -1.0074099199173325, 0.2826875148425332, -0.03954697625550773, 0.9628338922722103, -0.32359517352224154, 0.028428502658273114, -0.05268226908498973, 0.09036586393718425, 0.06775077273858295, 0.06755981098841002, -0.08645488143491374, -0.18741702059902057, -0.07508154780600046, -0.20973028881511283, -0.11172479034499952, 0.1283236680539764, 0.2204986191811633], "trans": [-28.379430034426104, 4.745427811146384, -0.6842692305412015]}