{"betas": [0.19173745763710806, 0.20679507266967936, 0.025545764337162807, -0.024244743693028488, 0.0007202369641003663, 0.013236882350636182, 0.021343764601424748, 0.007373052342460504, -0.01918535564321634, -0.005662447391478864], "pose": [-1.5486357034256355, 0.08756610233942157, -0.08756610233942157, -0.014386416204661752, 0.07449527982586107, 0.004914258282362312, -0.478753840085463, -0.022060890334761454, -0.01098454720629561, 0.31329539802643586, -0.013505699188921088, -0.0032062080621207186, 0.2953579213373896, -0.1802617570179269, -0.10524341216390476, 0.2402401357837314, 0.0004136385256758744, 0.09998165819341467, -0.04445544970573839, -0.002625365677060708, 0.017488186258027266, -0.07941882140043743, 0.09023778519781749, -0.07710368917084183, -0.14502277735768732, -0.17128035111819212, 0.23429556066571589, 0.023581060372373605, -0.03635408549572832, 0.0075906052616535845, -0.2719745938261032, 0.2164404687733585, 0.19806136656702336, -0.12500192562726398, 0.11760207595045712, -0.37581671080831397, -0.23008318523807436, 0.0766851625705767, 0.03609500049867657, -0.01315301209850486, -0.0007375375170375261, -0.3164888829654452, -0.05394929015084839, 0.05218272264798225, 0.31925922094730125, 0.10998957965833428, -0.03980808305653489, -0.017490296515289515, 0.8924103452026333, -0.8677355794074985, -0.8400875107368144, 1.0667659258307103, 0.5330812224065294, 0.8086599191511734, -0.07122742098104903, -1.2473120381067742, 0.4111469542500608, -0.29319877950892, 1.2751568908206612, -0.3609942782813395, -0.117528223248715, -0.07153643431504587, 0.16281402718533522, -0.036293164695626004, 0.08562735866075202, -0.11154532475945449, -0.11889478232275681, -0.05997572677018478, -0.20594147001199126, -0.0985189023639879, 0.11236595901677386, 0.2099884980867548], "trans": [-28.830995408276195, -0.055291248940325666, -0.8692900125947709]}