{"betas": [0.19173745763710806, 0.20679507266967936, 0.025545764337162807, -0.024244743693028488, 0.0007202369641003663, 0.013236882350636182, 0.021343764601424748, 0.007373052342460504, -0.01918535564321634, -0.005662447391478864], "pose": [-1.530786910418349, 0.6074072028789824, -0.6024072028789824, -0.24447167733106315, -0.009488139191764132, 0.017940787998638366, -0.25993991511094505, 0.005222737768565257, -0.011520544391981614, 0.3132954664668751, -0.013505705078400251, -0.003206204932243027, 1.0580474574390262, -0.12833858765015016, -0.0842992357781316, 0.27654263543381774, 0.04701582872383438, 0.14972703988801594, -0.044455365694967636, -0.002625430935557906, 0.01748816794440081, -0.0794188343836405, 0.09023775818561533, -0.07710369914277375, -0.14502279447967467, -0.17128035103115813, 0.2342955459230706, 0.023581070710878605, -0.03635411639743326, 0.007590583812624962, -0.2719745723287058, 0.2164405015851939, 0.1980613782480863, -0.12500191057136995, 0.11760207403435637, -0.37581667988219625, -0.23008313913698938, 0.07668513086613632, 0.03609499109329101, -0.013152967133106605, -0.0007376760656874163, -0.31648895698922713, -0.0539493521674443, 0.05218282490469149, 0.31925917239202134, 0.10998962283140755, -0.039808082089472376, -0.017490344610065524, 0.010475001249820225, -0.2985652193177142, -0.7394424805753957, 0.1185208416970201, 0.2229480797629251, 0.7420391995918268, 0.08223346857083129, -1.3074410061725308, 0.4659299483736931, -0.11813600060386877, 1.180024171304041, -0.4541124277827154, -0.117528251630696, -0.07153647993184702, 0.16281394201413882, -0.0362931412778565, 0.08562740323873093, -0.11154535816838643, -0.11889481334271065, -0.059975718897564055, -0.20594148848307336, -0.09851891602132758, 0.11236597336850251, 0.20998851614039576], "trans": [-23.679440240268036, 14.893394261758258, -0.5318948253798201]}