{"betas": [1.813289222669109, 0.20156947919784157, 0.0011390909961732187, -0.4871353642584728, -0.16755291678885467, 0.02420319783742449, 0.0691750353522659, -0.03790042278230592, 0.027389876576093666, 0.006434531786996541], "pose": [-0.5360183760726588, 1.9127457159106929, -1.9127457159106929, -0.024178832032047265, 0.03782390187997772, 0.06100145395502794, -0.36125908256363526, -0.030229013508423788, -0.06698387218916203, 0.20864560111953556, -0.03717896914072716, 0.010608623425114627, 0.7338552926858711, -0.128567924899611, -0.14293383669816406, 0.5186287797766446, -0.012989625016260626, 0.10196473623391704, 0.04436610648652333, -0.017844188496665647, 0.0354775355871339, -0.09684496387696159, 0.13219952016530218, -0.06883380592599733, -0.13234493555541826, -0.23557990300092138, 0.2040891808958942, 0.10212335634630246, -0.05927172759026287, 0.001339414586186295, -0.3615681357009427, 0.23656599010250492, 0.17954673805779373, -0.12079295721558223, 0.12512739838918077, -0.3924581918894112, 0.07922916263053469, 0.0019874495146675335, 0.09065818806353117, 0.06410546666912091, 0.16124924870179239, -0.20875525326672364, -0.06990573027677087, -0.11662478018647078, 0.14941276072813703, 0.23232644215959264, -0.010727021211802718, -0.0218299445205489, 0.10490173085473681, -0.1910774105506757, -0.75252195171792, 0.699467887503617, 0.10434727263539374, 1.0547946997086515, 0.3949355355339219, -1.659558482121546, 0.4204738274076218, 0.14715507717040968, 1.8757586057137225, -0.5700118588148918, -0.06026525821726351, -0.16108836685481792, 0.2020935825517877, 0.03245211191352425, 0.20548390524111906, -0.21720376385255197, -0.1654480584886764, -0.05681546841273197, -0.22428841131847121, -0.0915366078206861, 0.12863427870998015, 0.24235985088379508], "trans": [-13.271212213644532, 0.9397717547665727, -0.8150716818547384]}