{"betas": [1.8964894903024812, 0.31493576625010133, -0.1035326407414528, -0.4364464500446508, -0.04973432451903863, 0.09833628269918979, 0.014303769774192097, -0.026993742994641887, 0.07112343154180402, -0.03308173982274214], "pose": [-0.2393852670838566, 2.101324523684381, -2.101324523684381, 0.09199914083979277, 0.059391564937664836, -0.027765737521950273, -0.493260302550604, 0.04874167397207142, -0.02742426014143918, 0.28589300468225076, -0.09400200067437049, 0.010252503518453079, 0.5956829270692536, -0.1735857170071868, -0.09550012837895493, 0.6810444786695382, -0.06240642463801028, 0.11097197372734535, 0.04732371408376788, -0.04463362578119173, 0.05544865787319147, -0.12049053186745251, 0.10320736009031702, 0.005053813803449314, -0.031612563476282586, -0.19422853840604826, 0.19843426067983713, 0.03804394134336062, -0.07875119008148439, 0.009003632152498975, -0.2505296535784398, 0.20685492147316903, 0.03346496727339907, -0.052089893250413355, 0.22197639501522987, -0.3097694883482855, -0.0317660565159709, 0.008496361715679818, 0.10037555796144557, 0.05418932523819501, -0.24830891943756198, -0.40039712673339833, -0.034719222628058974, 0.24020837958252422, 0.4303442126686067, 0.28492769604202334, -0.13721870827285068, -0.01104284391351098, 0.14045697010815308, -0.4166146520841037, -0.8166517979344343, 0.31549629952216446, 0.3098551760626136, 0.878877933986714, 0.39962924752327417, -0.9743149437991525, 0.1099740702114973, 0.298416146561469, 1.0590203351099248, -0.15393682763092548, 0.17413709566343516, -0.09413010362718717, 0.13317809179083412, 0.11844852006655462, 0.09825363908771574, -0.09695465600983398, -0.1987101144785003, -0.07416570766121396, -0.18594481352953213, -0.10422280066405354, 0.14526305489371677, 0.20249017549039222], "trans": [-12.024979095203488, 7.346279257448423, -0.5599408435818048]}