{"betas": [-0.19266644468801378, 0.5771463667239267, -0.16308379457488245, -0.06462538974507079, 0.08054580167251779, 0.027975024271901693, 0.03561269911626106, 0.05188376016633901, -0.05289357868361275, 0.00684608270928935], "pose": [-1.501197693618693, 0.545062934136534, -0.545062934136534, 0.08791093914876058, 0.009026588461701596, 0.023719959038739705, -0.6487718090432142, -0.017223312247762742, -0.02204394122475213, 0.33844860192061327, -0.028627585224453488, 0.029417331332942664, 0.004577979998305594, 0.035112679053880706, -0.10570272794004337, 0.8758926502405918, -0.06119251254731507, 0.11087332251373916, -0.02171561800342154, 0.0007613172849124175, 0.002266763985263449, -0.060878666205913104, 0.17598673733586184, -0.1178466159433049, -0.020861461320475064, -0.3048908376026655, 0.2817969682296475, 0.047980471708790204, -0.01762568867830421, 0.002638798591998616, -0.1972647125686871, 0.09488781979870829, 0.18010914971521105, -0.06046510269556407, 0.2210652403732588, -0.42718675061511724, -0.0952573976303015, 0.11649844903593663, 0.004082819058706685, -0.05149527459409209, -0.5469664388207314, -0.2566821104794319, -0.06438756644411996, 0.5801750139911739, 0.19222862378505934, -0.010250440328185971, 0.7380777291211048, -0.0030062648481749407, 0.09821965798159177, -0.6031466663589022, -0.6683297583412741, 0.11339737994230402, 0.5764079737010603, 0.6497235356304223, 0.38478328354757413, -1.6799335988880848, 0.4183802899550497, 0.2816587689401249, 1.684658530202571, -0.41631870655652714, 0.10587123172490588, -0.14503992706542002, 0.09295781472891021, 0.18151749523459795, 0.10349033327801088, -0.07800180121447027, -0.21517136157863723, -0.04155355862492011, -0.14523718056942067, -0.08795275227151836, 0.09343745298897538, 0.12476530971349412], "trans": [-15.529771257648093, 14.219350797223495, -0.4720100024346408]}