{"betas": [0.33303066142902105, 0.22906885785386125, 0.1321746135337195, 0.03485680493593007, -0.034928744222964915, 0.03738652273642406, 0.06435992437738675, -0.06135207138309116, 0.004712805749211021, -0.03328562850670294], "pose": [-1.4066549289326051, -1.346833244594769, 1.1968332445947696, 0.141788152557646, 0.05582601287137866, 0.03460497618910592, -0.5054501207337926, 0.014245850841931154, -0.06922952219770301, 0.26846357942253546, -0.010533382588659199, -0.002397210512150542, -0.011935146088516362, -0.1712794544051875, -0.1747552050086907, 0.26200626438304014, -0.0820212506250109, 0.06878629072108329, 0.03183638752161899, -0.02764612099873296, 0.02734163383598032, -0.051467652243171104, 0.0773480338530867, -0.048233152448692564, -0.12365318562435242, -0.14693080405381603, 0.19360905343567975, 0.03902572044442594, -0.042012731027160015, 0.0074870635993637006, -0.2890969994884846, 0.2594598297853153, 0.16543612778290115, -0.10850139731571469, 0.12248434494567123, -0.3109820446481211, -0.08817407057549051, 0.11505115509274694, 0.052908771109701457, 0.01158035607242442, -0.12420548841904912, -0.31803857346652853, -0.04020178861101541, 0.14976663544808, 0.30542876428144133, 0.20727301124100814, -0.007525827594442394, -0.03893659786435184, 0.12159049125376079, -0.4268020755499687, -0.8682491225032267, 0.2246631445379619, 0.3434340839020925, 0.8646311561333196, 0.360834781254103, -1.6102266866610526, 0.4613382103536291, 0.15290108630267377, 1.5344047428827652, -0.4746908676257858, -0.08186531713514143, -0.11348057663316244, 0.19811260885462545, -0.004966534504406086, 0.1321832088438207, -0.1608741128831262, -0.11724176224021478, -0.05863666258752156, -0.20512134339597363, -0.11113185669871824, 0.12905027153028475, 0.22359232748547392], "trans": [-21.750653672751582, 11.362463533020644, -0.62282545850905]}