{"betas": [-0.19266644468801378, 0.5771463667239267, -0.16308379457488245, -0.06462538974507079, 0.08054580167251779, 0.027975024271901693, 0.03561269911626106, 0.05188376016633901, -0.05289357868361275, 0.00684608270928935], "pose": [-1.4446085980694183, 0.7301520468913041, -0.7301520468913041, -0.48736621556860565, -0.06295292826866804, 0.11700375301184116, -0.1738208964344192, -0.060766361155543756, -0.07506509380301798, 0.3420360457670918, 0.08665864880931384, -0.0023527808168941045, 0.6110058377344032, 0.007735437274350184, -0.1322272771673536, 0.5647339284104698, 0.028425337969684356, 0.05915628805863181, 0.048606778517664276, -0.012237572301695686, -0.009464681893499386, 0.014365259063063223, 0.060847314676939955, -0.10493447776391537, -0.18233902922324316, -0.15569473932789069, 0.13515138663731457, 0.00855042192424303, 0.03146589409482306, 0.016829586512674896, -0.2372449092756135, 0.2805561173667049, 0.22221646313295024, -0.08912617850764946, 0.13783019341111835, -0.23891621289216441, -0.13177710061416026, 0.32607694435954443, 0.015460053921537906, -0.05592786658859268, -0.3530585292694213, -0.2873757934300713, -0.03146631232048671, 0.46852482228145736, 0.26249313288063114, 0.141731109609876, 0.13374533046364068, -0.07124465688097413, 0.13476109236589634, -0.41574478392947267, -0.7033174498119159, 0.18994859358848004, 0.6015127911460623, 0.7550444282932846, 0.3006936102945375, -1.3837307932412644, 0.3033258505280869, 0.3038227824268493, 1.4665781622034497, -0.2735566459107756, 0.04493132112650023, -0.14630329103991718, 0.2934614029725861, 0.059945413756760595, 0.17163454317728521, -0.2393410564356414, -0.15966241301513037, -0.04989439180490685, -0.18314296699827481, -0.13487170705056506, 0.12028535095009116, 0.19607852143625232], "trans": [-19.584706771207543, 9.295294337322094, -0.591320003600522]}