{"betas": [0.19173745763710806, 0.20679507266967936, 0.025545764337162807, -0.024244743693028488, 0.0007202369641003663, 0.013236882350636182, 0.021343764601424748, 0.007373052342460504, -0.01918535564321634, -0.005662447391478864], "pose": [-1.5635693935188375, -0.17663376966157043, 0.17663376966157043, -0.24447167733106315, -0.009488139191764132, 0.017940787998638366, -0.25993991511094505, 0.005222737768565257, -0.011520544391981614, 0.3289346107915796, -0.028902536508800966, 0.006559292594966598, 1.0580474574390262, -0.12833858765015016, -0.0842992357781316, 0.27654263543381774, 0.04701582872383438, 0.14972703988801594, -0.044851124606607354, 0.011810881917562549, 0.018066026780368664, -0.11825960991377828, 0.0614239346663027, -0.045390238191856065, -0.1510616137293878, -0.16043570122029033, 0.2158404670019383, 0.017172459840758294, -0.04044053161833526, 0.006553782972864194, -0.3027113117684908, 0.23257707952894027, 0.1590214447285526, -0.11959214336314358, 0.09111001371608224, -0.38216009962717945, -0.26802187624059115, 0.01305621067299027, 0.04502389263633181, 0.024970303359691238, 0.030143167920570358, -0.3822238671341148, -0.04098268523324108, 0.05127744515381748, 0.3664370927753175, 0.09147531421875105, -0.08198368664103602, -0.01712516787892391, 0.8924103452026333, -0.8677355794074985, -0.8400875107368144, 1.0667659258307103, 0.5330812224065294, 0.8086599191511734, -0.07122742098104903, -1.2473120381067742, 0.4111469542500608, -0.29319877950892, 1.2751568908206612, -0.3609942782813395, -0.12549711724873475, -0.06440782877946878, 0.15939383946168953, -0.008505250040182344, 0.09370599307990445, -0.142366122443327, -0.1277063095922322, -0.07315551903024975, -0.2257889536180401, -0.10485174233281541, 0.13041294347178464, 0.23449713263891445], "trans": [-29.656611873938864, 7.056908159890799, -0.6148340112859164]}