{"betas": [1.7511515842605234, 0.3670231778082652, 0.03978433168027672, 0.004913282851196045, 0.02958606384598556, 0.001461046037256542, 0.028411238985692, 0.012589726574853976, -0.014340388809218167, -0.004234100351574732], "pose": [-1.638763536659595, -0.1305325716624991, 0.1305325716624991, -0.5210005942710817, -0.03499864533785109, 0.10761453014026554, 0.12942630031103547, -0.07439556751037536, -0.024887795605317974, 0.32472080144805066, 0.10946846087946269, -0.010851424535406759, 0.25538294301554315, -0.0020943403330031113, -0.19563236325869524, 0.43610625362610345, 0.14883062723981533, 0.05542402899613581, -0.05179083241380648, -0.048513602082941205, 0.030822704382924115, 0.011016214858480984, 0.1298883941074866, -0.10610988185389646, -0.16591399870786908, -0.1748335072411582, 0.20246626965670128, 0.03127048440712113, -0.021537756017570103, 0.013389153779445927, -0.21533677619974906, 0.1986797308119061, 0.2162342178314833, -0.11693715945230519, 0.14251488990871813, -0.28886429213290465, -0.15869388457403824, 0.18120037804301853, 0.030832523438570517, -0.09991786993188678, -0.05355351548730836, -0.20685625780036682, -0.08904736975662296, 0.042527478512897496, 0.2788236070675941, 0.2915589221142094, 0.013835286849756231, -0.008146113577143546, -0.42432953753130614, -0.6204161936777686, -0.8337138451331143, 0.27511241712866175, 0.42334739991172443, 0.8067205140147645, 0.2988000541394352, -2.0721326234210706, 0.31537818275919244, 0.31538216072056374, 1.1737007900691403, -0.13003520931444168, -0.11659908990037658, -0.06740670471002977, 0.1819156640380022, -0.13109029077610254, 0.062049028161053815, -0.08267680867305399, -0.07826207718297777, -0.04025153746616309, -0.1822730585197135, -0.06675804953177902, 0.08598201762036667, 0.18775820704713972], "trans": [-27.5531044766333, -1.929172439546965, -0.9518418280951061]}