{"betas": [-0.04531959800123942, 0.25816046623113975, -0.10443940742347267, -0.07597029208210594, 0.013911735992459227, 0.013954990810594958, 0.00840059268463032, 0.018210526354907698, -0.01144635948893292, 0.002226290135924623], "pose": [-1.5630062452366646, -0.18337734739641726, 0.18337734739641728, -0.3841860107093641, -0.05862202323954243, 0.03952784111766553, -0.06781068567487408, -0.0640825739481203, -0.030437045220295767, 0.24708493322701017, 0.05315138829905583, -0.0006168342112130612, 0.7895609378013921, -0.039308291876655924, -0.16466230192777215, 0.3980095563287716, 0.08131324185636309, 0.07067186314603645, -0.024034482469098707, -0.00782411329479154, 0.011821245407303645, 0.045345316287199684, 0.06747289896833501, -0.03562833304289471, -0.057105671137373124, -0.19152142276486198, 0.14435875972073545, 0.07522325866211113, -0.021745234670321394, -0.016579324244078913, -0.3134570445267431, 0.21295464609301878, 0.07924408875390672, -0.06510534109354815, 0.1977961323387533, -0.290259571993859, -0.2123916903248195, 0.16718079641067732, 0.029939450531015696, 0.048477819896094294, 0.09534068296055628, -0.49225187732598474, -0.016642604836881868, 0.02628193416459171, 0.5201916146107247, 0.4441096473785527, 0.011220588546291502, -0.0007122894857070211, 0.07715055848956054, -0.2102099073717246, -0.8908758695962812, 0.18196696394157602, 0.25789459641501467, 0.8356953238427002, 0.1722998704040716, -0.5136719085564684, 0.13189696594476055, -0.08324261144230123, 0.4733421772083136, -0.13315138382500077, -0.0335762137736121, 0.008109354374896323, -0.05743412824651807, 0.01493411764645181, -0.0009513059993919809, 0.004600328685961046, -0.16824764099695239, -0.07696267312506275, -0.19897264631861986, -0.09637745134091887, 0.12209976466168, 0.24308485241762615], "trans": [-27.23565439315367, -9.193929776448504, -0.9972942018638401]}