{"betas": [1.726796659765029, 0.41891031545459445, -0.15139553369490252, -0.5462419580768579, -0.07855182412525559, 0.07595039952460043, 0.008045347212360082, 0.06009336300381875, 0.04481580265154796, 0.006120580758014304], "pose": [-0.33140416623654756, 2.0479957079373543, -2.0479957079373543, -0.6238224351463306, 0.29680909901439717, 0.11574944334606582, 0.37846708645534594, -0.13916479437107895, -0.17374781748535792, 0.2863972722296569, 0.07013506538762662, -0.04572209118639213, 0.09240962338738153, 0.1070397660483055, -0.09083568009591658, 0.17234243582171882, 0.10565667966658969, 0.0032732516418117635, 4.710187520047987e-05, 0.023774479413758078, -0.0063379713048486875, 0.266411588998773, 0.08307458443474616, -0.1545187297392309, -0.11979394307248487, -0.09045441285022295, 0.07661111855770794, 0.0724638059358773, 0.08125570000582365, 0.018732169647172392, -0.23078122430403378, 0.24513523946932966, 0.30432090462545996, -0.1373026227206448, 0.05677294179836584, -0.09893166558850043, -0.3363562404475847, 0.028850186239817527, 0.03014296997105837, -0.02782163019799984, 0.12003709158393215, -0.3646453205474686, 0.05407132225045261, 0.08616786680702612, 0.4581879819554605, 0.295619992890519, 0.2501502946152542, -0.08741055148895525, 0.07826397783465729, -0.22900901301855767, -0.955509299634582, 0.3796402071748185, 0.525901053513647, 0.7230289100118255, -0.04148872526970901, -1.1232858719559378, -0.6325315337869717, 0.24719923922619821, 1.054658731950418, -0.21224421154691706, -0.17963917273625185, -0.027387382924100923, 0.3080860694294204, -0.19756542644666442, 0.10860773294992722, -0.18916461991094474, -0.12809768223481893, -0.05805726710428163, -0.15956724251705645, -0.10554033592986192, 0.09408329367828316, 0.20341929538064357], "trans": [-10.039807607049175, -1.8992275623645087, -0.7837970780409863]}