{"betas": [1.8964894903024812, 0.31493576625010133, -0.1035326407414528, -0.4364464500446508, -0.04973432451903863, 0.09833628269918979, 0.014303769774192097, -0.026993742994641887, 0.07112343154180402, -0.03308173982274214], "pose": [-0.15998363992405193, -2.1558914368584765, 2.1808914368584764, -0.5927468542071724, 0.021798356311572356, 0.048250062786299806, -0.08692058349348539, -0.06095884628935244, -0.06294846770732479, 0.33141852279434353, 0.03126075657457247, -0.014346534572574437, 0.5275280180233537, 0.11344873409278636, -0.1413741272862842, 0.23565026914524526, 0.001827511649262485, 0.13723548418481704, 0.01849799494542094, -0.053221702427328085, 0.036834741466629795, -0.015385741046800731, 0.13120308404447986, -0.10253597068557646, -0.14218491919729545, -0.1541819787157429, 0.17520959081648596, 0.02836867435207008, -0.033937541597229864, 0.015404850456303026, -0.21893109689375642, 0.19504644906750937, 0.2356044280377681, -0.06493399480165488, 0.10632120270035808, -0.2681172217737974, -0.10195108925061594, 0.10031981015349727, 0.049923426338165953, 0.038224458797692595, -0.1589672699289173, -0.3683492006437911, -0.0018998228549506411, 0.18710802815548036, 0.3716421597929159, 0.18883634587253367, -0.06821780601967363, -0.0050328955158163, 0.17469532623242312, -0.3053573814907543, -0.7534724280995331, 0.23124134768306717, 0.30364380704371824, 0.7747858767584227, 0.4173123917247499, -1.1861356262144573, 0.1971483962162761, 0.23046269040916942, 1.186346203956938, -0.23017817792530676, 0.11672430593460781, -0.12709057029497003, 0.1351444394706034, 0.055638414606918915, 0.13522046958031847, -0.10102918270855368, -0.23674500481611413, -0.054068697130642385, -0.2100734102433137, -0.1483538532835889, 0.11984160661405859, 0.2040720140841774], "trans": [-12.025290528808926, 8.317868652713372, -0.5327610643851165]}