{"betas": [1.7511515842605234, 0.3670231778082652, 0.03978433168027672, 0.004913282851196045, 0.02958606384598556, 0.001461046037256542, 0.028411238985692, 0.012589726574853976, -0.014340388809218167, -0.004234100351574732], "pose": [-1.4337223358466875, 0.7602370533962298, -0.7602370533962298, -0.5274484121146377, 0.02990903592998627, 0.051000162386227565, 0.27774761892304684, -0.09669997295259786, -0.13771107289099807, 0.2005575448679225, 0.0044005188594316135, -0.02081237669284545, 0.2759063329196486, 0.14723623213904485, -0.09884482340353548, 0.13888020514506041, 0.1752892418916589, 0.04291159622428486, 0.028198249703522235, -0.018025667655902012, 0.030893437128684836, 0.04048525472248478, 0.09592101614248719, -0.07310413085746739, -0.1297566906520708, -0.1629920770569955, 0.1735328094992177, 0.027433402309803342, -0.09740048372917179, -0.024650385924386432, -0.22230159642699282, 0.23569184716563807, 0.17946727709285681, -0.09353879629447533, 0.16615511437523017, -0.25944393674513694, -0.16969907003583898, -0.232952347935843, 0.05990928661383827, -0.07052032910823941, -0.2415713721192129, -0.2626894773144044, -0.03272889293327512, 0.3077571768708584, 0.3089030520902553, 0.28658290784133467, -0.4509643404355678, -0.05387060010333354, 0.2545948970599283, -0.4849227636456417, -0.6828599251993228, 0.33896006353092095, 0.1354610118975532, 0.8413431802940988, 0.06560378940492924, -1.2399257569138262, 0.40102453918913095, 0.16547301956621618, 0.6180699495024498, -0.10796030162487497, -0.022484981031782494, -0.09744418847342667, 0.26482029077009567, 0.009486615093520365, 0.08680915793536052, -0.16406635616838763, -0.10268779875210322, -0.04611979008226488, -0.15974992893907464, -0.10560312607497012, 0.10323541583522462, 0.17293085989360715], "trans": [-25.234706971722655, 13.130854236320454, -0.6118396776149605]}