{"betas": [0.12182979554792384, 0.0498104030700563, 0.01874907528210161, 0.028247290178977192, -0.01045515424154793, 0.003794310233826808, -0.007750463989420916, 0.008476040652062412, 0.013630708331879994, -0.014916307566096007], "pose": [-1.1472388114766232, -1.301015146984244, 1.3010151469842441, -0.47304083609510705, -0.047030186314255096, 0.10140276638815818, -0.5429771928381807, -0.008073081210040129, -0.10454428931299495, 0.4006806958867702, -0.00840280059099688, 0.0053176573598088545, 0.7032420574942448, -0.028343308132914104, -0.14211331116634715, 0.8212981078590538, -0.05573356572201105, 0.08759357853759454, -0.010348471575011845, 0.023072899585631336, 0.0008084111424890571, -0.040628540412766645, 0.04607611325391332, -0.028807877475412844, -0.13477180473781158, -0.17029353291608315, 0.18662801079747085, 0.04535958078696782, -0.03411989839679271, -0.0015929288191282706, -0.34029799959701434, 0.2703005543454732, 0.1640268392651912, -0.14530146361883314, 0.09386698815361402, -0.35024389876891193, -0.17109909021123296, 0.07675019803381411, 0.024771760445942193, 0.06892966840736406, 0.058857490485845876, -0.45508303951473944, 0.00664933428256609, 0.03787619930378641, 0.40843983154945646, 0.1486641881351371, -0.007204190770644132, -0.04515283142593941, 0.16309349762841152, -0.2464826268870983, -1.0300220377366136, 0.2473551837722485, 0.22573136354739076, 0.9646096562183595, 0.3247347497775563, -1.501560656207369, 0.4959997244957489, 0.053781939000424224, 1.489671955786418, -0.5314703338948266, -0.08886068733375108, -0.06256361637178183, 0.2230532073016031, 0.03674670359587973, 0.1301539823689474, -0.22177980759430563, -0.17750155835839945, -0.08933495062705299, -0.24204625380760772, -0.13843806395659658, 0.14382695528002373, 0.26894771987682253], "trans": [-43.42729867077685, -9.305770148673224, -1.1873311407520133]}