{"betas": [0.12182979554792384, 0.0498104030700563, 0.01874907528210161, 0.028247290178977192, -0.01045515424154793, 0.003794310233826808, -0.007750463989420916, 0.008476040652062412, 0.013630708331879994, -0.014916307566096007], "pose": [-1.1456560593987837, -1.2969885914922719, 1.296988591492272, -0.38164265798305824, -0.028609196622797005, 0.10089358031254504, -0.4408353051608261, -0.015438680590409017, -0.09843067099677168, 0.3312070197912756, -0.0038739919798029127, -0.0008501404330635868, 0.7124543313593219, -0.03494991246929163, -0.14490914563866686, 0.8152034414677715, -0.022134527168422596, 0.0874517948783611, -0.006167024751104824, 0.004161127746648451, 0.014056603689844167, -0.08044768411747262, 0.0669027847695921, -0.02739377802056051, -0.1574863545141169, -0.1758113658614753, 0.18621499226392488, 0.028087578005334592, -0.030274377044181566, 0.0030026546941157592, -0.30357823997588296, 0.2618108493413617, 0.15319242034094618, -0.13385005522581317, 0.13011771684600332, -0.33679974551661085, -0.20061910961678933, 0.11984481272982914, 0.041118576125631426, 0.02296899985288414, -0.057142500977088444, -0.39314700642943484, -0.02473633522348465, 0.13130343661478128, 0.3793993437128453, 0.14553008828884578, 0.0008012966903881522, -0.05262678553530715, 0.1212721678727445, -0.31080346852643487, -0.8794819902600787, 0.22921734696011967, 0.2925207976292985, 0.873005526289171, 0.2959766366776774, -1.4677373088246863, 0.446317034606936, 0.09287046551639101, 1.4287647580243574, -0.4545673456590145, -0.04156387592280804, -0.08433116766294764, 0.20595097144904162, 0.03321720264377579, 0.1259103575535826, -0.17752945492401118, -0.15636714988366684, -0.07427621959519307, -0.22208655499258373, -0.11783387444443037, 0.13300258003004295, 0.23637498081753766], "trans": [-57.49425196532305, -13.094788844384963, -1.3114549210165731]}