{"betas": [1.8964894903024812, 0.31493576625010133, -0.1035326407414528, -0.4364464500446508, -0.04973432451903863, 0.09833628269918979, 0.014303769774192097, -0.026993742994641887, 0.07112343154180402, -0.03308173982274214], "pose": [-0.28149042141396863, 2.0774546001259546, -2.0774546001259546, -0.38998832175694637, 0.028360790869653096, 0.1814961616595891, -0.17446619881498843, -0.042150540062566, -0.03961289487473351, 0.4058417599442081, -0.0013804723437232421, -0.010213366189857275, 0.3628571482376377, 0.05514546228155049, -0.1290547703511113, 0.3513136661557853, -0.018815274890637567, 0.06871821796669689, 0.0010682684525161557, -0.031260236271235385, 0.03588827155916529, -0.09998951069351146, 0.09921163491280446, -0.038441979065453616, -0.1759219784328985, -0.13296019785692387, 0.15265455060888206, 0.03231819908395206, -0.038057715795608564, 0.015098695756838554, -0.26789247399142607, 0.24093800731881276, 0.16483391906698683, -0.09163092516322315, 0.08381414984068636, -0.2659156480881273, -0.09221226360431509, 0.03253618477026842, 0.05482534759099541, 0.029096714417333955, -0.19191407135334992, -0.3256870652132579, -0.013605575992967023, 0.23906054847138178, 0.32727123118166535, 0.17541644495234684, -0.11871555030946548, 0.016861063222332252, 0.13357209855661806, -0.39514529808054577, -0.8096973785009711, 0.2182511577102282, 0.362968845715504, 0.8418254017741026, 0.3867506224268198, -1.2892083138158639, 0.29872374568927884, 0.2686542717791585, 1.2302616931266126, -0.28146262969865365, 0.03556871335180438, -0.0862343748409992, 0.18865188551845508, 0.06971157295289071, 0.10037039273807521, -0.13209088236792407, -0.1604474281249095, -0.04867508976403005, -0.18018238987185112, -0.12227260563554698, 0.1292333507109147, 0.18123858287741967], "trans": [-11.94449487028285, 7.150172756219183, -0.6114043365659869]}