{"betas": [-0.19266644468801378, 0.5771463667239267, -0.16308379457488245, -0.06462538974507079, 0.08054580167251779, 0.027975024271901693, 0.03561269911626106, 0.05188376016633901, -0.05289357868361275, 0.00684608270928935], "pose": [-1.4424789142070515, 0.7361441053509709, -0.7361441053509709, -0.3797846946215402, 0.016382208708371405, 0.19143946014749502, -0.44348570485649, -0.03259614297435801, -0.17925939165398375, 0.37088728412261607, 0.01209769418612229, 0.005679804065411998, 0.7010905035704765, -0.020859081129346556, -0.141051749207286, 0.8792631840146968, -0.012454375470116798, 0.09955458903366954, 0.07055316648849488, -0.02349928257393171, 0.009652670416987556, -0.13377742885789237, 0.07370894494528461, -0.07123699201479523, -0.2069856075228282, -0.16178102512063836, 0.175096711230358, -0.012915300470710406, -0.007917795856197039, 0.016981810856526117, -0.23846993454982093, 0.3027787393397978, 0.22783488652269082, -0.11030230346998549, 0.1387972931237777, -0.2801852687125955, -0.16836142912370625, 0.283355572054669, 0.03177006202337783, -0.03199805681405126, -0.4763024649334577, -0.3027063367929479, -0.03061796040374546, 0.5276485902684525, 0.264465495393516, 0.12881998501971864, 0.08444880042825806, -0.07995755731231803, 0.16568888956845532, -0.5058989276839931, -0.6962217279708078, 0.1974081500070228, 0.5946058692295992, 0.7172482258535493, 0.4866203020840305, -1.4898651265754081, 0.25065310512922356, 0.36716400093098955, 1.5552002918451369, -0.2645002632615292, 0.1526255281779664, -0.14698263061583242, 0.2276650030222941, 0.13819732543687177, 0.1621261377551662, -0.17868827405825394, -0.19951175560793438, -0.04782849310440121, -0.1944156383706825, -0.16500637452292158, 0.13083867295615434, 0.1909388376867023], "trans": [-18.983593471414444, 9.737424814799882, -0.5787716835574506]}