{"betas": [0.12182979554792384, 0.0498104030700563, 0.01874907528210161, 0.028247290178977192, -0.01045515424154793, 0.003794310233826808, -0.007750463989420916, 0.008476040652062412, 0.013630708331879994, -0.014916307566096007], "pose": [-1.1456560593987837, -1.2969885914922719, 1.296988591492272, -0.381642550980956, -0.02860908543552794, 0.10089318385618305, -0.4408359574217935, -0.015438509106049648, -0.09843046883077526, 0.33120780926595894, -0.0038741703511615457, -0.0008499335401060949, 0.7124546980727519, -0.03494987430402658, -0.14490913594155286, 0.8152035401439689, -0.0221347288420132, 0.08745190051744453, -0.0061667503931144224, 0.004160967322389764, 0.014056857106095754, -0.08044777099230675, 0.0669028297162483, -0.02739368857943933, -0.15748599151813672, -0.17581129100432338, 0.18621505140974964, 0.02808773651939376, -0.030274498022670432, 0.003002782417441439, -0.3035782029285996, 0.2618108853837089, 0.15319227938234892, -0.13384995048134468, 0.1301177072581881, -0.33679966842799575, -0.20061855483436825, 0.11984406667993663, 0.0411187299418673, 0.022969165963556335, -0.05714302615341738, -0.39314697582648944, -0.024736321582643283, 0.13130375898280308, 0.37939933263558073, 0.1455303062726662, 0.0008005844335893735, -0.05262648471094815, 0.1212721575823837, -0.31080383794664573, -0.8794821518575929, 0.229217281525504, 0.2925207021047964, 0.8730055617433472, 0.2959766952332183, -1.4677371905776082, 0.44631695912321956, 0.09287033043832006, 1.4287647853034646, -0.4545674875101544, -0.0415637181192088, -0.08433117972569781, 0.20595108160694547, 0.03321741141317336, 0.1259103496412686, -0.17752971334026454, -0.15636717153590313, -0.07427623928140425, -0.22208651901279378, -0.11783393667492965, 0.13300266764678637, 0.23637498754570335], "trans": [-51.891870584327705, -12.259262928461208, -1.3251824558263627]}