{"betas": [-0.459125293958982, 0.2836700625543276, -0.2828307762064238, 0.06170009900103966, 0.04114696315793381, 0.017447099752977802, -0.018216663065381097, 0.013285817624318214, 0.01584973647464493, -0.019639755817989615], "pose": [-1.706524354690799, -0.2730635622045916, 0.24806356220459158, -0.25654591695262935, 0.0016904730787328827, 0.01822335006093327, 0.03623840635535594, -0.0033583826639966424, -0.024365701411713472, 0.4503247014669988, 0.01379462906647564, -0.004813234932562282, 0.22297635445715952, -0.01387088670386806, -0.027904040970452446, 0.7820406609302676, 0.0008453201587015138, 0.0009394174303204231, -0.011614539372975316, -0.016579883132695972, 0.01732927185265967, -0.07665879730222858, 0.07845034710710098, -0.07873347925889125, -0.1591374472476951, -0.14694011041622398, 0.19302795208430243, 0.013336679056951942, -0.02197963743859709, 0.008063700850985357, -0.23498485619727819, 0.23308991117800995, 0.2360517277331669, -0.11582025499002402, 0.09027914143034449, -0.31541506864504015, -0.1985475539671394, 0.06417767685850187, 0.041163130111132096, 0.009972339619369629, -0.16033657429841155, -0.38224483104750856, -0.052954226462447226, 0.24833714699373588, 0.3372604827573823, 0.12168059854764937, -0.10425793675669778, -0.01785328470494494, 0.1446007418308722, -0.17108175918889576, -0.8829342072694877, 0.09186518473468223, 0.34104337683499514, 0.7374512073469814, 0.21348469735312667, -0.3074147633646105, -0.03748765801141246, 0.28661280021161445, 2.179523122612234, -0.3440411534457892, 0.011841111614353462, -0.04336819349325269, 0.16959197266965734, 0.019909892228694707, 0.10188281979447271, -0.18042492143852829, -0.24776137161782563, -0.07201974146958559, -0.2472598986876821, -0.16682833522297266, 0.13492787899317618, 0.246313251268028], "trans": [-12.419470226322499, 7.635622715092849, -0.39284333341594185]}