{"betas": [-0.04531959800123942, 0.25816046623113975, -0.10443940742347267, -0.07597029208210594, 0.013911735992459227, 0.013954990810594958, 0.00840059268463032, 0.018210526354907698, -0.01144635948893292, 0.002226290135924623], "pose": [-1.5676077957969003, -0.117368073188995, 0.117368073188995, -0.3384177082749199, -0.05848909775009261, 0.07162366417997598, -0.18299924030761858, -0.046212288318394856, -0.045571909794632715, 0.2738335343828463, 0.030867217556580635, 0.0015235361969145075, 0.8558233422569592, -0.08652826978565457, -0.17091344323902455, 0.4850661115162806, 0.05723481705174634, 0.09315950548906492, -0.02143693247707661, -0.002508605792070477, 0.0172054981415395, 0.035345223192880505, 0.05884223605574883, -0.025503511471575604, -0.05615341804301733, -0.18499616512003528, 0.14320674402971006, 0.07948653863755069, -0.030072669794615144, -0.01797773912687235, -0.3337546443763777, 0.22099827851697332, 0.06430400955355611, -0.060482714695427126, 0.19688235225699685, -0.2899901463441593, 0.051001515612710505, 0.039981546247042546, 0.06536570075239424, 0.056802644704276976, 0.09439549665791612, -0.4897306014200146, -0.014599662876136168, 0.01935590089028884, 0.5213718800073979, 0.40173084494554645, -0.06012546211110147, -0.06787212729355512, 0.06772606646812604, -0.22702709385173558, -0.8861165664579257, 0.1797210421485601, 0.25999916716967486, 0.8376943410147716, 0.1570602370610844, -0.540428063714409, 0.14241467197802846, -0.09329403687936508, 0.5093022203308396, -0.14455843574959804, -0.03762403099061662, 0.016007368413701754, -0.05524960133556028, 0.007583235402642827, -0.0038356272995397488, 0.002904954416283221, -0.16760342758674704, -0.07631861953421788, -0.20059712175119704, -0.09054648495134328, 0.12478940972078308, 0.2443134719022964], "trans": [-27.75846423071766, -6.154338138958446, -0.8612063952361382]}