{"betas": [-0.04531959800123942, 0.25816046623113975, -0.10443940742347267, -0.07597029208210594, 0.013911735992459227, 0.013954990810594958, 0.00840059268463032, 0.018210526354907698, -0.01144635948893292, 0.002226290135924623], "pose": [-1.5675809234788618, -0.11786132799785688, 0.11786132799785688, -0.6039859517514583, -0.061526776375559866, 0.11309063380750833, 0.06068718203456476, -0.10029309657715668, -0.03966070716365008, 0.2948544282396865, 0.1350775862347343, -0.028440050490969895, 0.442442731770536, 0.1003649396574986, -0.1476925893697888, 0.5607225516548818, 0.11840312221348001, 0.054070015966563016, 0.021027062818086504, -0.011650516574122818, 0.004864653718684006, 0.09784890252517035, 0.14189332930567103, -0.14301496141298262, -0.19580938507289522, -0.18044176464230138, 0.1296665862384398, 0.0520647483884948, 0.03417531541517951, 0.013071184698260076, -0.2209846981628614, 0.2040325097165964, 0.3113835141446403, -0.136606922404421, 0.13177087878193192, -0.22337797327245806, -0.08468735756509427, 0.4049944208572695, 0.022704073045440615, 0.01243921342574873, -0.05143460012263099, -0.36389160466204507, 0.025473049032952194, 0.18601508201599448, 0.3758676814543384, 0.15517312598188596, 0.20838755549121044, -0.09361119106894558, 0.19500062287250533, -0.10032676982368373, -0.7132713593086814, 0.2882616571874986, 0.40170715517504213, 0.8153571315381218, 0.3101680018917106, -0.8957114838562291, 0.06395373557617362, 0.30318649592993907, 1.0918678218798432, -0.06517930390039968, 0.1243389717094113, -0.09355623111334478, 0.2041425926034835, 1.7026803176792045e-05, 0.1402047951049531, -0.14887644936423888, -0.3045437739885634, -0.056529861801244884, -0.21018743782340624, -0.17458774366996335, 0.09733868531710936, 0.21484086534184182], "trans": [-27.617541182172427, -7.400964052036493, -0.8403073389043505]}