{"betas": [-0.459125293958982, 0.2836700625543276, -0.2828307762064238, 0.06170009900103966, 0.04114696315793381, 0.017447099752977802, -0.018216663065381097, 0.013285817624318214, 0.01584973647464493, -0.019639755817989615], "pose": [-1.7126702074927194, -0.18728505978356413, 0.18728505978356416, -0.39180418364658753, -0.0008937527067683672, 0.005542644347941113, 0.20546097610639327, -0.009992048930153999, -0.004566203140638943, 0.39271471707642247, 0.02106439719709094, 0.005397943527596893, 0.4639896508043465, 0.08406668467078465, -0.1375748605914873, 0.6796486457557976, 0.053225873912748, 0.08027289207201281, -0.007418987171547103, -0.03374829432157369, 0.02338618680737904, -0.06678225296304749, 0.11282902602520155, -0.12146467447651686, -0.11189662811912071, -0.15508968181000288, 0.25597295946742493, 0.008886629287374275, -0.025701241007670954, 0.009265552502599916, -0.1851251673226352, 0.19050153657854102, 0.30628805631058464, -0.09765982654200314, 0.10374851305232703, -0.37512368216837744, -0.22370028565957464, 0.03793492892257911, 0.04684377801960428, 0.02562284928992352, -0.12661531079616042, -0.4018918414484136, -0.05690680813157915, 0.20893001811426976, 0.3350832268483706, 0.13007587528075654, -0.12007931672764022, -0.021552809904100283, 0.13238264465132596, -0.21079388927433326, -0.7929801502865356, 0.037250917780078205, 0.3776997417847919, 0.6353927684275615, 0.19946980258618208, -0.8789891262940521, 0.16114481304344627, -0.1653886282572986, 1.1221463158631666, -0.3769679839506526, 0.03701921652218151, -0.06605830673312191, 0.08423318677926055, 0.018119414094843477, 0.1069926679423195, -0.1374954115119987, -0.30997439036409147, -0.07477235589147363, -0.27845004753250685, -0.20562482905353976, 0.12781665419800706, 0.2667244730374613], "trans": [-11.450557805331032, 5.074437367876978, -0.5621909510879932]}