{"betas": [0.19173745763710806, 0.20679507266967936, 0.025545764337162807, -0.024244743693028488, 0.0007202369641003663, 0.013236882350636182, 0.021343764601424748, 0.007373052342460504, -0.01918535564321634, -0.005662447391478864], "pose": [-1.543966056404092, -0.33973581517036683, 0.33973581517036683, -0.6326777581140811, -0.03377833493091275, 0.020942758162491623, -0.15053043661708465, -0.04294508259826605, -0.014148514483454042, 0.2599211011565759, 0.024912713960162324, -0.0018758154789282168, 0.6832484597199254, -0.027652149676469697, -0.15877723731615154, 0.352660506146141, 0.34214393011514505, 0.11294212772046286, -0.04960530058945762, 0.003259924850225347, 0.003603638238476114, -0.040351629176780195, 0.10012880304780387, -0.10132757139459786, -0.15942795826269338, -0.17752806374836053, 0.20366928965354023, 0.025073805166096415, -0.009161191411419382, 0.010134178132723489, -0.2454393445132547, 0.19023967768178937, 0.22121416432479643, -0.1034292725144815, 0.11409495240370901, -0.3373230346032661, -0.20373642508370723, 0.09085048146699519, 0.019055309967357707, -0.01815333784588461, -0.06693699403851895, -0.31549710813825826, -0.03259993584421589, 0.16519954379924692, 0.3080648061332505, 0.11181608234950682, -0.04355115964776723, -0.0016228605159160606, 0.8924103452026333, -0.8677355794074985, -0.8400875107368144, 1.0667659258307103, 0.5330812224065294, 0.8086599191511734, -0.07122742098104903, -1.2473120381067742, 0.4111469542500608, -0.29319877950892, 1.2751568908206612, -0.3609942782813395, -0.07700954712572186, -0.05435674523571478, 0.12316809577661395, -0.0026219415310734387, 0.05029928168358095, -0.0700371356201103, -0.1519100180754977, -0.050023497862597216, -0.17721845851248272, -0.11311715745019985, 0.1008620176951745, 0.17261825247932194], "trans": [-28.24141595849022, -3.89384410935506, -0.8908669859156171]}