{"betas": [-0.04531959800123942, 0.25816046623113975, -0.10443940742347267, -0.07597029208210594, 0.013911735992459227, 0.013954990810594958, 0.00840059268463032, 0.018210526354907698, -0.01144635948893292, 0.002226290135924623], "pose": [-1.5705791230032966, 0.030641110750743876, -0.030641110750743876, -0.48645293484793417, -0.06332834067908968, 0.04350904774461977, 0.24943687028640205, -0.0844412212004221, -0.03114349472337929, 0.24479386236001197, 0.08591848312672323, -0.01802594837547352, 0.2168598337811049, 0.03198819656124932, -0.15627576503101778, 0.550676233706917, 0.14579517268075137, 0.06480377947738947, -0.02225142876462125, -0.021227213981391543, 0.01672862486837366, 0.060883603249092144, 0.09196891862649659, -0.028883548808858156, -0.10161535055267858, -0.17040391127865825, 0.11077414106211718, 0.07706828805871946, -0.01628922010639917, -0.01972475828690349, -0.27309457164147105, 0.21916254731822019, 0.13367298810834302, -0.09173192863096022, 0.1667752899124309, -0.19944531626741702, 0.01572064607176867, 0.04310950260048523, 0.07135850052383162, 0.04523541692601295, 0.10182683306728162, -0.49644073565954283, -0.016297006547698823, 0.022837997038253424, 0.5176791919542444, 0.36082963258049827, -0.07981654063382512, -0.06884679610160245, 0.08352052183235102, -0.19634599161341743, -0.8869475680557529, 0.1874437775760433, 0.27813047311989086, 0.8420051258918724, 0.15969782020473966, -0.49630047304778285, 0.13141008403759125, -0.07382528989567812, 0.4884152289201734, -0.14191572549048306, -0.04306157700466003, 0.018257319217094753, -0.05807687474923483, 0.0030310063509701455, 0.0038891440927987958, 0.016087325897168478, -0.1951271351672536, -0.06499852417441927, -0.1938205386983179, -0.10593658344073267, 0.11235375607089543, 0.22730586976204278], "trans": [-28.295765309128974, 2.2061429283244927, -0.7629903591237257]}