{"betas": [-0.04531959800123942, 0.25816046623113975, -0.10443940742347267, -0.07597029208210594, 0.013911735992459227, 0.013954990810594958, 0.00840059268463032, 0.018210526354907698, -0.01144635948893292, 0.002226290135924623], "pose": [-1.5695943876855567, -0.07207315743356105, 0.07207315743356105, -0.5050794604350708, -0.06293992052768206, 0.05254162002665111, 0.0468369588012728, -0.0792409919822676, -0.03402829320121403, 0.2568228945920449, 0.08285123719507591, -0.01793185638938118, 0.5518772816134013, 0.04136891767363827, -0.16054873436224115, 0.4856611987127741, 0.1412698035668693, 0.06140845674335187, -0.0279819103866462, -0.023512302696288515, 0.017016455687587088, 0.052232444954910334, 0.09045645097153043, -0.03736857745552099, -0.10212843860231981, -0.17795218785410225, 0.12812536125171606, 0.0794873527862545, -0.019191214353308558, -0.0173054823161896, -0.27039206022262474, 0.2196983899684757, 0.14035424073306807, -0.08548301185520295, 0.17583277350440144, -0.22952781749722456, -0.00633261234238868, 0.04263248424559637, 0.0684416101122118, 0.043913538671743274, 0.098233306193434, -0.49340940705068986, -0.01813349400799418, 0.01883632471941165, 0.5189075286977227, 0.3609503528376937, -0.08854033624988608, -0.06183945600024787, 0.07975305533262657, -0.21005889795874838, -0.8852603199400956, 0.19387381670582063, 0.2715741421991559, 0.8436166212187077, 0.15539483745438407, -0.5150839378187523, 0.13669658150500655, -0.07062236778100761, 0.4902673492463881, -0.14036716876784672, -0.03844368607888833, 0.01069730340038535, -0.0448571212582053, 0.010562895045959822, 0.007075222765303107, 0.008847317865214692, -0.18630930971175527, -0.066647201419785, -0.19063509260251393, -0.10729470021385328, 0.1130065882541408, 0.2265265657509096], "trans": [-28.208217134826107, -1.0693023816084724, -0.85372862151266]}