{"betas": [-0.459125293958982, 0.2836700625543276, -0.2828307762064238, 0.06170009900103966, 0.04114696315793381, 0.017447099752977802, -0.018216663065381097, 0.013285817624318214, 0.01584973647464493, -0.019639755817989615], "pose": [-1.5708772526654107, -0.5061864362152286, 0.5061864362152286, 0.3314364746115551, 0.011247899077927288, -0.023337154334567487, -0.38472748205747875, 0.0173915282896365, 0.00563953528784782, 0.4301713464522596, 0.01865984024082714, -0.005832779660742914, 0.417809997968109, -0.011231800273547067, -0.09224361314545715, 0.19846589549568225, 0.009937692826033094, 0.01648034830209237, -0.03498696273070241, 0.0015404828915374187, 0.01425992412373627, -0.07283057665771427, 0.06971612279909255, -0.004053179363198442, -0.17667471271754254, -0.22612609226845556, 0.13625616339149613, 0.024730429575738382, -0.005387158671320529, 0.0033650191646848147, -0.2680206383618954, 0.23447542601043592, 0.11114604718206694, -0.10773216584933333, 0.1687426816288934, -0.30823165966704613, -0.22100629445487122, 0.06581038495189415, 0.05359470328451875, -0.02490121096054303, -0.13990670060651697, -0.3373697451773328, -0.09901264791519428, 0.2619950586671615, 0.3072249995613699, 0.12479186702527054, -0.09393890358155496, -0.03476693729954012, 0.006577667568727795, -0.28525979054413464, -0.6503067063564101, 0.09186518473468223, 0.34104337683499514, 0.7374512073469814, 0.1059992969191624, -0.9112666620955008, 0.20341644827754093, 0.28661280021161445, 2.179523122612234, -0.3440411534457892, 0.0645981803647031, -0.07291072397453073, 0.23489068776160318, 0.06816279839524926, 0.15115768320801617, -0.24994704499171333, -0.2408554916415256, -0.08235047196832829, -0.24081183780583176, -0.10773319850483039, 0.14155018018177584, 0.24373686671687958], "trans": [-13.794939092173154, 10.527824426738265, -0.36513366181777324]}