{"betas": [-0.459125293958982, 0.2836700625543276, -0.2828307762064238, 0.06170009900103966, 0.04114696315793381, 0.017447099752977802, -0.018216663065381097, 0.013285817624318214, 0.01584973647464493, -0.019639755817989615], "pose": [-1.718453530438115, -0.22561320604959909, 0.1256132060495991, 0.01485589718883891, 0.001733441059865462, 0.04306759066667861, -0.22746897951032666, 0.005642938323054424, 0.02193766285149093, 0.3435174758036239, -0.024669317335781035, -0.015978503989798436, 0.15786658279128918, 0.002312515433571409, -0.022115332560546777, 1.043060386037328, 0.012731442793011874, 0.020560398779221903, -0.06773044494793933, -0.045911412932041214, 0.06579871838039007, -0.0367014015752576, 0.1015988099656218, 0.043087801656699315, 0.10229215999316063, -0.08038021883440453, 0.17887882790896628, 0.020939241845333436, -0.062278246334180436, 0.0010496896304039286, -0.19829339705577448, 0.24892934398078448, 0.1447567461489677, -0.14790838431785291, 0.06332182554553757, -0.2817877564127584, -0.1744430632831143, -0.026406043691577074, 0.11909356655031868, -0.007486527725713182, -0.05349213019342568, -0.41383556979141145, -0.1491010903653689, 0.10255640690159962, 0.3953808381009255, 0.24810609915687196, -0.19234573794193294, -0.03657768972292552, 0.5413015383487126, -0.39728649796387694, -0.8802571334331492, 0.4611362630110478, 0.2375955518937682, 0.7102715816997978, -0.2710958673951587, -0.3639271800794204, -0.21910600900107666, 0.28661280021161445, 2.179523122612234, -0.3440411534457892, -0.1590066151222965, 0.1089456162615529, 0.08553483599625822, -0.1698509428256649, -0.0013562243629577871, -0.14983336762208996, -0.2368825867530525, -0.08744049574187579, -0.2978853983282702, -0.1446774933595545, 0.14740519909049538, 0.30372972280905197], "trans": [-9.949983183574133, -2.5146724896076003, -0.6810761265229134]}