{"betas": [0.19173745763710806, 0.20679507266967936, 0.025545764337162807, -0.024244743693028488, 0.0007202369641003663, 0.013236882350636182, 0.021343764601424748, 0.007373052342460504, -0.01918535564321634, -0.005662447391478864], "pose": [-1.5646839830552777, -0.16245915842276676, 0.16245915842276676, 0.19132094368975427, 0.08664087416928098, 0.07231813545726803, -0.733802726131848, 0.00966512780105393, -0.0041422227519165924, 0.3084114911199003, -0.08225089180820962, 0.02925122275132289, 0.3236658855013602, -0.1666139750706412, -0.11021781877994619, 0.5225820541701647, -0.022863229034607493, 0.1116510336698588, 0.018723151623779574, 0.005743881739703005, 0.016991298158197374, -0.13393167665888678, 0.027291256275843376, 0.011837082500271864, -0.0518783309441156, -0.18460440431595043, 0.22936039317669377, 0.020136371970539652, -0.05858659174506984, 0.0017539404094087457, -0.3210405181872243, 0.2963780721673913, 0.05101562779123591, -0.08914089628029567, 0.15392006245821757, -0.380538680310492, -0.1390726151182229, -0.04579631934232945, 0.06523574483707338, 0.002917007274700658, -0.11253576957162287, -0.3530501335678261, -0.07633557060780352, 0.15319122295273613, 0.32767413903196824, 0.22396280810827468, -0.11793838688030478, -0.02234286844086607, 0.8924103452026333, -0.8677355794074985, -0.8400875107368144, 1.0667659258307103, 0.5330812224065294, 0.8086599191511734, -0.07122742098104903, -1.2473120381067742, 0.4111469542500608, -0.29319877950892, 1.2751568908206612, -0.3609942782813395, -0.1418974824129904, -0.11075918596201344, 0.24588272376812473, 0.03999585345171229, 0.14303410981782744, -0.24151210926065744, -0.044810603704694564, -0.08287202642691545, -0.21509235273426883, -0.07070564950371548, 0.155116895778286, 0.2490610039037592], "trans": [-30.024545296803343, 9.421534147210393, -0.5553355352696082]}