{"betas": [-0.10716845975804463, 0.03555393559239171, -0.022909588301634677, -0.0022321960585287635, -0.011360188238027402, 0.007048778770267401, 0.0026244476494828445, 0.001119221678184007, 0.011361241992361597, -0.011308692156923365], "dual": [-0.019188761568602844, 0.007684004109284076, -0.005760458879237658, -0.006859394631225459, 0.00034632227636895857, -0.0018244394639423634, 0.00030399963054763375, 0.002037357373925741, -0.0006792786373611363, 0.0012047239675020797], "pose": [-1.2059915521146727, 1.2141826703040066, -1.2141826703040068, -0.46329132116623134, -0.03264222516096493, 0.09478364400772886, -0.4767795986393072, -0.014690811455349322, -0.08973019333435857, 0.39615114863778894, 0.002931309175747509, -0.0028118725101216524, 0.7782393136256621, 0.0031089854246912725, -0.15726133818475072, 0.8822033716318153, -0.03991068460958483, 0.09469327716912765, -0.006757360977938069, -0.00493949899893325, 0.016862769441479655, -0.08892695586854298, 0.06220789390170512, -0.003963055382555211, -0.16402833736717465, -0.17368748702334125, 0.1649653320036344, 0.03091024428861368, -0.02997429009836329, 0.0021413293997596594, -0.30098054015127357, 0.28050149311816414, 0.13382519380372487, -0.1330178689992684, 0.11960540348039027, -0.3124984121404882, -0.1712991564673956, 0.05899099399897467, 0.04647479819854786, 0.01261223076746389, -0.09169769097071102, -0.3748430838811843, -0.04910506868846351, 0.16727219720527173, 0.3485110147323797, 0.16359588570989972, -0.061407578445861435, -0.034548473088559205, 0.07438869358166605, -0.3202945137033263, -0.863119449567393, 0.1724865197607165, 0.319696739032012, 0.8544630220154922, 0.2290880593046766, -1.4774356047400712, 0.5051266692201912, 0.02959543758923, 1.5376143640639452, -0.5689982493564506, -0.03982194471501328, -0.07346756223129376, 0.24022857897473734, 0.04237038660356316, 0.13387145608645673, -0.2323735003563036, -0.16007500399097588, -0.07632909265918113, -0.2304728832184481, -0.11605203054922994, 0.14222728142893837, 0.24776693938842184], "trans": [-54.479401509877334, 6.627097414932769, -0.9188364620619718]}