{"betas": [1.8964894903024812, 0.31493576625010133, -0.1035326407414528, -0.4364464500446508, -0.04973432451903863, 0.09833628269918979, 0.014303769774192097, -0.026993742994641887, 0.07112343154180402, -0.03308173982274214], "pose": [-0.02679821419964839, 2.209230837342786, -2.209230837342786, -0.6631744791200443, -0.005398564430069246, 0.02209514915687004, 0.025384846901072847, 0.0113898092248595, -0.003561432742642555, 0.14265101390806986, -0.0799600905621833, -0.03739501179531863, 0.8847582014032994, -0.0034641991897986987, -0.03495261097255585, -0.0026887222257100754, 0.05126928186773471, 0.020081867661922936, 0.07899473767517555, 0.09419803409260526, 0.021687531052451393, 0.03373950692827253, 0.14694315217106216, -0.07949779029698054, -0.02543971721690055, -0.11639842054237609, 0.1334598029355384, 0.07384551611219943, -0.13567891373300803, 0.0015631809940398235, -0.10270416465660755, 0.029802124241683756, 0.07940347772113591, 0.06197421832160251, 0.15100093891570235, -0.2592013525985365, -0.06317096352363914, -0.315889608084866, 0.12035424155037923, 0.04419974719944884, -0.4401398508482324, -0.1901038248478633, -0.14018348543905806, 0.31137150521187174, 0.23448822667906807, 0.12685406572354524, -0.5109225525041249, 0.24784409319936807, 0.20525466191280523, 0.07155414207641311, -0.9108907556471689, 0.35999094569791806, 0.2668928614836416, 0.905235694563054, 0.5487871362811146, -1.0508072209849428, 0.05319661061721544, 0.5005305947997618, 1.1633550822903445, -0.1179825325053921, 0.1475036949758102, -0.10003317293008734, 0.03632015681255722, -0.0061250725989279746, 0.07675674529117774, -0.07917232810453706, -0.26589593323058364, -0.04865616984064326, -0.19196179453152226, -0.11270906792168207, 0.14475753155001547, 0.18741944566291835], "trans": [-10.45352175675628, -2.279546039064804, -0.7783966028213279]}