{"betas": [-0.10716845975804463, 0.03555393559239171, -0.022909588301634677, -0.0022321960585287635, -0.011360188238027402, 0.007048778770267401, 0.0026244476494828445, 0.001119221678184007, 0.011361241992361597, -0.011308692156923365], "pose": [-1.2903007794404613, 1.0731595769589752, -1.0731595769589755, -0.49344085783209074, -0.05289923415585511, 0.11510449132452676, -0.4499499884828821, -0.010958493509577215, -0.10423411307050198, 0.3702595425144987, 0.012437357224072411, -0.009803391687586678, 0.7624898170294127, -0.0034945807423617833, -0.1547209427345704, 0.8884271924440158, 0.00242777014538122, 0.07963535197158238, -0.006060802604505484, -0.00705786885240325, 0.00925394579374985, -0.08625235852262196, 0.0494286537271939, -0.013036222294173078, -0.1891987801552174, -0.15319797990647238, 0.1692850501485, 0.017054741849665777, -0.02169269011032392, 0.0036957544912294645, -0.2996666171707236, 0.30295135398773093, 0.14584649612652784, -0.13866906629503759, 0.12236396386162718, -0.30903261272376514, -0.20809725362815898, 0.1256780830955256, 0.030194568190537372, -0.03222918244514621, -0.17711324907729023, -0.3184285086062106, -0.06012639197848653, 0.23728970068007268, 0.30343993020771237, 0.14012687237488436, -0.014823948061769352, -0.04283278131322689, 0.03905301851671953, -0.43474871993897607, -0.8021589227988728, 0.16307612395860027, 0.38503255023903643, 0.8336634722509862, 0.1842260931183048, -1.6743466555877062, 0.5975816899742712, 0.04207196797956251, 1.607607270813922, -0.5880487997965587, -0.09968201088221236, -0.09365790641297003, 0.2781386107378077, 0.012225207761848348, 0.1379142433982284, -0.23079912364014887, -0.09061942185780847, -0.06327436824625184, -0.20919358453207423, -0.09943706732510994, 0.1338604580457702, 0.2258238023490703], "trans": [-57.231623451402875, 6.231756063134661, -1.029561538644103]}