{"betas": [-0.459125293958982, 0.2836700625543276, -0.2828307762064238, 0.06170009900103966, 0.04114696315793381, 0.017447099752977802, -0.018216663065381097, 0.013285817624318214, 0.01584973647464493, -0.019639755817989615], "pose": [-1.678904686881351, -0.09041169045291193, 0.09041169045291195, 0.12217615397121485, 0.016205626394404912, 0.0059149535935845154, -0.4481783602581877, 0.020599780411614598, -0.01849282172441198, 0.36410300630443715, -0.014025715654256697, -0.0074730493639202835, 0.016954005704660394, 0.04031722073306239, -0.008016418140580087, 0.9109032546213285, 0.018266942946711287, -0.0038895633709805505, -0.04491234934511877, -0.06528589608663664, 0.04792336267773322, -0.10302214802590799, 0.10435464156861493, -0.02634838484787836, -0.13423358288876988, -0.1551977902936372, 0.2117745466227797, 0.021210451029889412, -0.05652561518442436, 0.015461818237468818, -0.21311887849756625, 0.20163201232983122, 0.15593806043281958, -0.09182706993686825, 0.13976805054865013, -0.3676874326912862, -0.22963543636340145, 0.06605020380396547, 0.052218443806014626, 0.002805788757862208, -0.17509715672217557, -0.3497258116856689, -0.0971137039652273, 0.16956909776958312, 0.31914571132550074, 0.36997398088820693, -0.0877517093376442, -0.012479529122200624, 0.6397562185765966, -0.45769186603712714, -0.8683220245944938, 0.09186518473468223, 0.34104337683499514, 0.7374512073469814, -0.1192534859835002, -0.6674305768818294, 0.1202705433140379, 0.28661280021161445, 2.179523122612234, -0.3440411534457892, 0.0647676304724526, -0.057841875979347646, 0.14140308247803643, -0.006227687226399155, 0.12651852745941566, -0.17011392991860433, -0.2689469743518879, -0.08575108603453759, -0.27413791115171626, -0.15058367456554814, 0.14610321662598724, 0.2766312513098915], "trans": [-10.37795892516103, 0.22644255242031447, -0.6285674853676712]}