{"betas": [0.33303066142902105, 0.22906885785386125, 0.1321746135337195, 0.03485680493593007, -0.034928744222964915, 0.03738652273642406, 0.06435992437738675, -0.06135207138309116, 0.004712805749211021, -0.03328562850670294], "pose": [-1.2106868903528862, -1.3640145422816157, 1.339014542281616, -0.4826899394026789, -0.01640170335310831, 0.07420820381076834, 0.13321390912579445, -0.024766214951159667, -0.07349762460451525, 0.43521484370013236, 0.007171849585223242, 0.012034586030335819, 0.1539260913693381, 0.06933366659647024, -0.07793703406662997, 0.4098794687924894, 0.0530331666156876, 0.057017493872729565, 0.002299725418326612, 0.014332197665227314, -0.010546399850737553, -0.029635363827619172, 0.057753073952312405, -0.06840020923375673, -0.10248085469755336, -0.14082119200481946, 0.19064142292551814, 0.024656082114791086, -0.010682481157794655, 0.010079712927147386, -0.2617172416565893, 0.2733063223339143, 0.18111663438534087, -0.11942923480824316, 0.10545462092236677, -0.2965352113734035, -0.12839834047358742, 0.16001969238629657, 0.017912961304937275, 0.009776370119285288, -0.14758241670730088, -0.39459095961128093, -0.004498024010437608, 0.2569667826492542, 0.3648620724619443, 0.15303817244402879, 0.028657223825209452, -0.03281463173869698, 0.06297811257349624, -0.3483451036124218, -0.8711839690565611, 0.19364838660203992, 0.4232422702525356, 0.8963408200380591, 0.10196418458651049, -1.0985440434792118, 0.36482724460712757, 0.09136706835442472, 1.181436757230875, -0.3289780222276847, -0.02863295829423432, -0.059403936816920834, 0.28850795420172276, 0.05692798724910408, 0.11118123181297586, -0.2387480264963999, -0.15002398946891, -0.07340726927351508, -0.18818669509441452, -0.13319055621882686, 0.13332424225489442, 0.21693188531392624], "trans": [-22.736557704712187, 11.262789559877659, -0.6040592271504612]}