{"betas": [0.19173745763710806, 0.20679507266967936, 0.025545764337162807, -0.024244743693028488, 0.0007202369641003663, 0.013236882350636182, 0.021343764601424748, 0.007373052342460504, -0.01918535564321634, -0.005662447391478864], "pose": [-1.5699798628338593, -0.05940402767645272, 0.05940402767645272, -0.014386416204661752, 0.07449527982586107, 0.004914258282362312, -0.478753840085463, -0.022060890334761454, -0.01098454720629561, 0.3399718730457793, -0.06673980788270517, 0.01171131469527729, 0.2953579213373896, -0.1802617570179269, -0.10524341216390476, 0.2402401357837314, 0.0004136385256758744, 0.09998165819341467, -0.05852101191299168, -0.003891512050985739, 0.028556666648425707, -0.10171225091060755, 0.09317448813091092, -0.06424415656831929, -0.08620289242538934, -0.1835419870850853, 0.2728757904839854, 0.027718880511374444, -0.06330167632831264, 0.014567523642867402, -0.2775269222685423, 0.18240499938067525, 0.15706177065143417, -0.10609659478176625, 0.13809790361890556, -0.44244711773967266, -0.25461402791887894, 0.03871281129611786, 0.03345646809540652, 0.034118634886503796, 0.02883172141532577, -0.364097234584385, -0.02871969369766623, -0.008036410910384022, 0.3695119688089799, 0.08178985760812182, -0.05476415277796354, 0.00011360360529424947, 0.8924103452026333, -0.8677355794074985, -0.8400875107368144, 1.0667659258307103, 0.5330812224065294, 0.8086599191511734, -0.07122742098104903, -1.2473120381067742, 0.4111469542500608, -0.29319877950892, 1.2751568908206612, -0.3609942782813395, -0.038560709763347176, -0.07251628529629905, 0.13738674505944545, 0.012354305953116639, 0.08722153436978868, -0.09167018597051724, -0.16095149473426215, -0.07834736898880776, -0.21723427383069574, -0.11129819165177349, 0.12565800132991264, 0.22499567460733497], "trans": [-29.107187545780707, 1.308445980100338, -0.8349056302582627]}