{"betas": [-0.04531959800123942, 0.25816046623113975, -0.10443940742347267, -0.07597029208210594, 0.013911735992459227, 0.013954990810594958, 0.00840059268463032, 0.018210526354907698, -0.01144635948893292, 0.002226290135924623], "pose": [-1.5688628091347085, -0.09140664933473075, 0.09140664933473076, -0.5138663863657131, -0.0700556976076851, 0.042237689768042555, 0.10421205348796246, -0.08719029350825586, -0.0269694151874801, 0.24665519597417068, -0.01934892696815629, 0.0054718906755213, 0.15214528696225305, 0.0481376249682371, -0.15008975772298014, 0.47768245553882865, 0.15267649146908183, 0.05535235207514374, -0.02100012195172195, 0.003937076279927608, 0.024361360620867273, 0.009816158781049026, 0.08551194531307657, -0.01603425608305134, -0.042126785150770216, -0.20711283389202043, 0.1688089307725717, 0.0684173995191712, -0.04531720732570303, -0.014105099310060484, -0.28829191580371133, 0.19433621219449068, 0.06869250393903298, -0.06077907608142116, 0.21393903864733535, -0.28876670044686137, -0.007634627923144335, 0.03432196633196804, 0.07559660517942171, 0.050006800322429934, 0.0754488005057284, -0.48090361157137856, -0.017517784336378274, 0.010698520545074948, 0.5309980611837696, -0.026340718167504162, -0.7857382085556832, -0.05506634074872019, 0.05726851412002537, -0.2544335469632792, -0.8667226356899799, 0.20035273065333414, 0.21644675561066865, 0.8501365390996771, 0.1410427175343823, -0.5493295449004846, 0.14053058387552692, -0.10010084083202214, 0.46677379713414074, -0.14334565202699084, -0.014082504724479616, 0.009048036600735105, -0.051052049826797355, 0.03304077228408618, -0.0027626093184846077, 0.027003753778721974, -0.17649628582451893, -0.07829069358101451, -0.18946871990604697, -0.09406115925945606, 0.12223498133841794, 0.22755098746473007], "trans": [-28.272855481613995, 3.5825838979574636, -0.732507089274959]}