{"betas": [-0.459125293958982, 0.2836700625543276, -0.2828307762064238, 0.06170009900103966, 0.04114696315793381, 0.017447099752977802, -0.018216663065381097, 0.013285817624318214, 0.01584973647464493, -0.019639755817989615], "pose": [-1.6443935652174912, -0.3370313140100373, 0.3620313140100373, 0.11664425171421075, 0.010051103031235652, 0.000799601296813314, -0.3102905030920452, -0.0022570384945959955, -0.005400474927354779, 0.45252249004161416, 0.005786207828129052, 0.0030637550020524346, 1.0341586740646316, 0.004572782959300102, -0.0039076453231756195, 0.44761168401745965, 0.009750370606015045, -0.0007777336151373812, -0.05642006574656239, -0.005418985427776093, 0.016831607150932185, -0.09153420085966096, 0.0858237774592207, -0.0044729445375886745, -0.17307245694929582, -0.2380002775181284, 0.12250793056035078, 0.01713315068436004, -0.014850249919889109, 0.013310243882700945, -0.25401454871578794, 0.21314530412789187, 0.06608430247166026, -0.05849825442229148, 0.15958171189306972, -0.2991265621870903, -0.2128446294000016, 0.0670559959902712, 0.0461566396474678, -0.023232060861835588, -0.14405084268329577, -0.3384307955595486, -0.0829616019158344, 0.2370835076645627, 0.32826807043871403, 0.12162199402607085, -0.07224194932175736, -0.013447495481671552, -0.0377885853755698, -0.2631773411764745, -0.6680497159087565, 0.0677441343336374, 0.21314619394583112, 0.6933562660175477, 0.0541359883736222, -0.8137478890511723, 0.27474369980438057, -0.11537533294165374, 1.026882401317401, -0.44481577355321356, 0.1348550507382268, -0.07884582336860779, 0.21729878271297118, 0.10074945441784407, 0.1417021899696065, -0.22122403614734865, -0.23149065130792448, -0.0849286212792083, -0.22276820770647773, -0.08772941341354477, 0.1423010322616751, 0.23033037798258596], "trans": [-12.64917207411779, 8.339132881321584, -0.3855696672120871]}