{"betas": [1.726796659765029, 0.41891031545459445, -0.15139553369490252, -0.5462419580768579, -0.07855182412525559, 0.07595039952460043, 0.008045347212360082, 0.06009336300381875, 0.04481580265154796, 0.006120580758014304], "pose": [-0.20518176410261615, 2.1200780272136486, -2.1200780272136486, -0.3173369514996409, -0.03296066953415167, -0.01411436759004446, -0.13381304348930753, -0.059301361803772754, -0.13856185867766863, 0.2683071676828233, 0.0037309678846849303, -0.01802094355190828, 0.14915492697004618, 0.02084492319262797, 0.009111177075866644, 1.0308882234431733, 0.10053523226033706, 0.07521404167167234, 0.09997119341215105, -0.018896338464539544, 0.00957889950973221, -0.06992760198313949, 0.07875657191224622, -0.07534956686672101, -0.14123652818836196, -0.19123207727389352, 0.17221120506590223, 0.05625808177465203, -0.055418568354067874, -0.024845750179539397, -0.32434885771324723, 0.27688145046466794, 0.2600475879391394, -0.1931600314089701, 0.0902605223366925, -0.23873307767135568, -0.005449374560366955, 0.001548171710670749, 0.08894704575813414, 0.10066361615541929, -0.034306732701902064, -0.5144433519611966, 0.01355685404098859, 0.09743386237664584, 0.4485217000264272, 0.3068362253591334, -0.08879281735468372, -0.053772432486819205, 0.19163757196255682, -0.34107543409122304, -0.9991726358759829, 0.2714899352938014, 0.24397290992732373, 0.8726960619979353, 0.3882654485839863, -1.2422582713319452, 0.2799741208692531, 0.07524094662170681, 1.222982772238379, -0.3414484488166092, -0.10486291163235274, -0.05517863045182371, 0.0752994020663478, 0.06378220339539975, 0.080288053330331, -0.0828279214313515, -0.16752863319212224, -0.051468270552053, -0.19425421851924027, -0.1361486652742434, 0.11906552331411382, 0.19238126647138096], "trans": [-11.301633813481095, 6.596026793563968, -0.5095831365396591]}