{"betas": [0.33303066142902105, 0.22906885785386125, 0.1321746135337195, 0.03485680493593007, -0.034928744222964915, 0.03738652273642406, 0.06435992437738675, -0.06135207138309116, 0.004712805749211021, -0.03328562850670294], "pose": [-1.6215366531694793, -0.1856441076147996, 0.1356441076147996, -0.15075322235547925, 0.0046509425105620145, 0.023513712145060775, -0.4795430660265218, 0.019356831861688482, -0.0112482096207707, 0.2230326268788676, -0.04468033442956757, -0.0039554228676808335, 0.30002300103440316, -0.062428976915448214, -0.10290805833626657, 1.1838010035307545, 0.07633081540469878, 0.06861051906429992, 0.03791371794491758, -0.0462415421956231, 0.0443566091192439, -0.1047061101061918, 0.09148144896816157, -0.055998684473725156, -0.115254071609063, -0.12950309482930747, 0.2501871672197645, 0.029257701325375765, -0.07252463887992328, 0.0049353493334451095, -0.2786805441832423, 0.25393684136910166, 0.2104212510667855, -0.12743773224021795, 0.11165259698648167, -0.3614688154573768, -0.12306373814390686, 0.07792716411282975, 0.06630714176935716, 0.02927209122053517, -0.10800853642157122, -0.33735067013457076, -0.04656984282243485, 0.0788577507820665, 0.32045272437899597, 0.20500086343162557, -0.04267092397349018, -0.0448685444646663, 0.12720856747120454, -0.4548725337673956, -0.8907290935555094, 0.20627159216243993, 0.2847258633651895, 0.8390474148597137, 0.4030881379420847, -1.6395644269072382, 0.4652033542554125, 0.037404315852871274, 1.5198901189392506, -0.5231848556607068, -0.09484048282659112, -0.10104768329341315, 0.10293428892030632, -0.04325849447402272, 0.10997699939485123, -0.0851722331807819, -0.1401802767377053, -0.05745178798128926, -0.23283113484618684, -0.13777772225579335, 0.12735855045213879, 0.24250348793060017], "trans": [-11.813654979072636, 4.142758283354798, -0.6176871141522091]}