{"betas": [-0.459125293958982, 0.2836700625543276, -0.2828307762064238, 0.06170009900103966, 0.04114696315793381, 0.017447099752977802, -0.018216663065381097, 0.013285817624318214, 0.01584973647464493, -0.019639755817989615], "pose": [-1.6342032898347782, -0.31741946809242005, 0.26741946809242, -0.4274271954555392, 0.008557039605303697, 0.027429607551178917, 0.26193471734720997, 0.015850149345427222, -0.02781938361437737, 0.2872953563241191, 0.032279970507666234, -0.0025399128619633966, 0.09106067415201644, 0.07436399949141931, 0.04341428762423483, 0.2890274935668099, 0.10201002506259271, 0.021089495953572054, -0.005515219445153381, -0.022833788611566878, 0.01941459003342496, -0.048716891901066074, 0.11993536793119211, -0.14686926984630091, -0.3721956242243556, -0.0056279924292943, 0.0047897610368380986, 0.010755147167408515, -0.018525352553155065, 0.005885873859063465, -0.1933497734497405, 0.1705002904086664, 0.33653564425070287, -0.10322185439735639, 0.06703624105819943, -0.336075069765795, -0.10504258452097329, -0.04470994074885709, 0.05217245745101987, 0.04532983071553502, -0.06079425209835526, -0.4251255648471653, -0.03169852833668705, 0.1749333883728799, 0.3641056507275857, 0.1086710076809897, -0.12832892882184826, -0.018257090959996794, 0.3425956980107851, -0.1857223234699222, -1.0380975066682783, 0.09186518473468223, 0.34104337683499514, 0.7374512073469814, 0.25318635941002543, -0.0347219569796844, 0.02694447380264621, 0.28661280021161445, 2.179523122612234, -0.3440411534457892, -0.02503148946086945, -0.05590911723791783, 0.03909431621988005, -0.013447579656959262, 0.08052667928785376, -0.07287296057526013, -0.29029691656228845, -0.0600860380823135, -0.2510618923669708, -0.1948458544777848, 0.1133043509644498, 0.23115375159474194], "trans": [-10.786250616941258, 2.444077332989612, -0.5849246466588616]}