{"betas": [-0.19266644468801378, 0.5771463667239267, -0.16308379457488245, -0.06462538974507079, 0.08054580167251779, 0.027975024271901693, 0.03561269911626106, 0.05188376016633901, -0.05289357868361275, 0.00684608270928935], "pose": [-1.4684360113299395, 0.6590472086217681, -0.6590472086217681, -0.5732577042039186, -0.08466243753387666, 0.08432771431130459, 0.005274959856235503, -0.08403556644454406, -0.024634756123460264, 0.31074476589644545, 0.1230187523899085, -0.030705745380711545, 0.6055368781585904, 0.10601974156238182, -0.15548492278859444, 0.7174726010187766, 0.04676863895025004, 0.05955929007476406, 0.033411007311218766, -0.02255498429097855, -0.0045298171815538945, 0.0209935896303114, 0.07352158532461005, -0.060373778804588454, -0.24481938821771476, -0.14436855268655804, 0.07264484108921461, 0.008403869178568378, 0.033607123904095926, 0.004388230481891851, -0.23324862409012853, 0.2872475323886156, 0.2050530689649113, -0.11004108040644302, 0.12329574357648213, -0.16256398879508846, -0.1614011172170319, 0.29005312132001093, 0.03232171506882693, -0.05183737160043465, -0.3023312972638702, -0.34643398335324854, -0.0370858451456595, 0.4271436915651596, 0.33637207263802843, 0.17021957822550465, 0.07970101655417598, -0.07861903930985481, 0.12885539692370332, -0.3914762532527972, -0.7581029707107142, 0.20709684924248384, 0.5866609565013882, 0.8349117856808597, 0.25391272157624145, -1.3404977129482423, 0.3491360346606134, 0.24515433625392954, 1.418514577984875, -0.3390280074417608, 0.008030134741206882, -0.109618470874959, 0.26352966925363425, 0.016050159821501656, 0.15316722470009286, -0.21581220507093588, -0.16329620723985078, -0.04873651313797798, -0.18952361490212533, -0.11945555143647447, 0.11743970645154407, 0.1974086607633905], "trans": [-24.12117711243879, 5.741403180621501, -0.6369454565786702]}