{"betas": [-0.04531959800123942, 0.25816046623113975, -0.10443940742347267, -0.07597029208210594, 0.013911735992459227, 0.013954990810594958, 0.00840059268463032, 0.018210526354907698, -0.01144635948893292, 0.002226290135924623], "pose": [-1.5677829071830764, -0.045186691447302675, 0.045186691447302675, -0.5185731673605635, -0.07454829596945002, 0.03836580084914676, 0.2043667035392317, 0.01078692267149408, 0.0015827360141467857, 0.29501388590973676, 0.023103981092146342, -0.003708520392342521, 0.15725492494106696, -0.0002975773471933299, 0.0019208626378277513, 0.27723057103339777, 0.011387625416314585, -0.0004322456451674589, -0.027350890898264493, -0.004764660882006885, 0.020736591619463986, 0.014347402560255322, 0.08683692929207336, -0.025724308234656837, -0.07924066978394008, -0.18629164273157725, 0.1597979040924709, 0.07112109849984474, -0.031651727763399, -0.011113974545311907, -0.2931650841342738, 0.21213213854803303, 0.1156101655319986, -0.09445535508647658, 0.18216946263740494, -0.274906904898661, -0.020814265166093207, 0.07046577026312302, 0.060095664038028414, 0.04446240446580537, 0.05806047312579826, -0.4622179013609481, -0.011448627000387929, 0.034509368331504565, 0.49368880287025957, 0.3401819816444688, -0.05551928620293604, -0.061440096872147, 0.06820658744004289, -0.23965995803163148, -0.8675513845503323, 0.19141304210552712, 0.24850371401319554, 0.8412786704085605, 0.1612306599305338, -0.6213408151065928, 0.1509358453791011, -0.0645733850495115, 0.5871097054734602, -0.155046096003809, -0.02379282790814101, 0.0010267329033537748, -0.010027219532148687, 0.016473559175422637, 0.01697266223724499, -0.005431609710724998, -0.187698238652473, -0.07091447094821779, -0.19685180753112816, -0.10904146967110448, 0.1180562463225882, 0.22873183127519608], "trans": [-26.72782603505459, -11.997337806841468, -0.9729599817404826]}