{"betas": [-0.19266644468801378, 0.5771463667239267, -0.16308379457488245, -0.06462538974507079, 0.08054580167251779, 0.027975024271901693, 0.03561269911626106, 0.05188376016633901, -0.05289357868361275, 0.00684608270928935], "pose": [-1.383061953518178, 0.8855611623344979, -0.885561162334498, -0.5081916924560334, -0.0769550600663928, 0.08293583559469657, 0.039267145359199056, -0.08529949410671717, -0.009526537925463206, 0.29730655096609304, 0.1144818987996668, -0.0347572153086484, 0.6903827387736694, 0.08665627844764617, -0.16060529586145972, 0.7708302755990911, 0.03281024961766494, 0.06890806417708263, 0.047163946620830025, -0.03551965781194976, 0.0010600039911819238, 0.0011892600869247518, 0.06811135633040365, -0.04317818014256449, -0.2746472251332537, -0.1483189963145985, 0.03490354040308165, 0.0025415951168739517, 0.023751525587168296, 0.0024991167561035747, -0.24235637849892447, 0.2977100099589487, 0.1680731430091292, -0.10169702725006759, 0.12454224741793651, -0.12167861405520375, -0.15062819792705037, 0.2892610598459015, 0.042450455743022454, -0.053695082357341065, -0.36570970751197307, -0.3561315480252686, -0.03763129559568748, 0.4629173422985909, 0.3543524870900179, 0.18439256124611153, 0.07685978847945861, -0.07730730401056847, 0.11571020725440763, -0.4439351843915325, -0.7477837408776283, 0.23068852730481804, 0.5880258006128334, 0.8560473401266127, 0.2751646952956569, -1.347485512784784, 0.3488058543906844, 0.30231501217089285, 1.4239448139040918, -0.33768987807017614, 0.02405075763310387, -0.1105992877476304, 0.2516440103010699, 0.032337935498443666, 0.1500860255122258, -0.19543958431485586, -0.13921843185487984, -0.043915059564696095, -0.1728812407399641, -0.09767429187317804, 0.1190525707476147, 0.1781356277811827], "trans": [-19.099551153466532, 9.616713778599502, -0.5469656099103888]}