{"betas": [0.33303066142902105, 0.22906885785386125, 0.1321746135337195, 0.03485680493593007, -0.034928744222964915, 0.03738652273642406, 0.06435992437738675, -0.06135207138309116, 0.004712805749211021, -0.03328562850670294], "pose": [-1.1779823916858883, -1.4096474837087576, 1.3846474837087577, 0.19764190811058494, 0.011839442561243342, 0.07846443411582264, -0.43899659242414735, 0.06269232251125377, 0.024748363871278378, 0.4403656197823569, 0.010862857175836052, 0.005988849249987816, 0.17537440130930812, -0.2685799281607284, -0.1981396420839657, 0.08040669321399999, -0.24471194461049997, 0.015750471248902033, -0.026447722030282363, 0.015601331156705553, 0.0006707160144221398, -0.06571704868223052, 0.06961437623911049, -0.07121004452484479, -0.18392205292097874, -0.14605666914757431, 0.18783098975348486, 0.018845339983728143, -0.01209064332895754, 0.013828535911382323, -0.2737645402101028, 0.25113173848050174, 0.20652020538150773, -0.13357541949072954, 0.09965011706301294, -0.32166832096334236, -0.21880766569666207, 0.22345787586747023, 0.01008768079942204, -0.0023801052631168716, -0.11998790844082846, -0.381792221514513, -0.006311981427988772, 0.21534327845998796, 0.3630824753346243, 0.09297722091481327, 0.08297013686380418, -0.05272856068632152, 0.074994481493264, -0.30385619060379326, -0.8101886753187462, 0.14099385794567101, 0.365758625872499, 0.8041370641817375, 0.1471322143346657, -1.089436570721031, 0.34392306583326443, -0.008701389587402986, 1.0228365236952206, -0.3112240840181182, -0.02315407526680626, -0.038905647124415216, 0.22040670549700925, 0.028692513884291327, 0.07373853062453214, -0.16844785487726327, -0.1806485839452855, -0.06944926294394149, -0.20806160769642848, -0.1492332844723288, 0.12046446922254365, 0.22176051556141677], "trans": [-23.54851497132805, 11.173240432323356, -0.631945939570171]}