{"betas": [0.12977417203956745, 0.49847687971378624, -0.19179541608583497, -0.1113183526768453, 0.0549914925669735, 0.1034291447522722, -0.013453424082682812, 0.010035343166627214, -0.014576049326274527, -0.02308049036666073], "pose": [-1.4548806432869135, 0.7004611297814893, -0.7004611297814893, -0.03321918634209217, -0.010807008939637078, 0.0083848380065148, -0.415992932678327, -0.017872657333767653, -0.07956268952903899, 0.23842018215536454, -0.04056696231242222, 0.02027988333215802, 0.5035524215692183, -0.23429318011651284, -0.10014761289644368, 0.12002622945042135, -0.04852043308005592, 0.11166795625850358, -0.021150367853650848, 0.03274227809471969, 0.012858414276632974, -0.022937807801362512, 0.07511295827633158, -0.01786350280471049, 0.015756815217465723, -0.2354995434000082, 0.23581561230597348, 0.06956826479771724, -0.0376591364586344, -0.012612833490543936, -0.2849294872126988, 0.18966582476910132, 0.06920029813616001, -0.07780090940395255, 0.2503648265563679, -0.37057286043074206, -0.03509739210563801, 0.1332146963602036, 0.057333639512393474, 0.042388522240936206, 0.08744928624195127, -0.4786701336439305, -0.009856951998249392, 0.0078858470996349, 0.531059512898592, 0.3613610240320288, 0.0033395382317645533, -0.09876024122205726, 0.06145451395804829, -0.25106801984979066, -0.8769543962798667, 0.19851721923120855, 0.23076855555846293, 0.8376417912507274, 0.14226193293204298, -0.5518324072078841, 0.13650373937904725, -0.12326640937007935, 0.4740985189529395, -0.13599646045425393, 0.0017519202888139035, -0.006448034416653342, -0.034708957911671716, 0.04837297522515684, 0.008784477057217464, 0.011772616777645843, -0.18266904804079986, -0.09246089293445399, -0.1978313969843886, -0.10797176503766157, 0.12622708169968344, 0.2472103986719743], "trans": [-24.90018621324926, 5.8101754499142775, -0.7083610722108161]}