{"betas": [0.33303066142902105, 0.22906885785386125, 0.1321746135337195, 0.03485680493593007, -0.034928744222964915, 0.03738652273642406, 0.06435992437738675, -0.06135207138309116, 0.004712805749211021, -0.03328562850670294], "pose": [-1.308060005631142, -1.2131960903438013, 1.1881960903438016, 0.26007333087496615, 0.006951664592763707, 0.010475276406613172, -0.447943329473683, 0.03773864814242876, 0.016532890331746042, 0.2759735501680003, 0.02719717926401482, -0.006999546032077542, 0.38924871300699315, -0.23085117589394918, -0.15593849495790124, 0.20550223227015357, 0.18085864903362103, 0.06847549682644628, 0.01965185045769432, -0.004606903789400538, 0.010013516283289649, -0.06993058690022068, 0.0756892855775026, -0.08393499854989432, -0.14235476793029933, -0.13649124009862998, 0.22551921696184687, 0.019988751147690356, -0.0019251178960142492, 0.012600254137278995, -0.24850849155542137, 0.29624213092604357, 0.22815323083470387, -0.16591566234568023, 0.1538761052774322, -0.3181662872951388, -0.12853701727646163, 0.32935028449115034, 0.04001843060825494, -0.07115473363851264, -0.22135616657590698, -0.24743287889920693, -0.0641265446734093, 0.2906006649716917, 0.2646439243149078, 0.1713809102491079, 0.14850212512980013, -0.08778431142887931, -0.017215476353968338, -0.4408052475488296, -0.6597173838000691, 0.17312192584680952, 0.5272407517474048, 0.7774450802938992, 0.03582962729040736, -1.3165792859437782, 0.41517787913945764, 0.08255725488763951, 1.381711491341882, -0.3589927177439385, -0.07533072458046917, -0.08230154430013517, 0.29196291780978695, -0.04197514764696091, 0.11252990194960194, -0.1980859217052375, -0.09869550000385405, -0.04971087352712776, -0.18702755163018953, -0.11900057074506254, 0.11245037381888777, 0.20503564095578303], "trans": [-19.138597879236883, 11.690689483165418, -0.5937169366938434]}