{"betas": [0.12182979554792384, 0.0498104030700563, 0.01874907528210161, 0.028247290178977192, -0.01045515424154793, 0.003794310233826808, -0.007750463989420916, 0.008476040652062412, 0.013630708331879994, -0.014916307566096007], "pose": [-1.1456560593987837, -1.2969885914922719, 1.296988591492272, -0.38164256946556346, -0.02860904799848348, 0.10089330236939187, -0.4408359455575114, -0.015438528593578445, -0.09843054580700535, 0.33120777935921303, -0.0038741666522186954, -0.0008499161798891973, 0.7124546968143365, -0.03494985971300667, -0.1449091407713045, 0.8152035265999209, -0.02213471443335097, 0.08745190173364487, -0.0061667453689825446, 0.004160979054976626, 0.014056872749760599, -0.08044778154354064, 0.06690283921409296, -0.0273937239041465, -0.15748602103788736, -0.1758112750175645, 0.18621504481524206, 0.028087730721291084, -0.030274496599415942, 0.0030027958269125718, -0.303578208427956, 0.2618108851509796, 0.1531923333884788, -0.1338499615199237, 0.13011766368195704, -0.3367996525719143, -0.20061855534831655, 0.11984408359309805, 0.041118744615344927, 0.022969185379180614, -0.05714295619073161, -0.3931470082291604, -0.024736291482587727, 0.13130370394359528, 0.37939937656304035, 0.1455302997448061, 0.0008006006117625255, -0.05262648684730711, 0.1212721698359054, -0.3108037936189739, -0.8794821719245761, 0.22921730798927567, 0.29252067644567836, 0.8730055983105368, 0.29597671407377796, -1.4677371908849304, 0.4463169583330801, 0.09287035622447341, 1.428764763730036, -0.45456745680425314, -0.041563720667638686, -0.08433116486803192, 0.20595107216857686, 0.03321739901826178, 0.12591034078318547, -0.17752969626810375, -0.15636718553607606, -0.07427623751036518, -0.22208652478648472, -0.11783395095417065, 0.13300266243057338, 0.2363749877725497], "trans": [-47.22681034376236, -9.915745870835316, -0.90977857673545]}