{"betas": [-0.459125293958982, 0.2836700625543276, -0.2828307762064238, 0.06170009900103966, 0.04114696315793381, 0.017447099752977802, -0.018216663065381097, 0.013285817624318214, 0.01584973647464493, -0.019639755817989615], "pose": [-1.6190736836786301, -0.2248710571074993, 0.2248710571074993, -0.44609869050351925, 0.008156897242689719, 0.05276870236303199, 0.3162294871303502, 0.005171449357917232, -0.0024209639997351054, 0.19604762250029578, 0.0722370442761109, -0.013701149297877585, 0.11644274661555148, 0.014935954573319435, 0.01226241610970557, 0.03373803587572967, 0.012604349822295843, 0.004514370292077949, -0.026975104058847215, -0.030261791775079573, 0.025529137006334388, -0.014713308753422936, 0.12033128488669328, -0.14442567467137535, -0.15731512905735387, -0.12529583914045989, 0.19123436810625044, 0.03178446210162163, -0.007031226158002035, 0.0024414963041321236, -0.19198533204443236, 0.16984729136102328, 0.325845704264659, -0.11194891545399839, 0.04842950834682311, -0.2944893189747292, -0.15294287653153635, 0.05598023374349469, 0.07886964535955489, 0.02072343003410399, 0.06466322842773307, -0.3927650666088572, -0.08297778508162224, 0.06949317927787374, 0.3339094533130194, 0.1660119289124074, -0.09169762749050286, -0.03207148262513911, 0.08083244943503062, -0.08038058250214405, -0.8402094704307893, 0.013895800318184279, 0.4072267666112489, 0.6973328134866897, 0.003367017107023044, -0.5867420377099484, 0.15004618604178907, 0.28661280021161445, 2.179523122612234, -0.3440411534457892, -0.11649466013738839, -0.009931829086477403, 0.04246379904049844, -0.12916616261992075, 0.07160982534289723, -0.11201198218105592, -0.2907642879956022, -0.06418541436308349, -0.27420276156770074, -0.17042147943364483, 0.11233459168176065, 0.2627507733236947], "trans": [-10.267822080503404, -0.24193981514246032, -0.60079661588076]}