{"betas": [-0.19266644468801378, 0.5771463667239267, -0.16308379457488245, -0.06462538974507079, 0.08054580167251779, 0.027975024271901693, 0.03561269911626106, 0.05188376016633901, -0.05289357868361275, 0.00684608270928935], "pose": [-1.4588026069885909, 0.6887561245156758, -0.6887561245156758, 0.1031383036085996, 0.03832879987126262, 0.02696506633361974, -0.5961202661793618, -0.005232741144518299, -0.03225373487320439, 0.3541400897382415, -0.04375734855410775, 0.024309112503430985, 0.7250460311867628, -0.13890499134586903, -0.11521567757319019, 0.43188879690708304, -0.05968370111977585, 0.0927416347253128, 0.05773788589381679, -0.007938954628317844, 0.003982109816914122, -0.16566926699107473, 0.050242129238481543, -0.0812137967728789, -0.11648168026251254, -0.16745183753799295, 0.235701661265217, -0.013511008220151579, -0.02763215417111252, 0.01576672768251776, -0.2594510354121152, 0.2870249309930623, 0.17886738091481705, -0.08641801371036678, 0.13398300150902415, -0.3581324444037889, -0.18554237917176206, 0.07599418924333685, 0.036110014491461985, -0.009430829608209642, -0.3818972644461907, -0.293278647244028, -0.03763624691795397, 0.44166280362252963, 0.25039986989548507, 0.09565572601565585, -0.06649572772303541, -0.013818420227322143, 0.13351725878754664, -0.5082615508886356, -0.7261329450596032, 0.21325876856369458, 0.4751435315571929, 0.7271529476893872, 0.429842078737472, -1.625636156701784, 0.35572462751686995, 0.36721519774817013, 1.6349725384041038, -0.3158279146691384, 0.0783437595850972, -0.1756999109946714, 0.2597448276952962, 0.1708650074436137, 0.1755756493358187, -0.2083580953855952, -0.1131281385781157, -0.05071059038869441, -0.17446698593662374, -0.12418921191321265, 0.14094941003735534, 0.17897232988056935], "trans": [-21.055068252450514, 8.133089841801185, -0.5547602730041665]}