{"betas": [0.12182979554792384, 0.0498104030700563, 0.01874907528210161, 0.028247290178977192, -0.01045515424154793, 0.003794310233826808, -0.007750463989420916, 0.008476040652062412, 0.013630708331879994, -0.014916307566096007], "pose": [-1.1456560593987837, -1.2969885914922719, 1.296988591492272, -0.3816424473035747, -0.028608984401966873, 0.10089351684283596, -0.4408359850988326, -0.015438533542841578, -0.09843069062954721, 0.3312077621286419, -0.0038742135466975293, -0.0008498820673511035, 0.71245493755664, -0.034949940298574726, -0.14490914122321982, 0.8152035367760619, -0.022134688337169955, 0.08745190563411903, -0.006166728533084882, 0.004160963228410683, 0.01405691855729038, -0.08044783643535812, 0.06690284084898043, -0.027393757632560866, -0.1574860425349878, -0.1758112732286743, 0.18621502569796128, 0.028087713730046242, -0.030274522102544006, 0.0030028304487641133, -0.3035782373064942, 0.26181090069321833, 0.15319233945180416, -0.1338499731500786, 0.13011762169022986, -0.336799631947271, -0.2006185359691011, 0.11984405832906078, 0.04111879200538246, 0.022969173171222542, -0.05714297166311559, -0.39314697588106073, -0.024736318916822098, 0.13130370100381084, 0.37939935868134106, 0.14553031284933102, 0.0008006016038930152, -0.05262646711394629, 0.12127208692821191, -0.3108038111208915, -0.8794820940677842, 0.22921725873002713, 0.2925206762794829, 0.8730055499969795, 0.2959766865140332, -1.4677372042326402, 0.44631698698104044, 0.09287034419167631, 1.4287647983779055, -0.45456749306071625, -0.041563722069432346, -0.08433114807885271, 0.20595105116518625, 0.03321740971948551, 0.12591031532355218, -0.17752967713760115, -0.15636716106564683, -0.07427622864729887, -0.22208651813089875, -0.11783393976755377, 0.1330026598382606, 0.23637497470463553], "trans": [-45.921994003267194, -9.86843786195619, -0.9434553852008121]}