{"betas": [1.7511515842605234, 0.3670231778082652, 0.03978433168027672, 0.004913282851196045, 0.02958606384598556, 0.001461046037256542, 0.028411238985692, 0.012589726574853976, -0.014340388809218167, -0.004234100351574732], "pose": [-1.6283752278828911, -0.1698883870836698, 0.1698883870836698, -0.086994608018111, 0.009000069424135945, 0.046450799591877256, -0.5092857145358474, -0.02247923691510536, -0.0704133333573762, 0.25973634363214276, -0.05794640977741636, 0.014372260005068083, 0.5791806614000454, -0.1864218309753486, -0.10882841820404542, 0.6245459917183528, -0.05821634490730519, 0.09440158008661945, -0.028569063072935684, 0.009016119835165873, 0.02754690204791419, -0.0862433027270584, 0.08026290549331422, -0.04509221736399934, -0.0590267683617935, -0.214926385397645, 0.2627740296464907, 0.02353838370224287, -0.0418440774399486, 0.019121637632147772, -0.2813471396661895, 0.2363944388460372, 0.08118301404245905, -0.08314496890053223, 0.21121497495081532, -0.3865649381089531, -0.14262303330976547, 0.15288442876349945, 0.04091505353327757, -0.08286126681565378, -0.10091280987798974, -0.21913256519197233, -0.06411202743013894, 0.09843899538799038, 0.31245490476636856, 0.21872399974564424, 0.02701400678552928, -0.024727008359578723, 0.12567046246869396, -0.42041619367776845, -0.7087138451331142, 0.27511241712866175, 0.42334739991172443, 0.8067205140147645, 0.2988000541394352, -1.4221326234210727, 0.31537818275919244, 0.31538216072056374, 1.1737007900691403, -0.13003520931444168, -0.11010524081910951, -0.10680795156963385, 0.2263674004482141, -0.027557111348169377, 0.06824558654371997, -0.09737677459829551, 0.013624632212836572, -0.057294222202621974, -0.15212509920452585, -0.03428847531774348, 0.10726904224767388, 0.17673309984241004], "trans": [-27.697610824893616, -1.135428780549383, -0.9794658114601822]}