{"betas": [-0.10716845975804463, 0.03555393559239171, -0.022909588301634677, -0.0022321960585287635, -0.011360188238027402, 0.007048778770267401, 0.0026244476494828445, 0.001119221678184007, 0.011361241992361597, -0.011308692156923365], "pose": [-1.3328195904409599, 0.9924107329680213, -0.9924107329680214, -0.46707829391267763, -0.03197134961620085, 0.13112659753415232, -0.36019615860872284, -0.018242101941419613, -0.12140072318220005, 0.341292486008519, 0.028397930214772223, -0.006279761227725122, 0.7160892377061494, -0.0157520575258272, -0.1518438932797036, 0.8549150524351321, 0.05836979994666824, 0.07591248756453886, 0.006815343234402041, 0.0044723577541575955, 0.0060167618652158155, -0.08495370713424168, 0.0744747523017974, -0.04485859249759822, -0.1890394066632082, -0.1661349130994137, 0.1695723599513164, 0.033929541142766376, -0.013420156656061635, -0.004521476108369969, -0.2865805562379359, 0.28077471410984667, 0.2079625062620245, -0.1597038823553279, 0.10901327922812724, -0.30599624845026163, -0.1496317145391438, 0.14605676110041738, 0.05590404409016786, 0.0170554232630719, -0.04727635491667748, -0.3886477269214416, -0.05008104006164101, 0.16372707837663306, 0.33856059590481813, 0.16869863236592433, 0.017310879491052682, -0.07545010301432979, 0.10184900069302583, -0.2318403431732057, -0.857695661771724, 0.17711606491136853, 0.40083361558702174, 0.8198031725354439, 0.21202453268141938, -1.2682547630339596, 0.37660889314092605, 0.055350549991954795, 1.5344640050186211, -0.4901402355922975, -0.03646659288446103, -0.0598706051308794, 0.21207396540062964, 0.01186116092142497, 0.1336781560603747, -0.21999299586923424, -0.20856982299054624, -0.07056873027003814, -0.24205343063434315, -0.14081864226105034, 0.13218405620836174, 0.252726458821726], "trans": [-56.55079180638028, 6.336466260455574, -0.816624120324849]}