{"betas": [0.12182979554792384, 0.0498104030700563, 0.01874907528210161, 0.028247290178977192, -0.01045515424154793, 0.003794310233826808, -0.007750463989420916, 0.008476040652062412, 0.013630708331879994, -0.014916307566096007], "pose": [-1.1456560593987837, -1.2969885914922719, 1.296988591492272, -0.3816425311764458, -0.028609064967213133, 0.1008932363236674, -0.4408358987668748, -0.015438531855838161, -0.09843050826488199, 0.3312077473497919, -0.0038741540404316223, -0.0008499062802934851, 0.7124546714473216, -0.03494986568101757, -0.14490914217738926, 0.8152035097727395, -0.0221347287678798, 0.08745189642695518, -0.006166764118238989, 0.004160998158828994, 0.014056867127617532, -0.08044777505393819, 0.06690283646879658, -0.02739370068974967, -0.15748601851434824, -0.17581129863455333, 0.18621504091741128, 0.028087732439617458, -0.03027447625729592, 0.0030027896732221595, -0.30357821011238456, 0.26181087885658877, 0.15319230254234423, -0.13384996145262928, 0.13011768924318648, -0.3367996658376323, -0.20061857336898592, 0.11984406741980168, 0.04111875522522534, 0.02296917772268298, -0.05714290715433474, -0.3931470021920354, -0.02473631396509097, 0.13130370201540809, 0.37939935772813815, 0.145530303055076, 0.0008006007452723969, -0.05262649991317991, 0.12127218677239962, -0.3108037354906381, -0.8794821856943897, 0.22921728281723586, 0.29252069865940267, 0.8730055592761087, 0.295976720386842, -1.4677371905354675, 0.44631695881472483, 0.09287033355018584, 1.4287647814262325, -0.45456746670349973, -0.04156372613943656, -0.08433117235531844, 0.20595106585489126, 0.03321740727158357, 0.12591034813509447, -0.17752970932430992, -0.15636719362290075, -0.07427623846401589, -0.22208652816607705, -0.11783393857997249, 0.1330026589099796, 0.23637498580789448], "trans": [-45.43926480670685, -9.716625036782483, -0.9294783273856836]}