{"betas": [0.12182979554792384, 0.0498104030700563, 0.01874907528210161, 0.028247290178977192, -0.01045515424154793, 0.003794310233826808, -0.007750463989420916, 0.008476040652062412, 0.013630708331879994, -0.014916307566096007], "pose": [-1.1456560593987837, -1.2969885914922719, 1.296988591492272, -0.38164254278780396, -0.028609106413682358, 0.1008931361491121, -0.44083589873840917, -0.015438527541242919, -0.09843041811682472, 0.3312077583394452, -0.0038741326245798845, -0.0008499522189549644, 0.7124547079685402, -0.03494988254268051, -0.14490913752417284, 0.8152035523758298, -0.022134738772344485, 0.08745191134768748, -0.006166761198288683, 0.004161010127183175, 0.014056819058202837, -0.08044776079162486, 0.06690283440435942, -0.027393697090868672, -0.15748600067812157, -0.17581129633798045, 0.18621504946680234, 0.02808773641512581, -0.030274463838249655, 0.003002752826908292, -0.3035782108990007, 0.26181087340653775, 0.1531923006969819, -0.1338499569981647, 0.1301177027928092, -0.3367996697846637, -0.20061856593306038, 0.11984407815411505, 0.041118715559969744, 0.022969178365450513, -0.05714293968048957, -0.39314700411475884, -0.02473630781407307, 0.13130373444470925, 0.3793993433277099, 0.14553030089814406, 0.0008005994874008429, -0.05262651105677234, 0.1212722083722351, -0.3108037620066402, -0.8794821851710972, 0.22921729088429668, 0.29252070737485203, 0.8730055535173951, 0.29597671170388257, -1.4677371849257652, 0.4463169446733155, 0.09287033140461873, 1.4287647804786991, -0.45456746379593294, -0.04156373313181037, -0.08433117970079052, 0.2059510705195964, 0.033217402460427085, 0.12591035218653257, -0.17752971097520734, -0.1563671881381841, -0.07427624057032597, -0.22208652678288757, -0.11783393893891837, 0.13300266269859645, 0.23637499364108056], "trans": [-46.36805676508524, -9.986643679943684, -0.9256828622751971]}