{"betas": [-0.19266644468801378, 0.5771463667239267, -0.16308379457488245, -0.06462538974507079, 0.08054580167251779, 0.027975024271901693, 0.03561269911626106, 0.05188376016633901, -0.05289357868361275, 0.00684608270928935], "pose": [-1.472302537489893, 0.6467081736623823, -0.6467081736623823, -0.24725817719553944, 0.04697594628368281, 0.1643094980043638, -0.5281993836128412, -0.018264460741053326, -0.16151873469376066, 0.3957137796503488, -0.031402453402463115, 0.016450782672634424, 0.5976714875727203, -0.0398745105174087, -0.11447913127519173, 0.6462119134970209, -0.08060306185023841, 0.09415509470499014, 0.06623858385401578, -0.043851281682230056, 0.008446638551176647, -0.12301527778724729, 0.07234674680040865, -0.06652974852456583, -0.10026912115476329, -0.17020172731604766, 0.2155640789832254, -0.008526949375666434, -0.0326826211329858, 0.015917087635695885, -0.22035673398842942, 0.2725304786413145, 0.15687106218842956, -0.04987358284132684, 0.15146321711200644, -0.3155414930599769, -0.12927056806781428, 0.008737242530919618, 0.03105862146188924, -0.025654146629574617, -0.48372336971887414, -0.257090725422306, -0.0546972234326904, 0.5060365834666652, 0.20941479171821237, 0.1325718302297903, -0.14604973307260916, 0.021550834029879017, 0.10684148396773768, -0.5643212892748724, -0.6627248566771096, 0.1604166576691675, 0.47982260485352823, 0.667855697402848, 0.4155312349419568, -1.5859404593648645, 0.3442788147817558, 0.34165639234218115, 1.5788935588373778, -0.3283014784693361, 0.12765758874363192, -0.19400920011324846, 0.269584352646242, 0.1972754812559489, 0.18637088234644275, -0.2236013450227046, -0.1230933631304699, -0.04503917720195838, -0.1634413464509325, -0.12094768189559135, 0.14133557509336497, 0.16851610620601767], "trans": [-17.813232817196326, 10.581506155365124, -0.5185957660969007]}