{"betas": [0.19173745763710806, 0.20679507266967936, 0.025545764337162807, -0.024244743693028488, 0.0007202369641003663, 0.013236882350636182, 0.021343764601424748, 0.007373052342460504, -0.01918535564321634, -0.005662447391478864], "pose": [-1.620701129052154, -0.004714351445209722, -0.02028564855479028, -0.6326777581140811, -0.03377833493091275, 0.020942758162491623, -0.15053043661708465, -0.04294508259826605, -0.014148514483454042, 0.21983978476952915, -0.03680339470411303, -0.012037079926184207, 0.6832484597199254, -0.027652149676469697, -0.15877723731615154, 0.2526605061461409, 0.04214393011514503, 0.08794212772046286, 0.04054780542021401, -0.001099224884933737, 0.042408444722194884, -0.08903385500156868, 0.023349282330877148, -0.003932430815534116, -0.09832443672681669, -0.12874361492879136, 0.17325067531115224, 0.04245840552618992, -0.07292059801711524, 0.0028574916362120147, -0.3819498556514002, 0.3160829280280754, 0.10171703782291601, -0.13617686213949876, 0.045927846758067124, -0.2828356524323527, -0.06571296424867554, 0.011595046986071693, 0.07473442364180395, 0.09631477936691041, 0.10577778412294608, -0.4518798327911993, 0.03284577261483552, -0.09619174521007508, 0.5022984001788418, 0.2572278841802742, -0.07950753736484144, -0.028089987479921343, 0.1477088426020387, -0.45449393635446517, -1.1185030917940226, 0.4104253070716274, 0.11245470668283253, 1.223021494118425, 0.5040892673827371, -2.139263797559115, 0.7862434778559111, 0.1912179933634799, 1.7785830025627862, -0.6883587783703655, -0.15998320099739952, -0.08601290966786924, 0.19458506080976407, -0.0384422017479795, 0.1173698480842077, -0.15049857034725186, -0.03894490016902728, -0.07801618230421552, -0.21878834544308318, -0.08597319915923846, 0.1545131899008084, 0.2627241447304418], "trans": [-20.943031658551718, 19.622012803665005, -0.45063876457379015]}