{"betas": [0.12182979554792384, 0.0498104030700563, 0.01874907528210161, 0.028247290178977192, -0.01045515424154793, 0.003794310233826808, -0.007750463989420916, 0.008476040652062412, 0.013630708331879994, -0.014916307566096007], "pose": [-1.283303664215469, -1.0857508315782733, 1.0857508315782733, -0.25803903011169516, -0.003443263075943132, 0.1015639678830253, -0.41754032089311155, -0.015729572055715017, -0.11172467168294047, 0.3023048312662916, -0.02342360241803751, 0.0038293114708913742, 0.6525969463662183, -0.04651579961687846, -0.12618796343791727, 0.7286503539185669, -0.04332576909544058, 0.08389655576770626, 0.025681061724038858, -0.01959282758228593, 0.02209743877281788, -0.09351611176699681, 0.05896657707227055, -0.025945686306663683, -0.1251297160525861, -0.17700290767501123, 0.20295205433433025, 0.023072502225540376, -0.04522011517255587, 0.004486879337987259, -0.29701022759131374, 0.27631288893490213, 0.13518061735599737, -0.10743987438905789, 0.14394701552457242, -0.3405171409918366, -0.14828765193120239, 0.08618412608728045, 0.048998817499687285, 0.0070835942815783695, -0.15755643052085297, -0.34852295887663903, -0.04663173216627219, 0.1806480378741823, 0.33128325957963395, 0.1913278701990473, -0.031189852927398228, -0.042931171959926594, 0.0985598823143237, -0.43106034051836384, -0.8398642175671067, 0.20231180424207956, 0.31044804134518683, 0.8270543965836934, 0.3432304086859034, -1.6795394457809014, 0.5137611720881924, 0.08810825974164187, 1.598501726124008, -0.5394894000411392, -0.0387361424435643, -0.12024344833714672, 0.20546283494884413, 0.042966450186396804, 0.14536797974861793, -0.18504113662195457, -0.1219888622304292, -0.06955482918145241, -0.21986235963397985, -0.11035194876448347, 0.13939335091589095, 0.23796770064074418], "trans": [-38.68170727238855, -8.62607154607675, -1.1739980718188847]}