{"betas": [-0.459125293958982, 0.2836700625543276, -0.2828307762064238, 0.06170009900103966, 0.04114696315793381, 0.017447099752977802, -0.018216663065381097, 0.013285817624318214, 0.01584973647464493, -0.019639755817989615], "pose": [-1.390820746141555, -1.0722166068301193, 1.0722166068301195, -0.3442796451390686, 0.006753472555383631, 0.009176770044851075, 0.12216294989243912, 0.006063840080354099, 0.0010988735912631081, 0.15076569883239158, 0.0875564283569779, -0.0048894316241724425, 0.6581687525685022, -0.029688321514071848, -0.14182090558044594, 0.08793353195236928, -0.0015725826701960752, 0.017091899296828236, -0.002204109578645618, 0.02722371213738547, -0.011412728664453272, -0.01698582908734499, 0.07312846207036672, -0.07883666834915665, -0.21891970148190493, -0.16849174373768286, 0.11285805435165591, 0.02734876086283306, 0.03320315584332676, -0.0034076389723837835, -0.2579378705991998, 0.261802058747444, 0.2250280938455892, -0.1383147719604851, 0.10754664959893652, -0.24127708724518274, -0.1671582118862025, 0.2536187225307186, 0.06316578669908428, -0.009701374205348666, -0.012324066411364175, -0.40955590416578125, -0.06091447940682377, 0.22464801678484297, 0.35543437462336314, 0.15348470289363145, 0.10039235290432905, -0.11207167744736041, 0.11390763314649821, -0.10082011126571988, -0.8355250387550434, 0.15782929415009656, 0.5233010841702674, 0.8012621377497774, 0.1084576156252137, -0.984126548739454, 0.28676791163693344, 0.06840470468786779, 1.4469475700806003, -0.42157190642963854, -0.004244831407422977, -0.05290287952330486, 0.23767116052642154, -0.008316031251537797, 0.14633237916872513, -0.262181510864252, -0.25599755981481875, -0.07283592715453052, -0.2462974124978087, -0.13742927744620917, 0.12257549403917187, 0.2561917209601528], "trans": [-16.171550425626087, 12.297588019012267, -0.3586308487334093]}