{"betas": [1.7511515842605234, 0.3670231778082652, 0.03978433168027672, 0.004913282851196045, 0.02958606384598556, 0.001461046037256542, 0.028411238985692, 0.012589726574853976, -0.014340388809218167, -0.004234100351574732], "pose": [-1.6297043316490676, -0.0780488949128665, 0.0780488949128665, 0.1359940631409336, 0.03879042192574764, 0.00409887484483281, -0.5562450698170722, -0.015637886844921144, -0.11412242151395496, 0.26792652995820954, -0.08227834493156383, 0.030555523614337474, 0.593083238596208, -0.1983002465708833, -0.10445278897795587, 0.5950123017977507, -0.09668373106740603, 0.10291447379100163, -0.026642292775734776, 0.01958737755783953, 0.020534416934315743, -0.0985278658224477, 0.0830387113650804, -0.04376798139154302, -0.03191995895910509, -0.22868484244233692, 0.2641962233419968, 0.033868203549268894, -0.05727899080613078, 0.008980065222971172, -0.2942807527786369, 0.1989213241959379, 0.07840108607005696, -0.08259037254279697, 0.18282984482150608, -0.4139942847425882, -0.15210044059012703, 0.027167867141185017, 0.05204643642309409, 0.008135218412666172, 0.04627703058404076, -0.355464965152461, -0.03653129147222219, -0.010527690107148817, 0.3866745839556828, 0.19743909841638135, -0.03602713626764278, -0.01782121321309459, 0.12567046246869396, -0.42041619367776845, -0.7087138451331142, 0.27511241712866175, 0.42334739991172443, 0.8067205140147645, 0.2988000541394352, -1.647132623421072, 0.31537818275919244, 0.31538216072056374, 1.1737007900691403, -0.13003520931444168, -0.08157282481642707, -0.07512040488643727, 0.1277926307124101, 0.020917008962992593, 0.05991435063539626, -0.07919216648812066, -0.08295052426847382, -0.07719683048407942, -0.18463971782265298, -0.06589806783390328, 0.1202538053899609, 0.2086340639407802], "trans": [-27.456005340730304, -2.5131136915554757, -0.9368075331566099]}