{"betas": [-0.04531959800123942, 0.25816046623113975, -0.10443940742347267, -0.07597029208210594, 0.013911735992459227, 0.013954990810594958, 0.00840059268463032, 0.018210526354907698, -0.01144635948893292, 0.002226290135924623], "pose": [-1.5687647494618133, -0.09369503199547365, 0.09369503199547366, 0.1984276701175603, 0.027004308892744733, 0.09795745912580539, -0.6015723298824399, -0.027004308892744733, -0.047957459125805395, 0.3381289461872272, 0.07149314989492139, -0.038976989392581964, -0.03604578653517457, -0.14569592861115577, -0.10469363105834609, 0.3639542134648255, -0.14569592861115577, -0.004693631058346075, -0.011382136139131947, -0.07545248475321945, 0.044884610316927594, 0.0405809350081804, 0.1155979116098648, -0.06020423561591756, -0.14119341293960605, -0.1379594559419974, 0.159521900136021, 0.04003155242449832, -0.030018039646475345, 0.017648697558548785, -0.21620132758773672, 0.1982231791472016, 0.18247400213629647, -0.11085394482511042, 0.14395293766041126, -0.25389373633928813, -0.14200712555113493, 0.19771317466295527, 0.026898265091687773, 0.004005212593575807, -0.17795094372105658, -0.36317495867100824, -0.0053923880905904975, 0.16350910862238438, 0.41829503871366636, 0.17182393252951703, 0.004621125541341974, -0.007601492031192483, 0.08381591357108756, -0.3449094134269385, -0.7488477431039534, 0.2492724359054605, 0.2804041684664437, 0.8857609669841987, 0.2043902670965469, -0.8991326026090857, 0.19437758945514627, 0.10246557506906492, 0.8721004072348769, -0.21148095008808265, 0.046380205918694725, -0.06292094982622555, 0.15625556226462153, -0.03390192640050258, 0.08207484764246135, -0.08563739398020817, -0.19659583207325745, -0.06205855010323761, -0.20497279098368545, -0.1365383496671201, 0.11724648890511509, 0.21467051265035061], "trans": [-26.774722845317033, -11.374363929580019, -1.035350904686794]}