{"betas": [0.19173745763710806, 0.20679507266967936, 0.025545764337162807, -0.024244743693028488, 0.0007202369641003663, 0.013236882350636182, 0.021343764601424748, 0.007373052342460504, -0.01918535564321634, -0.005662447391478864], "pose": [-1.4911357034256356, 0.7175661023394219, -0.6875661023394218, -0.6370571561981057, 0.0070686554212820146, -0.05370811779621663, 0.11570504281545016, 0.15714530173037533, 0.06766741382312254, 0.3132954162231509, -0.01350569900973131, -0.003206203615373363, 0.2081326783451169, -0.06676501934924847, -0.02449471976264972, 0.09595210438118193, -0.13318746359349004, -0.05039408465775554, -0.04445539710120966, -0.0026254216766110707, 0.017488208255895102, -0.07941882539229284, 0.09023777005684683, -0.07710368774033169, -0.1450227700695145, -0.17128033719965854, 0.2342955546919857, 0.023581054101748176, -0.03635410616578872, 0.007590616349520598, -0.2719745756896656, 0.21644050285657052, 0.19806135147468323, -0.12500191663835566, 0.11760209357703912, -0.3758166692925239, -0.23008314240008396, 0.07668518155564483, 0.0360949947087007, -0.013153037009381408, -0.0007377428149744382, -0.3164888620447863, -0.053949312398283, 0.052182848693079494, 0.31925921616264846, 0.10998963480176428, -0.039808084906363596, -0.017490306101045988, 0.010474890210950561, -0.2985654018188409, -0.7394423515534648, 0.11852092529686847, 0.2229480373538728, 0.7420393151028838, 0.08223337764277319, -1.3074411514035675, 0.46593006798603603, -0.11813591705599076, 1.1800239476909988, -0.4541123192256208, -0.11752822093177906, -0.07153646211102192, 0.16281402106749723, -0.03629315551515848, 0.08562736226627207, -0.1115453203325272, -0.11889473121433182, -0.0599757154681918, -0.20594145443430759, -0.09851889508585247, 0.11236596516972085, 0.209988485496519], "trans": [-24.482443988644594, 14.291462176805148, -0.5576604649033695]}