{"betas": [1.0007394031128156, 0.13998077818863408, 0.20322321153559939, 0.06919845010960525, -0.06355964225067326, 0.0988583210768853, 0.031004152589175965, -0.07600298470585287, 0.01954775199647453, -0.05391534064665776], "pose": [-0.10276998991809866, 2.1729761289932394, -2.1729761289932394, -0.1412215745078272, 0.010449495565337075, 0.02564565695089828, -0.5169549275710825, 0.004246550355129459, -0.11189898832563812, 0.31156979260725265, -0.037002618269940044, -0.002147761605560328, 0.21481209025402032, -0.12680844110899941, -0.11789809950648544, 0.7903576419277493, 0.029376043191287195, 0.0982683267601878, -0.04123727447702113, -0.00464404573115651, 0.025592879570497922, -0.059309435858425276, 0.13001979759773252, -0.04261882663322192, -0.04749506748009048, -0.21043622390748384, 0.24058421111493594, 0.06433474034601762, -0.041548950402331454, 0.0017008968046339883, -0.24370074267096353, 0.17540123927284076, 0.14728238319989417, -0.13123981389821607, 0.1777063606568551, -0.36196911666500536, -0.04522397760704507, 0.0014782877913493211, 0.033556647021005435, -0.010067915109705783, 0.01693350462833349, -0.27940495163413204, -0.0773624120165013, 0.034339799095655904, 0.29242951715925813, 0.29478396881139457, 0.08047084287719428, -0.1545547403598839, 0.24045860801367996, -0.3201444248158058, -0.8773443585822289, 0.2865250708401714, 0.3116940274020032, 0.8387116573495581, 0.5112343260530143, -1.4141774856268152, 0.2351620745857284, 0.30640907530529754, 1.2587025345265934, -0.19667284233725607, -0.11678984838355144, -0.007903143587613192, 0.09555559251150333, -0.05586071173293163, 0.030915669146497467, -0.04320195798422258, -0.15132715962057416, -0.06145176802157597, -0.17204210714391466, -0.0798990896324762, 0.10819729785168815, 0.17781821542735662], "trans": [-10.160572436850956, -0.17569983278820428, -0.7403341137896601]}