{"betas": [1.7511515842605234, 0.3670231778082652, 0.03978433168027672, 0.004913282851196045, 0.02958606384598556, 0.001461046037256542, 0.028411238985692, 0.012589726574853976, -0.014340388809218167, -0.004234100351574732], "pose": [-1.4381976971135353, 0.7480303311241009, -0.7480303311241009, 0.08505273483413171, 0.016741667813716266, 0.17749980542157387, -0.578875303538665, -0.0003847370648325384, -0.1644776420140559, 0.2005575448679225, 0.0044005188594316135, -0.02081237669284545, 0.1499489619505672, -0.051301081004104215, -0.11472318854198758, 0.7107612758157387, -0.023258981901735826, 0.08028544797556551, 0.028198249703522235, -0.018025667655902012, 0.030893437128684836, -0.08822584367216764, 0.06994225948017938, -0.08053758542646881, -0.10196078045748175, -0.166697350082273, 0.2596707320287219, 0.027433402309803342, -0.09740048372917179, -0.024650385924386432, -0.28221144067680065, 0.27671989661489815, 0.21295332389989308, -0.13856206324544584, 0.11947852657432184, -0.3963704763492494, -0.044699070035839, 0.192047652064157, 0.10990928661383828, -0.004930111692209414, -0.15815963853462622, -0.2573762312482777, -0.04997308332137861, 0.16647756286740337, 0.22670215131039909, 0.18658290784133466, 0.2240356595644323, -0.02887060010333354, 0.2545948970599283, -0.4849227636456417, -0.6828599251993228, 0.33896006353092095, 0.1354610118975532, 0.8413431802940988, 0.2410901821939537, -1.680316012584328, 0.49872709405964616, 0.16547301956621618, 0.6180699495024498, -0.10796030162487497, -0.030921818000474388, -0.14906510859955396, 0.30333817372570204, 0.0495099576842897, 0.19899261295869805, -0.23898435628640902, -0.11642648815807315, -0.06403064987778552, -0.20632376357885895, -0.11420940979065843, 0.13979077596495768, 0.22127592156265977], "trans": [-23.386764363419058, 14.29277889941776, -0.6971672170965826]}