{"betas": [-0.10716845975804463, 0.03555393559239171, -0.022909588301634677, -0.0022321960585287635, -0.011360188238027402, 0.007048778770267401, 0.0026244476494828445, 0.001119221678184007, 0.011361241992361597, -0.011308692156923365], "pose": [-1.2499192123593685, 1.1430737230444588, -1.1430737230444588, -0.47025866573312564, -0.030880230646561573, 0.14129688272114507, -0.5089295236090532, -0.007691191652347925, -0.1265470489091201, 0.3910029884841804, -0.001739631066754724, -0.004227371726352503, 0.773200443163613, -0.021272494290989378, -0.1506873321809702, 0.8684872154990231, -0.01546592025518118, 0.08889884373898159, -0.003040122274261705, -0.004095332612675207, 0.014892285910767552, -0.09583849433458407, 0.05362110892412723, -0.0251328939762245, -0.17052155694262244, -0.15306828616472723, 0.1764692260025474, 0.022546594794308313, -0.031110410342344852, 0.005263877454880969, -0.3016500226097105, 0.2901158264206829, 0.15894038514253178, -0.13595820893862107, 0.10134239227962197, -0.3148594908143062, -0.1806245609132664, 0.09543716150511873, 0.03907775442811221, 0.003939480657146043, -0.11979378291166921, -0.359543900292396, -0.04313611859176566, 0.1836417020068264, 0.3383747015648642, 0.14721538219775418, -0.03466527770958668, -0.03641552857593557, 0.06307767319437307, -0.3705424815194974, -0.8524640769942944, 0.17777027562376468, 0.34240670545517293, 0.8647298941587621, 0.21630952333712164, -1.5378724612056818, 0.5337266968938054, 0.04166513933318436, 1.5557433816884076, -0.5670416810759311, -0.06627986425007842, -0.07625328472118462, 0.2507328992313986, 0.023292993336648957, 0.1299750944342063, -0.22358143420424265, -0.13393607014428915, -0.07100697716806235, -0.22345178977003868, -0.11781363698689387, 0.13974580674628018, 0.24101461174414698], "trans": [-56.14284655710305, 6.33469206008555, -0.8905993612243642]}