{"betas": [1.8964894903024812, 0.31493576625010133, -0.1035326407414528, -0.4364464500446508, -0.04973432451903863, 0.09833628269918979, 0.014303769774192097, -0.026993742994641887, 0.07112343154180402, -0.03308173982274214], "pose": [-0.17508013445743292, 2.1361238359745536, -2.1361238359745536, 0.04469535514821394, 0.04515745217776264, 0.03377995332834895, -0.4838998222102257, 0.0032691391379525143, -0.1556211936357426, 0.35576700052852234, -0.04878691474289411, -0.004148109348139084, -0.03864432240207453, -0.05943857716040904, -0.10440832610952892, 0.6516399457342881, -0.01466772871239868, 0.09308140674881914, 0.015244066190441418, -0.058249091258037164, 0.05208300206963251, -0.1345097966280772, 0.11138031150560317, -0.016192143347779065, -0.07183509990807666, -0.1721163776851649, 0.22913780776184325, 0.022960628237252947, -0.06709368263235865, 0.010238161279080902, -0.2182011824522745, 0.2123372305181187, 0.12888985335868486, -0.09112119162964505, 0.1692195478920839, -0.33515866597908406, -0.13093922671141586, -0.050758553827575, 0.07483325116779865, 0.03250973560685497, -0.25424825510932064, -0.3565920985014189, -0.0499556413173013, 0.2472650963328819, 0.36512289371828616, 0.19892017133251713, -0.21293574655167682, 0.020190393977622054, 0.10396245898663249, -0.40696749227292844, -0.7684143638376474, 0.21231635919407565, 0.31063076230307457, 0.7956248257083962, 0.3320932945048782, -1.0495347663281764, 0.1839709911211033, 0.15838553195156602, 1.124446698710605, -0.26674440382069825, 0.12229509428560081, -0.08961279736493451, 0.13037741062869768, 0.09877306277398136, 0.10078713914064662, -0.10220611315786716, -0.20656556281227045, -0.06429321962569412, -0.2044943319030379, -0.1318332685263382, 0.13971213882530673, 0.20345291118603775], "trans": [-11.883526011960415, 6.489060095850236, -0.6153655436047839]}