{"betas": [-0.459125293958982, 0.2836700625543276, -0.2828307762064238, 0.06170009900103966, 0.04114696315793381, 0.017447099752977802, -0.018216663065381097, 0.013285817624318214, 0.01584973647464493, -0.019639755817989615], "pose": [-1.6512845968508194, -0.13959647822471316, 0.13959647822471316, -0.3802915706681106, 0.004652235739888672, 0.004050003790100627, -0.10043344388045905, 0.017467502116231572, 0.02688199292042609, 0.32290527021917925, 0.005731851491274214, 0.0010255433965821606, 1.2050249725668112, 0.006916330308747609, 0.00493158623505207, 0.12090990197963575, 0.03963091312383387, 0.047252935471717265, -0.03719825045611514, -0.06171920925364514, 0.036841338952803296, -0.11768999448285382, 0.08136629469224854, -0.05889872654273669, -0.1425105156356854, -0.16416739030745503, 0.2268375301709513, 0.02139753848640375, -0.04573770046477118, 0.013207718030199413, -0.22695919115400892, 0.2025312311219325, 0.16193805967758368, -0.08902458839665119, 0.12936304139172666, -0.3914150695593802, -0.2042926688275986, 0.022787229532422456, 0.052075464408273826, 0.0008884459378368958, -0.15818987009233096, -0.32585320345851343, -0.0988422276817457, 0.17798571706725153, 0.2815914098956017, 0.1227689946454723, -0.09466576859066735, 0.0036232175732176094, 0.027785117927838825, -0.259462417178827, -0.7394116182948763, 0.046449574465013806, 0.3493546293175512, 0.6583454446155895, 0.12676469354331185, -0.38826446388006586, -0.18761684236162082, 0.28661280021161445, 2.179523122612234, -0.3440411534457892, 0.005360877069870837, -0.06271656196918637, 0.0914361403739393, -0.00256039763059168, 0.10229547583743934, -0.1372142124923991, -0.2171108944905147, -0.07412611324095969, -0.25390381327546846, -0.1364612795314349, 0.14052331709234891, 0.2558046212487752], "trans": [-10.217322423194148, -0.5000405403891508, -0.6202818064103645]}