{"betas": [-0.459125293958982, 0.2836700625543276, -0.2828307762064238, 0.06170009900103966, 0.04114696315793381, 0.017447099752977802, -0.018216663065381097, 0.013285817624318214, 0.01584973647464493, -0.019639755817989615], "pose": [-1.5932651034403933, 0.10457926520934728, -0.10457926520934728, -0.39253393301742784, 0.01039440152688597, -0.017762667105975474, -0.040616241389137234, -0.06645682039217286, 0.05946743984833174, 0.16233842721148278, 0.09216757034819473, -0.012497203510194331, 0.9146613326691722, -0.03561502417596653, -0.0008524330015205056, 0.13178205629988038, 0.0805924158036385, -0.008056778488505452, 0.013974621845688043, -0.030272122805409925, 0.0339895654404371, -0.05766147718566773, 0.024509124911791552, -0.06332327380123945, -0.10367181788281975, -0.14280562478405553, 0.17592242819315146, 0.02782994817297178, 0.004941933462262581, 0.01143652274235392, -0.24396261564297098, 0.28305371977188437, 0.16580615575563537, -0.15080836035902861, 0.15522155639568258, -0.302434321013361, -0.2550322573001942, 0.0029241196622554894, 0.03664123517877896, 0.0019134388771531498, -0.12838892523290713, -0.43312735444045763, -0.06187675191091917, 0.23397226480801603, 0.44780109699369514, 0.18448471395811022, 0.014406069835763272, 0.03220493970017116, 0.20035167015102506, -0.24555330573733425, -0.9232407424700274, 0.7673519790425276, 0.2995812171055123, 0.8091221226312939, -0.5688568434680406, -0.16967134733076789, -0.12817040441410632, 0.19066899146219496, 1.4195342622353517, -0.7159185875150725, 0.10548792807730874, -0.0030143546633201674, 0.18611245159602952, -0.0641133002703789, 0.10220426333873148, -0.23156344902769455, -0.2784272155447197, -0.09859614767998587, -0.2972204966035587, -0.17390230039216975, 0.15332174689046854, 0.3287538904590938], "trans": [-9.96505887717574, -4.409521761219367, -0.7402013753683485]}