{"betas": [1.0007394031128156, 0.13998077818863408, 0.20322321153559939, 0.06919845010960525, -0.06355964225067326, 0.0988583210768853, 0.031004152589175965, -0.07600298470585287, 0.01954775199647453, -0.05391534064665776], "pose": [-0.09104058139570423, 2.1787350060009003, -2.1787350060009003, 0.12828530022899262, 0.0808853921139254, 0.05642396188235302, -0.5508934256668334, -0.005214219270355038, -0.11464995431680508, 0.212185977982072, -0.09260984941235381, 0.03848312447834864, 0.33914250739244206, -0.13135891646576772, -0.06721512260378527, 0.018277189095932497, -0.10993993357673644, 0.07546202735232738, 0.05340509528204578, -0.027461645678108135, 0.021559419593987262, -0.07596332205512976, 0.10049416306020038, -0.0764838720921476, 0.06679166784153637, -0.22541304904360546, 0.32334741372257836, 0.03695800607593716, -0.0659500595320391, 0.01215485926939262, -0.2525097728383723, 0.18504935227876337, 0.12923733037345353, -0.059406592150045026, 0.2193499801720556, -0.4629477174923953, -0.04522397760704507, 0.0014782877913493211, 0.033556647021005435, 0.05669274627810162, -0.16763297031178642, -0.30797442490279553, -0.022691847260136344, 0.17384482476202592, 0.2766660263145745, 0.29478396881139457, 0.08047084287719428, -0.1545547403598839, 0.24045860801367996, -0.3201444248158058, -0.8773443585822289, 0.2865250708401714, 0.3116940274020032, 0.8387116573495581, 0.5112343260530143, -1.4141774856268152, 0.2351620745857284, 0.30640907530529754, 1.2587025345265934, -0.19667284233725607, 0.051421587360018464, -0.20352312978463624, 0.14299068729376638, 0.16304413883752514, 0.17056609576105383, -0.10770419822663908, -0.13197641512909955, -0.06458706140246516, -0.16614480156609662, -0.10561509929964204, 0.1343940580421919, 0.17874799411648157], "trans": [-10.13990732057972, -0.4603816323836515, -0.7052271659375128]}