{"betas": [-0.10716845975804463, 0.03555393559239171, -0.022909588301634677, -0.0022321960585287635, -0.011360188238027402, 0.007048778770267401, 0.0026244476494828445, 0.001119221678184007, 0.011361241992361597, -0.011308692156923365], "pose": [-1.3064264567917918, 1.0434267107752169, -1.043426710775217, -0.45646384830368836, -0.030766795855526923, 0.11733153206127497, -0.39290304998816955, -0.020540685644456068, -0.10251307829013445, 0.34819000372247094, 0.015707862674699098, -0.008969207184071409, 0.7399392331011919, 0.006689426660108917, -0.15319029152041524, 0.8770455259515363, -0.0005101099760111694, 0.08642148800625678, -0.0031752124730006237, -0.004615776503647804, 0.013796334127588886, -0.0895565813597129, 0.06329517855514821, -0.022982206039179515, -0.19112998376377194, -0.16168409202486325, 0.15644219032536438, 0.025646524585745116, -0.02672927399764224, -0.0029044568531412093, -0.2959935928458614, 0.2793319486661292, 0.17215920631686651, -0.14365585213424706, 0.09809558490907938, -0.2987727260408815, -0.18860066744481774, 0.08763313517719744, 0.05479699746548736, 0.02127898716179898, -0.05498457810633854, -0.40536426837673967, -0.050739503210051794, 0.14353598564161885, 0.3656809963405934, 0.15807725464077593, -0.03682970480408594, -0.056099349763021014, 0.09687024294812777, -0.2798433495381848, -0.9020741172319119, 0.1801812839491321, 0.34750103426208795, 0.8696498004376161, 0.23059449662479062, -1.405465228041187, 0.4684071737901088, 0.019100930676370864, 1.5705413527874907, -0.5799838016393722, -0.06355305659373749, -0.06302130881442858, 0.20425166851491533, 0.007260613436235112, 0.13359640565270445, -0.21318189497170026, -0.18091027866976062, -0.074906422000443, -0.24374376984554702, -0.12475720127194395, 0.13897297525485533, 0.25575925370956204], "trans": [-59.27825303227625, 5.709017922524246, -0.8517413027878655]}