{"betas": [-0.19266644468801378, 0.5771463667239267, -0.16308379457488245, -0.06462538974507079, 0.08054580167251779, 0.027975024271901693, 0.03561269911626106, 0.05188376016633901, -0.05289357868361275, 0.00684608270928935], "pose": [-1.5276235012178017, 0.43031340021129794, -0.43031340021129794, -0.16912571368342744, -0.004699297051851072, 0.03941364996202717, -0.4385129338305948, -0.06372601449972214, -0.02355514246659028, 0.3952800390637906, 0.032219600365617315, -0.013961287497349019, 0.1827762217632984, 0.05679733756087391, -0.1392777486723154, 1.0204001694948153, -0.01588924723235766, 0.06470971789729535, 0.048825221202502385, -0.0566483243350617, 0.0102899496961875, -0.045969430988555486, 0.06956965365342842, -0.06211293493095298, -0.12060228276295305, -0.14455845882047338, 0.17250213980911716, -0.005272935171526374, -0.02561054500278761, 0.008305940721644136, -0.21486376364611215, 0.2670092279210583, 0.1623907158010066, -0.06907474305060238, 0.12561732407407483, -0.24034674738812065, -0.15950122695564758, -0.028673793917254796, 0.02117214749799844, -0.013251619798303678, -0.4023397236286053, -0.3444405531288187, -0.016419361561088516, 0.4266608346837728, 0.3447253818674455, 0.1593156835160117, -0.20495856551789823, 0.043644667996415365, 0.08761953084129927, -0.5662477562805929, -0.7166686549824307, 0.18730977430828197, 0.375773837733506, 0.78440849729611, 0.3103921162300306, -1.4691928372351428, 0.40750825661221945, 0.190919582666894, 1.1869694906987107, -0.2959920693526901, 0.048859554026231405, -0.14317674868955882, 0.23532028178643705, 0.12663513289004277, 0.1257921663498469, -0.17082395182721244, -0.09100651833429144, -0.04244102171748361, -0.1559943284636295, -0.11465229216047754, 0.13032614412426097, 0.16482439273077887], "trans": [-17.064601180005678, 11.511151638866682, -0.4083446600285565]}