{"betas": [1.7511515842605234, 0.3670231778082652, 0.03978433168027672, 0.004913282851196045, 0.02958606384598556, 0.001461046037256542, 0.028411238985692, 0.012589726574853976, -0.014340388809218167, -0.004234100351574732], "pose": [-1.4136563361548657, 0.8124835360353908, -0.8124835360353908, 0.15362050811966219, 0.024427182647584526, 0.061084346472980104, -0.48751050602356716, -0.0054582255632731995, -0.15418011462023384, 0.2005575448679225, 0.0044005188594316135, -0.02081237669284545, 0.09169926759895172, -0.0716943562682466, -0.12044200851273926, 0.718619794638737, -0.027944003121870366, 0.07528870003271226, 0.028198249703522235, -0.018025667655902012, 0.030893437128684836, -0.07187639850040782, 0.05880045956851521, -0.051239848552604876, -0.10526361223312891, -0.1370970584254932, 0.22064308673481298, 0.027433402309803342, -0.09740048372917179, -0.024650385924386432, -0.3078312867049691, 0.26258603169185396, 0.1625551043635426, -0.1346385993015191, 0.11202184555530173, -0.33978771646850653, -0.21969907003583897, -0.4079523479358431, 0.05990928661383827, 0.05244495353680434, -0.10707291667712412, -0.4206163581697556, 0.042875335022239905, 0.12093015434164364, 0.45009717722384135, 0.28658290784133467, -0.4509643404355678, -0.05387060010333354, 0.2545948970599283, -0.4849227636456417, -0.6828599251993228, 0.33896006353092095, 0.1354610118975532, 0.8413431802940988, 0.379371614630473, -1.5206337459195156, 0.42082953408396784, 0.16547301956621618, 0.6180699495024498, -0.10796030162487497, -0.06989975230867956, -0.0916391874818936, 0.19930897607268422, 0.030112974800340548, 0.10065864162071173, -0.09811572336352511, -0.08394575952436238, -0.06803341800007706, -0.17694826636590893, -0.11395215516408103, 0.1314861457475271, 0.1978043477041484], "trans": [-27.092928919436996, 12.00542783525459, -0.5677404642238832]}