{"betas": [0.12977417203956745, 0.49847687971378624, -0.19179541608583497, -0.1113183526768453, 0.0549914925669735, 0.1034291447522722, -0.013453424082682812, 0.010035343166627214, -0.014576049326274527, -0.02308049036666073], "pose": [-1.4976523351846358, 0.5585932750121659, -0.5585932750121659, -0.2994339410694123, -0.0023349616073055023, 0.051051201278217564, -0.20946397352968663, -0.056374292242441934, -0.053319262917023345, 0.27096164796615774, 0.012789628729561986, -0.0017218650946756733, 0.6006960144205296, -0.0296375860926301, -0.1439491366377277, 0.5443018307802775, 0.022459185892771388, 0.09516311921537832, -0.03526412762015163, -0.015308987428651426, 0.024663565734454367, 0.0038959403248063403, 0.1101910118453871, -0.027504163880540864, -0.05115211955552116, -0.20752413138376755, 0.1750983210729305, 0.06993444861676616, -0.040608684571440595, -0.009249178524181516, -0.2743335945988822, 0.1905291180254413, 0.1051233812336168, -0.08207604768483737, 0.1914805503947501, -0.3040312799046395, -0.05580355080494437, -0.04039043212257302, 0.07628383160094264, 0.053422665334731605, 0.08051074764119932, -0.4537566253296163, -0.030741886439766258, 0.015336213876858632, 0.4819502634561423, 0.3084028129746068, -0.14979719226524546, -0.0248068626284548, 0.07893462486645761, -0.19644661283599987, -0.8621029958445808, 0.20126977685039246, 0.20603542983658318, 0.837012353276947, 0.19710436271655515, -0.5693720227378161, 0.11618355330191986, -0.03013222082899052, 0.5801582029116215, -0.1383188447711725, 0.013822212354913679, -0.004164073222454978, -0.018414980272194445, 0.04190445197350867, 0.0223295016713664, -0.012660407970581523, -0.20497885116926734, -0.07249090271184533, -0.1968827856479171, -0.10876856390784433, 0.12118746417301414, 0.22745843963685738], "trans": [-17.015814103484356, 11.780559311752898, -0.5509707617352192]}