{"betas": [0.12182979554792384, 0.0498104030700563, 0.01874907528210161, 0.028247290178977192, -0.01045515424154793, 0.003794310233826808, -0.007750463989420916, 0.008476040652062412, 0.013630708331879994, -0.014916307566096007], "pose": [-1.2002980248817874, -1.2229608202520295, 1.2229608202520297, -0.3317752661239303, -0.03158828993405869, 0.09725547796865444, -0.4396915705794223, -0.004440001151853651, -0.10475095099100737, 0.3037579640601352, -0.018528969876282043, 0.002169994941100923, 0.7042132107592065, -0.03316616812426251, -0.13439288260069027, 0.8124661493928955, -0.03587264036747045, 0.07792277695300603, 0.013951876319016412, 0.005158945529033387, 0.010407638752081921, -0.0850100431890445, 0.03838202806083376, -0.0107768463155487, -0.16207354744356026, -0.15261983415986174, 0.17893696209542354, 0.02676442491964931, -0.04258683784943038, -0.0025840887966482712, -0.3383850202112135, 0.2974315581571319, 0.1413006495668422, -0.1390220791656136, 0.10502107400931474, -0.33210139644617503, -0.19277635973418902, 0.10788596824966465, 0.04216373601263384, 0.041333748249067395, -0.046838877266865704, -0.4294648462224703, -0.017059755196666682, 0.10616636487552414, 0.39435949799678743, 0.16732683051570546, 0.012260630509568793, -0.0670969289214438, 0.15644057776514653, -0.3841268911828959, -1.015143829486095, 0.2608719139524506, 0.2978531637724988, 0.9631973593741011, 0.38015408093560016, -1.7548770481821592, 0.5770171157506533, 0.09932526679688795, 1.6580295044803979, -0.5887581225932174, -0.12135573529503618, -0.09020333068070076, 0.210861964213085, 0.0152002110647609, 0.1391069264474628, -0.1981200067740861, -0.11762403837048928, -0.07817335693772126, -0.23247802257315325, -0.1162447219758591, 0.142740799334363, 0.25603194045836397], "trans": [-43.92134212474482, -9.35722732220505, -1.168355783744293]}