{"betas": [0.19173745763710806, 0.20679507266967936, 0.025545764337162807, -0.024244743693028488, 0.0007202369641003663, 0.013236882350636182, 0.021343764601424748, 0.007373052342460504, -0.01918535564321634, -0.005662447391478864], "pose": [-1.5679056691474045, -0.11175439943379674, 0.11175439943379674, -0.6576777581140811, -0.03377833493091275, 0.020942758162491623, -0.15053043661708465, -0.04294508259826605, -0.014148514483454042, 0.33088680779691126, 0.042759286684381746, -0.020552916707065376, 0.4082484597199252, -0.027652149676469697, -0.15877723731615154, 0.2526605061461409, 0.04214393011514503, 0.08794212772046286, -0.06524604606781044, -0.028129960839154172, 0.01847047109692909, 0.001130672703668266, 0.10173974062527173, -0.1301125756873207, -0.15766738165110314, -0.13698011631579357, 0.2346908148919615, 0.025858311716677483, -0.021552619659891744, 0.014041537286957869, -0.23253976319620553, 0.18219349674656443, 0.2772901519104796, -0.11947732624879431, 0.10115791778840484, -0.368601178194631, -0.2497670000550191, 0.16898300118162565, 0.015331741634146476, -0.019071651403922443, -0.02306680186921389, -0.31295524440873485, -0.04357151826479854, 0.06631692123487892, 0.3140379220435391, 0.08431423914627993, 0.013143815739532902, -0.013225492201794975, 0.8924103452026333, -0.8677355794074985, -0.8400875107368144, 1.0667659258307103, 0.5330812224065294, 0.8086599191511734, -0.07122742098104903, -1.2473120381067742, 0.4111469542500608, -0.29319877950892, 1.2751568908206612, -0.3609942782813395, -0.11957457977667475, -0.06410934654287787, 0.12573384754731043, -0.1006512058544688, 0.08159269413195123, -0.07172626729581348, -0.16505431455039354, -0.05565468201809814, -0.21654502937407488, -0.12797084522909388, 0.10229410709774112, 0.21126879251482092], "trans": [-28.442989450611147, -2.337447141848665, -0.9264204895943536]}