{"betas": [-0.459125293958982, 0.2836700625543276, -0.2828307762064238, 0.06170009900103966, 0.04114696315793381, 0.017447099752977802, -0.018216663065381097, 0.013285817624318214, 0.01584973647464493, -0.019639755817989615], "pose": [-1.6170247187262656, -0.2436873029580111, 0.2436873029580111, -0.39180418364658753, -0.0008937527067683672, 0.005542644347941113, 0.20546097610639327, -0.009992048930153999, -0.004566203140638943, 0.43091015436912533, 0.0005294742008519805, 0.009063700342071719, 0.4639896508043465, 0.08406668467078465, -0.1375748605914873, 0.6796486457557976, 0.053225873912748, 0.08027289207201281, -0.029375408441882796, -0.005673456794457888, 0.01699039995544158, -0.07366464653555123, 0.08304681053961982, -0.11385827903031574, -0.12382385337885983, -0.15454352916751654, 0.24104701923912103, 0.010819153221766973, -0.022572918969657546, 0.011618347031396949, -0.2230680915958104, 0.1938187491792232, 0.26216105693138037, -0.10277420103252743, 0.09663447457252643, -0.3762720145614151, -0.23840710026952092, 0.051341709440695014, 0.038786152984848, 0.013800857335018195, -0.08584559111127078, -0.3906154632575158, -0.05464463676716537, 0.18793563171859765, 0.3416817097317456, 0.09686789654154289, -0.10077363878195363, -0.01613420766581016, 0.13238264465132596, -0.21079388927433326, -0.7929801502865356, 0.037250917780078205, 0.3776997417847919, 0.6353927684275615, 0.19946980258618208, -0.8789891262940521, 0.16114481304344627, -0.1653886282572986, 1.1221463158631666, -0.3769679839506526, -0.006278477671692228, -0.03389440171015128, 0.11671165885313055, -0.0012013819355698144, 0.0762793322588793, -0.14331993652482716, -0.2691850208337704, -0.07718796935068294, -0.26220179494763257, -0.18012602067180358, 0.1277277050195761, 0.2582055929481361], "trans": [-12.863957952136042, 8.785839717121585, -0.3722507826911792]}