{"betas": [-0.459125293958982, 0.2836700625543276, -0.2828307762064238, 0.06170009900103966, 0.04114696315793381, 0.017447099752977802, -0.018216663065381097, 0.013285817624318214, 0.01584973647464493, -0.019639755817989615], "pose": [-1.6897938909525358, -0.26786797780048804, 0.21786797780048806, -0.08084890689162098, 0.026806154549427835, 0.010830728917314458, -0.07767240163365145, 0.018150038613207374, 0.016489142585684, 0.3150294858954432, -0.020430991080897833, 0.01142288712186624, 1.2074391912228983, -0.018840125790450978, -0.013130550638010843, 0.19450598407164438, -0.08623233025671874, 0.05939587568447843, -0.050168821599119624, -0.0388617927681504, 0.033307863729573506, -0.13841822245483548, 0.07408630322223206, -0.011928484221159708, -0.11363096142962766, -0.19273590787284361, 0.17477237452923453, 0.006948474676318389, -0.04654667836567789, 0.010372786988026557, -0.2304922763315605, 0.18926650572186318, 0.05205781855919945, -0.03878010708258639, 0.13454652448042195, -0.3346904603876808, -0.22963543636340145, 0.06605020380396547, 0.052218443806014626, -0.0068393362885010274, -0.1359086793294236, -0.37041230161341465, -0.09899603421518934, 0.17891653248552958, 0.3561114438201088, 0.36997398088820693, -0.0877517093376442, -0.012479529122200624, 0.3235789089484708, -0.5357923610783355, -0.8048062966257205, 0.09186518473468223, 0.34104337683499514, 0.7374512073469814, 0.04589917265880406, -0.8117383090203274, 0.3049121404952081, 0.28661280021161445, 2.179523122612234, -0.3440411534457892, -0.006328873603556719, -0.038578976050751355, 0.06088983439233975, 0.019125111400836323, 0.058576049560917234, -0.10667116648964108, -0.17046221516942894, -0.07953823597536504, -0.22709040543217812, -0.08689149936842447, 0.14157979727783274, 0.23577630221301268], "trans": [-10.454486902567393, 0.7496579517645087, -0.6432347278451608]}