{"betas": [0.12977417203956745, 0.49847687971378624, -0.19179541608583497, -0.1113183526768453, 0.0549914925669735, 0.1034291447522722, -0.013453424082682812, 0.010035343166627214, -0.014576049326274527, -0.02308049036666073], "pose": [-1.4886563290270929, 0.5914640825294674, -0.5914640825294674, -0.47071526031240774, -0.055242276692591845, 0.03983016365669666, 0.14806247209525808, -0.08411809106520626, -0.00850194304494012, 0.23116128739092925, 0.09827258104144948, -0.012049155248017834, 0.41714652245478123, 0.06169135175379622, -0.1294527860184253, 0.3704618784440636, 0.1466896258575961, 0.0500835751250347, -0.020732266910005244, -0.0258130587528613, 0.013362849709115665, 0.05968937873484906, 0.10835371617706333, -0.04266016476498437, -0.13606971809347332, -0.1684165208776136, 0.07855537796640656, 0.06724552528529841, -0.008082869196066817, -0.016618150815793365, -0.22793494465173772, 0.2116471938156162, 0.14554837053052108, -0.03343322291129253, 0.14387504106695345, -0.15726822217680692, -0.007035785169697674, -0.01638416609986279, 0.08712669062704156, 0.04242210913213509, 0.09515894719298014, -0.507859832980343, -0.031264677567100316, 0.0586521522225397, 0.5165836401655735, 0.33290060806159916, -0.15237141653827088, -0.05210357435114396, 0.10197050111682969, -0.17542465345910327, -0.8900140508391923, 0.16184103779158163, 0.31552566837768303, 0.8216416151644961, 0.15990142817403047, -0.45168195377718007, 0.11963341074055919, -0.07384063833655925, 0.47482819730078335, -0.14257782544906908, -0.026990580665024442, 0.015007926564314619, -0.07624773542466433, 0.01255821435827682, 0.008520103705663312, 0.013068448718732225, -0.20318472107976251, -0.06014796219949312, -0.18343892966856892, -0.10686717801200242, 0.11045093015298296, 0.21571698831688782], "trans": [-15.705963169997009, 13.014892028870634, -0.49559434714662826]}