{"betas": [0.12182979554792384, 0.0498104030700563, 0.01874907528210161, 0.028247290178977192, -0.01045515424154793, 0.003794310233826808, -0.007750463989420916, 0.008476040652062412, 0.013630708331879994, -0.014916307566096007], "pose": [-1.1554732879070129, -1.289319859976629, 1.2893198599766291, -0.4095749428993929, -0.03218458721003851, 0.09998503964710742, -0.5150492668160697, -0.0050140105319715494, -0.0886340766203438, 0.3576194980377247, -0.013279195603858382, 0.0009029421006072188, 0.7355545224553063, -0.030594313607351733, -0.14526540019881673, 0.8294379009980529, -0.04995362781827337, 0.0937738544370911, -0.018402047662028534, 0.009353664459315793, 0.011969514471157988, -0.07709236548649655, 0.058466032908877086, -0.023308821105619385, -0.1612672149636186, -0.16563415148757316, 0.1797919646250358, 0.02454678936842398, -0.03414747191932705, 0.004480918686270264, -0.3114876740258466, 0.257329804845403, 0.14424927227365558, -0.12762193571237437, 0.11404933252443919, -0.33970395857587943, -0.2347721254092922, 0.1035440673616124, 0.033918839454644314, 0.03602142345108074, -0.03849262298503296, -0.42042132978150015, -0.014360848646917597, 0.11646862967064757, 0.40211935978717667, 0.11725912937546706, -0.010260054102130649, -0.0450760608460648, 0.14023139358570913, -0.3004490934902279, -0.9386384501290657, 0.24306008830729978, 0.27468549033409745, 0.9216893051095332, 0.3079988260315346, -1.4651896349885303, 0.4605614385821555, 0.09714787877242295, 1.4149246561942732, -0.4679918833069406, -0.05286721981380002, -0.07703408681623737, 0.21053647209461615, 0.03463018596951056, 0.12486927452108786, -0.1833481879954364, -0.15858152970207615, -0.07992703484027236, -0.22543220066405456, -0.11882919104854667, 0.13728017707611137, 0.24171310025802784], "trans": [-41.98815793907916, -9.032525273669764, -1.1855104411706356]}