{"betas": [-0.10716845975804463, 0.03555393559239171, -0.022909588301634677, -0.0022321960585287635, -0.011360188238027402, 0.007048778770267401, 0.0026244476494828445, 0.001119221678184007, 0.011361241992361597, -0.011308692156923365], "pose": [-1.2301058187725735, 1.1760455980069748, -1.1760455980069748, -0.5234204552966019, -0.03451938893669608, 0.15449075497319018, -0.5723729846339847, -0.0007092962858517007, -0.14851502244483045, 0.4215843324843929, -0.004286418929989067, -0.002799788059947105, 0.8114788573921313, -0.019707469479772255, -0.1570401428683555, 0.9308781231733875, -0.01433804511214725, 0.09092206781081695, -0.00821785695992793, 0.0014926067600566004, 0.016224194837306402, -0.1124612565021567, 0.04625418487618252, -0.01877596774386549, -0.17263925236921798, -0.14679098774850996, 0.18267828356182372, 0.022773574647284953, -0.03219382741782922, 0.004711771412885694, -0.3089477208840675, 0.3008071183377652, 0.1677269896401495, -0.15030473941772615, 0.08706528465570194, -0.3244863598327116, -0.19032457795889038, 0.07259965286783251, 0.04077749296279618, 0.011956366531572818, -0.09997820142054623, -0.37134685598633577, -0.04362015223879315, 0.1737036157439184, 0.3434082245029166, 0.1420492362786087, -0.055986701448387896, -0.034930376035838734, 0.06214975474247936, -0.3588733761115255, -0.8839349666476048, 0.16675121758220174, 0.3447612226414856, 0.8797551683396341, 0.20621276787552492, -1.5491092342962016, 0.557967730390433, 0.0070057401232070035, 1.5960969759911832, -0.6112945865060854, -0.07967391262360203, -0.062234529545597314, 0.25758532089689207, 0.02298295173456539, 0.12673146585677256, -0.2406349754948549, -0.14203285490780065, -0.0747231004609811, -0.23517591353214712, -0.1277387134059028, 0.1444408445891789, 0.25239271930525214], "trans": [-60.37014665714454, 5.2558249268791135, -0.957254083520425]}