{"betas": [1.0007394031128156, 0.13998077818863408, 0.20322321153559939, 0.06919845010960525, -0.06355964225067326, 0.0988583210768853, 0.031004152589175965, -0.07600298470585287, 0.01954775199647453, -0.05391534064665776], "pose": [-0.27234863743743404, 2.2284361867136155, -2.1784361867136157, 0.10155967205940603, 0.00021473261467029709, 0.09254249480996143, -0.44816704536521756, -0.07013375436400943, -0.05981104789930935, 0.402939455550304, -0.024168683201151092, 0.05217184144231566, 0.691654624972265, -0.21127244504143897, -0.11224682192444195, 0.34977686311346623, -0.2047852166490623, 0.11424424402098951, -0.03511470650916673, 0.060148138947105204, -0.0004240400501636711, -0.08058721282973401, 0.034552078583612034, -0.03263114619504541, 0.009129047776571475, -0.2154238449277235, 0.1686690488780222, 0.03450547101350682, -0.013090191697373785, -0.01095833319535984, -0.27666597114812796, 0.18708288865272962, 0.04613564330360202, -0.029461896429085484, 0.05657918057623821, -0.28085415346475506, -0.041534275281114724, -0.4505837171183868, 0.10676222054160231, 0.04442933094281612, 0.19654859215614828, -0.4762970919600954, -0.07361216920187659, 0.03788471078421371, 0.4296611303533107, 0.31738856193684467, -0.4618059495929388, 0.0871076437228832, -0.07012339190974634, -0.1921044598372581, -0.9756439459751008, -0.11433301455452151, 0.1773989913937177, 0.7457326105393632, -0.22778285720669256, -0.8137139144190264, 0.5507963296837848, -0.5988115662096456, 0.7122938243269379, -0.6411172831668501, -0.28500847058776185, 0.02163624031275362, 0.05551579966067361, 0.025770653290941248, -0.006102509053181095, -0.15231042434965425, -0.0717517074665382, -0.08131585376118709, -0.19278780341006935, -0.041227111946667894, 0.13803894194386432, 0.20808563600152652], "trans": [-9.564245678945944, -3.906152358358467, -0.8442487268088376]}