{"betas": [-0.459125293958982, 0.2836700625543276, -0.2828307762064238, 0.06170009900103966, 0.04114696315793381, 0.017447099752977802, -0.018216663065381097, 0.013285817624318214, 0.01584973647464493, -0.019639755817989615], "pose": [-1.3495193807375023, -1.1441388304117606, 1.1441388304117608, 0.014948100643469409, -0.011850008875533086, -0.0090796140532712, -0.39955547505948874, -0.018684962327302677, 0.006810201822837335, 0.10095948259543328, -0.005754553055917834, 0.005250997471050869, 0.767142102891863, -0.0007687357202929637, 0.007327509092440142, 0.46755087320621325, -0.013128181495975617, 0.05599586876227528, 0.028381477779651613, 0.017811837416822476, 0.009591480297622872, -0.08039760296075212, 0.017906207439540977, -0.03847968097902864, -0.15481606671725726, 0.008483665559027596, 0.010933024600162523, 0.03718785987942274, -0.03793572296969783, -0.008157308774560126, -0.34820489905832275, 0.3087744681773447, 0.17101482077605237, -0.16460155571724575, 0.058501260764111204, -0.2866544038783755, -0.10402274514131522, 0.18208602495055173, 0.07230865543167084, 0.0615717871275093, 0.058592364336146736, -0.504509518273203, -0.015500443121952626, 0.0346471249399513, 0.4585776610340543, 0.24592198554149008, 0.09905413699688481, -0.11016496205510434, 0.12183879831631107, -0.3221923820280733, -1.1338700362616563, 0.24594398632750836, 0.37175227284336054, 1.0496809045885191, 0.21182921548070024, -1.3386813753142905, 0.5011101563146214, -0.04187455825175074, 1.5002227596974067, -0.608316029761485, -0.21950494357016068, -0.012987674938531384, 0.15587807107450544, -0.07966194673687924, 0.08854260319512003, -0.17853463436417616, -0.1278491842865248, -0.08470610962980174, -0.249180160246411, -0.12452466132366498, 0.14255636558704238, 0.2815795119457022], "trans": [-17.088108709507306, 12.482056595690423, -0.35876628961177964]}