{"betas": [0.19173745763710806, 0.20679507266967936, 0.025545764337162807, -0.024244743693028488, 0.0007202369641003663, 0.013236882350636182, 0.021343764601424748, 0.007373052342460504, -0.01918535564321634, -0.005662447391478864], "pose": [-1.4986357034256357, 0.6625661023394218, -0.6375661023394219, -0.3021955119160502, 0.0003449007171520725, 0.023929876490932797, -0.48619668299254165, -0.07828546680334426, -0.0035002612092533483, 0.31329542051622444, -0.013505649221583224, -0.0032062370647171073, 0.3643464940047718, 0.04517933275232926, -0.1065790805040176, 1.1183618782659113, 0.2014330964295708, 0.11690252484338878, -0.044455450559541164, -0.0026253897010235835, 0.017488174103293702, -0.0794187923883228, 0.09023776703712251, -0.07710369469997067, -0.14502280219647729, -0.17128033566674575, 0.23429554781811704, 0.023581062086530498, -0.03635408215800058, 0.0075905957057538775, -0.27197459421731024, 0.21644048739398114, 0.198061411420963, -0.1250019389876363, 0.11760205239782714, -0.37581669374943516, -0.23008318830017196, 0.076685163406926, 0.03609498946815787, -0.013153003080663394, -0.0007375779344920324, -0.31648890678425784, -0.05394926870097685, 0.05218274791881828, 0.31925922600920204, 0.10998958294646534, -0.039808097932441146, -0.017490279663711486, 0.8924103452026333, -0.8677355794074985, -0.8400875107368144, 1.0667659258307103, 0.5330812224065294, 0.8086599191511734, -0.07122742098104903, -1.2473120381067742, 0.4111469542500608, -0.29319877950892, 1.2751568908206612, -0.3609942782813395, -0.11752822258801612, -0.07153642861568549, 0.16281401972704096, -0.03629316812630363, 0.0856273576218662, -0.11154532358533495, -0.11889479532051624, -0.05997572260354249, -0.20594147866070667, -0.09851892655967494, 0.112365959495685, 0.2099885033098199], "trans": [-28.31601069520225, 12.355306934045077, -0.4289284655913184]}