{"betas": [-0.459125293958982, 0.2836700625543276, -0.2828307762064238, 0.06170009900103966, 0.04114696315793381, 0.017447099752977802, -0.018216663065381097, 0.013285817624318214, 0.01584973647464493, -0.019639755817989615], "pose": [-1.6274553033228925, -0.12014022868977499, 0.12014022868977499, -0.3901166106363312, 0.0, 0.0, 0.2913821788278702, 0.0, -0.025, 0.24700758858881153, 0.09444024055922784, -0.01277487940514538, 0.18303674588581262, 0.0, 0.0, 0.2887174688797687, 0.0, 0.0, -0.041104105368969995, -0.06297385758509132, 0.036898329129188015, -0.041704925756392744, 0.13735832662801417, -0.13512388876534356, -0.18695950115097473, -0.11187973819894544, 0.15198180634129557, 0.0016328821662108398, -0.0044646409035461, 0.0008011622504237492, -0.11055310200134187, 0.14298776412212366, 0.30183760966323114, -0.046230936239895264, 0.03143322169811005, -0.22205903442910077, -0.2034754120129797, -0.12991126193639563, 0.10446453936409926, -0.011140803062957474, -0.010852960167482039, -0.41902341948151794, -0.1395042688072961, 0.16784875297749954, 0.3530085014271378, 0.18353433111971243, -0.2997561392414777, 0.008530375287397772, 1.0737728878250894, -0.34467937968713797, -0.8357738858100222, 0.20310933024919864, 0.3079551939640002, 0.7808387117124085, -0.3866300498518518, -0.3267282769053311, 0.05993495819409279, -0.008530943377439672, 1.901064525544193, -0.4930546135078836, -0.06050696325746874, 0.007388093373529051, 0.004982393187040172, -0.11244932763639305, 0.04063401054178742, -0.13537229661683908, -0.32237858439433476, -0.05854815508008899, -0.2924342502853586, -0.16829156170536827, 0.10965110195614056, 0.2713370764153795], "trans": [-10.0609755915095, -1.5034237622362692, -0.6085654684784888]}