{"betas": [0.33303066142902105, 0.22906885785386125, 0.1321746135337195, 0.03485680493593007, -0.034928744222964915, 0.03738652273642406, 0.06435992437738675, -0.06135207138309116, 0.004712805749211021, -0.03328562850670294], "pose": [-1.222421240996805, -1.3470874629759308, 1.3220874629759312, -0.3876712863907362, 0.003937505664113629, 0.06123452837839385, 0.004092293545968413, -0.03787973505880085, -0.03057633654723156, 0.2859320257606161, 0.07370264300079843, -0.01090701017802255, 0.23610052329221684, 0.06513528030780968, -0.11093621887381803, 0.06634196816422616, 0.05114741098608662, 0.05656504421085348, 0.013361195024450441, -0.012493169256993517, -0.004476528935480715, 0.016923695189399936, 0.07815448202767968, -0.08291929589805558, -0.15398601407622656, -0.1589549850294059, 0.15308156288693298, 0.015475750828861068, 0.025448643382642154, 0.013861978957519953, -0.21880871825344195, 0.2654591798906282, 0.18547949701044272, -0.10890906631331752, 0.1742437323176497, -0.24990442322320788, -0.12641750225818518, 0.360080609304054, 0.02532867766494459, -0.09272861624870594, -0.2929879380582892, -0.2525039074426906, -0.06747448255086876, 0.39133030790516243, 0.2661324453739677, 0.1737670563108587, 0.16284611375719177, -0.08238741694627623, 0.002838290922453988, -0.40924476740931304, -0.6396266358472281, 0.15374487508094747, 0.5914957243329805, 0.7681599751771062, 0.024499242320827876, -1.111364090032972, 0.32078390133237367, 0.1305049311622315, 1.247770313084998, -0.2897817787514152, -0.020142134836818846, -0.09684007513260375, 0.2877464906923622, -0.025637698902341303, 0.12801297740557496, -0.20573251090060501, -0.12463948233632542, -0.05151329210494491, -0.1709282897595561, -0.1008276877224753, 0.11014557414071173, 0.19014126312183538], "trans": [-19.58398635186537, 11.689303200802442, -0.6472478768851719]}