{"betas": [0.19173745763710806, 0.20679507266967936, 0.025545764337162807, -0.024244743693028488, 0.0007202369641003663, 0.013236882350636182, 0.021343764601424748, 0.007373052342460504, -0.01918535564321634, -0.005662447391478864], "pose": [-1.5359239245688745, 0.3870384538362429, -0.38703845383624297, -0.3021955119160502, 0.0003449007171520725, 0.023929876490932797, -0.48619668299254165, -0.07828546680334426, -0.0035002612092533483, 0.3471421726396563, -0.004632947954239886, -0.009637171866603384, 0.3643464940047718, 0.04517933275232926, -0.1065790805040176, 1.1183618782659113, 0.2014330964295708, 0.11690252484338878, -0.04392652552264715, -0.017719916435604423, 0.020289556078633593, -0.08395026398498666, 0.09604456445488596, -0.07691924308925588, -0.16449312827602308, -0.16203345739668773, 0.23266078260989123, 0.019592223345389514, -0.0370366886786739, 0.009412214481522749, -0.25557267815534357, 0.22370150252772808, 0.21848159343219103, -0.13279957554503444, 0.11785476949003972, -0.37221989001065625, -0.24404337494126496, 0.1140128154721189, 0.030515459486396466, -0.020163480042642786, -0.06344028901983285, -0.30888188264690025, -0.06209726833128647, 0.09735035913480668, 0.3021083923110221, 0.09306937052503, -0.022673897030497294, -0.022968608274287493, 0.8924103452026333, -0.8677355794074985, -0.8400875107368144, 1.0667659258307103, 0.5330812224065294, 0.8086599191511734, -0.07122742098104903, -1.2473120381067742, 0.4111469542500608, -0.29319877950892, 1.2751568908206612, -0.3609942782813395, -0.07568626807949691, -0.07349575019306451, 0.1775476145380209, -0.03156199987405047, 0.10201917161293975, -0.1297822452928464, -0.15014900479330934, -0.060746100349030684, -0.21805655712667446, -0.11554433697380241, 0.1156832588189324, 0.21883256058742226], "trans": [-29.955948836409576, 10.236504486604474, -0.5589694258934031]}