{"betas": [-0.459125293958982, 0.2836700625543276, -0.2828307762064238, 0.06170009900103966, 0.04114696315793381, 0.017447099752977802, -0.018216663065381097, 0.013285817624318214, 0.01584973647464493, -0.019639755817989615], "pose": [-1.6394165054886332, -0.24656539428089805, 0.22156539428089805, 0.23080312461370653, 0.036337251335329654, 0.026663386099651534, -0.5060111171196696, 0.0106669163055242, -0.004572719082406758, 0.2839734704564506, -0.07216328620075683, 0.007678981556549642, 0.7826176174473392, -0.11643954281393694, -0.1390379319208804, 0.5382360586840208, -0.061174480349230446, 0.10141602202910716, -0.05205648663777634, -0.024987627884382985, 0.036420182436536934, -0.16950776243641605, 0.1014008144645746, -0.02360722193046114, -0.1063990255271667, -0.21817924635555344, 0.23175449737649417, 0.01412078392523003, -0.06430552520299676, 0.011877297765868612, -0.23553351725406035, 0.19313826993189548, 0.07763459663736656, -0.07071189462614255, 0.19102533488203627, -0.3922978701133635, -0.005421228933029633, -0.037285065438461995, 0.06629453432116117, -0.01728728559141046, -0.12039705318940948, -0.3378330128156355, -0.09204568382655409, 0.11496663998403744, 0.3538299683006867, 0.1587883938972508, -0.037815283524986754, -0.025660114924862743, -0.05921352316173701, -0.27293843045814176, -0.628421691569444, 0.09186518473468223, 0.34104337683499514, 0.7374512073469814, 0.01965965423379002, -0.8428631723229806, 0.26088011629993224, 0.28661280021161445, 2.179523122612234, -0.3440411534457892, 0.08831542554763638, -0.05831269605923107, 0.1116445186977202, 0.024258717805565762, 0.08732551670412075, -0.08936597350402906, -0.19103813849673945, -0.08118201495343105, -0.22116979305162418, -0.08513035101721235, 0.13358515291459522, 0.22784133221696695], "trans": [-10.71699803584993, 1.9518723567537104, -0.5604298137678356]}