{"betas": [1.0007394031128156, 0.13998077818863408, 0.20322321153559939, 0.06919845010960525, -0.06355964225067326, 0.0988583210768853, 0.031004152589175965, -0.07600298470585287, 0.01954775199647453, -0.05391534064665776], "pose": [-0.016730603910470817, -2.2138528057644824, 2.2138528057644824, -0.06622157450782723, 0.010449495565337075, 0.0006456569508982782, -0.5169549275710825, 0.004246550355129459, 0.013101011674361895, 0.18905073009737536, -0.03795848740501969, -0.0021746392898958503, 0.08981209025402034, -0.12680844110899941, -0.01789809950648545, 1.0153576419277495, 0.029376043191287195, 0.09826832676018779, 0.017932294836180345, 0.0011241792550933326, 0.026254748741131748, -0.07873216346083398, 0.09957069663529107, -0.04143790196743085, -0.1402830887576583, -0.18275366013370697, 0.20403323265165016, 0.048935855932104894, -0.04754097048125689, -0.0021195428728041647, -0.30550179198047767, 0.2294660235046049, 0.18704629801913747, -0.14282445162035817, 0.14020909603040407, -0.3386309258137925, -0.11270850884004248, 0.09050637113982943, 0.06273870395832737, 0.051917441486043735, -0.02658321635909892, -0.3798829337406951, -0.017000296734701003, 0.08491023298846763, 0.36404467284264275, 0.19792315260193974, -0.03229399282871312, -0.05364346759007115, 0.18180718842422933, -0.303715458326531, -0.9016241502692418, 0.2614140521556637, 0.27227830344033305, 0.8618306403118094, 0.404554642082577, -1.3241923619077982, 0.2860740294507408, 0.1506682993349096, 1.2741866551432857, -0.31669746312133784, -0.039700239352825, -0.07187299801630423, 0.11016465233934945, 0.01908868174230037, 0.09308953414409998, -0.07744100060719086, -0.19135439516887257, -0.06125834231464376, -0.2061669439397447, -0.12898097763865835, 0.12020347484473508, 0.20875288450293428], "trans": [-11.202928399171135, 8.097944459825063, -0.4991620696697002]}