{"betas": [0.33303066142902105, 0.22906885785386125, 0.1321746135337195, 0.03485680493593007, -0.034928744222964915, 0.03738652273642406, 0.06435992437738675, -0.06135207138309116, 0.004712805749211021, -0.03328562850670294], "pose": [-1.2449222043706827, -1.3137469737220449, 1.288746973722045, 0.21007333087496616, 0.006951664592763709, -0.014524723593386829, -0.6229433294736831, 0.03773864814242877, 0.016532890331746042, 0.3241649534414649, 0.003352321693473169, 0.007907631823403824, 0.18924871300699306, 0.06914882410605079, -0.18093849495790124, 0.18050223227015358, 0.18085864903362103, 0.01847549682644628, 0.03320342648862967, -0.010213780303001662, 0.005238119548088228, -0.07892126515940466, 0.045962304056752216, -0.11517796732258175, -0.10995244484071057, -0.10807583786918283, 0.2727798485040743, 0.0033226660362776156, -0.012483343004908201, 0.02213071150103092, -0.25123611173507376, 0.3089692856025384, 0.2673432099467913, -0.14023332325898705, 0.11932138549868213, -0.3769840091445683, -0.17029147197421735, 0.3098635228386599, 0.01566669927845295, -0.05471918354228397, -0.2979933457959109, -0.2435913295619639, -0.04848662027497501, 0.3419733204933738, 0.22500292361877663, 0.11724453353871338, 0.13547583469507696, -0.070082064436693, 0.052556937581609266, -0.524995681735112, -0.7397703792980597, 0.17288576040241846, 0.5558561405658422, 0.7902765389306179, 0.20072787980722734, -1.6037397502711739, 0.470248090808087, 0.1471050794170021, 1.6232813893422926, -0.4273697297849931, -0.07249145376802613, -0.12560971173787075, 0.31187033377308476, -0.010894653668787498, 0.15081596787247376, -0.23359352671412162, -0.09912682283650122, -0.05589811842920386, -0.20656580824409074, -0.15246270606167364, 0.12777474340395237, 0.22852908600513666], "trans": [-17.754915476721784, 11.641915056929584, -0.5168360062925909]}