{"betas": [-0.10716845975804463, 0.03555393559239171, -0.022909588301634677, -0.0022321960585287635, -0.011360188238027402, 0.007048778770267401, 0.0026244476494828445, 0.001119221678184007, 0.011361241992361597, -0.011308692156923365], "dual": [-0.00909097235591999, -0.002478238083656277, -0.0062184299620315665, -0.012349541327872693, -0.0020203744724623506, -0.0017344251079187403, 0.0008934655258290652, 0.0009245138412448106, 0.00011622728058121104, 0.0008683102263182581], "pose": [-1.2458219758681643, 1.1503030858796708, -1.150303085879671, -0.5326876020032217, -0.036953448799152376, 0.15548562183483144, -0.5641261198492726, -0.0013624280183446582, -0.14966003069316153, 0.4271136422759645, -0.0007644571748213089, -0.0026207799595439276, 0.8062283196767976, -0.016244065706737337, -0.15796765980110136, 0.9255974117127181, -0.009275419945772722, 0.0885048754281554, 0.0005151929855054251, 0.002866155586721156, 0.014095581094289237, -0.10524831302289937, 0.047418586264812664, -0.02080690493612394, -0.17147399827554807, -0.1434833473189488, 0.1808949668876979, 0.024725779244837015, -0.02949288565880396, 0.00548586090817234, -0.3095254275887156, 0.30327778368703096, 0.17166444314822438, -0.1516719149661401, 0.0900471870654163, -0.3180612879534467, -0.17753643516317857, 0.09687474890192983, 0.03587959247531672, 0.01830980557765012, -0.1202744025026711, -0.37947563741210777, -0.02714468287933824, 0.1961016304253597, 0.35378125029257934, 0.1462460536620329, -0.036315665735606475, -0.03816127987507892, 0.08892540762592277, -0.37189398160075504, -0.8944697495546291, 0.19467280036310816, 0.35773700761498584, 0.8970534195218515, 0.2541720916745429, -1.5403657922049803, 0.5222739178333891, 0.06848405311717587, 1.5494037719988958, -0.5455059286339067, -0.06011564463965337, -0.06547309809044753, 0.2608398629130324, 0.038553052678096965, 0.12458558503461994, -0.23364270485757999, -0.14542041614706336, -0.07301815091218404, -0.2274702267868649, -0.13458077011356462, 0.143316436243557, 0.24550543458948407], "trans": [-51.613165160180536, 7.039088898579892, -0.9315004899168594]}