{"betas": [0.33303066142902105, 0.22906885785386125, 0.1321746135337195, 0.03485680493593007, -0.034928744222964915, 0.03738652273642406, 0.06435992437738675, -0.06135207138309116, 0.004712805749211021, -0.03328562850670294], "pose": [-1.6013844398853703, -0.39913380523724923, 0.3741338052372492, 0.21336939189142243, 0.04578778335480605, 0.013749849078072654, -0.4969887869380496, 0.03602324702170595, -0.023630194998694495, 0.33456236412940205, -0.06814424568551229, 0.01770161843291868, 0.09835602963198284, -0.08727024549331293, -0.07524286026240534, 0.31889621287429354, -0.046979118036456824, 0.06011603656846783, 0.040945052799616785, -0.015941942393775752, 0.027245101081960706, -0.07072332128206184, 0.0490615290858864, -0.03259533532991552, -0.04258482104879336, -0.16256688352213738, 0.25545083769077964, 0.032406429985603676, -0.06008119609898923, 0.011688304483805647, -0.29309081116649743, 0.2768463249079438, 0.13797769343357855, -0.09471415768703956, 0.16985441001058552, -0.384104465649091, -0.07445204990577514, 0.18714311748058382, 0.04463227085655456, 0.009689857991792542, -0.20219129954717285, -0.3473858884308939, -0.03987532575333301, 0.18975564848925167, 0.33122323610113663, 0.2539541622552495, 0.053530693164257556, -0.07102594855019326, 0.10702464973660021, -0.4949890787141574, -0.8861086305557068, 0.19848205323816784, 0.3591307368036363, 0.8615879156278508, 0.3539292509995479, -1.5847220951188372, 0.46475767162593434, 0.032930591704963104, 1.530861148796591, -0.5236350173157833, -0.003752555388553724, -0.10129537474338114, 0.2037123874853791, 0.016963914045617444, 0.12996069181932027, -0.18447914823636583, -0.16462965441338737, -0.08556845854256905, -0.24307514091002722, -0.1490163805074845, 0.1476489161473334, 0.27707410551419165], "trans": [-12.791029092975316, 6.822472258916974, -0.6043287690589856]}