{"betas": [-0.10716845975804463, 0.03555393559239171, -0.022909588301634677, -0.0022321960585287635, -0.011360188238027402, 0.007048778770267401, 0.0026244476494828445, 0.001119221678184007, 0.011361241992361597, -0.011308692156923365], "pose": [-1.3004890048760958, 1.0544937504020402, -1.0544937504020404, -0.5377891205792705, -0.04692865865218716, 0.12172982863378524, -0.481363463831593, -0.017043812516560723, -0.10965898408200966, 0.4054781156510933, 0.015317117914174437, -0.007035732197905587, 0.7833037851042985, 0.014613790861235732, -0.16080705671716528, 0.9080322732469208, -0.019733055394331164, 0.08923988529757168, -0.0115176421535187, -0.0003590520495136189, 0.012355252158994775, -0.08285532965475725, 0.05404721783053715, -0.013605062618511235, -0.18453679945925147, -0.15705885577699563, 0.16218782983003482, 0.025311323813052893, -0.02246552284225321, 0.003586820963627478, -0.3029991822350368, 0.2944538329797366, 0.15693610397620752, -0.1431650712363882, 0.10253335410143267, -0.3046491558016313, -0.1898166205931273, 0.10229252416323273, 0.036604819802270615, -0.002322160166027278, -0.10358712529060654, -0.36236654265425927, -0.04731884431679104, 0.18346486833050366, 0.33936007315114036, 0.1494183258172009, -0.029923249348737184, -0.04234673467646081, 0.0591426904031177, -0.34926306037747823, -0.8583580521775573, 0.1608045579046885, 0.3525380674091755, 0.864096978860584, 0.19231333616609778, -1.5444002016975404, 0.5574455622376825, 0.005777131276825644, 1.5632677348492214, -0.5972732575795368, -0.07805428412351725, -0.06865335592916967, 0.26012843085214876, 0.01678751759610479, 0.130512963904987, -0.23884770644527392, -0.14056468576473868, -0.07290767117473328, -0.2287445622423296, -0.11791316196572947, 0.13896096814168302, 0.24629346904398045], "trans": [-58.440916526369875, 6.013530401135858, -0.909216419267095]}