{"betas": [-0.04531959800123942, 0.25816046623113975, -0.10443940742347267, -0.07597029208210594, 0.013911735992459227, 0.013954990810594958, 0.00840059268463032, 0.018210526354907698, -0.01144635948893292, 0.002226290135924623], "pose": [-1.5707111756905086, -0.01918541098027472, 0.01918541098027472, 0.210647597136583, 0.07892833755261375, 0.029821506895424107, -0.61281464928893, -0.006487832960782629, -0.054188485063774355, 0.33075045530406105, -0.09521753682867867, 0.033217120954697185, 0.2926601573575505, -0.15363350084176178, -0.10630467134974653, 0.2054668510712152, -0.12325137681258153, 0.11640250253447014, -0.0027760952284698196, -0.011753395289333826, 0.019577455664697336, -0.11335648362920403, 0.09623775419083579, -0.048943881520014616, -0.015559569817295454, -0.2386902193827496, 0.263793339415843, 0.02681360811618024, -0.07062383530898575, 0.007655704041918477, -0.2568533561345475, 0.17901742115507308, 0.08039980244340265, -0.051048139884590026, 0.19734564339637803, -0.4150077155417058, -0.1405927862099568, -0.030667764593320553, 0.05017632580110542, 0.04195758444598207, -0.09197035141896862, -0.39562950728767843, -0.03335076106344928, 0.10357977420316405, 0.38005343718893536, 0.18335012507860424, -0.09986813829352505, 0.004497063093896145, 0.05798357156623344, -0.29778863017326085, -0.7588967090585098, 0.15948623239445064, 0.14069875565283335, 0.7107368832376346, 0.22698904347758642, -1.0050718693209442, 0.2385680807895252, -0.014170985043977957, 0.9656178418460332, -0.27684208475046534, 0.08209444702676252, -0.09888401735139979, 0.10165126656146564, 0.12085504945078926, 0.0934728923420426, -0.09121504004541559, -0.1772126550006428, -0.0824721456721586, -0.19750905596745383, -0.10139221807667896, 0.13509763136221145, 0.21344162094294958], "trans": [-28.23241247952251, 2.8698576838197702, -0.7252748306260712]}