{"betas": [0.12977417203956745, 0.49847687971378624, -0.19179541608583497, -0.1113183526768453, 0.0549914925669735, 0.1034291447522722, -0.013453424082682812, 0.010035343166627214, -0.014576049326274527, -0.02308049036666073], "pose": [-1.4567973664958684, 0.6947674896664755, -0.6947674896664755, -0.5465057346564317, -0.04697640205620743, 0.0907369967706034, -0.06782191059737465, -0.08663822896940415, -0.03631886374742587, 0.3420491512880957, 0.10726957886966279, -0.006966213644708746, 0.40360265037153625, 0.08379811046071531, -0.13461939930326042, 0.4895639305983535, 0.0625688513467025, 0.06143309388430381, 0.006162469826307292, -0.01603819714371714, -0.006592891518428892, 0.10462244924852243, 0.12363861967896464, -0.13313802067760994, -0.1526439636443522, -0.18305176596170655, 0.144299841580975, 0.031043307320243504, 0.03248959769344192, 0.019154546364317564, -0.19050194563961295, 0.19128829095371744, 0.2488368068528935, -0.08148337213062831, 0.16668947679102442, -0.2409694626740916, -0.12052684163990635, 0.4074152061343972, 0.003919443352060374, -0.036442670534012116, -0.20101577633938753, -0.3454478696106558, -0.0017212971202231451, 0.3119829540228601, 0.34509935157022675, 0.15542503916140374, 0.22007785173055258, -0.08214826294162218, 0.11923413117233257, -0.22136477918830572, -0.6633693319420098, 0.15930993219931827, 0.4659097124451644, 0.7140508063308743, 0.16384226282142564, -0.7313643787971438, 0.07276687832143582, 0.11800627793725084, 0.8121885831823537, -0.06206292914787626, 0.1132411333145596, -0.08988812743156566, 0.19776357254756793, 0.017326365525602468, 0.11090938603259816, -0.14485054831468488, -0.26585455464457647, -0.061647402516924944, -0.19328041295749032, -0.15969829435168356, 0.09801210852677865, 0.2042041710591847], "trans": [-19.396868514549812, 10.172585948799302, -0.6167044923266448]}