{"betas": [1.8964894903024812, 0.31493576625010133, -0.1035326407414528, -0.4364464500446508, -0.04973432451903863, 0.09833628269918979, 0.014303769774192097, -0.026993742994641887, 0.07112343154180402, -0.03308173982274214], "pose": [-0.07004639302826401, 2.1888939850182463, -2.1888939850182463, -0.5282426182115486, 0.003650702094426854, 0.009477790319346327, 0.3568086189344393, 0.007195130997999462, 0.0022488940129353693, 0.14265101390806986, -0.0799600905621833, -0.03739501179531863, 0.13499822137144527, 0.016745147642377736, 0.004641328817366751, 0.05604322451071735, 0.04224339907691765, 0.0028565418583904253, 0.07899473767517555, 0.09419803409260526, 0.021687531052451393, 0.06782801227510404, 0.13739007561794375, -0.050068151745515245, -0.02693041609643119, -0.13594538800604558, 0.2070424398297202, 0.07384551611219943, -0.13567891373300803, 0.0015631809940398235, -0.18516421866649366, 0.15064581579759836, 0.2354001972563114, -0.044580958247584256, 0.20685771887692164, -0.2509350691769409, -0.29763762557549317, -0.7349061541294483, -0.24562273619897415, 0.0721711859429758, -0.07580370376578383, -0.44279888733505524, -0.012785372097144917, 0.029680590957318818, 0.5194064701811401, 0.6675513677054914, -0.34976133583550884, 0.07743476097961473, 0.20525466191280523, 0.07155414207641311, -0.9108907556471689, 0.35999094569791806, 0.2668928614836416, 0.905235694563054, 0.5487871362811146, -1.0508072209849428, 0.05319661061721544, 0.5005305947997618, 1.1633550822903445, -0.1179825325053921, -0.029798920177844888, -0.0814495811487027, -0.06888266363441026, -0.1204589064876128, 0.06276581055927384, 0.10479562440897673, -0.18794464998322946, -0.03677737448352331, -0.22535451418034025, -0.11191468455419337, 0.11124781932082779, 0.1652988241809627], "trans": [-10.632991971721966, -1.0354732800799957, -0.7591776314458749]}