{"betas": [0.19173745763710806, 0.20679507266967936, 0.025545764337162807, -0.024244743693028488, 0.0007202369641003663, 0.013236882350636182, 0.021343764601424748, 0.007373052342460504, -0.01918535564321634, -0.005662447391478864], "pose": [-1.5684014798415302, -0.10172426612065531, 0.10172426612065531, -0.3021955119160502, 0.0003449007171520725, 0.023929876490932797, -0.48619668299254165, -0.07828546680334426, -0.0035002612092533483, 0.31886861966268476, -0.01459467270840967, 0.008004415442749435, 0.3643464940047718, 0.04517933275232926, -0.1065790805040176, 1.1183618782659113, 0.2014330964295708, 0.11690252484338878, -0.036952411308988416, 0.013627203390091306, 0.014552874764517637, -0.09028870168520003, 0.09077032923908485, -0.06402699398785475, -0.14348584587990204, -0.1901596182314456, 0.21806063088215222, 0.023895610511420726, -0.028838213019884387, 0.0063646402486727946, -0.27453536418653357, 0.20614330877975645, 0.17955091408095827, -0.11727059987306934, 0.1324687144787526, -0.3727997324240386, -0.23803353359603482, 0.0957092301469845, 0.04348325719066811, 0.019732516275381414, 0.010402173106298677, -0.3890480113087908, -0.029049398171398, 0.08134663992204585, 0.3818161701608088, 0.11720784492907214, -0.015972773341962936, -0.039886628520939146, 0.8924103452026333, -0.8677355794074985, -0.8400875107368144, 1.0667659258307103, 0.5330812224065294, 0.8086599191511734, -0.07122742098104903, -1.2473120381067742, 0.4111469542500608, -0.29319877950892, 1.2751568908206612, -0.3609942782813395, -0.03850070577577906, -0.061532800936391165, 0.12666642087905938, 0.017001159659596806, 0.07968199071526719, -0.10026873446094897, -0.18114240910570856, -0.07074406587794045, -0.21561992941736094, -0.11899906754153673, 0.11740515848457093, 0.21824307630842113], "trans": [-29.767590231779174, 7.770704066557609, -0.5956094728083894]}