{"betas": [0.19173745763710806, 0.20679507266967936, 0.025545764337162807, -0.024244743693028488, 0.0007202369641003663, 0.013236882350636182, 0.021343764601424748, 0.007373052342460504, -0.01918535564321634, -0.005662447391478864], "pose": [-1.5703065504059945, 0.0460107246091421, -0.04601072460914211, -0.3021955119160502, 0.0003449007171520725, 0.023929876490932797, -0.48619668299254165, -0.07828546680334426, -0.0035002612092533483, 0.27183177881924386, -0.012133767717243496, -0.014018220122747725, 0.3643464940047718, 0.04517933275232926, -0.1065790805040176, 1.1183618782659113, 0.2014330964295708, 0.11690252484338878, -0.10540234272608705, -0.05200854100991874, 0.041657316453231286, -0.07440368787529165, 0.1809310379741486, -0.08569558332349692, -0.12469611905685916, -0.25327526582097204, 0.2707575369958329, 0.05060531177963181, -0.05731758902438728, 0.009155208914685796, -0.2157454498821598, 0.08691742674515138, 0.16609677208508927, -0.11017571085385935, 0.20018218382019434, -0.4503780157038524, -0.26263600434235973, -0.031187696949092583, 0.04109509600383135, -0.014689851718410403, 0.11003113850786675, -0.24164478506231896, -0.09610520802341867, -0.11629394202095786, 0.2651273009581964, 0.043464627977349686, -0.11521337193530087, 0.041184667737253405, 0.8924103452026333, -0.8677355794074985, -0.8400875107368144, 1.0667659258307103, 0.5330812224065294, 0.8086599191511734, -0.07122742098104903, -1.2473120381067742, 0.4111469542500608, -0.29319877950892, 1.2751568908206612, -0.3609942782813395, 0.04336540853024146, -0.07852401620433358, 0.038115519015182814, -0.006974345553332061, 0.06684645119261907, 0.002508788736456347, -0.20861681248590805, -0.05328874039331756, -0.2002582399389368, -0.07601588345807345, 0.09026675454872196, 0.18189621413466828], "trans": [-28.330850620126622, -3.1758977238471284, -0.951937525993834]}