{"betas": [1.7511515842605234, 0.3670231778082652, 0.03978433168027672, 0.004913282851196045, 0.02958606384598556, 0.001461046037256542, 0.028411238985692, 0.012589726574853976, -0.014340388809218167, -0.004234100351574732], "pose": [-1.3948647466677073, 0.7005105057883436, -0.7155105057883436, -0.35661021376808927, -0.006618044868573725, 0.036744945790807323, -0.35681028081555677, -0.02649140779123024, -0.02570016938079718, 0.3153710752974106, 0.0035235182207894703, -0.007619493966596693, 0.5637339970927726, -0.040565137484970946, -0.1350794848303761, 0.7534904406735884, 0.05822413581893353, 0.07222613416596288, 0.012002872855245853, -0.015610736758325439, 0.02039935947441594, -0.056832538838889175, 0.07019003970687875, -0.026900818752817527, -0.13727600250099004, -0.15183010448576495, 0.19166945528500973, 0.028627785171914617, -0.033235936757772644, 0.009421383897631449, -0.2918970717239936, 0.2723253077472179, 0.15166009689113116, -0.13535367149179303, 0.14007693577218958, -0.31576814428219224, -0.16597142031256834, 0.16168958985826015, 0.02985497631618966, 0.01455156641799201, -0.16178156558767115, -0.36283522372939964, 0.0016709254113468261, 0.19425862241720637, 0.3812971725951197, 0.1640846791460833, 0.020831523152690486, -0.03807061038736994, 0.12955584589061395, -0.44651048752476863, -0.8697717204382699, 0.29883905594312593, 0.327613437734198, 0.93880292220703, 0.34794378227129213, -1.5351656200526773, 0.42663997705312773, 0.2298000704804747, 1.3364960728884876, -0.33371538500127274, -0.046667897996924876, -0.10165499892362198, 0.22654737225362018, 0.03553353382917467, 0.11837495386049599, -0.14541366897187355, -0.10281742361213356, -0.062006315325674785, -0.18467092672640067, -0.11219404975483635, 0.1282716208291215, 0.20112791130006835], "trans": [-28.58807708729524, 11.272380538014847, -0.602580006227445]}