{"betas": [0.19173745763710806, 0.20679507266967936, 0.025545764337162807, -0.024244743693028488, 0.0007202369641003663, 0.013236882350636182, 0.021343764601424748, 0.007373052342460504, -0.01918535564321634, -0.005662447391478864], "pose": [-1.5660340871130174, -0.1430891977170504, 0.1430891977170504, -0.3021955119160502, 0.0003449007171520725, 0.023929876490932797, -0.48619668299254165, -0.07828546680334426, -0.0035002612092533483, 0.2849902297452832, -0.000868178837538775, 0.0014170475410272636, 0.3643464940047718, 0.04517933275232926, -0.1065790805040176, 1.1183618782659113, 0.2014330964295708, 0.11690252484338878, -0.03091528052330414, -0.003969669643680509, 0.026878896100311293, -0.004938188380676796, 0.09061075606757674, -0.027573139773966575, -0.07665752746015089, -0.1921089852405362, 0.17004268430992106, 0.07040724457677006, -0.041474960404968196, -0.01053775578731283, -0.2977560016054794, 0.20279204669677506, 0.10999124176552513, -0.07796790721548341, 0.18531061116519415, -0.29778098168319167, -0.027914336397861415, 0.013208490683444986, 0.07334055492696581, 0.05227123238239117, 0.0728233952503899, -0.45630246919658224, -0.02162552122505758, 0.018639405167686664, 0.4912749820423925, 0.3408714189932525, -0.11244287950318098, -0.04887755751297185, 0.8924103452026333, -0.8677355794074985, -0.8400875107368144, 1.0667659258307103, 0.5330812224065294, 0.8086599191511734, -0.07122742098104903, -1.2473120381067742, 0.4111469542500608, -0.29319877950892, 1.2751568908206612, -0.3609942782813395, -0.024538524901741632, -0.004238697518905252, -0.015161707412944895, 0.022319194049972388, 0.01777651965878104, -0.005941786776781606, -0.18435037685008263, -0.07020119014619987, -0.196408153723641, -0.103994209355857, 0.119921310181344, 0.22561857782067743], "trans": [-29.065400504288352, 1.1180898709752236, -0.8416829787330629]}