{"betas": [-0.459125293958982, 0.2836700625543276, -0.2828307762064238, 0.06170009900103966, 0.04114696315793381, 0.017447099752977802, -0.018216663065381097, 0.013285817624318214, 0.01584973647464493, -0.019639755817989615], "pose": [-1.4844692149917642, -0.7848111047202784, 0.7848111047202784, -0.29087359432978743, 0.004428426141909941, 0.0007550351347061848, -0.23687480877427194, 0.0051457835091120105, 0.007719001434815069, 0.4101977906011533, 0.02699516726489989, -0.004681233312756257, 0.559128852540806, 0.01032130739697331, -0.00769839300415643, 1.021551911791171, -0.09180815955005538, 0.14112998885162703, -0.04279006083434424, 0.007470122489882495, 0.0005047344035601507, -0.07804121361801757, 0.09050554418305494, -0.021609083271886955, -0.2077688424917391, -0.20269838624809797, 0.12110790627139831, 0.024230796584726863, -0.000724412197952677, -0.003938418729666768, -0.2436259828704707, 0.22786950969796604, 0.1368531289466895, -0.10804622081090211, 0.14151657604625578, -0.27132230271161684, -0.19585536047112148, 0.0893590545848951, 0.057436464963611475, -0.027429633869479695, -0.08998612514137866, -0.36949622106276453, -0.0983575077489695, 0.23810786535230632, 0.3217112711408679, 0.14688758562676024, -0.0559920324654661, -0.051574392653565386, 0.022438786134467915, -0.23944891359975495, -0.7107688821932522, 0.09593963528243148, 0.29006869220489784, 0.7427166907054111, 0.06455628463020378, -0.7435172275923008, 0.20657286331743188, -0.0846625097828082, 0.9575110563001845, -0.3657399165474902, 0.03152391299788713, -0.024285620218405902, 0.1877342705345519, 0.027870217310336193, 0.10175503702310072, -0.21049525608927275, -0.24894857069658116, -0.07424874806912458, -0.229964409165099, -0.11090371324990106, 0.12677143701441518, 0.2338434770195575], "trans": [-15.277774000407131, 11.913967505689476, -0.35479286917936137]}