{"betas": [-0.04531959800123942, 0.25816046623113975, -0.10443940742347267, -0.07597029208210594, 0.013911735992459227, 0.013954990810594958, 0.00840059268463032, 0.018210526354907698, -0.01144635948893292, 0.002226290135924623], "pose": [-1.5707960879934773, 0.0010160094206427773, -0.0010160094206427773, -0.06916593184960773, -0.02172218165142189, 0.01958358823469412, -0.3008428621304417, -0.031840871439606656, -0.06145805000206139, 0.24355804886127547, -0.027697221872371346, 0.0010276729436884432, 0.15170459152864402, -0.15555369892701906, -0.12345787669202679, 0.7243401289314628, 0.00582323720521276, 0.11796864996931923, -0.02647887383568702, 0.007116015875592434, 0.029156844630572446, 0.017269242146186657, 0.09884565450868277, -0.013210107812289885, -0.032991996959001166, -0.20896412958680086, 0.17729273739970436, 0.06631253885096403, -0.04843414338940515, -0.016521019557919164, -0.2916358974755365, 0.18889591952047563, 0.09239418202206232, -0.0952552821919911, 0.21930065205314075, -0.28713715068867124, -0.04335368543950016, 0.023037646702208602, 0.08660496557405488, 0.04679008240052819, 0.0791742160298212, -0.48013839122109203, -0.025072472109425543, 0.007430235546443371, 0.5328732252129527, -0.026340718167504162, -0.7857382085556832, -0.05506634074872019, 0.06467527927695976, -0.24674619154434113, -0.8653959020367717, 0.21189416288408125, 0.21239616942416378, 0.8539493776334082, 0.1431380797908924, -0.5300464878113326, 0.12982973302774697, -0.09582933280930331, 0.46838880629443663, -0.14232761202618716, -0.0016481295796371123, 0.01022652723676676, -0.04973221992571657, 0.04246200272188778, 0.0012400213768330372, 0.031134235092808847, -0.19936603962262245, -0.07632928743590864, -0.1935218507382049, -0.0993617443272047, 0.1179705157542451, 0.22263478540221876], "trans": [-28.2675746736325, 4.051719618986152, -0.7615547677226637]}