{"betas": [-0.459125293958982, 0.2836700625543276, -0.2828307762064238, 0.06170009900103966, 0.04114696315793381, 0.017447099752977802, -0.018216663065381097, 0.013285817624318214, 0.01584973647464493, -0.019639755817989615], "pose": [-1.244268338821825, -1.3051986904879915, 1.3051986904879915, 0.10839467471389526, 8.698479907845447e-05, 0.07680706283001108, -0.34802725618111185, 0.028751369556018935, -0.06349060931984898, 0.0484939868297847, -0.02877127923013682, 0.008054651972205115, 0.7480863012508626, -0.10028971626351216, -0.13087993304020148, 0.31006831461691065, 0.060520666750912444, 0.07848327070155478, -0.0070407268262523675, -0.012829579838494457, 0.013648414934460923, -0.13995241880919104, 0.04300923898307848, -0.07567783015582107, -0.14151714295168902, -0.12406911454508371, 0.23874161275412065, 0.0034211838548169303, -0.03759542102262706, 0.011986137776808082, -0.2650634903117201, 0.2818599055094278, 0.21266528808691246, -0.13556561707062453, 0.0871259872191891, -0.3703409773305276, -0.1844003385595513, -0.3869893024027733, -0.09697272305490234, -0.023203115460195465, -0.19860546745443147, -0.3180875360914436, -0.08016969208803978, 0.24334402149761522, 0.27002648705555055, 0.10797987884480058, -0.11008971936932778, 0.11248231349569103, 0.09046585160152015, -0.3995384989520026, -0.8420234079621791, 0.2806133683822876, 0.44398789380711906, 1.0178388798099256, 0.6978798746684578, -1.3363071307623327, 0.44223629179566276, 0.2661106532973893, 1.4968403210923011, -0.5748011903055181, -0.09169651999709809, -0.05832226376784399, 0.23133686022679556, -0.013841083685254496, 0.11520207889183066, -0.217154681228256, -0.1402441886607075, -0.06978975003586105, -0.23576411087477442, -0.13699907213625265, 0.14063166191329265, 0.2487568258923244], "trans": [-18.413266684340442, 12.526266894887002, -0.40273466180500095]}