{"betas": [1.726796659765029, 0.41891031545459445, -0.15139553369490252, -0.5462419580768579, -0.07855182412525559, 0.07595039952460043, 0.008045347212360082, 0.06009336300381875, 0.04481580265154796, 0.006120580758014304], "pose": [-0.23753430021561195, 2.023955566410191, -2.123955566410191, 0.3801707753147562, 0.012161041784512364, 0.02066929422303557, -0.6771404949811564, -0.10671843553426245, -0.20077993390122176, 0.3152778992740066, -0.18921841204860756, 0.018834933451498184, 0.28066399436117334, -0.47039958814622684, -0.010673087738772256, 0.3977445673241175, -0.4375995027072976, 0.13387890984163678, -0.003982660333354244, 0.21235550157759478, -0.06722000412110815, -0.02417458673689136, -0.007019740856258343, -0.04013987616215079, 0.1457845204155305, -0.3030938310947903, 0.2731034776054108, 0.0314719024649596, 0.05801428501286177, -0.01571525853068414, -0.3452031381915642, 0.17489080549881508, 0.01418533371450811, -0.05012559604278512, 0.09177780000055885, -0.42799767495944524, -0.29616074719223096, -0.17233922191926865, 0.06565216642851318, 0.03000124537769178, 0.3876002743156986, -0.5055233559409796, 0.005147340366149537, -0.07820076786923617, 0.39899095699461495, 0.2677048578330122, -0.2820286183056535, 0.05854563090532141, 0.9249889354538029, -1.0514534574437857, -0.3739566877384914, 0.9193901625301835, 0.3677423113258142, 0.9096823036240403, -0.1612306760493263, -1.1436718473382217, 0.7159785609881393, -0.18943579748420653, 1.0659426617675603, -0.7336715531545813, -0.3508678162485041, 0.003794150278553957, 0.046264657073125014, 0.08947575638057075, 0.009545927482755725, -0.15298324604717853, -0.055169773606540136, -0.12445793913844172, -0.21621421550346517, -0.06942743431256361, 0.14648254637505295, 0.25705405329283626], "trans": [-9.738117414689453, -2.863174976083586, -0.7840363553359142]}