{"betas": [-0.19266644468801378, 0.5771463667239267, -0.16308379457488245, -0.06462538974507079, 0.08054580167251779, 0.027975024271901693, 0.03561269911626106, 0.05188376016633901, -0.05289357868361275, 0.00684608270928935], "pose": [-1.4583196436111918, 0.6902091631555374, -0.6902091631555374, -0.37445493649365713, -0.007529157981938699, 0.15197516590704394, -0.2522088077274142, -0.05538829438460864, -0.12249080703668172, 0.2987741657272539, 0.03223911941285134, -0.022587509135192318, 0.6498343975010428, 0.006365924732731053, -0.15169770943127517, 0.9040716968623352, 0.030583439650183036, 0.08805513019416797, 0.05645364957149493, -0.026755892805673847, 0.008644970278473735, -0.08193505957748905, 0.10542957447432334, -0.05414709802592706, -0.22378766539224004, -0.19209946243105225, 0.1517891096390677, 0.020776662403855048, -0.014574232534653878, 0.004300873901608963, -0.2693996289324427, 0.29113992399125455, 0.2079441108619537, -0.14339201085905337, 0.16131775923308234, -0.25486192046309863, -0.11260220412923407, 0.2613640711711479, 0.03470035138595781, -0.019586805923117335, -0.32076627206403685, -0.28640431929041343, -0.012753766888782488, 0.35026821023766136, 0.28419296899189367, 0.16439858286177325, 0.08491676981334934, -0.06467120670641206, 0.13678449540227242, -0.45246567431652307, -0.655074360067992, 0.2991814228753435, 0.4268953378948145, 0.7712898803200758, 0.4530412115728522, -1.585093521608516, 0.3022608845167608, 0.4535474081613612, 1.5390275885409308, -0.22544478011284189, 0.09921452375931791, -0.1548985647951087, 0.23542998010687147, 0.11580040881788518, 0.1654365646987201, -0.1339327333231134, -0.14253704264260833, -0.03530961003198465, -0.15486999377620228, -0.11279182518859669, 0.1135548882539083, 0.15084774215244123], "trans": [-17.961437519739654, 10.495639979807688, -0.505426262052605]}