{"betas": [0.12182979554792384, 0.0498104030700563, 0.01874907528210161, 0.028247290178977192, -0.01045515424154793, 0.003794310233826808, -0.007750463989420916, 0.008476040652062412, 0.013630708331879994, -0.014916307566096007], "pose": [-1.1090268012321047, -1.3525877846905718, 1.3525877846905718, -0.41664569519280226, -0.022142580711323516, 0.13611960329835973, -0.49711574924900154, -0.013772128062303695, -0.12416394745925362, 0.3343737230497712, -0.010093583294846822, -0.004322440439484929, 0.7207703716871166, -0.05662971273306365, -0.15311369322262386, 0.8419881552426874, 0.014092444027674594, 0.09310459994716673, -0.044204046583424, 0.0018987894879555942, 0.025410338567545085, -0.09217430659647419, 0.08913510394433026, -0.04258652823041285, -0.16157178782318846, -0.18206640520206016, 0.21445828362908087, 0.02226254221234355, -0.031457408770876445, 0.01343264913834671, -0.2796714431800991, 0.23402054143623718, 0.15911664203976603, -0.13565697734019988, 0.15088520147096635, -0.36159130794995836, -0.245171127140429, 0.1764888674107525, 0.03398644866904528, -0.019310244783512048, -0.058730229528774505, -0.3308335316190565, -0.036604238576777894, 0.10427330548930429, 0.36713775638494855, 0.11449668219617808, 0.0345829263575837, -0.044149110808391, 0.021237232111508627, -0.3168909530196868, -0.7152428479980555, 0.1824538462645696, 0.2452072629772143, 0.7915098788066794, 0.12805825787885713, -1.3200534065078877, 0.44168851320771824, -0.014599148801015403, 1.1620423523948504, -0.3843934247818414, -0.03419694320035776, -0.07028413725239561, 0.20172584163267174, -0.0033207687567458517, 0.08997296176636826, -0.12402085326173949, -0.1325955437080921, -0.06709000613039034, -0.20437587231854068, -0.10100102527652494, 0.11661700049800479, 0.2117264131546917], "trans": [-54.112968598870985, -12.538965274772597, -1.3239957384671301]}