{"betas": [0.12182979554792384, 0.0498104030700563, 0.01874907528210161, 0.028247290178977192, -0.01045515424154793, 0.003794310233826808, -0.007750463989420916, 0.008476040652062412, 0.013630708331879994, -0.014916307566096007], "pose": [-1.0769954058037834, -1.3953140518257678, 1.395314051825768, -0.4279889623897902, -0.02501953117723417, 0.10192947197802868, -0.4189497573321391, -0.02212943002003126, -0.08526385642113689, 0.3621476747408183, 0.013577235962372147, 0.0012425070489674606, 0.8109281460107667, -0.024575615564396816, -0.1604777309508428, 0.8227406505577481, -0.015198635757018296, 0.09552674412780725, -0.011299759092447972, 0.004082398456616498, 0.02562223014789707, -0.09826119218406698, 0.0861453067010482, -0.026656073325317782, -0.17349067986809408, -0.17810874699539644, 0.16196811123522478, 0.02980487810589971, -0.017880958958224856, 0.009398810167265443, -0.2846642229672523, 0.2477095283825567, 0.15213439760842992, -0.13170366843564496, 0.11967665317779899, -0.30678061777600935, -0.19267625546655862, 0.07770132940642176, 0.059749963855758356, 0.025511073126211717, -0.05172094008569026, -0.38245085085174446, -0.031123565651718775, 0.1647607833133947, 0.37879020418588677, 0.1276864480592053, -0.05291952133450337, -0.03426571751937239, 0.11943873140441277, -0.22889753924177714, -0.831091845852763, 0.21514304810827772, 0.3146687790159565, 0.8422684538762474, 0.283121101870714, -1.2925808530005474, 0.3681763481263773, 0.13992389240932607, 1.3587189401325654, -0.3924918205204741, 0.02871936878062426, -0.0745564217148346, 0.2197899289015106, 0.06565319917904522, 0.12280183600492678, -0.2006676334127688, -0.19654325045709017, -0.07161553094790216, -0.2215946639895619, -0.12310025032873076, 0.13282347283120138, 0.22893869074196885], "trans": [-40.48112255045713, -8.801860929801176, -1.1820504050251344]}