{"betas": [0.19173745763710806, 0.20679507266967936, 0.025545764337162807, -0.024244743693028488, 0.0007202369641003663, 0.013236882350636182, 0.021343764601424748, 0.007373052342460504, -0.01918535564321634, -0.005662447391478864], "pose": [-1.5541957563858628, -0.2674799853749405, 0.2674799853749405, -0.24447167733106315, -0.009488139191764132, 0.017940787998638366, -0.25993991511094505, 0.005222737768565257, -0.011520544391981614, 0.2986608102602141, -0.025123220913237754, 0.01585433950604495, 1.0580474574390262, -0.12833858765015016, -0.0842992357781316, 0.27654263543381774, 0.04701582872383438, 0.14972703988801594, -0.0034221734729752095, 0.012839253775045849, 0.014632749758019311, -0.12509620603008206, 0.04506507898878384, -0.033375675855040664, -0.13267742201619162, -0.16297263336618634, 0.20147699296852373, 0.01805275554194423, -0.034566300154667336, 0.0011371127146454871, -0.31196188794878155, 0.26430623352799776, 0.14405724525422997, -0.1098483664377158, 0.09009659257436577, -0.3603076445553207, -0.20628648059218818, -0.03962995906836326, 0.06501682802999174, 0.031802023609728024, -0.005326626515053449, -0.38686254701079065, -0.05466007309953405, 0.11198128136154456, 0.3438004111282295, 0.145062870935746, -0.12111774822338088, -0.023942151338243116, 0.8924103452026333, -0.8677355794074985, -0.8400875107368144, 1.0667659258307103, 0.5330812224065294, 0.8086599191511734, -0.07122742098104903, -1.2473120381067742, 0.4111469542500608, -0.29319877950892, 1.2751568908206612, -0.3609942782813395, -0.13857800512596696, -0.08914418590108965, 0.1806244303742059, 0.018247767283004628, 0.12570178261344842, -0.1997653471308587, -0.11764411614524112, -0.07359420945288837, -0.23276609297451067, -0.10478853899941208, 0.1416268081780598, 0.246978072092183], "trans": [-29.190761628765426, 1.689158198350567, -0.8213509333086625]}