{"betas": [0.12182979554792384, 0.0498104030700563, 0.01874907528210161, 0.028247290178977192, -0.01045515424154793, 0.003794310233826808, -0.007750463989420916, 0.008476040652062412, 0.013630708331879994, -0.014916307566096007], "pose": [-1.0012459658870043, -1.487536454431425, 1.4875364544314251, -0.36371265170192835, -0.044565408310268916, 0.06923631949557012, -0.33422602637066295, -0.013027978977585265, -0.0670639272112379, 0.2869065049848115, 0.007772231522186519, -0.0019840850109636606, 0.6668092168245694, -0.0033717210864832974, -0.13960823740124284, 0.7717439230531189, -0.010848596926623086, 0.06984025119610524, 0.008051051025391144, 0.006630760818390142, 0.010609133118776743, -0.05256100001338301, 0.052966768358117505, -0.016103764200884402, -0.1686939079449352, -0.14696544285603025, 0.15902935955041217, 0.0278789397145688, -0.028414957182202858, -0.00030126790528827254, -0.31851120749466677, 0.27425123397937906, 0.14690063286790153, -0.13901538944283176, 0.11396573178804238, -0.30508836952296675, -0.2114415845575778, 0.15940478684691023, 0.04117892827377125, 0.050970733237823855, -0.039902238641484754, -0.46655030849868084, 0.006181548385639111, 0.12654939102781657, 0.44758711631967735, 0.1558244378097859, 0.04547584760777886, -0.07605402336961972, 0.2045642091123299, -0.33182440313380507, -1.0377837183472292, 0.30981353589495814, 0.3251501955340107, 1.005951948600279, 0.40218525972201175, -1.5164982316461197, 0.4424555737459919, 0.17642412580397476, 1.4253633131281773, -0.4245747310911946, -0.08003859694238505, -0.07776088021366237, 0.19510679866613986, 0.01761122022260084, 0.12369119319528385, -0.1706062631175238, -0.1508198433355281, -0.07840584191378788, -0.2244845802820405, -0.12526718025546046, 0.13569669434429688, 0.24458713146094158], "trans": [-45.68292701745596, -9.64721969502672, -1.1170516113295694]}