{"betas": [1.8964894903024812, 0.31493576625010133, -0.1035326407414528, -0.4364464500446508, -0.04973432451903863, 0.09833628269918979, 0.014303769774192097, -0.026993742994641887, 0.07112343154180402, -0.03308173982274214], "pose": [-0.5145064230359467, 1.978486706001923, -1.8784867060019232, 0.08936746099916595, 0.02441029885057691, 0.0013953022077409713, -0.6109311160973822, 0.007182311649969617, -0.01258471332607801, 0.14265101390806986, -0.0799600905621833, -0.03739501179531863, 0.08948672172830649, -0.0036179679708792725, -0.0016117208831270338, 0.598735575277666, -0.04276901862120375, 0.0958049995905482, 0.07899473767517555, 0.09419803409260526, 0.021687531052451393, -0.10451403735789869, 0.1700470314869516, -0.016339330922453512, 0.008954298300376966, -0.17510462865189222, 0.2714962179869283, 0.07384551611219943, -0.13567891373300803, 0.0015631809940398235, -0.21096968543797884, 0.16345446864043384, 0.1347882859930026, -0.037528004942467434, 0.2142390607880634, -0.3865825349988505, 0.03270342366448014, -0.26369653735854753, 0.13036176164955365, 0.07625036765689756, -0.24521429411743315, -0.2218500682745472, -0.05128845881718503, 0.2766013831968336, 0.20354583440090807, 0.28083923625283796, -0.37510990679050676, 0.10861392248494012, 0.20525466191280523, 0.07155414207641311, -0.9108907556471689, 0.35999094569791806, 0.2668928614836416, 0.905235694563054, 0.5487871362811146, -1.0508072209849428, 0.05319661061721544, 0.5005305947997618, 1.1633550822903445, -0.1179825325053921, 0.006715776943124398, -0.1634957913124434, 0.14918090960458136, 0.13724880669244988, 0.10473647233957127, -0.07506441024500951, -0.1458335793205979, -0.027156062462123605, -0.11582937319182555, -0.10172327829825215, 0.11419747627057084, 0.10303241036803171], "trans": [-10.610317422191716, -1.569895230489492, -0.7948885456638374]}