{"betas": [0.12182979554792384, 0.0498104030700563, 0.01874907528210161, 0.028247290178977192, -0.01045515424154793, 0.003794310233826808, -0.007750463989420916, 0.008476040652062412, 0.013630708331879994, -0.014916307566096007], "pose": [-1.1456560593987837, -1.2969885914922719, 1.296988591492272, -0.38164256769883426, -0.028609077272887105, 0.10089315313844445, -0.44083602492657453, -0.015438477183403944, -0.09843032820139885, 0.33120789494336833, -0.0038741965608405098, -0.0008500819575944083, 0.7124547495332547, -0.03494982771509176, -0.14490913675796477, 0.8152036323391738, -0.02213473525782543, 0.08745192635611776, -0.006166693571716929, 0.004160889318632159, 0.014056783565794562, -0.0804477689121595, 0.06690283810033923, -0.02739367816926965, -0.15748596052974695, -0.17581127310398897, 0.18621506191043888, 0.028087758561060543, -0.03027456292518478, 0.003002726835497794, -0.30357817955131544, 0.26181088719860124, 0.15319225481502902, -0.1338499310422057, 0.13011773512888847, -0.33679966919191245, -0.20061849332833256, 0.11984405704790665, 0.041118650570340115, 0.022969196498512274, -0.05714326191606749, -0.3931469350692294, -0.024736322804740248, 0.13130384184970048, 0.3793992726385237, 0.14553030332079805, 0.000800539838706009, -0.05262645609369639, 0.12127213809721445, -0.3108040057629674, -0.8794821126600454, 0.22921731052937627, 0.29252067496656425, 0.8730056079572833, 0.2959767036187984, -1.4677371811760622, 0.4463169179158922, 0.0928703779779617, 1.428764828339687, -0.4545675138264578, -0.041563698743759175, -0.0843311869720443, 0.2059511085315825, 0.03321740063781633, 0.12591035566448153, -0.17752971077635402, -0.15636715944094703, -0.07427624119322773, -0.2220865012448976, -0.1178339461036155, 0.13300268625886172, 0.23637500759157587], "trans": [-56.875404973932724, -13.051545252744576, -1.3412266657643965]}