{"betas": [0.19173745763710806, 0.20679507266967936, 0.025545764337162807, -0.024244743693028488, 0.0007202369641003663, 0.013236882350636182, 0.021343764601424748, 0.007373052342460504, -0.01918535564321634, -0.005662447391478864], "pose": [-1.5940480070542271, 0.36417401264184934, -0.37167401264184935, 0.19132094368975427, 0.08664087416928098, 0.07231813545726803, -0.733802726131848, 0.00966512780105393, -0.0041422227519165924, 0.23505282024176302, 0.0723546921800545, -0.03153940131351531, 0.3236658855013602, -0.1666139750706412, -0.11021781877994619, 0.5225820541701647, -0.022863229034607493, 0.1116510336698588, 0.0004169026167571772, -0.030719963860033575, 0.024760867386473494, -0.0015260689914946854, 0.08780613070082353, -0.10996373535785853, -0.18924851998941541, -0.10866164468691403, 0.19136473499196033, 0.011342575543204258, -0.0107815984653978, 0.011184082680430583, -0.24355287230249847, 0.25017791870846456, 0.27525255282627004, -0.13442003702679567, 0.08728506511683484, -0.26716386733101477, -0.21600476448561215, 0.19936363391478373, 0.03361144103935003, -0.03288589657290614, -0.11583210429488003, -0.3259742184179951, -0.01740877833125682, 0.15978128589860374, 0.37121985921366946, 0.14939778913261656, 0.01165371839720315, -0.03784485109543982, 0.07462643487936513, -0.45215637008444853, -0.7590904104578434, 0.20029447680221038, 0.3455008124188869, 0.8381000201991761, 0.18633087307509386, -1.5578155181471087, 0.5145295569509151, 0.00538011889261987, 1.1823837814602094, -0.3808978996361955, -0.16108975535864783, -0.09823780498121976, 0.18235858598568602, -0.09401335134470754, 0.08850451529839345, -0.0884129221073969, -0.07338267068986132, -0.038227297210633136, -0.1884074508044781, -0.11358875138105505, 0.09830508670966695, 0.18862720527947688], "trans": [-21.70756492622827, 16.914843555197294, -0.4981192527630583]}