{"betas": [-0.10716845975804463, 0.03555393559239171, -0.022909588301634677, -0.0022321960585287635, -0.011360188238027402, 0.007048778770267401, 0.0026244476494828445, 0.001119221678184007, 0.011361241992361597, -0.011308692156923365], "dual": [-0.03335258825615171, 0.012148668503273355, -0.010681282564941233, -0.014679422537502582, 0.00010203748923000473, -0.0035610204061877404, 0.0004688865161444661, 0.0027145812163673136, -0.0012180863173742174, 0.0014192898074676177], "pose": [-1.2431860617307815, 1.1546720428135104, -1.1546720428135107, -0.4794655668731135, -0.033235422074291414, 0.1536669819303537, -0.5286189257830481, -0.003931113007170241, -0.14296145106033384, 0.3972694396669928, -0.005216682471913862, -0.004219721445476919, 0.8241085359305632, -0.028143983838712975, -0.15416564006601413, 0.9074972900563999, -0.0144407925788304, 0.08836069549449103, 9.396544565743593e-05, -0.004244162090458961, 0.01580523853408272, -0.11695191966344266, 0.040642544030996756, -0.014864550253512123, -0.1803524426611246, -0.14442936991932312, 0.17161189694355256, 0.01919544963628413, -0.034611391990068324, 0.0031446663276404174, -0.3121613716360755, 0.30764270489942624, 0.1528713238235436, -0.1420523814241379, 0.08672329210026229, -0.3099219928296704, -0.18283986720491718, 0.06706405094676669, 0.043872446700008054, 0.004127647620810353, -0.12564200153341995, -0.3649809905569714, -0.050190919687974636, 0.18810022721241826, 0.33704671047256596, 0.1529872112496217, -0.05812420384391501, -0.03485204826078348, 0.05119555157256591, -0.39834923477881534, -0.8782242205972665, 0.16322407431509622, 0.352073062477926, 0.876944718475813, 0.2076256670597154, -1.6134543053415584, 0.591255427842568, 0.0083939850011031, 1.6331048551627843, -0.6387299620761947, -0.09784903581900736, -0.06963223465071212, 0.25276690052254647, 0.01712318326536765, 0.12791710062926379, -0.23514746128234307, -0.1163202795846797, -0.07096908051806754, -0.22813968776213506, -0.11491471138296304, 0.1443948941513151, 0.24664312333755972], "trans": [-53.63947252831705, 6.757516327499973, -0.9484789526242616]}