{"betas": [1.0007394031128156, 0.13998077818863408, 0.20322321153559939, 0.06919845010960525, -0.06355964225067326, 0.0988583210768853, 0.031004152589175965, -0.07600298470585287, 0.01954775199647453, -0.05391534064665776], "pose": [-0.1945388449024667, 2.125799764574544, -2.125799764574544, -0.06032065931012515, 0.01845226398894853, -0.010382432183198995, -0.6765640727062999, 0.019626652564333297, -0.08234596521348216, 0.29575991639190385, -0.06332297933739821, 0.024815391891646783, 0.4285377715775118, -0.14136291649197247, -0.08355372663212964, 0.601475573375959, -0.05712141268825574, 0.08396257835347493, 0.04674813706079934, -0.001186862960776712, 0.01575285757953388, -0.03982909088370612, 0.084404289732442, -0.05014905969147969, -0.010477589783027805, -0.20272418671161566, 0.2520152283841657, 0.05491377146279185, -0.050517927076873054, 0.003212710797330421, -0.29189875526119446, 0.22545251377019054, 0.13848060170483315, -0.0968551933920056, 0.18874908853154662, -0.3868761021076564, -0.047789983598533384, 0.04415304526087229, 0.054689463037304153, 0.06240546771705836, -0.08409196210178424, -0.3755051704719527, -0.01199965909169042, 0.1397691435233328, 0.3416211714204522, 0.2268994670496088, -0.0472450358782948, -0.02979778475926851, 0.19942039556839622, -0.3370389946777699, -0.9156274929444848, 0.29291875851657073, 0.28059606330598713, 0.8580691041872015, 0.4453420376902627, -1.370073851584776, 0.2641934506601839, 0.25511065713094955, 1.3802197419193523, -0.27609668841781954, 0.02782822685444854, -0.12900923991259722, 0.19262005235771468, 0.10450740339157864, 0.14662431273852278, -0.17093830889656478, -0.18300217117656542, -0.07621303055267256, -0.2015761186992485, -0.13026546323247845, 0.13752561330718857, 0.22422571202641817], "trans": [-11.034132479448164, 4.608897459181671, -0.6360486523412847]}