{"betas": [1.8964894903024812, 0.31493576625010133, -0.1035326407414528, -0.4364464500446508, -0.04973432451903863, 0.09833628269918979, 0.014303769774192097, -0.026993742994641887, 0.07112343154180402, -0.03308173982274214], "pose": [0.16727134330092014, -2.2201822234494393, 2.270182223449439, -0.2895943390937716, 0.04556318796022536, 0.09856948099825069, -0.17296476026042126, -0.043178140689919535, -0.13358941096386992, 0.24795575839111203, 0.007244116431805378, -0.024444134405763075, 0.2542169724738311, 0.05527223863499994, -0.1435209806027826, 0.7806482500736376, 0.08319586161261773, 0.08763472530367901, 0.04844309042577773, -0.07662463972948622, 0.05656353853473266, -0.09517210330410125, 0.15765230297055371, -0.05042672048668732, -0.14166531776277053, -0.17521158220208918, 0.1779771445339453, 0.035672046536840744, -0.05357760349995593, -0.00046754283487762183, -0.2025018959139748, 0.19910734539635683, 0.20276541377824067, -0.09321901367542486, 0.1627668577964846, -0.24723267232447238, -0.03443359367814945, 0.012929281202896376, 0.10004266070610013, 0.031341066634173985, -0.24805634082602407, -0.35610698245658956, -0.0402324161912031, 0.2465003444079598, 0.3688807552079164, 0.29979052541786133, -0.16779749237513322, -0.011368520817070696, 0.15129943646461871, -0.401614536429778, -0.7085881500658795, 0.21230020298927554, 0.3603658548435617, 0.7094502714727721, 0.41346243704549995, -0.9731596691351118, 0.05687987361060744, 0.196130641189452, 0.971753645967961, -0.12678507529140273, 0.10484746074491688, -0.09482673500579915, 0.02270437747855166, 0.05541912065537747, 0.07769459900474894, 0.005276736025485163, -0.2212805849388357, -0.035980477039339945, -0.18357770170465632, -0.13149484242387138, 0.11091352100587426, 0.16175429358527277], "trans": [-12.06351466066497, 9.206715434137454, -0.491101084766888]}