{"betas": [0.33303066142902105, 0.22906885785386125, 0.1321746135337195, 0.03485680493593007, -0.034928744222964915, 0.03738652273642406, 0.06435992437738675, -0.06135207138309116, 0.004712805749211021, -0.03328562850670294], "pose": [-1.3555475268651742, -1.1293853606064324, 1.1043853606064327, 0.26159147712729375, -0.07130126919648898, 0.06849695694335509, -0.31007601348712466, 0.07690156751582365, 0.06399029520792301, 0.2570105865170188, 0.029112526462222153, -0.006652664568407412, 0.34028746714060987, 0.08641045711980237, -0.2823580162378181, 0.07384877125787354, -0.06880237680832911, -0.05297420700160313, 0.05014145587594253, -0.023634246291487748, 0.015314229546840873, -0.08544038792089695, 0.0710650769069734, -0.06731268060543985, -0.1588449078346728, -0.12687394724517573, 0.1662363788359685, 0.0069999936698027536, -0.006703815260420674, 0.011139362526264256, -0.2397333612540216, 0.29974094995032985, 0.18598350144514764, -0.12381360044531446, 0.12091482893015446, -0.2433857262064674, -0.11240573221152748, 0.20919757231111327, 0.0615109330277651, -0.052105111921015704, -0.2845453454333947, -0.2816877056804188, -0.06929726638340232, 0.35708168348668157, 0.2829373832172474, 0.17878868445183904, 0.036050997610785736, -0.05915128066591773, 0.022043286757704318, -0.4712666323212249, -0.7220081553648132, 0.18864436081425853, 0.5488134986030829, 0.8212667789739869, 0.1440528125863333, -1.4207415496360067, 0.4420402494460321, 0.1827484118868793, 1.5404742124992576, -0.4272402753302862, -0.04351546564278026, -0.10779556909913353, 0.2873219768657434, 0.005403978983272097, 0.1392702999618906, -0.22556467600864838, -0.0933778296923698, -0.04736177591492314, -0.18254811396547724, -0.10335046028266925, 0.12565861481644483, 0.19957724901128857], "trans": [-16.321337208220825, 11.51482826414771, -0.4799319124912666]}