{"betas": [1.7511515842605234, 0.3670231778082652, 0.03978433168027672, 0.004913282851196045, 0.02958606384598556, 0.001461046037256542, 0.028411238985692, 0.012589726574853976, -0.014340388809218167, -0.004234100351574732], "pose": [-1.5725111499456967, -0.17960827433704146, 0.1796082743370415, -0.4181437677168612, -0.028936440106021526, 0.1154058122869564, -0.2539832629006589, -0.048104621342866805, -0.09378120110859497, 0.28571901231888064, 0.02260193822085976, -0.022861334191669015, 0.5942548613251039, -0.019074959233991072, -0.13797635498224997, 0.7379323782517693, 0.08249990056149688, 0.05994626709258256, 0.025084427404947283, -0.029842151381458477, 0.02211188599005834, -0.04951173672737945, 0.08328655849297174, -0.07081852269362741, -0.16417044695741123, -0.15865018903280767, 0.19943037539042333, 0.03508831910433895, -0.0342567189309985, 0.0051908393200293884, -0.29124641689175934, 0.28765203483652907, 0.2075065169990213, -0.14025310493958412, 0.12096881822158592, -0.2925086663501206, -0.08593348618359385, 0.15458214859821437, 0.036957804175387014, -0.03542705588747422, -0.13443146357176824, -0.2603851393988008, -0.03942217106225762, 0.13179021922827103, 0.28734572727924557, 0.2122039965363172, 0.010401282214467532, -0.030614356925066716, 0.12567046246869396, -0.42041619367776845, -0.7087138451331142, 0.27511241712866175, 0.42334739991172443, 0.8067205140147645, 0.2988000541394352, -1.4221326234210727, 0.31537818275919244, 0.31538216072056374, 1.1737007900691403, -0.13003520931444168, -0.11285015269076479, -0.11876152964389149, 0.2379817867413245, -0.02746290566881709, 0.12144820509744357, -0.14845008087530073, -0.049272046713064316, -0.0413766285414703, -0.18067922646522672, -0.09121854934334536, 0.11247948303560786, 0.19537022663628933], "trans": [-28.170877167019743, 0.9820353908233688, -0.9251174642771287]}