{"betas": [-0.19266644468801378, 0.5771463667239267, -0.16308379457488245, -0.06462538974507079, 0.08054580167251779, 0.027975024271901693, 0.03561269911626106, 0.05188376016633901, -0.05289357868361275, 0.00684608270928935], "pose": [-1.4656093973560438, 0.6679124675024186, -0.6679124675024186, 0.2387569739134688, 0.06743385071315176, 0.03237392178389391, -0.5247906449482945, -0.03010692594520703, -0.03141524683922943, 0.34766551550475405, -0.04912222027769398, 0.04066437538299755, 0.1854067337492886, -0.12020823022314338, -0.08874443488380306, 0.08525799891876915, -0.14036872249218976, 0.09139641425498572, 0.09346487965628884, -0.020312621489787238, -0.00916517876587391, -0.12598536497910587, 0.054567807227548226, -0.09409099088957538, -0.04821849849193551, -0.19474490879130224, 0.2389308016315562, -0.01064774790508653, -0.027040868334278115, 0.010282004301495801, -0.2348413422100189, 0.26248409315153853, 0.15710903877524224, -0.025166790706619428, 0.1506423397571086, -0.35358978657496143, -0.10982350100285178, -0.07411448007408464, 0.03714134682193837, 0.006620144689919476, -0.43406159310434006, -0.2890888576110698, -0.044286089263741994, 0.5059329164730791, 0.20104256228841627, 0.13445797568327678, -0.1846621197757027, 0.026141332520324516, 0.18671894681839518, -0.5192254804960376, -0.7428955954355011, 0.17430818764990744, 0.47313698883618915, 0.649621284043798, 0.5447806673175594, -1.6525989682921836, 0.3008904281713733, 0.40859329509676606, 1.6631357484196123, -0.2912532202352588, 0.12396276301279183, -0.22486031045379232, 0.23333756133596886, 0.24511356529486433, 0.20541975347208236, -0.22795365369747703, -0.12888295650727827, -0.048412625311970756, -0.16374237971534414, -0.12456943007659042, 0.1468487852537377, 0.1708883982210778], "trans": [-18.69915438776624, 9.847191690967577, -0.5476108970497104]}