{"betas": [1.0007394031128156, 0.13998077818863408, 0.20322321153559939, 0.06919845010960525, -0.06355964225067326, 0.0988583210768853, 0.031004152589175965, -0.07600298470585287, 0.01954775199647453, -0.05391534064665776], "pose": [-0.16994555050833174, 2.138818769125923, -2.138818769125923, -0.44761170636643133, -0.05644784164202705, 0.101832619612993, -0.12213835673048438, -0.0441002467657577, -0.08434047992258621, 0.19165246252836227, 0.027698419759396225, -0.030761535229676975, 0.26025107771630585, 0.0012858760841259467, -0.152213567080417, 0.8520747817026105, 0.1796375000533456, 0.07083041350873386, 0.031235611602355443, -0.04069943093676194, 0.04762598232324011, -0.06321535149193515, 0.15433428279821537, -0.0520142288954363, -0.17812290235578476, -0.17661240472156192, 0.1781947854866295, 0.05859450918720366, -0.04115739898969462, -0.005127198546323245, -0.26544812057775374, 0.20736657774498254, 0.2416267042077774, -0.16412763484943443, 0.1323994875496404, -0.2825092541373424, -0.0848775350368581, 0.06352576603032795, 0.08977007160450814, 0.06548433696059541, -0.002859593781637486, -0.3709376067436942, -0.014057539647884679, 0.05215977218008674, 0.3774316772829231, 0.2210338398988073, -0.07894579808639246, -0.041200764207342554, 0.22297749564249028, -0.24774970596365536, -0.8526532947545039, 0.310289930149783, 0.26142245710697815, 0.846306274414869, 0.498546747490951, -1.2507205135081323, 0.17263330733570267, 0.26771214382286085, 1.2318274015195143, -0.21179609041319944, 0.0008094769118496751, -0.08865553501045706, 0.06675199143235037, 0.009769464914117797, 0.10067462647816071, -0.03320865026537074, -0.22289396506059664, -0.04278778186410643, -0.2028227727781529, -0.13570113136061862, 0.10614137068073835, 0.18710547569556074], "trans": [-10.698072653732801, 3.2970261273797052, -0.6749329953162477]}