{"betas": [-0.459125293958982, 0.2836700625543276, -0.2828307762064238, 0.06170009900103966, 0.04114696315793381, 0.017447099752977802, -0.018216663065381097, 0.013285817624318214, 0.01584973647464493, -0.019639755817989615], "pose": [-1.3640462835536076, -1.1195011423585786, 1.1195011423585786, -0.5534379374591237, -0.09607274217657452, -0.015693699719602387, 0.3097516922160584, -0.05286708835226565, 0.039423348142193435, 0.19126914407298742, 0.11446197836329071, -0.004985572463848399, 0.06879953784549331, 0.033643002234968855, 0.0032573482932652595, 0.3156098369303505, 0.05303324545668852, 0.05237036715443273, -0.012890439435412055, 0.00743103637377935, -0.012626488376192511, 0.049625927511147604, 0.08447432901752741, -0.05438450554111725, -0.17391760953956492, -0.18297263598129712, 0.1042071702912156, 0.038728838060525454, 0.043742935751658975, -0.0021734088078385954, -0.22698541280609713, 0.23399330571061755, 0.1763709167066046, -0.10663771713197653, 0.14824173550272227, -0.23547182372061765, -0.1564021575101976, 0.15888667289838565, 0.05194792832501824, -0.023175927948834663, -0.0602111109126462, -0.3802855051794462, -0.0741226391218227, 0.28048026500321943, 0.3243011253438519, 0.15861645603525923, 0.006389646398802457, -0.06607686956989248, 0.1209848924511823, -0.10336050555838124, -0.8102303826112454, 0.1280614415837084, 0.5191769755139104, 0.7606985152866526, 0.1001749644283475, -0.32855152844819746, 0.024900982502437483, 0.07193280191219582, 1.3161899268067645, -0.3715213919034634, 0.025263718639807673, -0.07466732441049286, 0.26296463818208987, 0.027757955417590973, 0.157448420463992, -0.29392451475581377, -0.2578091146057087, -0.07285258739343442, -0.23242800689142387, -0.1281104357400146, 0.12303540037634486, 0.2452487814504096], "trans": [-17.633817780722463, 12.548622636922085, -0.37654116962600037]}