{"betas": [0.33303066142902105, 0.22906885785386125, 0.1321746135337195, 0.03485680493593007, -0.034928744222964915, 0.03738652273642406, 0.06435992437738675, -0.06135207138309116, 0.004712805749211021, -0.03328562850670294], "pose": [-1.6152100007193722, -0.15531880095664052, 0.15531880095664052, 0.241788152557646, 0.05582601287137866, 0.03460497618910592, -0.5054501207337926, 0.014245850841931154, -0.06922952219770301, 0.2401913052148907, -0.10276623112162486, 0.04434220271271326, 0.31306485391148364, -0.09627945440518751, -0.09975520500869073, 0.03700626438304018, -0.0820212506250109, 0.06878629072108329, 0.02499577412222206, -0.012885740777195622, 0.005759114704277039, -0.02707284757867135, 0.08930031660289915, -0.05109628714584575, 0.03733896682512725, -0.2159406384014209, 0.284510475530369, 0.056193714927100576, -0.06292611675809415, 0.008084390918250133, -0.29207746179763916, 0.19078957833460744, 0.06591139556182823, -0.0239950993675562, 0.2039947577454466, -0.4269670315637368, -0.14261556858583052, -0.008062901684768982, 0.09531934718114797, -0.0077642981648926995, -0.13456973324472016, -0.19800176806405273, -0.05515442797035711, 0.13862221490989873, 0.1666828382805568, 0.3180944898213439, 0.18289595068339115, 0.019333351556619516, 0.08373356577782488, -0.5545083583981282, -0.7997833994333708, 0.2979517252922716, 0.3610868919323772, 0.8802567954842748, 0.3477521595960859, -1.734356210639582, 0.48996846294602464, 0.5267490235599157, 1.610557576752039, -0.29918952662428167, -0.18872470067226743, -0.1820878352121483, 0.15461338700925487, 0.07208568233011489, 0.10785445075232025, -0.08854564152000638, 0.021446875186790882, -0.042274126825863165, -0.11216421527351877, -0.03886489607225092, 0.11255407313181132, 0.1370595433787861], "trans": [-10.9853623294645, -0.0027645085622264934, -0.7038761084911834]}