{"betas": [-0.459125293958982, 0.2836700625543276, -0.2828307762064238, 0.06170009900103966, 0.04114696315793381, 0.017447099752977802, -0.018216663065381097, 0.013285817624318214, 0.01584973647464493, -0.019639755817989615], "pose": [-1.7239706182956755, -0.3065555753619608, 0.3065555753619608, 0.045835332611250994, -0.009464810724260087, -7.501318116828054e-05, -0.23559761919970382, 0.016407971624330293, 0.007186891023013314, 0.521521354787102, -0.009683683678381561, 0.003090006287801679, 0.9309667209747602, -0.001749235851794366, 0.02266491873355514, 0.30519382680525153, 0.0017651505020596023, -0.010919048138206454, -0.08874726027721426, -0.01048693267611685, 0.02231794487220115, -0.09648284481670413, 0.04783317818782087, 0.05311087307303743, -0.13513106237551883, -0.23324033733603536, 0.13069388335709636, 0.022605485870400843, -0.020339449388902604, 0.014846804309379028, -0.26247761368860995, 0.22371264479290204, -0.03155285270925225, -0.06303034648789771, 0.2042704350795386, -0.329420372779919, -0.23787444379772577, 0.04667333344453462, 0.039053304048728574, -0.059110024551764034, -0.1962229722935286, -0.31407026059756304, -0.12364385579190981, 0.27264592814076993, 0.3211648507821973, 0.12584541497651863, -0.1030030402580483, 0.0003098293272364876, -0.0886761349838615, -0.2405493608516519, -0.6516304501652362, 0.03697610883341292, 0.3398099409648622, 0.7290739756275408, -0.08464280346232675, -0.8229192202148836, 0.3605755345217472, -0.13061413254448498, 1.1873912600063226, -0.5494643181997914, 0.10507121995734088, -0.03669318852527988, 0.25769340451992967, 0.07123887746842213, 0.11352207502324096, -0.2620663294628514, -0.19848749132718657, -0.09904802660821051, -0.23070542798548518, -0.06950383873010159, 0.155759732656609, 0.2539894600950611], "trans": [-11.742715175320672, 5.756778479664297, -0.5307455606328991]}