{"betas": [0.12977417203956745, 0.49847687971378624, -0.19179541608583497, -0.1113183526768453, 0.0549914925669735, 0.1034291447522722, -0.013453424082682812, 0.010035343166627214, -0.014576049326274527, -0.02308049036666073], "pose": [-1.443523423487623, 0.7332119991619497, -0.7332119991619497, -0.5492140913459543, -0.03679403341838117, 0.10077124859257328, -0.028565490546116176, -0.10179184631551493, -0.06591629733640159, 0.3213623384986868, 0.1026638349968638, -0.0162976817567588, 0.5931543048303267, 0.09848412385830753, -0.17677824272331186, 0.7719473453800264, 0.06682076258118269, 0.08457515221171892, 0.00041652336046149585, -0.01732500021578995, 0.006985525778007863, 0.007262413945886527, 0.12949180326710122, -0.07255251266416966, -0.227846704578292, -0.1990451601135072, 0.10375948276080904, 0.01919199139799651, 0.017868249496199723, 0.003793433046791081, -0.20267201636506058, 0.19993838330268007, 0.21062704636587803, -0.10240636190328661, 0.1693918395475038, -0.2036269204773338, -0.18169869104597056, 0.31209444026290145, 0.03953703035751261, -0.004420937201317767, -0.18471668179921374, -0.46100817710502323, 0.006160281575192741, 0.30029738000219014, 0.4665135854790123, 0.19404051851114443, 0.12457585944516149, -0.09365784779540866, 0.1535846004555693, -0.2064747965795941, -0.7058903839966068, 0.1754658254905708, 0.4101248966636039, 0.7099862751093206, 0.23612330922254635, -0.624993502857769, 0.0171717351021481, 0.07318649405561094, 0.6182433044206522, -0.018813412319465418, 0.14448401742353398, -0.04959011057306349, 0.08306449541315841, 0.05120519805889483, 0.06419083367154571, -0.05377092941770888, -0.2850034684552331, -0.05981220956452206, -0.20066030671878135, -0.15249626793918553, 0.09813571265403431, 0.1910515918998365], "trans": [-19.216477303914864, 10.353122126191325, -0.5733724678760026]}