{"betas": [-0.459125293958982, 0.2836700625543276, -0.2828307762064238, 0.06170009900103966, 0.04114696315793381, 0.017447099752977802, -0.018216663065381097, 0.013285817624318214, 0.01584973647464493, -0.019639755817989615], "pose": [-1.6957416627149464, -0.015371922183681632, 0.015371922183681632, -0.2543068413098006, -0.01613943954347378, 0.030711442819196133, -0.09605062870685246, 0.011712623420518826, -0.006953098684136988, 0.27807595736749374, 0.00794024337126041, -0.014746414436168505, 1.1071864894978287, -0.028515751505585493, -0.18302638674965435, 0.226735529406022, 0.015753190142671063, 0.06794832993233299, -0.0011817029904772096, -0.06253416568914011, 0.05765076754324602, 0.29310123147007433, 0.008055402952525464, 0.008470732329637404, -0.1199306562084431, -0.12552810639131406, 0.19932464838212471, 0.028693464624916554, -0.040330382427325485, 0.013299309193255344, -0.2539891701451227, 0.26701437500205877, 0.12199139005886389, -0.1478583030871807, 0.11332670761620185, -0.35203268207361443, 0.010365278840713602, 0.03113064436781146, 0.04001477454520154, 0.025858585095238317, -0.2687357631504771, -0.29013278485523925, -0.09877248954293044, 0.3233037576553728, 0.2674120376511623, 0.17472809291860864, 0.016248355227732478, -0.02356114586825407, 0.19061742252440322, -0.3570346391116248, -0.9517656442112574, 0.6554469788480488, -0.04084134631119474, 0.9159796992271738, 0.29240887971715246, -0.4919682613641247, -0.03135214846441267, -0.1576545292321522, 2.1137965136837855, -0.07953493644854796, 0.027560421987674767, -0.04377836482439067, 0.15459699590076978, 0.03563073247619614, 0.10951587864155896, -0.17841281822067534, -0.190898728103888, -0.06370319996393199, -0.23164836029642843, -0.13560704061542408, 0.16352686449349066, 0.2313124050359677], "trans": [-9.951456986103059, -3.2397366949177098, -0.6879537441995692]}