{"betas": [0.19173745763710806, 0.20679507266967936, 0.025545764337162807, -0.024244743693028488, 0.0007202369641003663, 0.013236882350636182, 0.021343764601424748, 0.007373052342460504, -0.01918535564321634, -0.005662447391478864], "pose": [-1.543594740176963, 0.3420484698248006, -0.3420484698248006, 0.19132094368975427, 0.08664087416928098, 0.07231813545726803, -0.733802726131848, 0.00966512780105393, -0.0041422227519165924, 0.4628724485953015, -0.01047571065293733, 0.024558268076512912, 0.3236658855013602, -0.1666139750706412, -0.11021781877994619, 0.5225820541701647, -0.022863229034607493, 0.1116510336698588, -0.0385033241449239, 0.012398336530938697, -0.02163360855881839, -0.09585360243786342, 0.0667646303022341, -0.1047819508298358, -0.1405065456126359, -0.187094672601402, 0.23679619925338324, -0.008464813046384686, -0.0020374499976899708, 0.0099892095216543, -0.22332441814647352, 0.23490058546926657, 0.20805187285007945, -0.07168913020806017, 0.11695243712504626, -0.37999456866913317, -0.24792307225875174, 0.01822547878820139, 0.008470198041297974, -0.0860380032993084, -0.21920364447134844, -0.23058845093894806, -0.11571304668390517, 0.333051866120732, 0.15321056935641114, 0.059848042384604325, -0.10167412149107274, 0.007108051765416045, 0.8924103452026333, -0.8677355794074985, -0.8400875107368144, 1.0667659258307103, 0.5330812224065294, 0.8086599191511734, -0.07122742098104903, -1.2473120381067742, 0.4111469542500608, -0.29319877950892, 1.2751568908206612, -0.3609942782813395, -0.07443420803646787, -0.1005844097200811, 0.2514433399150884, 0.052805433239562834, 0.12155281245143777, -0.24252720930630878, -0.1289130816198984, -0.05672264580153698, -0.20137034215215616, -0.10954744254105116, 0.1199184198808532, 0.20459326471822], "trans": [-29.812900391739834, 10.573410618575979, -0.5736842595231848]}