{"betas": [0.5425939922495325, 0.47738774179747123, 0.15292601182064422, 0.1712734498191424, -0.026676199413162845, 0.029053080237652254, -0.052279591306768236, 0.04030904345707816, 0.08374319963315201, -0.11291980133855471], "pose": [-0.8703186011775471, -1.7031819069625458, 1.6031819069625461, -0.5949987110095495, -0.11733175183344538, 0.025000610694530648, 0.2674657160561242, -0.0027197517375692447, -0.019167155735888966, 0.3057654657144009, 0.12707695091739657, 0.013161092999655904, 0.7197343767306962, 0.06571720941851496, -0.07601068250023588, 0.1259544227936832, -0.002548671159120643, 0.09359704848670275, -0.048655689021774313, 0.06260569525657747, -0.03138646785221309, 0.04452515295125469, 0.05780360908864399, -0.06562009404126325, -0.20978689038697917, -0.17807375043427345, 0.14720420913886303, 0.04641430771077312, 0.007783478090508925, 0.0021716665917542997, -0.33477823127580997, 0.2411791929547206, 0.1882726647774661, -0.12612433118855107, 0.13591561228797705, -0.3357450666188383, -0.30128141487587046, 0.7530775271454161, 0.017164497307449122, 0.025610155227004272, 0.059478462061112694, -0.4794221480406339, 0.03377055763193331, 0.09227326237499377, 0.43185141185652004, 0.34596797874763563, 0.44680717522636565, -0.06948478896648536, 0.19261347296302828, -0.14576913720658946, -0.9602202430071449, 0.2294812165005651, 0.3472134084572534, 0.8813020171596676, 0.2418570308280582, -1.0868289458291094, 0.299540604795201, 0.0482012921316076, 1.0710809541748112, -0.2699354035219695, -0.03223532184840409, -0.03812403848428934, 0.21917131958590785, -0.00021621349302533167, 0.10385702339624152, -0.18353639373714256, -0.24094619360507746, -0.0931922434945883, -0.2368902346380906, -0.15435964138015568, 0.11567048612526191, 0.26336455604603376], "trans": [-26.533445336134665, -12.998274111247333, -1.2657183170118576]}