{"betas": [0.23095163209771685, 0.04109343311864416, 0.025248775430059576, 0.03225921746385679, -0.011730228160678488, 0.01411489487013554, -0.004068968651146599, 0.0031222508939531494, 0.007432816158778922, -0.011705167054862173], "pose": [-0.9603887225792535, -1.5338159626126997, 1.5338159626126997, -0.5407416050606483, -0.04197226213552327, 0.15993613662604372, -0.4676112326500892, -0.025311789858527497, -0.13766877352269213, 0.3644714456462612, 0.021874095670241716, 0.004114759065042733, 0.7005154636714886, -0.03859138853245296, -0.15325924096781007, 0.7638548568467248, 0.04685411136728533, 0.08171342220918464, -0.034842408961930964, 0.02634654527531027, -0.001067360568193135, -0.040164721981283076, 0.08736250836206808, -0.08823512523099633, -0.17339483848184967, -0.17595118607742388, 0.20364286855675517, 0.035508812139131755, -0.007798080279557548, 0.007843066401464342, -0.28842183453757597, 0.2263271932110884, 0.23035885456453717, -0.14353991212515776, 0.11248944095365927, -0.3585259168532849, -0.21153010002392927, 0.21613615118175988, 0.018038419186639464, 0.016819962784806266, 0.03237567090496826, -0.3803037339752172, -0.0070158888598883294, 0.08730788325640246, 0.3573307503383338, 0.09947892900279172, 0.09953940677099003, -0.06560255427532541, 0.11470322310486432, -0.180234636390621, -0.8187352110041224, 0.173169367274222, 0.29087371379639115, 0.7845839020303045, 0.19890142980788297, -1.153160027801863, 0.3259892237753363, 0.013772801269404835, 1.134061228440016, -0.3141536383773898, -0.042092064971521494, -0.057632533864273035, 0.1886316701388529, 0.005724893591342165, 0.09600872965456918, -0.15229075642724757, -0.20359200976663486, -0.07086908743602499, -0.22185304408859485, -0.1438801650501218, 0.11331889369824572, 0.23123606565885285], "trans": [-61.18345857813297, 4.135422755187751, -1.2493043940813386]}