{"betas": [0.19173745763710806, 0.20679507266967936, 0.025545764337162807, -0.024244743693028488, 0.0007202369641003663, 0.013236882350636182, 0.021343764601424748, 0.007373052342460504, -0.01918535564321634, -0.005662447391478864], "pose": [-1.5305029812836777, 0.43572625649997754, -0.4282262564999776, -0.5143439666963191, -0.01261100752509142, -0.049112882783074886, 0.041435489533495885, -0.017558305618924516, -0.009447513471199216, 0.38819729204087167, -0.03403681590777987, -0.003024488854524111, 0.18262047404572299, -0.08614866951631547, -0.13887519897287956, 0.7444718264777553, 0.03918357716468501, 0.08170017508950274, -0.03423346893334768, -0.006592116496009586, 0.019650828847556406, -0.11234793695406271, 0.04790309212760664, -0.06681669420502041, -0.13953639069989313, -0.12218386117243771, 0.2566531156286863, 0.013260251614670667, -0.04944986380671539, 0.015362784503232507, -0.3002950012669358, 0.27677572998083216, 0.20805090351187805, -0.14960643919651112, 0.07461837104371491, -0.4022712376003404, -0.2548024446408127, 0.09131292707017064, 0.01711072530394691, -0.005357126304242204, -0.07386673541397903, -0.30527515808897854, -0.044275518568211186, 0.09194900797198104, 0.29817876300764407, 0.06281083445925692, -0.03379919230898547, -0.008857472671309846, 0.011628069489366757, -0.4076063149091962, -0.8263508479368574, 0.17115225298217127, 0.2695056736278171, 0.8693577592973046, 0.13133795421339295, -1.6497535488965478, 0.6208937593565941, -0.025762207338342315, 1.5880537932529648, -0.617335089193157, -0.14948353913422177, -0.0832626972517895, 0.2653043616346908, -0.03480038865967309, 0.12553426483703042, -0.20122280928473302, -0.08283989821404131, -0.06842156401114587, -0.22422299150780278, -0.11734033292459144, 0.13615625638469456, 0.2410154468336707], "trans": [-29.31376652714415, 11.225896659406736, -0.5354077131140484]}