{"betas": [0.19173745763710806, 0.20679507266967936, 0.025545764337162807, -0.024244743693028488, 0.0007202369641003663, 0.013236882350636182, 0.021343764601424748, 0.007373052342460504, -0.01918535564321634, -0.005662447391478864], "pose": [-1.5705702523242266, -0.03126052144930539, 0.03126052144930539, -0.6370571561981057, 0.0070686554212820146, -0.05370811779621663, 0.11570504281545016, 0.15714530173037533, 0.06766741382312254, 0.31476979113452275, 0.048711101943618336, -0.026743642707897423, 0.2081326783451169, -0.06676501934924847, -0.02449471976264972, 0.09595210438118193, -0.13318746359349004, -0.05039408465775554, -0.06753417319435909, -0.0035417290524220805, 0.01562826254477355, -0.03542535643568227, 0.11915537274197935, -0.12159695227792307, -0.21510310809151198, -0.15555044379420527, 0.2211790469783749, 0.029222257262644765, -0.013035070064865987, 0.007274910655312168, -0.2514823286708234, 0.20245778230204936, 0.30098962607377716, -0.1639392761970005, 0.0876339894555996, -0.34821435949325175, -0.25705642867607303, 0.1796972174212288, 0.026206327303822288, -0.030862600241870777, 0.07197120037950222, -0.29721243739012204, -0.049952175434186, 0.0031422834592903137, 0.30895035904602963, 0.0761572631642358, 0.028197000408962038, -0.03669239686584953, 0.8924103452026333, -0.8677355794074985, -0.8400875107368144, 1.0667659258307103, 0.5330812224065294, 0.8086599191511734, -0.07122742098104903, -1.2473120381067742, 0.4111469542500608, -0.29319877950892, 1.2751568908206612, -0.3609942782813395, -0.13429706644448106, -0.04779943633783194, 0.15242532248959012, -0.10361626958180423, 0.07178715344271351, -0.08565774440603123, -0.1621369987392491, -0.048624694835067685, -0.21667180779376433, -0.12103657634360603, 0.09094833314572143, 0.20699756385397342], "trans": [-29.277931709557347, 3.4846941537407985, -0.7463102067334696]}