{"betas": [-0.10716845975804463, 0.03555393559239171, -0.022909588301634677, -0.0022321960585287635, -0.011360188238027402, 0.007048778770267401, 0.0026244476494828445, 0.001119221678184007, 0.011361241992361597, -0.011308692156923365], "pose": [-1.3382565223582148, 0.9815047518153243, -0.9815047518153244, -0.5132232161790492, -0.04235400133265745, 0.1336612258654428, -0.45373845298496196, -0.016097482023015905, -0.11691561542072121, 0.3791570246095318, 0.017261522040545485, -0.007407692880653262, 0.760491778348123, -0.0019691833076026805, -0.15509664781000757, 0.8690326279787683, 0.003044535954374402, 0.08419365240481226, -0.005839200414698364, -3.61969478619757e-05, 0.010347930555867184, -0.08373134705373433, 0.05823930350113566, -0.03261847269202935, -0.18620177693402343, -0.1561542823154478, 0.1696218453383924, 0.02403234544453113, -0.020463260255611702, 0.0027029243381419357, -0.29783691265611306, 0.28623776379025173, 0.18053126905977643, -0.1441556498316019, 0.09966479248374766, -0.3118588490134886, -0.19290052410755576, 0.1115779344377976, 0.03930385179882912, 0.005202815507373157, -0.09461413274349612, -0.3642958558819906, -0.04471095577578946, 0.1827070382093674, 0.33350331472697997, 0.13631792439754406, -0.021923634368168618, -0.04670649261062979, 0.08724080660892976, -0.3216507915979315, -0.8581659069259882, 0.1786739439016134, 0.3641343476249761, 0.8529717129846116, 0.23095120885067627, -1.501057211890221, 0.49873050558691606, 0.05767671786169845, 1.5771019647156024, -0.5510173383987821, -0.06321891138982073, -0.0767671602789061, 0.24599616851586173, 0.019105934600362987, 0.1373787222978753, -0.22841098545819044, -0.15702835238607124, -0.0702066112459868, -0.23039617021172432, -0.125288480951516, 0.1365768176707921, 0.24397333027812382], "trans": [-62.25265705444635, 4.816602268730983, -1.0684864422541558]}