{"betas": [0.33303066142902105, 0.22906885785386125, 0.1321746135337195, 0.03485680493593007, -0.034928744222964915, 0.03738652273642406, 0.06435992437738675, -0.06135207138309116, 0.004712805749211021, -0.03328562850670294], "pose": [-1.4066549289326051, -1.346833244594769, 1.1968332445947696, -0.21898962988877657, -0.004846979836181069, -0.00981598292770662, 0.2101664471467276, -0.019953209939279994, -0.05397804749595616, 0.26846359685030824, -0.010533374948178423, -0.002397212824222644, 0.28492898703160885, 0.06770166528183896, -0.005580516883811205, 0.5719656538900362, -0.005830176176585468, 0.04908057105959934, 0.0318363916476169, -0.02764611411979128, 0.027341627655388646, -0.0514676497096089, 0.07734803171938388, -0.04823315475067976, -0.12365318680137295, -0.14693080574930378, 0.1936090502825082, 0.0390257219187409, -0.042012725566316814, 0.007487061125741494, -0.28909699945718176, 0.25945983249851784, 0.16543613306246982, -0.10850139960500611, 0.12248434002248204, -0.31098204097747156, -0.08817406999856132, 0.11505115328511048, 0.05290876843638692, 0.011580362940644353, -0.12420547702307774, -0.3180385859498962, -0.04020178158362121, 0.14976663818179833, 0.3054287732596445, 0.20727300625801412, -0.007525830206183295, -0.03893659905008223, 0.12159050043048933, -0.4268020512999985, -0.8682491309011632, 0.22466314835129625, 0.34343408329995956, 0.8646311596466034, 0.360834783158538, -1.6102266682239865, 0.46133820282204346, 0.15290108700541738, 1.5344047408775574, -0.4746908590200682, -0.08186531468677292, -0.11348057576975051, 0.19811260668426978, -0.004966529766475724, 0.132183210918339, -0.16087411665110474, -0.11724177088435939, -0.058636663560003584, -0.20512134445451727, -0.11113186182919964, 0.12905027242037886, 0.22359232999730946], "trans": [-21.22370194633726, 11.482144493482435, -0.636955755665706]}