{"betas": [0.33303066142902105, 0.22906885785386125, 0.1321746135337195, 0.03485680493593007, -0.034928744222964915, 0.03738652273642406, 0.06435992437738675, -0.06135207138309116, 0.004712805749211021, -0.03328562850670294], "pose": [-1.6131447724473111, -0.33174184691182373, 0.30674184691182377, -0.5193166900074887, -0.06325660210071861, 0.09711074737326278, 0.2646266417769071, -0.023585330005149504, -0.029295695503928656, 0.2653534306662116, 0.019102618670651106, 0.0017995536135879007, 0.14550133588023154, 0.13221136147317025, -0.13104359289884288, 0.035831801034312064, 0.19542792689047522, 0.01024577307213518, 0.039502852674122055, -0.0571454905197553, 0.014068999467590588, 0.03195294755542331, 0.11890864725504113, -0.1364594556946116, -0.13525636446852624, -0.12083750374572715, 0.21224460189892094, 0.035232345816985255, -0.03407765679599182, 0.010099339520896781, -0.2359059639039195, 0.1961048968232491, 0.27512035709089544, -0.04511809856826561, 0.0832524433933423, -0.30075449045004127, -0.14261556858583052, -0.008062901684768982, 0.09531934718114797, -0.014824868350022625, -0.19719689244612432, -0.24093653038954738, -0.03661111019725177, 0.20348320584647608, 0.1833926829069091, 0.3180944898213439, 0.18289595068339115, 0.019333351556619516, 0.16051096237735502, -0.5079420453708958, -0.7905346625191364, 0.05204832718732623, 0.3622387982891005, 0.6205279918679356, 0.42475227532585674, -1.587739741233862, 0.3947520219261045, 0.005047007591338453, 1.1602996132468226, -0.3573070475762451, -0.16054373902144195, -0.15250919263244936, 0.0781203680896863, -0.026545264446997317, 0.09716873124088656, -0.048682003519821854, -0.10342380154415287, -0.02332222781535854, -0.1721731537283417, -0.13166483708168755, 0.09380411033395063, 0.17112280505327906], "trans": [-11.424142105016314, 2.1165887049420027, -0.6786395924291603]}