{"betas": [0.19173745763710806, 0.20679507266967936, 0.025545764337162807, -0.024244743693028488, 0.0007202369641003663, 0.013236882350636182, 0.021343764601424748, 0.007373052342460504, -0.01918535564321634, -0.005662447391478864], "pose": [-1.5031881716910702, 0.630160410076644, -0.6076604100766442, -0.6370571561981057, 0.0070686554212820146, -0.05370811779621663, 0.11570504281545016, 0.15714530173037533, 0.06766741382312254, 0.3132954574685043, -0.013505663501915349, -0.0032061988649774763, 0.2081326783451169, -0.06676501934924847, -0.02449471976264972, 0.09595210438118193, -0.13318746359349004, -0.05039408465775554, -0.044455409070048336, -0.0026253534724663377, 0.017488182079528968, -0.07941881561262425, 0.09023777686629485, -0.07710370059083191, -0.14502278059602658, -0.1712803599899134, 0.2342955473174319, 0.023581071878273834, -0.03635406130442031, 0.007590608145109777, -0.2719745778050226, 0.21644048435616126, 0.19806138277313723, -0.1250019367197189, 0.11760207126344985, -0.37581667898811344, -0.23008315873718843, 0.07668518634196667, 0.03609499409928787, -0.01315299516417082, -0.0007375277032977587, -0.3164889192515427, -0.05394929054418492, 0.05218276984465185, 0.3192592452492462, 0.10998959252415155, -0.03980806597372333, -0.017490326150566005, 0.010474944863664229, -0.29856514135735074, -0.7394424110032556, 0.11852091905953134, 0.2229480215809594, 0.7420393144871632, 0.0822333376938872, -1.3074409599591048, 0.46593000614045144, -0.11813593419331195, 1.1800239205282292, -0.4541122853497501, -0.11752823066979219, -0.07153643687083545, 0.16281401328575487, -0.036293150101104094, 0.08562736526259432, -0.11154533950126864, -0.11889479774981956, -0.059975725400290246, -0.20594146847440548, -0.09851890904130148, 0.11236596062014909, 0.2099884989690367], "trans": [-28.458547242622522, 12.193962609096742, -0.44413978666599413]}