{"betas": [0.19173745763710806, 0.20679507266967936, 0.025545764337162807, -0.024244743693028488, 0.0007202369641003663, 0.013236882350636182, 0.021343764601424748, 0.007373052342460504, -0.01918535564321634, -0.005662447391478864], "pose": [-1.5350554495491124, 0.4033205642371998, -0.3983205642371998, -0.6370571561981057, 0.0070686554212820146, -0.05370811779621663, 0.11570504281545016, 0.15714530173037533, 0.06766741382312254, 0.4026517416981431, -0.007876598774494353, -0.00011517768628932988, 0.2081326783451169, -0.06676501934924847, -0.02449471976264972, 0.09595210438118193, -0.13318746359349004, -0.05039408465775554, -0.03670449521256347, 0.005149235604486665, -0.01798452896186365, -0.07625122546177558, 0.05717827634674765, -0.10137896193093231, -0.1766925171247322, -0.15127912851605704, 0.25088932136755854, 0.004271246096630626, -0.014874196251272395, 0.012093949501940602, -0.27856904770819707, 0.27287313431376686, 0.24078466475219595, -0.13088198569779538, 0.11024561939328255, -0.405051695481963, -0.27284182260504164, 0.16558732715749816, -0.017579968471486185, -0.07124645604034437, -0.2086049911170418, -0.1985601191907084, -0.06800880419051226, 0.26156547978013006, 0.1531239363282162, 0.019244304787009264, 0.0330237326120091, -0.014274346850722508, 0.00091537196838141, -0.4506735436763136, -0.6609699592731444, 0.09687373209370267, 0.40150135265794124, 0.6752424086556384, 0.100075047604032, -1.6872101367034018, 0.5633712337103826, 0.060383849768023364, 1.5959876299734532, -0.4991198704952515, -0.14829633453822744, -0.1400936423222118, 0.3088371199667992, 0.013448134829722624, 0.1572820555454011, -0.21362570096538486, -0.05065842390122079, -0.044812115805277046, -0.17415545447219394, -0.09765691939753897, 0.11474158608755593, 0.17936195561620355], "trans": [-29.456303074564424, 11.064552334458401, -0.5506190341887243]}