{"betas": [0.19173745763710806, 0.20679507266967936, 0.025545764337162807, -0.024244743693028488, 0.0007202369641003663, 0.013236882350636182, 0.021343764601424748, 0.007373052342460504, -0.01918535564321634, -0.005662447391478864], "pose": [-1.5674778162807057, 0.1197350142317139, -0.1197350142317139, -0.3021955119160502, 0.0003449007171520725, 0.023929876490932797, -0.48619668299254165, -0.07828546680334426, -0.0035002612092533483, 0.33245464484033327, -0.037289086082997774, -0.0004689391011720068, 0.3643464940047718, 0.04517933275232926, -0.1065790805040176, 1.1183618782659113, 0.2014330964295708, 0.11690252484338878, -0.05689436679262838, -0.01587310313773547, 0.030928397335499614, -0.07412440232739602, 0.12002259007496335, -0.07825742346338803, -0.10381740915217672, -0.1877042789932651, 0.2610246784693563, 0.03114577403926506, -0.05455836723112146, 0.015094935061222732, -0.2519098832043311, 0.1655562587478456, 0.18343196060948638, -0.11499197924506992, 0.14712434077799388, -0.4097953007684399, -0.24355976493408557, 0.0779028509917801, 0.029124747094627475, 0.02260911950728921, 0.010730645571400136, -0.35033735231695595, -0.021747746960209192, 0.004766527448950568, 0.3744621155056895, 0.08322449017037184, -0.037771937779908574, 0.00040572341820042354, 0.8924103452026333, -0.8677355794074985, -0.8400875107368144, 1.0667659258307103, 0.5330812224065294, 0.8086599191511734, -0.07122742098104903, -1.2473120381067742, 0.4111469542500608, -0.29319877950892, 1.2751568908206612, -0.3609942782813395, -0.004123077224675924, -0.06631663203537015, 0.11835224561097521, 0.005557769909757103, 0.06940359881304263, -0.05378655990906519, -0.17891580757127182, -0.06865456659198839, -0.20332371043441827, -0.11630502098455196, 0.11223169387373207, 0.20503870345419925], "trans": [-29.456474275992218, 5.249478367165332, -0.6722694207284826]}