{"betas": [-0.10716845975804463, 0.03555393559239171, -0.022909588301634677, -0.0022321960585287635, -0.011360188238027402, 0.007048778770267401, 0.0026244476494828445, 0.001119221678184007, 0.011361241992361597, -0.011308692156923365], "dual": [0.041333334400614805, -0.01849867734015769, 0.017211640516877947, 0.026901931849054733, 0.0022091312743548787, 0.005007261773306837, -0.0002286591704740294, -0.004867900165253615, 0.0014980032372485675, -0.0019020153947081602], "pose": [-1.2075128027080555, 1.211823037153147, -1.2118230371531473, -0.4625428858866822, -0.034375941066667505, 0.12654808583943042, -0.4853385386204093, -0.011840054550319851, -0.12417236004073058, 0.37983489818160865, 0.001141751365065182, -0.004903087487967615, 0.773805293353695, -0.006572491405757191, -0.1530061659874473, 0.8903447654471742, -0.02325562200921958, 0.08662895156562977, 0.0018368554449922098, -0.004768266123089755, 0.015268242527011255, -0.10384939073744819, 0.04841761761664665, -0.010670866125442952, -0.17205990098150767, -0.15570324642728492, 0.17586912769494326, 0.022139131684502492, -0.0301146623363415, 0.0027537287711279874, -0.30712255843000397, 0.305713484464786, 0.1505935380978084, -0.14222517835453283, 0.10736554290103943, -0.3154514834014329, -0.17981127437315048, 0.08337152736091125, 0.04328809462217936, -0.00312748371883936, -0.12929202925644795, -0.35088067673478607, -0.05364040598178826, 0.19347310514412622, 0.3275244312791513, 0.16129234539808976, -0.045347389865232124, -0.04106971513178873, 0.057454223076592745, -0.3966130388650102, -0.8574527112758386, 0.17241132116418606, 0.3582016361050883, 0.8645926980507161, 0.22233983973692503, -1.6626269742964475, 0.5905660274794041, 0.03221689201197448, 1.6672765037333508, -0.6259923084610242, -0.0865225166547087, -0.08378285739597847, 0.26260129064275584, 0.021993617694262016, 0.1399008262071623, -0.23985595650832728, -0.11822439683940965, -0.0706056065896091, -0.2263414249105535, -0.11214774275330419, 0.14224068560329803, 0.2444516925003307], "trans": [-53.06019275104903, 6.914796709516345, -0.9515013757859669]}