{"betas": [1.7511515842605234, 0.3670231778082652, 0.03978433168027672, 0.004913282851196045, 0.02958606384598556, 0.001461046037256542, 0.028411238985692, 0.012589726574853976, -0.014340388809218167, -0.004234100351574732], "pose": [-1.4210343329439004, 0.7937185565582757, -0.7937185565582757, 0.22413894582997565, 0.04304527569634077, 0.005868109685420293, -0.4294937668491863, 0.008469507270071185, -0.18385851756764732, 0.2005575448679225, 0.0044005188594316135, -0.02081237669284545, 0.22310788448147706, -0.14281884966370942, -0.11279315756797936, 0.13181910125889065, 0.0008343079674059881, 0.17706051763474284, 0.028198249703522235, -0.018025667655902012, 0.030893437128684836, -0.08949172768463338, 0.07633337110251116, -0.11988061244412902, -0.0750838832195232, -0.18635168909037417, 0.2741147290517813, 0.027433402309803342, -0.09740048372917179, -0.024650385924386432, -0.2611917900901656, 0.2609352474153942, 0.21413725979662634, -0.08998089215477727, 0.1357294453649424, -0.40124193046789763, -0.16969907003583898, -0.232952347935843, 0.05990928661383827, -0.020758015592808245, -0.22425731595887188, -0.21953076147372116, -0.06385515658961, 0.23159470110106964, 0.16602868479626814, 0.28658290784133467, -0.4509643404355678, -0.05387060010333354, 0.2545948970599283, -0.4849227636456417, -0.6828599251993228, 0.33896006353092095, 0.1354610118975532, 0.8413431802940988, 0.2518573874854245, -1.65051103662908, 0.4448781796988826, 0.16547301956621618, 0.6180699495024498, -0.10796030162487497, 0.02433057224816406, -0.19214763252235387, 0.2923738480904522, 0.09889543252502794, 0.21341188994471247, -0.2403795053923599, -0.10934359386840642, -0.053895678621127034, -0.19010742415512014, -0.10811386531787101, 0.1348808232618617, 0.2037138986552861], "trans": [-24.508877868343028, 13.53018337676882, -0.6330742111915028]}