{"betas": [0.12182979554792384, 0.0498104030700563, 0.01874907528210161, 0.028247290178977192, -0.01045515424154793, 0.003794310233826808, -0.007750463989420916, 0.008476040652062412, 0.013630708331879994, -0.014916307566096007], "pose": [-1.165124706591355, -1.2754243849863234, 1.2754243849863234, -0.4388836218824904, -0.02233240693546683, 0.07752591553208578, -0.4999407677886947, -0.0041350094399269606, -0.07151988468980475, 0.39694579051262496, -0.004716649897472957, 0.00011205703420212938, 0.7621848611478309, -0.0028173828942849696, -0.15535598866303102, 0.8372611455379343, -0.038696010649248345, 0.0956777128365609, -0.016274567229032675, -0.011875869124961788, 0.01741419014700019, -0.09389760372818363, 0.07206499519909232, -0.008147823047293737, -0.14704912052682165, -0.18041176529372505, 0.17678310741945366, 0.026233575048179913, -0.03154703784465061, 0.003429312924397078, -0.27671366178825696, 0.25105318576440644, 0.12499278594901132, -0.11685563346647994, 0.1384807640185852, -0.3315967477610994, -0.2038964410894973, 0.024921092298321647, 0.04769213008343121, 0.018176541189254873, -0.11991535330831914, -0.38146928548706743, -0.053535996771303364, 0.1992410079753608, 0.34927770449858264, 0.1339663876301421, -0.09912448666573632, -0.018407664047750783, 0.09728638793243219, -0.2875463201982755, -0.8458879814969984, 0.17774687619079216, 0.327212394312135, 0.823355343426402, 0.24245142175551734, -1.2649148404846164, 0.37542170836150573, 0.07695555352063056, 1.4051427772580283, -0.4623703819922724, 0.014525840020505715, -0.07885378561909415, 0.21628776345121117, 0.07016731545167247, 0.13338925298152224, -0.21327545898645733, -0.18887530244401446, -0.07696273541002428, -0.2266522590775958, -0.11916829279134342, 0.14217839598679197, 0.23748682203181404], "trans": [-40.24229879962293, -8.785566322746341, -1.141853598375383]}