{"betas": [0.19173745763710806, 0.20679507266967936, 0.025545764337162807, -0.024244743693028488, 0.0007202369641003663, 0.013236882350636182, 0.021343764601424748, 0.007373052342460504, -0.01918535564321634, -0.005662447391478864], "pose": [-1.5707278957027622, -0.017199006214653954, 0.017199006214653954, -0.3021955119160502, 0.0003449007171520725, 0.023929876490932797, -0.48619668299254165, -0.07828546680334426, -0.0035002612092533483, 0.3316733006393083, -0.04979864512020494, 0.013008620922844672, 0.3643464940047718, 0.04517933275232926, -0.1065790805040176, 1.1183618782659113, 0.2014330964295708, 0.11690252484338878, -0.017966204057133683, 0.005329181288864081, 0.012829252205959304, -0.11316381554436618, 0.04656476144353517, -0.04754767862988395, -0.10956628965059383, -0.15892118657082818, 0.25000161271143323, 0.008594735846141769, -0.03948321699262383, 0.011369705636333983, -0.2916365852546189, 0.27517194541555295, 0.14806507975438415, -0.1079102119431027, 0.13184707336371837, -0.3930529287214027, -0.21971148842329044, 0.06179458736099895, 0.0352017577480701, -0.04468321078919072, -0.13951649173719602, -0.26795008455248837, -0.07826999007691952, 0.17985550615757712, 0.2620171816680796, 0.1296128255264714, -0.05640500175142298, -0.017953247237578657, 0.8924103452026333, -0.8677355794074985, -0.8400875107368144, 1.0667659258307103, 0.5330812224065294, 0.8086599191511734, -0.07122742098104903, -1.2473120381067742, 0.4111469542500608, -0.29319877950892, 1.2751568908206612, -0.3609942782813395, -0.1621595220433493, -0.11391902278694821, 0.26582681066773767, -0.008545819908782224, 0.12985376916622846, -0.20447003414651146, -0.03684010741420358, -0.06294157871921227, -0.19798530361822939, -0.07974562631384814, 0.130556246454193, 0.21548043972970082], "trans": [-29.97491064061936, 9.102824675595343, -0.5627228306069327]}