{"betas": [0.12977417203956745, 0.49847687971378624, -0.19179541608583497, -0.1113183526768453, 0.0549914925669735, 0.1034291447522722, -0.013453424082682812, 0.010035343166627214, -0.014576049326274527, -0.02308049036666073], "pose": [-1.4535357982907624, 0.7044261260598904, -0.7044261260598904, -0.15748077174889055, -0.017166340966664834, 0.009972898454421274, -0.36293406203688383, -0.039480900505821453, -0.08409314082439451, 0.2560552275037001, -0.02040273092896959, 0.002414483571062352, 0.46563054684233207, -0.1628303612462397, -0.12005414733619932, 0.9336728162926707, -0.01481498728461153, 0.13380928114002064, -0.02676363591047314, 0.025513887943717506, 0.02355504988395959, 0.016760541521583693, 0.09628936711599613, 0.0024854177417916357, -0.0026630174803237475, -0.21491433284846295, 0.19529028803051585, 0.07254237006798951, -0.03782542401418613, -0.018549349780677377, -0.30339531556884036, 0.1969024399788332, 0.10011230176392295, -0.14115947346573235, 0.22560772055674383, -0.2934521877485091, -0.0139013876802455, 0.10713656696905653, 0.07149042194127689, 0.04490876248793181, 0.09412664959867145, -0.474940948783252, -0.009312088328043153, 0.001027078105913995, 0.5262749239432857, 0.3741800514652246, -0.024184953908472105, -0.09923987958503018, 0.06408288502680662, -0.23819780847708935, -0.8788887896942018, 0.20977982415953098, 0.2299749695712626, 0.8582287436553253, 0.14551405110218527, -0.5347330856661414, 0.13195312157644207, -0.10829487796262578, 0.4770250580250626, -0.13957506600078715, -0.013831710314551408, 0.010695596256437827, -0.04766891998075935, 0.035431928193877714, 0.00592441141151927, 0.030553365329385112, -0.2113240606154041, -0.07938596128417288, -0.19579627763069898, -0.10630887768426422, 0.1154358376610012, 0.2288399421813955], "trans": [-20.229311125458434, 9.559312399798294, -0.66284837867488]}