{"betas": [-0.10716845975804463, 0.03555393559239171, -0.022909588301634677, -0.0022321960585287635, -0.011360188238027402, 0.007048778770267401, 0.0026244476494828445, 0.001119221678184007, 0.011361241992361597, -0.011308692156923365], "dual": [0.019562096481026192, -0.006839991229764225, 0.0018655600789058042, -0.005140541712085117, -0.0020364139282411237, 0.00022606119774852464, 0.0005286190412034301, -1.633861785863954e-05, 0.0006978378633028803, 0.0003106131960033849], "pose": [-1.2139371691566325, 1.2017908840075457, -1.201790884007546, -0.468540752115879, -0.03426894208930133, 0.12825936883150987, -0.4652920763464851, -0.01383581543589122, -0.12239895464493397, 0.37347675735199587, 0.0061667162785007555, -0.003908640394974947, 0.7595459002891047, -0.012869477567719606, -0.15240976607272744, 0.8695965975901457, -0.009514377918565534, 0.08555650474479107, -0.00146491683172948, 0.002577977310350952, 0.013227340707515755, -0.09100272868072196, 0.05567139391427056, -0.0233266068338008, -0.17061173870696025, -0.15926250392624292, 0.1750226306328927, 0.029144472567143, -0.027968308590777802, 0.0010252944297506577, -0.3079616716599509, 0.28908622361929026, 0.16871062105781595, -0.147769271638974, 0.10009007289821663, -0.31800993988224285, -0.17437694568793943, 0.09544278632581897, 0.04535637895325883, 0.020803094349469968, -0.06151265544344445, -0.38842393173816847, -0.037939146279086684, 0.14498480705922, 0.358257409914308, 0.15899486524163373, -0.02578112053275066, -0.04956954898694567, 0.09179585553161496, -0.31658574987135935, -0.8986751365553857, 0.19161395378196233, 0.33461682837096685, 0.882921682547234, 0.24286227416762424, -1.5045393586600162, 0.509043638263631, 0.03783516177002761, 1.570941173989942, -0.5672903832694925, -0.07178967262666966, -0.06803356865082513, 0.23293598194675072, 0.018722736181496464, 0.13082906744081757, -0.22320593814549503, -0.1574323925438487, -0.07506985243693418, -0.23544495780529698, -0.12611514113583058, 0.14021814514578093, 0.2525819922687199], "trans": [-50.494611457348455, 7.12256003909938, -0.9426464511672757]}