{"betas": [0.19173745763710806, 0.20679507266967936, 0.025545764337162807, -0.024244743693028488, 0.0007202369641003663, 0.013236882350636182, 0.021343764601424748, 0.007373052342460504, -0.01918535564321634, -0.005662447391478864], "pose": [-1.5706947562600604, 0.020953626210635467, -0.020953626210635467, -0.5143439666963191, -0.01261100752509142, -0.049112882783074886, 0.041435489533495885, -0.017558305618924516, -0.009447513471199216, 0.27285507276679666, 0.013715047504803032, -0.020362512714769423, 0.18262047404572299, -0.08614866951631547, -0.13887519897287956, 0.7444718264777553, 0.03918357716468501, 0.08170017508950274, -0.05594936331978599, -0.03871064243138376, 0.03732090228393199, -0.07403060104652619, 0.18072443501347465, -0.11228586836083533, -0.1493222002439633, -0.2008767428337539, 0.25845049488974703, 0.0423771729537595, -0.04127364744383284, 0.001747489342017255, -0.20865555194276408, 0.11312768214475505, 0.28293535843823736, -0.14024388800590773, 0.1342555984852453, -0.39301656476764557, -0.24251472527911955, -0.08889585423181305, 0.06045112151447415, 0.039414380127271026, 0.06716904405190295, -0.3216840888365133, -0.044837114190851644, -0.005918458009403478, 0.31293180238042173, 0.07133545430601405, -0.20836516465830204, 0.04129219148261297, 0.8924103452026333, -0.8677355794074985, -0.8400875107368144, 1.0667659258307103, 0.5330812224065294, 0.8086599191511734, -0.07122742098104903, -1.2473120381067742, 0.4111469542500608, -0.29319877950892, 1.2751568908206612, -0.3609942782813395, -0.011059389803310353, -0.07414038759822117, 0.007208634304963392, 0.011908724146666008, 0.05884034174405054, 0.02696522049874991, -0.2367365288776161, -0.038031356862629005, -0.19321007052224226, -0.12806900453166187, 0.08755670386340948, 0.15530830053853978], "trans": [-29.54415214816703, 6.203540514209352, -0.6400066665401668]}