{"betas": [1.8964894903024812, 0.31493576625010133, -0.1035326407414528, -0.4364464500446508, -0.04973432451903863, 0.09833628269918979, 0.014303769774192097, -0.026993742994641887, 0.07112343154180402, -0.03308173982274214], "pose": [-0.2494169163091312, 2.095716948179407, -2.095716948179407, 0.24433177314816587, 0.057163871612202745, -0.002402205762773134, -0.6969574321792238, 0.04592997849532288, -0.0662087589015793, 0.14265101390806986, -0.0799600905621833, -0.03739501179531863, 0.36083465680627963, -0.27714233087274004, -0.03681587039778499, 0.39540133846440256, -0.13621245788782813, 0.09610509384001174, 0.07899473767517555, 0.09419803409260526, 0.021687531052451393, -0.04229371505275193, 0.09793115810675432, -0.0609938984003557, 0.08087197758688947, -0.24188011682727945, 0.30608555024361217, 0.07384551611219943, -0.13567891373300803, 0.0015631809940398235, -0.27866942697754926, 0.17376538377872094, 0.09157401759714823, -0.05652359395883616, 0.2550759393402462, -0.46632224880377143, 0.05053468932109963, 0.1724402357155191, 0.03994487601947235, 0.017645994891153004, -0.15363224892233918, -0.2378858286742906, -0.027455364662514987, 0.20279824100159563, 0.22792940380977456, 0.27276261912416067, 0.09017904205966847, -0.04902101033644401, 0.20525466191280523, 0.07155414207641311, -0.9108907556471689, 0.35999094569791806, 0.2668928614836416, 0.905235694563054, 0.5487871362811146, -1.0508072209849428, 0.05319661061721544, 0.5005305947997618, 1.1633550822903445, -0.1179825325053921, -0.013221231089524227, -0.12394942990570393, 0.12413896597964225, 0.07248007060051924, 0.10070830400869481, -0.06957667172131383, -0.14226105339818054, -0.07438192058650113, -0.1511418077503453, -0.11104592819469028, 0.12738393128265535, 0.17982737852773892], "trans": [-10.857078320703398, -0.26311013929793003, -0.8058333113769584]}