{"betas": [1.7511515842605234, 0.3670231778082652, 0.03978433168027672, 0.004913282851196045, 0.02958606384598556, 0.001461046037256542, 0.028411238985692, 0.012589726574853976, -0.014340388809218167, -0.004234100351574732], "pose": [-1.4288007799023401, 0.7734153494269369, -0.7734153494269369, 0.15362050811966219, 0.024427182647584526, 0.011084346472980101, -0.48751050602356716, -0.0054582255632731995, -0.15418011462023384, 0.2005575448679225, 0.0044005188594316135, -0.02081237669284545, 0.09169926759895172, -0.0716943562682466, -0.12044200851273926, 0.718619794638737, -0.027944003121870366, 0.07528870003271226, 0.028198249703522235, -0.018025667655902012, 0.030893437128684836, -0.05118016231038946, 0.09143881864405916, -0.08132911361895961, -0.09100461336138277, -0.18736870635398595, 0.24527149400777615, 0.027433402309803342, -0.09740048372917179, -0.024650385924386432, -0.2853559729920831, 0.26662752758122676, 0.1927703675190883, -0.1283253015858295, 0.16659839636248344, -0.3626777153728444, -0.16969907003583898, -0.232952347935843, 0.05990928661383827, 0.00440839713630964, -0.21477951453215638, -0.27811127863659385, 0.017523516661342463, 0.2212945058798415, 0.29051539368657714, 0.28658290784133467, -0.4509643404355678, -0.05387060010333354, 0.2545948970599283, -0.4849227636456417, -0.6828599251993228, 0.33896006353092095, 0.1354610118975532, 0.8413431802940988, 0.3582185842946, -1.6090123561235214, 0.36250666178616386, 0.16547301956621618, 0.6180699495024498, -0.10796030162487497, 0.04218897019790409, -0.16333168867654227, 0.2987546756446279, 0.11134048435767353, 0.16920665731740042, -0.16308599705696739, -0.09418911513929146, -0.05300649663929937, -0.14722679685424417, -0.10726381826131622, 0.12270155375595575, 0.16290518203956497], "trans": [-24.717770886936727, 13.411884398863622, -0.6704335603770211]}