{"betas": [-0.04531959800123942, 0.25816046623113975, -0.10443940742347267, -0.07597029208210594, 0.013911735992459227, 0.013954990810594958, 0.00840059268463032, 0.018210526354907698, -0.01144635948893292, 0.002226290135924623], "pose": [-1.5707940326017005, 0.0031491561551566395, -0.0031491561551566395, -0.43002774709915065, 0.010004553017027396, 0.055824255689084716, -0.22317805615720637, -0.01979211736492095, -0.009757343330193909, 0.3913012594454376, -0.024228942791928186, 0.002319294628840516, 1.0989936611249937, -0.053720038048645204, -0.15581482327811844, 0.2364125898394324, -0.00995088691536705, 0.10041812050935388, -0.024373725340655756, -0.017467237205600176, 0.02386023130530412, -0.08692058045429017, 0.09524338435487234, -0.04959836248637792, -0.11344977853404133, -0.19494333735880334, 0.2095162562885426, 0.03952070747711994, -0.051782668139977846, 0.007635168636146126, -0.27542268099143974, 0.20254579121661495, 0.14177149686547857, -0.10559856543036197, 0.13388418782862999, -0.354817843808139, -0.14626745176538186, 0.03951104765965317, 0.03835906688196823, 0.0440975535532627, -0.04187656570010751, -0.3960634297169166, -0.012940777852291136, 0.0730278654177273, 0.3910081281651227, 0.15771776077147198, -0.060340252019993774, -0.0005259339395297162, 0.06771334241782656, -0.2511940130742052, -0.7869143053982285, 0.1712120275676651, 0.16855275532541378, 0.7791031207033757, 0.21708872317541253, -0.9622609339143574, 0.25087407041597015, -0.003655116139985643, 0.9449723536872838, -0.29162091121892225, 0.03702175488598707, -0.05163129812718939, 0.1167867471601548, 0.05964054715805875, 0.07009722788041761, -0.09359997217973663, -0.19462166941719902, -0.07364624045137792, -0.20860494336032112, -0.12370806769073511, 0.12820401208412963, 0.21912264765738731], "trans": [-28.296121471311285, 1.68758106325954, -0.8101616436054409]}