{"betas": [-0.459125293958982, 0.2836700625543276, -0.2828307762064238, 0.06170009900103966, 0.04114696315793381, 0.017447099752977802, -0.018216663065381097, 0.013285817624318214, 0.01584973647464493, -0.019639755817989615], "pose": [-1.627057357899009, -0.20208932040323935, 0.17708932040323935, 0.3039930485338438, 0.07162109990152295, 0.07682410347456674, -0.45442008025143027, 0.005602663820256882, -0.01387436962758054, 0.22963319965404738, -0.06548510020982434, 0.0198299387780601, 0.37194677668553, -0.040151046236332665, -0.01933536897108888, 0.41374981385622883, -0.08287300475226324, 0.09611239905156513, -0.0007015011349298892, -0.05952230444758574, 0.037655831173218475, -0.10445185207709182, 0.08133077560889547, -0.050016225507180136, -0.02729302943218514, -0.19327805169119103, 0.23361766840703285, 0.008768647028811723, -0.06633991400812081, 0.013979133686541335, -0.2085359444634727, 0.19052688656611222, 0.07272835124594071, -0.015367223002078916, 0.18371752688322165, -0.37014130076225354, -0.13791713598226946, -0.008102598580125986, 0.07575763819960477, -0.016178896227051147, -0.21869750881991482, -0.32407120676956586, -0.11830085374810807, 0.200859103726169, 0.30166436122576995, 0.19842288687881302, -0.12140608890278703, 0.0022690203475172377, -0.02117731956672162, -0.3608971369073262, -0.7068707154531788, 0.07854341392628794, 0.3229940827214012, 0.6852058134327176, 0.07775905476108698, -0.9731861497184402, 0.28625062254571415, 0.28661280021161445, 2.179523122612234, -0.3440411534457892, 0.04679357755295066, -0.11152819887343128, 0.12682158672406357, 0.019751563787330804, 0.13721430734416976, -0.155809639776018, -0.1720159145131401, -0.08194338057634772, -0.23154106086692933, -0.08747633028781508, 0.14786564247494155, 0.2482871684675259], "trans": [-10.182992298204013, -0.7602767650961222, -0.6026128568020701]}