{"betas": [0.12182979554792384, 0.0498104030700563, 0.01874907528210161, 0.028247290178977192, -0.01045515424154793, 0.003794310233826808, -0.007750463989420916, 0.008476040652062412, 0.013630708331879994, -0.014916307566096007], "pose": [-1.0318104866542155, -1.45138813060642, 1.4513881306064202, -0.4906197809539934, -0.049995002848775213, 0.11848193376049139, -0.4363246218143826, -0.015723930094131977, -0.10409026204154125, 0.36814860762456775, 0.023467643833255475, -0.0036955679722480003, 0.7475821076193667, -0.016579261294743193, -0.15017436166274997, 0.8394572366560985, -0.0063943791600045465, 0.08248066022367272, -0.011460115967346363, 0.010001477468535438, 0.012561699046017932, -0.08147033413712573, 0.056792200910637046, -0.0341433233908485, -0.18077487305482443, -0.1484832293275409, 0.16365165343289656, 0.01906839989450814, -0.009906155637253444, 0.006423849932633512, -0.2907608351893222, 0.2808536319113926, 0.176647970627189, -0.14105582365028502, 0.09424911345771211, -0.30085209065095353, -0.21727378269013103, 0.09392065145064465, 0.04815652746412717, 0.00214869186199743, -0.07981328238631064, -0.3682369024716819, -0.045081538394524834, 0.20085968610448943, 0.34933029217825295, 0.11919412794236382, -0.04754377527802773, -0.04035541099660186, 0.09514129977086183, -0.3063200322003717, -0.8746668210508742, 0.1910803559668282, 0.39062301712730524, 0.8807233254540716, 0.20842960675543237, -1.4872030537428882, 0.5055731001586835, 0.08239237939194038, 1.5526445143309668, -0.5291501269185283, -0.0736182985750991, -0.07680051988011374, 0.266026563578285, 0.020257435437162165, 0.1371472209393898, -0.24221988084660223, -0.14812361120454443, -0.06993206027482385, -0.22408168724112015, -0.11780725915559896, 0.13572617188228742, 0.23593004704438036], "trans": [-44.11575682191593, -9.364615354238232, -1.127948571003847]}