{"betas": [0.12182979554792384, 0.0498104030700563, 0.01874907528210161, 0.028247290178977192, -0.01045515424154793, 0.003794310233826808, -0.007750463989420916, 0.008476040652062412, 0.013630708331879994, -0.014916307566096007], "pose": [-1.1456560593987837, -1.2969885914922719, 1.296988591492272, -0.38164246535926294, -0.028609022358093646, 0.10089331486752685, -0.44083592377916947, -0.015438535236078826, -0.09843053683127433, 0.3312077433705362, -0.0038741726140776277, -0.0008499375531488549, 0.7124546761746503, -0.034949879705545014, -0.1449091305411076, 0.8152035205317496, -0.02213472161181816, 0.08745190900117003, -0.006166748326812886, 0.004160982519224113, 0.014056847041481595, -0.08044779610423328, 0.06690284438409237, -0.02739373009413885, -0.15748601935751308, -0.175811279480867, 0.18621504804033343, 0.02808771948866665, -0.03027449509178766, 0.00300277588417986, -0.3035781998684075, 0.26181088364003735, 0.1531923278165267, -0.1338499523624895, 0.1301176664767638, -0.3367996475200814, -0.2006185531864723, 0.11984407315328183, 0.04111874155005573, 0.022969169718992793, -0.05714297549254691, -0.39314699129099057, -0.024736314988627148, 0.1313037220574475, 0.37939934219903393, 0.14553030889772928, 0.0008005957066139844, -0.05262649300423941, 0.12127214497297913, -0.3108038136978187, -0.879482131959929, 0.22921727518887414, 0.2925206962821942, 0.8730055460910635, 0.2959766906919619, -1.4677371993259816, 0.446316969780396, 0.09287033437537451, 1.4287647892801865, -0.45456747782928547, -0.04156371960088937, -0.08433117362532419, 0.20595106335951113, 0.03321740152770003, 0.125910341833062, -0.17752968985653828, -0.15636717404637202, -0.0742762326859351, -0.2220865178292211, -0.11783393924760464, 0.1330026598772978, 0.2363749822772206], "trans": [-39.18201602186481, -8.778873784785816, -1.1364579480148975]}