{"betas": [0.23095163209771685, 0.04109343311864416, 0.025248775430059576, 0.03225921746385679, -0.011730228160678488, 0.01411489487013554, -0.004068968651146599, 0.0031222508939531494, 0.007432816158778922, -0.011705167054862173], "pose": [-1.1672613723600507, -1.272320141217879, 1.2723201412178793, -0.4816999077999364, -0.033391056615313816, 0.12040292099845525, -0.46985890969372346, -0.01829585668545358, -0.11907863759552319, 0.34768948630986984, 0.006373452464623952, -0.0016941198137151224, 0.6809709717611094, -0.023037241591766056, -0.15403680481300192, 0.8110837029374744, 0.02321256675121244, 0.08237633727566483, -0.03515333962859629, 0.01300583742602024, 0.011185142970202362, -0.06350159802788176, 0.08709979734392412, -0.05232699532829457, -0.15262414769343577, -0.1878898533538888, 0.21847990815604015, 0.03767211824284706, -0.02343649970078096, 0.0050746350735325135, -0.2924535202775708, 0.23713808699614802, 0.19485770680421677, -0.15365148794544756, 0.13748807923218284, -0.37874624394171086, -0.22093957842303943, 0.15836194944614262, 0.028833529135769063, 0.018436646798801515, 0.028122649125860964, -0.37154499414896314, -0.02314846732626698, 0.05877089032885532, 0.3631611329314109, 0.11372490286336477, 0.040318361921135665, -0.055137607554383655, 0.09534159918602828, -0.21274664010325517, -0.8155695922541994, 0.20289495698399831, 0.24681726222883416, 0.8154602933670755, 0.21075666071384325, -1.2989214303390995, 0.3904008406194489, 0.023009733256410026, 1.2901738655524309, -0.39608985660257684, -0.03665299104481544, -0.06969822240314733, 0.2007497113633388, 0.011326628047555114, 0.11384338816965119, -0.16346932760622765, -0.187158295954049, -0.07494734617567214, -0.22869934868421307, -0.13039211517708074, 0.1221394930088401, 0.23900011580346125], "trans": [-62.324805242713786, 4.050688563380037, -1.1170044438725941]}