{"betas": [1.7511515842605234, 0.3670231778082652, 0.03978433168027672, 0.004913282851196045, 0.02958606384598556, 0.001461046037256542, 0.028411238985692, 0.012589726574853976, -0.014340388809218167, -0.004234100351574732], "pose": [-1.562595882724932, 0.20222607246729757, -0.25222607246729756, -0.3101807829652627, 0.00956417003629452, 0.0556902442335527, 0.2695406044221097, -0.03857222720031891, -0.06002907260653547, 0.2005575448679225, 0.0044005188594316135, -0.02081237669284545, 0.009270389896821975, -0.05250294250368547, -0.13121234854144034, 0.15894912106648862, -0.00012986668560613368, 0.09544521228243175, 0.028198249703522235, -0.018025667655902012, 0.030893437128684836, -0.10443723711085003, 0.04963284412366185, -0.08768066781622165, -0.09943244780460231, -0.10932284686186657, 0.23955114949880355, 0.027433402309803342, -0.09740048372917179, -0.024650385924386432, -0.21288656591726696, 0.25542666674963427, 0.2133268855428894, -0.07461979833378164, 0.08120062712509545, -0.31510494534585676, -0.094699070035839, 0.017047652064156982, 0.05990928661383827, -0.015787344535051852, -0.2897142492848654, -0.38795531201688793, -0.041052042353898865, 0.2966548158051709, 0.38349586094223637, 0.3365829078413347, -0.15096434043556767, -0.02887060010333354, 0.2545948970599283, -0.4849227636456417, -0.6828599251993228, 0.33896006353092095, 0.1354610118975532, 0.8413431802940988, 0.16616110553991761, -1.3171512695600434, 0.3854515191949185, 0.16547301956621618, 1.0180699495024501, -0.007960301624874967, -0.05398369522716913, -0.05605872745389122, 0.11521533074648042, -0.003995582145906067, 0.048891406693217704, -0.10002503723518062, -0.12930250125120088, -0.06310744751355113, -0.22347046148069516, -0.15231817836803616, 0.13226130710412698, 0.23302254849571555], "trans": [-19.807889765757245, 18.75371191958088, -0.5656865510990672]}