{"betas": [-0.10716845975804463, 0.03555393559239171, -0.022909588301634677, -0.0022321960585287635, -0.011360188238027402, 0.007048778770267401, 0.0026244476494828445, 0.001119221678184007, 0.011361241992361597, -0.011308692156923365], "pose": [-1.384515669090967, 0.8822442750473293, -0.8822442750473293, -0.4400993096393876, -0.020452354772665687, 0.17827082591635374, -0.49249052048891556, -0.005902485912810932, -0.1658968049466398, 0.36905260276753454, 0.002824568172320359, -0.0018389389909677816, 0.7841240092687557, -0.06590321178545562, -0.14546656357694632, 0.8642153126993877, 0.01916347572861315, 0.08453905891613991, 0.0061289737004356385, 0.009681271252120226, 0.016008406146195354, -0.12424887090256238, 0.05581875252321996, -0.0508372538395537, -0.17162131497005872, -0.14693427184847271, 0.18698279814326552, 0.023172268014119098, -0.024669400708452565, 0.002837648487474316, -0.30080210708774346, 0.2918645251580476, 0.20756463977417858, -0.15939562335826346, 0.07222958272372793, -0.31893661186195044, -0.17379773844704122, 0.06727702062859423, 0.06159361312644789, 0.030766159603969726, -0.04106703430328094, -0.38718360484555747, -0.04196026326750386, 0.1514666900427839, 0.3516844403668907, 0.13508828957721034, -0.061575483826575614, -0.04267108510501336, 0.0929496080342163, -0.2720475675956685, -0.8883254556788042, 0.20075929847231883, 0.3632169810952686, 0.8803277685229349, 0.22719977806782968, -1.4424190577387384, 0.47409056274829614, 0.08401165510435012, 1.6508206540830261, -0.5575613773427797, -0.0561873817276947, -0.06569973037750121, 0.24429191263712363, 0.02522305387071745, 0.13806931072972692, -0.24038546913429404, -0.17340146282456648, -0.07174289710798297, -0.24019271776897902, -0.13512788896606584, 0.1422928438607978, 0.2516052151392493], "trans": [-64.77780812222338, 3.9154538268970045, -1.2046151600012664]}