{"betas": [1.8964894903024812, 0.31493576625010133, -0.1035326407414528, -0.4364464500446508, -0.04973432451903863, 0.09833628269918979, 0.014303769774192097, -0.026993742994641887, 0.07112343154180402, -0.03308173982274214], "pose": [-0.15783489481542862, 2.145127181075077, -2.145127181075077, -0.004978141983687741, 0.020153300216454714, 0.004474536423967151, -0.5895839361596066, 0.06624871870009202, -0.015077956836916775, 0.14265101390806986, -0.0799600905621833, -0.03739501179531863, 0.10377639683054851, -0.023974477964915968, -0.042782680974645514, 1.0437538219487281, -0.04898315735589649, 0.13200438316143676, 0.07899473767517555, 0.09419803409260526, 0.021687531052451393, -0.18681834668335331, 0.20346711025881223, 0.05468616166347859, 0.0396315225411849, -0.2405067270320764, 0.2810340289108014, 0.07384551611219943, -0.13567891373300803, 0.0015631809940398235, -0.12485010989344818, 0.10727348420709337, 0.07674394618059094, -0.0809379771764953, 0.24450131680612125, -0.374166491439589, 0.019151918321904923, 0.047277068827131584, 0.012103674219371148, 0.04520812457011919, -0.32428677593321126, -0.30736824433995447, 0.009016820802676469, 0.16606445562401823, 0.5963128538611217, 0.36375919045520344, -0.0012511680142957907, 0.0007163117001225448, 0.4552546619128054, -0.2784458579235869, -0.6608907556471686, 0.5599909456979182, 0.2668928614836416, 0.5302356945630536, 0.47732984092118413, -0.9817120741515768, 0.026359019832854706, 0.3465704130945151, 0.9782310509869233, -0.1112991704253715, 0.08208731407058209, -0.03093683206898123, -0.027270753429409773, 0.1765776258282169, 0.003846167962610032, -0.03711975760080171, -0.28466659086796087, -0.0607397565591668, -0.19432962502627432, -0.13755902673542286, 0.12846815976394674, 0.15456536116757555], "trans": [-10.395160028068204, -3.063633018395894, -0.771469724351818]}