{"betas": [-0.04531959800123942, 0.25816046623113975, -0.10443940742347267, -0.07597029208210594, 0.013911735992459227, 0.013954990810594958, 0.00840059268463032, 0.018210526354907698, -0.01144635948893292, 0.002226290135924623], "pose": [-1.5512843748043443, 0.2899119274530556, -0.2899119274530556, -0.48101841155111524, -0.06805807546525343, 0.037594354348829045, 0.0803212906688045, -0.08964417554099874, -0.029265250150255124, 0.3600879310752765, 0.0024917490655800307, -0.04751668674081652, 0.24155379889476505, 0.04034377819080979, -0.08723899570720756, 0.7688243197984541, 0.17260712387832322, 0.02279095217309747, 0.03729299167973168, -0.09434140794810092, -0.01854768684091773, 0.005143486328931561, 0.10709724760515729, -0.06849785267224334, -0.08433394534680491, -0.2297613147428527, 0.19735555631774684, 0.04960141593296574, -0.0643979109733486, 0.0019779410503113566, -0.1622002646488783, 0.27638727444788547, 0.13068528935692025, -0.053014595504536494, 0.2435764080810664, -0.30380869603255756, 0.0017267434674379297, 0.27781114574996985, -0.03992477277727891, -0.034443413341159766, -0.34965709506492776, -0.19535312267369287, -0.03293365620027539, 0.20838767832945637, 0.20027888817507336, 0.15405771030384452, 0.0865273450398983, 0.013645846133747211, -0.19131246775416016, -0.4280800842489768, -0.4515778327188573, 0.3450084807724031, 0.24239291593622075, 0.8359155705864627, -0.1394553594227504, -0.8350000728562775, 0.19105117960663165, 0.32104523339890245, 1.6243127158315214, -0.29795195474237696, -0.020416254675267528, -0.06959266300687142, 0.1253044218342952, -0.21953760695228278, 0.15520045970875168, -0.07884305634323277, -0.10238799596161907, -0.0467091835606241, -0.12816911501820735, -0.09000969524259396, 0.13360763783605575, 0.22429569885694242], "trans": [-26.774237242311976, -11.78632953346663, -1.0438902120252675]}