{"betas": [1.813289222669109, 0.20156947919784157, 0.0011390909961732187, -0.4871353642584728, -0.16755291678885467, 0.02420319783742449, 0.0691750353522659, -0.03790042278230592, 0.027389876576093666, 0.006434531786996541], "pose": [-0.6009147535704648, 1.8644079823271944, -1.8644079823271944, -0.15640693845297426, -0.021689060813809172, 0.06507417513574673, -0.495164467211669, 0.14976656799270727, 0.04141209949113768, 0.2557695697136293, -0.05585729252825634, 0.009113969298283262, 0.26955425302617864, -0.11123385411480313, -0.12506374116197438, 1.0562074217382629, 0.15819239716121963, 0.07160980428809122, 0.005568048872568581, 0.015410154735779294, 0.029181129175425216, -0.10113489880101817, 0.1362801257173843, -0.027696636003780164, -0.1519904644358898, -0.20273203942019727, 0.2637727728690291, 0.10238134516473563, -0.05000771964795906, -0.010960565562090381, -0.3516053894464472, 0.2576863157153952, 0.23609312639289368, -0.2305951062962964, 0.15920854449739746, -0.4382522616605061, -0.03585334352137999, 0.07606911279458244, 0.07859115675175575, 0.030272633358746682, 0.17384094155691285, -0.22293323972172902, -0.09151986784335556, -0.09637306265192717, 0.15280657310890003, 0.19110287495387324, 0.017725335619860838, -0.07429398601957168, 0.10076063703442577, -0.16365307715070176, -0.8190552072434201, 0.20748031051268698, 0.24975144383552922, 0.7218966180966703, 0.2749733895877702, -1.6735539520371314, 0.46508273426521435, 0.10819449435387006, 1.925611427028683, -0.5782110019263139, -0.15024729254701572, -0.09779815411956898, 0.23778268106292963, -0.020957049912644257, 0.16660755422244233, -0.2134603850896201, -0.1813461579914882, -0.054480420159523875, -0.2326889008096583, -0.11752212439592868, 0.11243047270073277, 0.23312599320011418], "trans": [-13.658212817488415, 1.3896419505042048, -0.7976534469120268]}