{"betas": [1.7511515842605234, 0.3670231778082652, 0.03978433168027672, 0.004913282851196045, 0.02958606384598556, 0.001461046037256542, 0.028411238985692, 0.012589726574853976, -0.014340388809218167, -0.004234100351574732], "pose": [-1.5829196120179316, -0.0727825186419821, 0.0727825186419821, 0.03559633703847412, 0.02188564814605217, 0.002051128873093312, -0.6096317463595922, -0.01840760445649283, -0.026255981529700254, 0.35761563761477283, -0.0659212494517354, 0.01912289809540256, 0.20102584557227593, -0.16793404725570296, -0.11011954313405806, 0.5178643125933723, -0.06536805174807639, 0.09950086616391934, -0.02401119537275422, 0.009297817015101646, 0.010276221558076837, -0.07081021415532443, 0.08594802411931898, -0.05807794914662919, -0.034260383445211866, -0.21373948507719728, 0.26242387323082705, 0.0399841091893147, -0.05334309269710788, 0.00649179536461775, -0.28365120981004355, 0.2082848722082196, 0.11449608500677992, -0.09060607423883628, 0.1551586123678872, -0.38953869407778147, -0.10016138005785623, -0.04009620798723542, 0.03352437256681934, -0.004921259743517275, -0.008071028996789402, -0.30709706503437784, -0.037716068426529796, 0.03602507324311869, 0.3207152031092093, 0.19727600561532307, -0.11189227276709941, 0.02736899598575084, -0.05905753044777468, -0.37116005067044544, -0.710703208896161, 0.09122820061165357, 0.10896720869280081, 0.7258666841825495, 0.013198772064967593, -1.2757201955208402, 0.5089940910396071, 0.6556549862580953, 1.5502018579594758, -0.01586405899045551, -0.10662447327222903, -0.06921866143337946, 0.16662423241329807, 0.02824372729880341, 0.055192682787301245, -0.10158621013760578, -0.06616422592901534, -0.06463746450574197, -0.16634150789495236, -0.07146698924543274, 0.11733915470351143, 0.18793867270956183], "trans": [-27.297814597628296, -4.374865152227664, -0.9258265740188705]}