{"betas": [0.33303066142902105, 0.22906885785386125, 0.1321746135337195, 0.03485680493593007, -0.034928744222964915, 0.03738652273642406, 0.06435992437738675, -0.06135207138309116, 0.004712805749211021, -0.03328562850670294], "pose": [-1.6164972952149477, -0.3362688368485829, 0.28626883684858284, -0.15075322235547925, 0.0046509425105620145, 0.023513712145060775, -0.4795430660265218, 0.019356831861688482, -0.0112482096207707, 0.248623124178686, -0.04231439541196934, -0.010605777711371863, 0.30002300103440316, -0.062428976915448214, -0.10290805833626657, 1.1838010035307545, 0.07633081540469878, 0.06861051906429992, 0.04661824312384983, -0.033961703559422955, 0.026029676483579924, -0.09854384438234223, 0.10111789479131461, -0.04573243011553846, -0.13124883868942594, -0.14959096631922142, 0.2334468052130581, 0.056454224087303544, -0.059445825268448015, -0.003955474476214123, -0.3083295897063097, 0.27597909889962674, 0.2023368169710685, -0.14186168331309476, 0.12163487458501292, -0.34397256298997325, -0.14261556858583052, -0.008062901684768982, 0.09531934718114797, 0.002359887905757905, -0.13239320218933198, -0.20612160646579908, -0.06659267419900912, 0.1317062155761111, 0.17130654337771972, 0.3180944898213439, 0.18289595068339115, 0.019333351556619516, 0.1010831483507517, -0.5196702424262137, -0.8023794430773383, 0.22248153379720784, 0.3312382533365097, 0.7758117337448901, 0.3939061523483021, -1.9297830019840863, 0.532955174292511, 0.24357202898513697, 1.7757886884630785, -0.4984324162616612, -0.18313517117829592, -0.15520914801342542, 0.20687303653452074, 0.009456094111642199, 0.15123845689171694, -0.13553211086452535, -0.03466725228232503, -0.026535818347905193, -0.1579553050659665, -0.08000552006070841, 0.11566507572881538, 0.16077881850445494], "trans": [-11.212344831897653, 1.1924340772522275, -0.7112535922676446]}