{"betas": [1.0007394031128156, 0.13998077818863408, 0.20322321153559939, 0.06919845010960525, -0.06355964225067326, 0.0988583210768853, 0.031004152589175965, -0.07600298470585287, 0.01954775199647453, -0.05391534064665776], "pose": [-0.2443290117198918, 2.0985671765413403, -2.0985671765413407, -0.39891026462930146, -0.08145675492353861, 0.05242154133682568, -0.20548747008782076, -0.03729312135403402, -0.02500005957378009, 0.28740902052352707, -0.005753549442059916, 0.009818816497816022, 0.7972082447898852, -0.017466833520126644, -0.14339290630069287, 0.24228323633931229, 0.015394105085356187, 0.05730980248431759, 0.01685342449084099, 0.0020233698170437435, 0.022119800579886145, -0.05277511476799283, 0.06713228916689495, -0.04531351753736231, -0.091000944448016, -0.14375900186833993, 0.1888708345780345, 0.05199010607166976, -0.04100246439357179, -0.001597543538038366, -0.31428819078875664, 0.23581483961394442, 0.1693763997987534, -0.11923226441899136, 0.06552367813633796, -0.3170060179291544, -0.08748707291812965, -0.06691473395654816, 0.0676517704238109, 0.09636999611679359, 0.08849505083851306, -0.4488288375457038, 0.004357356578369854, 0.017794583182468644, 0.41372532493666536, 0.21776006315353702, -0.13478193431864754, -0.009305863936148467, 0.20741525266269575, -0.28281163830592615, -1.1009538171357665, 0.24287072298061627, 0.2513966628229631, 0.9758165934860915, 0.40710757680663123, -1.3850998631279803, 0.4013278614975255, 0.07404570752348685, 1.277364120241239, -0.4279173637351389, -0.16716764172773654, -0.060932012358490606, 0.10492081254511679, 0.002490750538513982, 0.08535290727575479, -0.12581301071362053, -0.14114226830764992, -0.06924231444687316, -0.21365659665961875, -0.1239697815226523, 0.1344715272952021, 0.2317419834873304], "trans": [-10.509847361493215, 2.2594919990392417, -0.7237608250085995]}