{"betas": [1.0007394031128156, 0.13998077818863408, 0.20322321153559939, 0.06919845010960525, -0.06355964225067326, 0.0988583210768853, 0.031004152589175965, -0.07600298470585287, 0.01954775199647453, -0.05391534064665776], "pose": [-0.03757349984943234, 2.204237387037754, -2.204237387037754, -0.12999905332560893, -0.021271076867354122, 0.016594291745602327, -0.32637500422086035, -0.04987400026429527, -0.009709682599219317, 0.22916597966914357, -0.07984616670350009, -0.024333115154977714, 0.16081824161520186, -0.03224838953621371, -0.13864880445233294, 0.9989214903296139, 0.04336122791911082, 0.07127524889038013, 0.02386555011905782, -0.02602527120392245, 0.06131644967181534, -0.10668995656225425, 0.09383008777614478, -0.006415055929601659, -0.11703561384577187, -0.12394285892105357, 0.22353250169269098, 0.05504515853067061, -0.07354966815154633, 0.004340516257458977, -0.3050952262498116, 0.2597023462735264, 0.1780624398384579, -0.1825373036738938, 0.1318880183075085, -0.3327665805593592, -0.088649624031885, 0.15595088231197296, 0.08047937684452909, 0.06055414930675931, -0.053548999560134966, -0.38168316725282303, -0.017002876588444696, 0.044161688915774135, 0.4214696085280568, 0.23412211670788036, -0.020751610407693355, -0.06724919196149862, 0.15885027555970885, -0.3921902497296876, -0.9657449269500962, 0.3526751025027469, 0.2990141426290462, 1.0528137054933353, 0.4061802485616587, -1.3428623557431467, 0.32604612437391484, 0.18235473410366307, 1.362821425809592, -0.38119190074624326, -0.02428566955673062, -0.030569649853723502, 0.14513590712227498, -0.05847773082702871, 0.07529160282989505, -0.08637634668971574, -0.20054783830962347, -0.07122362384372175, -0.2364745409881634, -0.15337542353444614, 0.13568941234974793, 0.25225010581356894], "trans": [-11.248558056492357, 9.576842696837403, -0.5021250924861141]}