{"betas": [1.813289222669109, 0.20156947919784157, 0.0011390909961732187, -0.4871353642584728, -0.16755291678885467, 0.02420319783742449, 0.0691750353522659, -0.03790042278230592, 0.027389876576093666, 0.006434531786996541], "pose": [-0.31028527054863003, 2.060617110237943, -2.060617110237943, -0.10415322047885466, 0.04858444658233521, 0.07383313457121618, -0.6312276422663603, 0.03324497604172296, -0.022757595504142372, 0.32847773224401733, 0.04452059653677416, 0.04077861791601668, 0.9944346015679927, -0.10735377426683503, -0.1439765455769426, 0.5924357305977014, -0.013415488708404937, 0.0874544046995726, 0.09389962543226563, -0.07429489624386795, 0.08478758630175541, -0.20187927975394573, 0.08817531002316657, -0.020707848046426863, -0.0430136814874021, -0.22082852409075823, 0.2825038704777328, 0.09154118155281296, -0.11027624550627081, 0.021824375658209227, -0.34836188779844807, 0.271920601433127, 0.130709389348606, -0.09760191025944415, 0.14947930398792875, -0.46303190561275526, -0.055886441031313634, 0.02478572407079815, 0.0679031883707253, 0.10152304858755369, -0.10177261698713388, -0.2181221947134926, -0.07902151172769016, 0.06636701339244817, 0.15418387390151347, 0.050746562482173935, -0.026974994487132344, -0.05507661827461927, 0.10490173085473681, -0.1910774105506757, -0.75252195171792, 0.699467887503617, 0.10434727263539374, 1.0547946997086515, 0.3949355355339219, -1.659558482121546, 0.4204738274076218, 0.14715507717040968, 1.8757586057137225, -0.5700118588148918, 0.0594773189124545, -0.18756385482205173, 0.20143405528361538, 0.15654808168818543, 0.19497803885462994, -0.2618563297652368, -0.17903693581554136, -0.0606188641724661, -0.25223179173960103, -0.14504563742402968, 0.16074139171534846, 0.2656052919116726], "trans": [-11.40531656326229, -3.549489873048754, -0.8157795144234414]}