{"betas": [-0.459125293958982, 0.2836700625543276, -0.2828307762064238, 0.06170009900103966, 0.04114696315793381, 0.017447099752977802, -0.018216663065381097, 0.013285817624318214, 0.01584973647464493, -0.019639755817989615], "pose": [-1.629462991430962, -0.3153247063955315, 0.26532470639553146, 0.3314364746115551, 0.011247899077927288, -0.023337154334567487, -0.38472748205747875, 0.0173915282896365, 0.00563953528784782, 0.3935968420171308, -0.021319772999166136, 0.00026639055431737415, 0.417809997968109, -0.011231800273547067, -0.09224361314545715, 0.19846589549568225, 0.009937692826033094, 0.01648034830209237, -0.05422043612127069, -0.02887742056581506, 0.028907147973599386, -0.03512464106397598, 0.09475034971024231, 0.0059981978879215594, -0.08553662732046909, -0.2375620415984366, 0.17625173900893396, 0.0314733642347225, -0.03251402626204783, 0.01416554263771428, -0.23407440855617245, 0.18525030123085223, 0.02628607530980733, -0.04448823236995316, 0.23186562372800942, -0.3443859357868407, -0.19133122359343666, 0.05255267053693736, 0.04554856886695504, -0.04622079105008803, -0.169059130611248, -0.2866811450965807, -0.1073771167423984, 0.20571680966221542, 0.30618368741204816, 0.1527169106821181, -0.09812747570300108, 0.0014390286282981726, 0.006577667568727795, -0.28525979054413464, -0.6503067063564101, 0.09186518473468223, 0.34104337683499514, 0.7374512073469814, 0.1059992969191624, -0.9112666620955008, 0.20341644827754093, 0.28661280021161445, 2.179523122612234, -0.3440411534457892, 0.11524778870752311, -0.10228025296741063, 0.2366125546797184, 0.059886877202618254, 0.14580865667639573, -0.21247784643388673, -0.1986659179996651, -0.0859106715246888, -0.2161695404072985, -0.07259195608836637, 0.13871374907025105, 0.23277637011539348], "trans": [-12.192580573997196, 7.004958104604012, -0.4160033393899241]}