{"betas": [-0.10716845975804463, 0.03555393559239171, -0.022909588301634677, -0.0022321960585287635, -0.011360188238027402, 0.007048778770267401, 0.0026244476494828445, 0.001119221678184007, 0.011361241992361597, -0.011308692156923365], "pose": [-1.333322487600086, 0.9914079617739985, -0.9914079617739986, -0.3484581765337409, -0.017350756780670523, 0.13841750010344755, -0.4292733786734686, -0.013103477615096995, -0.1302548517392068, 0.3341715125707166, -0.008693645642347467, -0.004479263772642373, 0.7900285211911695, -0.049201260904692526, -0.14305824949378143, 0.839695045678238, -0.018903057843050165, 0.08641246146477408, 0.01642746684738817, -0.013861569144221453, 0.024535598768850968, -0.12614663182800126, 0.047888786869420635, -0.016231318760476295, -0.16746051771384912, -0.1538711671098611, 0.17059004838512945, 0.017705625128592525, -0.038784399117002426, 0.0024369417582619105, -0.30526234917577777, 0.30018799596567136, 0.14064210226280213, -0.13057448563568627, 0.09919587829455678, -0.30102235934673854, -0.16314514006129524, 0.0376175812673929, 0.06344403358869612, 0.003450475826251001, -0.13185872700106654, -0.35654090748814254, -0.06215577878190114, 0.18534178011330824, 0.33811782203531426, 0.1767709608500803, -0.08641151593076223, -0.03249597303736203, 0.052234430225273715, -0.40835317935392396, -0.8563731281477682, 0.17572942836499034, 0.34423173079786124, 0.8631160215437481, 0.2345596373328399, -1.6538062302498975, 0.5847557878838566, 0.03502824815166388, 1.6818722313799013, -0.6415967113310108, -0.08901740101488373, -0.08704988298435444, 0.23170698489255595, 0.017246499132659594, 0.13561258383803212, -0.21984006374372234, -0.10700093261000822, -0.0673687910313356, -0.2248125569642559, -0.1015868664449369, 0.14385170496959815, 0.24074414986648204], "trans": [-64.81804106039789, 4.18410670696036, -1.0634235012507829]}