{"betas": [0.33303066142902105, 0.22906885785386125, 0.1321746135337195, 0.03485680493593007, -0.034928744222964915, 0.03738652273642406, 0.06435992437738675, -0.06135207138309116, 0.004712805749211021, -0.03328562850670294], "pose": [-1.3412442163491534, -1.15548142079955, 1.1304814207995502, 0.06678815255764603, 0.005826012871378655, -0.015395023810894082, -0.5054501207337926, 0.014245850841931154, -0.06922952219770301, 0.29144423443453127, 0.023428198439336894, -0.0010106504747179885, 0.06306485391148364, 0.0037205455948124896, -0.12475520500869072, 0.5370062643830403, -0.0820212506250109, 0.11878629072108329, 0.02710232932576078, 0.0002961397881785523, -0.0011664103654595223, -0.0467323498765601, 0.04180645536240612, -0.046328542744642036, -0.13688962246007236, -0.14055858791159395, 0.20093569070359124, 0.01919782770993904, -0.005434853546152652, 0.0057520436242725, -0.28292222357582997, 0.31923894910262307, 0.1865339529084765, -0.14634575666663005, 0.1445423424395903, -0.31925303179863984, -0.1614749443425822, 0.2422083144967055, 0.03177244561488599, -0.04323882325856375, -0.2178785127970116, -0.30196825730446586, -0.053963487671587256, 0.2981036450981009, 0.2827559744211875, 0.17502714782752124, 0.08987806149762159, -0.07916934729159707, 0.07150306407080789, -0.4867265262336045, -0.8350847243429997, 0.21650618581279232, 0.5218800750141963, 0.8730012459962332, 0.19554751223707734, -1.6913333639470662, 0.5443350636596302, 0.15260057422577353, 1.693223330298317, -0.5030879524990297, -0.13217776563652925, -0.11846665520159608, 0.31599108225484124, -0.0031900028832196675, 0.16134805416086465, -0.2527528923852976, -0.07201837984702333, -0.06088737064557165, -0.1968620077351062, -0.10850541831705669, 0.13003488262734325, 0.22050060664615176], "trans": [-18.863600491468148, 11.632774203544734, -0.6366276374894353]}