{"betas": [1.8964894903024812, 0.31493576625010133, -0.1035326407414528, -0.4364464500446508, -0.04973432451903863, 0.09833628269918979, 0.014303769774192097, -0.026993742994641887, 0.07112343154180402, -0.03308173982274214], "pose": [-0.19333464296553218, 2.1264437993297687, -2.1264437993297687, 0.04469535514821394, 0.04515745217776264, 0.03377995332834895, -0.4838998222102257, 0.0032691391379525143, -0.1556211936357426, 0.3018938586116854, -0.06908197867570512, 0.013793164769072348, -0.03864432240207453, -0.05943857716040904, -0.10440832610952892, 0.6516399457342881, -0.01466772871239868, 0.09308140674881914, 0.03961306274355132, -0.05127326475990591, 0.038125683310810454, -0.0844781277861467, 0.1187414775192134, -0.042009155502553124, 0.00964216203636907, -0.19365909474683002, 0.28111431450846924, 0.03228730114739785, -0.06226277700212059, 0.011824531709627856, -0.20915799538101912, 0.19593336088195742, 0.1302143581985962, -0.07583791238793934, 0.22279097622707728, -0.38747659213843977, -0.09278698420337779, -0.014631283628378268, 0.060033183958536115, 0.01744307333584041, -0.28403577753686376, -0.3004829648279399, -0.054262375273504346, 0.2762656634619605, 0.29599633786386376, 0.2046682316576545, -0.1570186878150899, 0.012973864881075913, 0.12718964412185155, -0.4445455665503701, -0.7461626157434984, 0.2259374780003354, 0.33645128438992433, 0.7482534701406546, 0.3674691989564829, -1.1376660592717278, 0.1524114459253235, 0.2236001883111348, 1.152370215286211, -0.1837156936621909, 0.11207643042613989, -0.1394702665822708, 0.16518911417467705, 0.1196855855832071, 0.1281333751125488, -0.1227383628600481, -0.1846456037543244, -0.06236242560008119, -0.18284128308903771, -0.12913520265241843, 0.13308412381850485, 0.1914262439462544], "trans": [-11.397472976652384, 3.3385947932061577, -0.741660036995451]}