{"betas": [1.0007394031128156, 0.13998077818863408, 0.20322321153559939, 0.06919845010960525, -0.06355964225067326, 0.0988583210768853, 0.031004152589175965, -0.07600298470585287, 0.01954775199647453, -0.05391534064665776], "pose": [-0.17123381418772546, 2.1381437544120523, -2.1381437544120523, -0.41736477675298556, 0.007836832072908412, 0.017488732247288516, -0.19920216192656184, -0.05365331405632734, -0.04200073924314695, 0.2742648946188959, 0.020236111800251613, -0.002231115389615118, 0.5298355558673981, 0.0348032105978816, -0.13019292311561767, 0.2808435751607634, 0.014158612917903539, 0.07127228212434995, 0.020148735393456466, -0.02528893905004562, 0.026959477032764873, -0.022852992719544458, 0.11531410390279924, -0.09946645184771573, -0.11207529326835372, -0.16856824434680134, 0.20312780513385195, 0.04125806400845585, -0.03163736253855464, 0.007871948104132397, -0.2583734719621406, 0.19609359581637795, 0.23306884239298858, -0.09987975939795762, 0.1029643553520591, -0.32160659544357567, -0.11477090858967119, 0.0434707311471659, 0.054177772373102354, 0.06629436080698461, -0.0127699750698985, -0.38666975282654303, 0.0009240643938455336, 0.08463327929496285, 0.3668793159125097, 0.16586502726620814, -0.07213596358225992, -0.012442809106419485, 0.21295120107708035, -0.23222386517263424, -0.8739752021273051, 0.25072392837740215, 0.2508651101158808, 0.8220242998961562, 0.452827087724824, -1.271677439739712, 0.23698500465528935, 0.20473294496569025, 1.259575990560899, -0.2720981868220491, 0.015471238271911871, -0.11604208006174294, 0.11492294286858463, 0.044040187223058296, 0.12837372633769809, -0.106612288458075, -0.21735671495087727, -0.059915421665002355, -0.2160856998287083, -0.14512597598163227, 0.12096515267835511, 0.21665204737716628], "trans": [-10.838578635766945, 3.808199921191423, -0.6725834647130303]}