{"betas": [-0.04531959800123942, 0.25816046623113975, -0.10443940742347267, -0.07597029208210594, 0.013911735992459227, 0.013954990810594958, 0.00840059268463032, 0.018210526354907698, -0.01144635948893292, 0.002226290135924623], "pose": [-1.569787570497945, 0.06602873778998247, -0.06602873778998247, -0.48645293484793417, -0.06332834067908968, 0.04350904774461977, 0.24943687028640205, -0.0844412212004221, -0.03114349472337929, 0.3923976816790158, 0.05753841296680929, -0.001364184572770287, 0.2168598337811049, 0.03198819656124932, -0.15627576503101778, 0.550676233706917, 0.14579517268075137, 0.06480377947738947, 0.00623889695066725, 0.0009989981796332762, 0.001721487365847481, -0.03580583280711989, 0.10136746639286971, -0.09616356738496291, -0.1780289751387697, -0.17301018548161415, 0.1608840393826245, 0.020101026234091844, 0.006337029909951574, 0.00463479296826694, -0.22538938933918887, 0.22219972476653202, 0.2455984140615964, -0.11093252936167457, 0.11233320985337761, -0.2632195276519809, -0.1601104323054364, 0.14740622605170337, 0.03847655649138192, 0.008531448811833067, -0.1353417408398979, -0.41011224929521617, -0.015033748365589992, 0.2736189164360417, 0.3785655757974224, 0.16037907439866847, -0.01294773197058269, -0.04753545742480422, 0.12591488292992847, -0.2317207577500626, -0.7624859398772819, 0.10964363528948201, 0.40620706027661985, 0.7060024026844883, 0.19903733513682284, -0.881707470569196, 0.1812202592939649, -0.007955883946217757, 0.9042822235049904, -0.20942335812346427, 0.043834003081581044, -0.0517160208961656, 0.1416193704144481, 0.05342525489090278, 0.07621050175548, -0.13488877880070196, -0.2471001664045432, -0.05983000654321797, -0.21057068885875888, -0.16288197213726674, 0.11209379363309722, 0.20905659217686232], "trans": [-28.728088053679542, 8.136385019903074, -0.5850676927475957]}