{"betas": [1.7511515842605234, 0.3670231778082652, 0.03978433168027672, 0.004913282851196045, 0.02958606384598556, 0.001461046037256542, 0.028411238985692, 0.012589726574853976, -0.014340388809218167, -0.004234100351574732], "pose": [-1.5774240155772565, -0.13174548678830228, 0.13174548678830228, -0.501748479685252, -0.022133669601945717, 0.12457977333482792, -0.3551502653524798, -0.038790331068375025, -0.08615025557606454, 0.2885733874179555, 0.018549455463205057, -0.01373465434198461, 0.5529451671220168, -0.004907118278896922, -0.13883514849508227, 0.6714649130640806, 0.09152737688454828, 0.06475361397195105, -0.04297265232875279, -0.015151311814559795, 0.014416982267817078, -0.04011835618240688, 0.10510486845440953, -0.1136311458450895, -0.16606606541782373, -0.16250489223073333, 0.23321919370161, 0.025671545017080816, -0.027833380986777546, 0.00756550336137314, -0.25842259840182663, 0.20664939081159542, 0.25534618766257894, -0.12983877025669235, 0.09771948452709198, -0.3660123928844773, -0.23223217024069603, 0.09183883504572961, 0.027910397172809544, -0.023186521973876908, 0.023372343280099205, -0.28258195751246024, -0.06044403774146018, 0.0264628529761426, 0.27556576904399066, 0.08370130828181625, -0.02825320267176808, -0.012808530897842691, 0.01098783278567631, -0.266376179505039, -0.6981789122298525, 0.1012011052382415, 0.21674866336894572, 0.698122370706992, 0.07485134369468188, -1.3683023066265445, 0.48059702967898776, -0.12197089724608914, 1.270411613761543, -0.48366098101376864, -0.14171364969796332, -0.09169017372807621, 0.16933732392775266, -0.0657961986705966, 0.10622792124624932, -0.11934165421444383, -0.12409021177813986, -0.050938560729314686, -0.20990453541182394, -0.10430877117630623, 0.10321391952028079, 0.20921455670721284], "trans": [-28.72211760935737, 4.611117831523822, -0.8221637901745279]}