{"betas": [1.726796659765029, 0.41891031545459445, -0.15139553369490252, -0.5462419580768579, -0.07855182412525559, 0.07595039952460043, 0.008045347212360082, 0.06009336300381875, 0.04481580265154796, 0.006120580758014304], "pose": [-0.2061109572879465, 2.1195759457513543, -2.1195759457513543, 0.06812320419433393, -0.015259536449309982, 0.030278798581066108, -0.8101619159875127, 0.010720219647530727, -0.0630134812865665, 0.3878602262255693, -0.08876886351478532, 0.009750444951437518, 0.04710368464003242, -0.15715162618370573, -0.09518846667286192, 0.7251927888123273, -0.07885691084902974, 0.11161958849814513, -0.03400597023636961, -0.050571782306560384, 0.04842724170350941, -0.15711295740895231, 0.12001464043273032, -0.03586874494324562, 0.07351231084102709, -0.20183691590325087, 0.2944494625483822, 0.024245298511281616, -0.078513204713379, 0.011354058469754338, -0.1490982097042168, 0.17404764113971521, 0.09448944342140651, -0.08814857692747437, 0.1350914564323161, -0.35818635415015565, -0.22809771131909118, 0.013086245187663256, -0.017927922076780525, 0.005702091686038296, -0.11442804022991335, -0.3240350519991173, -0.10842448030306054, 0.10902900168748154, 0.3241315401262984, 0.07642279976696396, -0.058435589421263284, 0.08043608630608017, 0.6368841300796103, -0.3197059022530836, -0.8674989410749396, 0.004006275418671637, 0.11176455377661608, 0.7534072607936759, -0.3966090890033385, -1.176188284155393, -0.22961652085638812, -0.3264604042339254, 1.2547167761027727, 0.7304297677060702, 0.09455417565821814, 0.00394684286520496, 0.1673965344446109, 0.07222482173652751, 0.057408105620102685, -0.16095742755489006, -0.19184528188436215, -0.07992716134691584, -0.19907758808831158, -0.08531264520208304, 0.15369049770604506, 0.20220512763700885], "trans": [-9.74897910315999, -2.4585200450257254, -0.8339100895135767]}