{"betas": [1.813289222669109, 0.20156947919784157, 0.0011390909961732187, -0.4871353642584728, -0.16755291678885467, 0.02420319783742449, 0.0691750353522659, -0.03790042278230592, 0.027389876576093666, 0.006434531786996541], "pose": [-0.29019297688707474, 2.072410491636393, -2.072410491636393, -0.6202525428283658, 0.05690751786838127, 0.13599322535992708, -0.031033563820639834, 0.0330546365470037, -0.03291028603685291, 0.3653865653898181, -0.15253606563976946, 0.06393271786385789, 0.17072117883391333, -0.07440580752175943, -0.07446990109080673, 0.4546654109780146, -0.07825768280744771, 0.1197970583976003, 0.08994108261301488, -0.056000190850312936, 0.08485784027444995, -0.16512755549697294, 0.20047017970648703, -0.1354084614269963, 0.03746762574761019, -0.258709879840337, 0.380191597128724, 0.06194167417065464, -0.10103956590210718, 0.033442082147515054, -0.1759740049337523, 0.16089224982348502, 0.26391255287097004, -0.029486312972464162, 0.20022095533856135, -0.5006101668322737, -0.055886441031313634, 0.02478572407079815, 0.0679031883707253, 0.08936398404914503, -0.03856831720561626, -0.2097287943405342, -0.10174513746199783, 0.04628244236080159, 0.16256191502479705, 0.050746562482173935, -0.026974994487132344, -0.05507661827461927, 0.18639289058401134, -0.3333363017611164, -0.9932925307548122, 0.32097582776388384, 0.0737149952965972, 0.8987273785242346, 0.48086495972850996, -1.5904450977481885, 0.42497100401497545, 0.18906605852953756, 2.003769178254402, -0.7258778898216615, 0.2598115275248871, -0.23162369064595995, 0.2017938802836577, 0.16241219960968983, 0.2421802964658567, -0.2577716890300679, -0.3553107209655931, -0.06686278321381932, -0.27513354426805703, -0.1903820786519804, 0.1375826210089711, 0.2730336379108509], "trans": [-11.663563358127018, -2.7906395848110446, -0.8404983087237082]}