{"betas": [0.12182979554792384, 0.0498104030700563, 0.01874907528210161, 0.028247290178977192, -0.01045515424154793, 0.003794310233826808, -0.007750463989420916, 0.008476040652062412, 0.013630708331879994, -0.014916307566096007], "pose": [-1.1456560593987837, -1.2969885914922719, 1.296988591492272, -0.3816425588677423, -0.02860916470427965, 0.10089313479274259, -0.44083568273289636, -0.015438594089551335, -0.09843036517699529, 0.331207557631411, -0.003874025240879489, -0.0008499998588726345, 0.7124546944684683, -0.034949956125349665, -0.14490914730725746, 0.8152035613602016, -0.022134689812406152, 0.0874519180473501, -0.006166844138642577, 0.00416111190264632, 0.014056785118092779, -0.0804477481772856, 0.06690289617744949, -0.027393729246506217, -0.15748605464190116, -0.17581135898681974, 0.1862150589036983, 0.028087740641881444, -0.03027436512516449, 0.0030027420803566177, -0.30357819372880673, 0.26181080463751877, 0.15319236173546041, -0.13385001087318774, 0.13011772922122664, -0.3367996966514861, -0.20061861303149986, 0.1198441798515985, 0.04111870409521354, 0.022969100691716926, -0.05714260807223539, -0.3931468274276223, -0.024736350929060787, 0.13130358157414063, 0.379399235261715, 0.14553022391003964, 0.0008006640527938449, -0.052626558039676474, 0.12127212764563558, -0.31080342644808345, -0.8794818820668256, 0.22921722512750237, 0.29252068440056467, 0.8730053863758296, 0.2959765104546327, -1.4677371022102477, 0.4463169659803162, 0.09287030863724513, 1.428764766084093, -0.4545674186903793, -0.04156372450825331, -0.0843311796980377, 0.20595107987429245, 0.03321733636933255, 0.1259103538247987, -0.1775296740490603, -0.15636722218559285, -0.07427622493238875, -0.22208652561774478, -0.11783390356140926, 0.13300262374946173, 0.2363749775616105], "trans": [-51.2491775665619, -12.022965518416994, -1.3161424530926102]}