{"betas": [0.33303066142902105, 0.22906885785386125, 0.1321746135337195, 0.03485680493593007, -0.034928744222964915, 0.03738652273642406, 0.06435992437738675, -0.06135207138309116, 0.004712805749211021, -0.03328562850670294], "pose": [-1.6592841706522767, -0.4667688654804928, 0.3917688654804927, -0.09683259308540862, 0.018435442032494045, 0.006601289119255921, -0.3914920102619548, 0.04061452105370435, -0.012145616352263404, 0.26137666401100484, -0.05038412313831023, -0.021302280240640105, 0.22037826717570835, 0.011798234205910973, -0.01058599152409588, 1.0757497139256051, 0.047682094032417986, -0.01058384980218812, 0.043674330306801956, -0.03437127121944595, 0.05491157646555952, -0.10676661709972, 0.08538041862600315, -0.020561610066067396, -0.147515595941383, -0.12414820571155856, 0.2144899645437173, 0.04273697189417081, -0.0794601052683751, 0.00433150339789695, -0.3138099939779486, 0.28640675532361487, 0.1946762582344602, -0.15607925299825917, 0.10650060147801238, -0.3184009572667584, -0.07425213576121405, 0.18812068247494748, 0.0722064579302185, 0.05074632412271119, -0.07597694146878846, -0.3800798888859911, -0.014299234085343547, 0.03130097986699196, 0.4002335075018714, 0.25188485399063154, 0.028877029259609357, -0.08245277364232183, 0.15033921185215235, -0.44959346941618866, -0.9412375060024551, 0.31112807238062157, 0.2615429990747849, 0.9935939447354178, 0.480939358586455, -1.7172951488474912, 0.4969267964428302, 0.13197413754431936, 1.6139067473975106, -0.5455177467031953, -0.021463998833778586, -0.06825622168082521, 0.13560155691660522, -0.05482107661124835, 0.10654683949406339, -0.0925265973372744, -0.18213556446171322, -0.06896616885927682, -0.2503567695758549, -0.15365840477834777, 0.13647414496671287, 0.26958844667308013], "trans": [-12.257417469494149, 5.464980730765515, -0.5918524871639874]}