{"betas": [0.12977417203956745, 0.49847687971378624, -0.19179541608583497, -0.1113183526768453, 0.0549914925669735, 0.1034291447522722, -0.013453424082682812, 0.010035343166627214, -0.014576049326274527, -0.02308049036666073], "pose": [-1.449484724001217, 0.7162254648708913, -0.7162254648708913, -0.476843539295628, -0.0718255943913393, 0.0189104649107548, 0.08189213873182448, -0.09866615540123934, -0.025182004574505687, 0.23422968574564182, 0.0947151912092643, -0.010682258580459637, 0.5855412596600647, 0.03160199513749976, -0.1572214318827652, 0.5960021751204239, 0.12454586622202946, 0.06466174399405965, -0.025575150099815164, -0.003842059499432008, 0.006314032613230048, 0.07273517811864245, 0.08851688347547611, -0.024085389366421302, -0.07705182035489001, -0.1842696445631019, 0.11854294969347995, 0.0756360362120726, -0.002979829074843549, -0.021402346523977853, -0.2904966449780996, 0.21756681683507037, 0.12792157873704724, -0.11647190662744945, 0.1810676718895042, -0.2172617369337741, -0.009725591390611929, 0.11269809482527508, 0.05378720321205479, 0.03693742759301455, 0.10808230849905058, -0.5018751657346832, -0.008403264479418578, 0.03279704666308494, 0.5181915188893303, 0.3503595154084225, 0.0022450083739253674, -0.0953733234231881, 0.0940020338140481, -0.1782764309591963, -0.9018617375348923, 0.18214400269659017, 0.29375121411878663, 0.8354112140098335, 0.1778498022082367, -0.47969951422772317, 0.12268442082663372, -0.08387966888536202, 0.4712164546961381, -0.1331965868530186, -0.041168332539761716, 0.013105676812115231, -0.0636721392203414, 0.004520709659713465, 0.008145662282379977, 0.013641280385277028, -0.2021599289854069, -0.07143042340233743, -0.19991067666345058, -0.10957685122578965, 0.11151864799513157, 0.23691798372778736], "trans": [-21.661410538410628, 8.507982351798983, -0.6027324596662303]}