{"betas": [1.0007394031128156, 0.13998077818863408, 0.20322321153559939, 0.06919845010960525, -0.06355964225067326, 0.0988583210768853, 0.031004152589175965, -0.07600298470585287, 0.01954775199647453, -0.05391534064665776], "pose": [-0.1952483215846291, 2.12542000167174, -2.12542000167174, -0.47606638605950663, -0.10075008462293478, 0.05533605455909159, 0.12461775675307316, -0.04711727320338946, 0.0072861178620008005, 0.20237948119831103, 0.05050700734448093, -0.015148168353428509, -0.024271550901962646, 0.04082026331745758, -0.10599171629476348, 0.3204680765430258, 0.17916723811244456, 0.006629217752609515, 0.036029028266050575, -0.03254659221723867, 0.031279258636591756, 0.037945823584918305, 0.1235630262932888, -0.12462357437800124, -0.10765885227505773, -0.12927184149111645, 0.1939845918939391, 0.05083360905631979, -0.026080115744589526, 0.002325830600728058, -0.2519633068638311, 0.1920296216582864, 0.2860843569337975, -0.1131296628397324, 0.07234396574877308, -0.27927557023493577, -0.07578481323040305, 0.03338799961678412, 0.06685681046560232, 0.07513647541208976, 0.05990303977070866, -0.4043691221373226, 0.00514219993862755, 0.027484238981491528, 0.3907713019231881, 0.2114072817220302, -0.09310531498155457, -0.017967308364063017, 0.23959972724297418, -0.23990537471618548, -0.9574947072643166, 0.2666059287287306, 0.2742903082851617, 0.8895300584015265, 0.4295566953276256, -1.30299882018067, 0.27176339745129197, 0.14785592986630397, 1.234010392409589, -0.2976556826655122, -0.09687424002274883, -0.10223691274401901, 0.09030464824354102, -0.04361783201687707, 0.11239778872568434, -0.08559763730457838, -0.20060005845449075, -0.051342246273334224, -0.2194580318527002, -0.1498673939095491, 0.11064335776207139, 0.21992358831002023], "trans": [-10.419486317102802, 2.0152383940291774, -0.6922121327396551]}