{"betas": [-0.04531959800123942, 0.25816046623113975, -0.10443940742347267, -0.07597029208210594, 0.013911735992459227, 0.013954990810594958, 0.00840059268463032, 0.018210526354907698, -0.01144635948893292, 0.002226290135924623], "pose": [-1.5680858167937786, -0.10821783704320867, 0.10821783704320867, -0.023799662934231747, 0.012934010002864118, 0.014830561567688777, -0.5687112583590893, -0.01888954706898212, -0.07039747628336424, 0.4005647859287221, -0.02147682125023591, 0.011510979527353771, 0.14216578534953656, -0.042396264547796284, -0.14633102044146143, 0.6123152887245087, 0.011076724109502122, 0.09516444456703714, -0.011324407357806602, -0.005392583489685301, 0.012763441880300458, -0.07168310247736334, 0.0946012738018177, -0.055687602615754665, -0.10122274686870537, -0.2046916774940671, 0.20943925873311459, 0.033654784631549264, -0.038269261377155785, 0.006012355711805807, -0.2609457929654882, 0.20643253964559252, 0.1511050781529363, -0.09496405755955892, 0.14651479910361356, -0.34667865807690623, -0.14087766968547968, 0.042309595962925016, 0.036249272423504314, 0.032984185125564225, -0.08052337499638425, -0.3971680321967308, -0.01836168415679813, 0.14337210226268765, 0.3756961035839847, -0.026340718167504162, -0.7857382085556832, -0.05506634074872019, 0.08049846718477884, -0.2575034066969015, -0.7814774859377727, 0.14306657026575942, 0.22815102136919238, 0.7427138210752995, 0.20923843854840304, -0.9797101500247131, 0.2486545179307363, -0.01760182083933833, 0.9651653283245939, -0.2854502488964544, 0.04874924664480659, -0.06262040784266369, 0.13658471822713414, 0.08331994791622589, 0.08200682524544603, -0.12320139962155854, -0.2076056256467561, -0.07432874019339145, -0.20710613586235851, -0.13124910322138272, 0.12739567298190024, 0.21786409018860792], "trans": [-28.487533590488045, 5.6214597669175355, -0.7191283349556583]}