{"betas": [0.5425939922495325, 0.47738774179747123, 0.15292601182064422, 0.1712734498191424, -0.026676199413162845, 0.029053080237652254, -0.052279591306768236, 0.04030904345707816, 0.08374319963315201, -0.11291980133855471], "pose": [-0.8503189881896294, -1.6710032081934572, 1.5210032081934577, 0.3287092066814243, -0.044061103917880706, 0.0812732522069909, -0.27413355363680936, -0.04994055919224607, 0.05909567377715431, 0.33828483505850393, 0.0028573387544866147, 0.002353714460969501, 0.09410121698047189, -0.0828016471309504, -0.08624663824543041, 0.3874800491255216, -0.01893261878104311, 0.05056351850234921, -0.048944224499304155, 0.016396590322598437, 0.005486432967808362, -0.05428293921382775, 0.05307009705536697, -0.034694714813685024, -0.15320044301699628, -0.1570752557068818, 0.21056898180213196, 0.035393175664994246, -0.018995828958627736, 0.008988799030026525, -0.3004746425962573, 0.25364561650864004, 0.18891309213904092, -0.1633768128521227, 0.12083852546622928, -0.3823103364153218, -0.40128141487587055, -0.02192247285458432, -0.03283550269255088, 0.026740102658250393, -0.053880930511236866, -0.4063464687757964, -0.007328051254627101, 0.15275038880336708, 0.38061524023427745, 0.34596797874763563, 0.2218071752263655, -0.06948478896648536, 0.12434043785802396, -0.25127240859521316, -0.9096531430192225, 0.1897878037743079, 0.3228516162195169, 0.8828632162009311, 0.2083524020715525, -1.1224198591679468, 0.332185826949627, 0.010322108526528878, 1.1594211949373798, -0.36783000148923173, -0.034407964530834355, -0.02808339942148985, 0.22652561500014498, 0.028224569016275233, 0.09065955173722108, -0.19686447037583643, -0.21232454384040683, -0.08631015860389071, -0.23992441683571517, -0.1639233823822913, 0.13568965091356336, 0.256537914996329], "trans": [-27.09161888991586, -13.348939952364232, -1.3238044824244746]}