{"betas": [-0.19266644468801378, 0.5771463667239267, -0.16308379457488245, -0.06462538974507079, 0.08054580167251779, 0.027975024271901693, 0.03561269911626106, 0.05188376016633901, -0.05289357868361275, 0.00684608270928935], "pose": [-1.5002102426707065, 0.5488666908893006, -0.5488666908893006, -0.16912571368342744, -0.004699297051851072, 0.03941364996202717, -0.16351293383059468, -0.06372601449972214, -0.02355514246659028, 0.26651696194681496, -0.039936765819907336, 0.04489381254233426, 0.1827762217632984, 0.05679733756087391, -0.1392777486723154, 1.095400169494815, -0.01588924723235766, 0.06470971789729535, -0.01926399782330498, 0.03192858872576636, 0.001688896532579096, -0.11315333685186495, 0.13010451174633286, -0.05801661324333341, -0.006663747996102133, -0.33626009701195064, 0.24339493191289785, 0.03736303557806083, -0.01699560599613099, -0.010653538565773977, -0.22651329496337924, 0.12186264849919878, 0.06390827637168586, -0.04151870811860178, 0.23662323510092112, -0.3847161462423417, -0.1452573976303015, 0.11649844903593663, 0.004082819058706685, -0.013251619798303678, -0.4023397236286053, -0.3444405531288187, -0.016419361561088516, 0.4266608346837728, 0.3447253818674455, -0.010250440328185971, 0.7380777291211048, -0.0030062648481749407, 0.08761953084129927, -0.5662477562805929, -0.7166686549824307, 0.18730977430828197, 0.375773837733506, 0.78440849729611, 0.3103921162300306, -1.4691928372351428, 0.40750825661221945, 0.190919582666894, 1.1869694906987107, -0.2959920693526901, 0.04093033606735649, -0.082134420166134, 0.015093924455610332, 0.16952655932237498, 0.03487733640199084, -0.04199311398060903, -0.1574026064105524, -0.05791624744540354, -0.1547244158696629, -0.045157044468082025, 0.10252110185329662, 0.1435912108657039], "trans": [-15.583069440713688, 14.076373035782682, -0.44569258600614353]}