{"betas": [-0.10716845975804463, 0.03555393559239171, -0.022909588301634677, -0.0022321960585287635, -0.011360188238027402, 0.007048778770267401, 0.0026244476494828445, 0.001119221678184007, 0.011361241992361597, -0.011308692156923365], "dual": [0.007613821003101595, 0.0006401175939144757, 0.004253414642306285, 0.004149247268170233, 0.0009983296861721253, 0.0005258073349562031, -1.5483265353343195e-05, -0.0010938102258625697, -0.00016334103785254316, -0.00035740039355688924], "pose": [-1.2513328308632723, 1.141099968109012, -1.141099968109012, -0.497863651298925, -0.038621147619461345, 0.15144992436003588, -0.5316584260735324, -0.0051592472814311185, -0.146164851927837, 0.3976237778031026, -0.0016712370118652931, -0.003520574456898696, 0.7692329738215833, -0.01847157190540165, -0.15061972761025294, 0.8880253036304879, -0.011523457213024729, 0.08372414093899243, -0.0006039301492750462, 0.0016499541089267198, 0.012511922094465274, -0.0963384743304557, 0.04244770579455253, -0.02285209449660553, -0.16824145405500504, -0.14259174384671539, 0.18405237827505463, 0.02318392667973991, -0.030692558152086154, 0.004665670257591658, -0.31321402641663154, 0.30769925136692655, 0.16758410850697567, -0.14802212343298327, 0.09178470591955684, -0.32077842969138054, -0.17820518680909014, 0.10680753610140885, 0.034832973830093636, 0.0039202136007679906, -0.1119444391452033, -0.36194401445148994, -0.03822159052159184, 0.1768044143999463, 0.3392582363510415, 0.15447882517265288, -0.021431192816107194, -0.04248440693725665, 0.06152209495096983, -0.4007174117237949, -0.8857288419886944, 0.18036847659636787, 0.35315970604660646, 0.8934325608575124, 0.212582603607287, -1.6420501199217887, 0.5936379502405361, 0.021485621591795255, 1.6158263733107336, -0.6104285764377129, -0.10638330180850664, -0.072635292360417, 0.26629015363895936, 0.010126673956255649, 0.1291689919018461, -0.23534864452893006, -0.11484471583367885, -0.07190071788157106, -0.22600998883106233, -0.12084391393986499, 0.14151850567795587, 0.24694905758911667], "trans": [-54.2165153406948, 6.707494999761032, -0.9573393362682809]}