{"betas": [0.19173745763710806, 0.20679507266967936, 0.025545764337162807, -0.024244743693028488, 0.0007202369641003663, 0.013236882350636182, 0.021343764601424748, 0.007373052342460504, -0.01918535564321634, -0.005662447391478864], "pose": [-1.5645408245504921, -0.16434852356046725, 0.16434852356046725, 0.19132094368975427, 0.08664087416928098, 0.07231813545726803, -0.733802726131848, 0.00966512780105393, -0.0041422227519165924, 0.29915537393596153, 0.030163169969322334, -0.009534386100968404, 0.3236658855013602, -0.1666139750706412, -0.11021781877994619, 0.5225820541701647, -0.022863229034607493, 0.1116510336698588, -0.09047946876346942, 0.010860425003594121, 0.013700410055977245, -0.07557297697522244, 0.14649130804739982, -0.13581262564265625, -0.20675482566059536, -0.19816583168688245, 0.2417821185040263, 0.014834995882139266, -0.006224191508723709, 0.007400835260673163, -0.2043910625958577, 0.1465578218161785, 0.296754767012816, -0.13894265807719974, 0.1306281319637453, -0.3844087294123685, -0.3237903927640835, 0.1733239815486596, 0.042856824511294106, -0.03730851908458005, 0.09216985009361413, -0.3308275433079116, -0.07403239269643282, 0.02385046901346439, 0.33313846251580115, 0.04713494411373848, 0.021143461002013673, -0.051440037467634134, 0.8924103452026333, -0.8677355794074985, -0.8400875107368144, 1.0667659258307103, 0.5330812224065294, 0.8086599191511734, -0.07122742098104903, -1.2473120381067742, 0.4111469542500608, -0.29319877950892, 1.2751568908206612, -0.3609942782813395, -0.03745504074125797, -0.02299381813647906, 0.07074397398454461, -0.07535454763564356, 0.04222627408008947, -0.0361982233422352, -0.24615694300384316, -0.056836155099045806, -0.22933043253244154, -0.13035294322608054, 0.08307207878342901, 0.20628784591403684], "trans": [-29.48570023338382, 5.5674990828466715, -0.6615151693323773]}