{"betas": [1.7511515842605234, 0.3670231778082652, 0.03978433168027672, 0.004913282851196045, 0.02958606384598556, 0.001461046037256542, 0.028411238985692, 0.012589726574853976, -0.014340388809218167, -0.004234100351574732], "pose": [-1.4532333741045196, 0.7381922105303034, -0.7631922105303034, -0.36018078296526274, 0.009564170036294518, 0.0806902442335527, 0.1695406044221097, -0.03857222720031891, -0.13502907260653546, 0.2005575448679225, 0.0044005188594316135, -0.02081237669284545, 0.13427038989682197, -0.05250294250368547, -0.13121234854144034, 0.6339491210664889, -0.050129866685606136, 0.09544521228243175, 0.028198249703522235, -0.018025667655902012, 0.030893437128684836, -0.013771064878380682, 0.06564919691089204, -0.022700056138776115, -0.19354317471949334, -0.1120947635379447, 0.12270170527693981, 0.027433402309803342, -0.09740048372917179, -0.024650385924386432, -0.28213032268045674, 0.2997486771723107, 0.17773679521227326, -0.15077401278751054, 0.0947710992887679, -0.21443396035325948, -0.16969907003583898, -0.05795234793584302, 0.05990928661383827, 0.011276752977821993, -0.14779176439235103, -0.37584777030653593, -0.03482716046007931, 0.14626004110441165, 0.39551739352872, 0.28658290784133467, -0.4509643404355678, -0.05387060010333354, 0.2545948970599283, -0.4849227636456417, -0.6828599251993228, 0.33896006353092095, 0.1354610118975532, 0.8413431802940988, 0.2724033218971095, -1.5557364432311842, 0.49902946595021186, 0.16547301956621618, 0.6180699495024498, -0.10796030162487497, -0.08087646763935939, -0.08868543505869468, 0.2377930248218193, -0.06278539630439932, 0.1545947988022561, -0.18702363651943593, -0.11781350734062043, -0.059807841161988194, -0.2199655976119655, -0.10495155931407957, 0.13791305367191245, 0.23765230352189115], "trans": [-22.285516206445696, 14.99327357538472, -0.6613801037616444]}