{"betas": [0.12977417203956745, 0.49847687971378624, -0.19179541608583497, -0.1113183526768453, 0.0549914925669735, 0.1034291447522722, -0.013453424082682812, 0.010035343166627214, -0.014576049326274527, -0.02308049036666073], "pose": [-1.490511834080089, 0.5848442109823153, -0.5848442109823153, -0.029241283773673358, 0.007551134861471648, 0.006545747953527434, -0.3995048882558005, -0.016466613742704056, -0.07901927439368084, 0.24810081680388893, -0.047008365695785634, -0.002160150661868647, 0.2983394113755097, -0.21936865607974712, -0.08795449418562812, 0.970823191664402, -0.02938396953747632, 0.14853670978914177, -0.01114026380378773, 0.0177217186770648, 0.03579752242146764, -0.012992810006846508, 0.10996731760709964, 0.029687443479632033, -0.02070844982473787, -0.20025642628103413, 0.1551532762111122, 0.06166042996483452, -0.05128271485815654, -0.02067794324468806, -0.25482353548580955, 0.19285837134364944, 0.06894884333490091, -0.08804726539842891, 0.2028507914888006, -0.21259352893696126, 0.03933154496063626, -0.022069966489933184, 0.11266788329056752, 0.05816944940074451, 0.0786182403260565, -0.4879693180936832, -0.02342864325638391, 0.01828463082336643, 0.542131557477044, 0.38059086213864446, -0.16705715171792326, -0.0708241315442352, 0.053010478873358045, -0.2461810856478558, -0.8533714758810195, 0.19666643905467163, 0.22420804910081601, 0.8573062262111205, 0.10816057112266937, -0.4907228507650409, 0.1282930484598645, -0.12288832815973318, 0.44534333552345273, -0.15110246323083765, -0.004049338191027119, 0.03463808967943675, -0.0814195922391237, 0.04447681968836067, -0.010568146214046264, 0.05739317317629559, -0.220514658943959, -0.07236922072304491, -0.18505055748378726, -0.0959044533129743, 0.11896454958151975, 0.21198512116865867], "trans": [-15.364345450246137, 13.338557235801368, -0.5245584909477153]}