{"betas": [1.0007394031128156, 0.13998077818863408, 0.20322321153559939, 0.06919845010960525, -0.06355964225067326, 0.0988583210768853, 0.031004152589175965, -0.07600298470585287, 0.01954775199647453, -0.05391534064665776], "pose": [-0.006512137996070248, -2.218501323621114, 2.218501323621114, -0.39891026462930146, -0.08145675492353861, 0.05242154133682568, -0.20548747008782076, -0.03729312135403402, -0.02500005957378009, 0.24482136865940332, 0.04662779775447616, -0.005847313571397638, 0.7972082447898852, -0.017466833520126644, -0.14339290630069287, 0.24228323633931229, 0.015394105085356187, 0.05730980248431759, 0.017067174592368034, 0.0031412350612931668, 0.008559974621635514, 0.04466791070820066, 0.06447632386566352, -0.05768119045579745, -0.12519562243804402, -0.17021537307728873, 0.14638676222982405, 0.066090930030564, -0.006218873268675304, 0.006711980131569449, -0.32937826521474384, 0.24306274092483357, 0.14929535117078774, -0.10815848013598492, 0.1547936882364409, -0.2922028028425517, -0.04522397760704507, 0.0014782877913493211, 0.033556647021005435, 0.03605225220060479, -0.06015729041487286, -0.36666262039917724, 0.029331119987671104, 0.14763338136986262, 0.3791490581025012, 0.29478396881139457, 0.08047084287719428, -0.1545547403598839, 0.24045860801367996, -0.3201444248158058, -0.8773443585822289, 0.2865250708401714, 0.3116940274020032, 0.8387116573495581, 0.5112343260530143, -1.4141774856268152, 0.2351620745857284, 0.30640907530529754, 1.2587025345265934, -0.19667284233725607, -0.10023498404641376, -0.10742108824401482, 0.16316533003226583, -0.009313139984638567, 0.1128069359457043, -0.09364442196667559, -0.1104282836667658, -0.058567485431725824, -0.1650315852479661, -0.09758258603257734, 0.11607160264145763, 0.18557391165611414], "trans": [-10.033140584604547, -0.9437227953484143, -0.7918977148103825]}