{"betas": [-0.10716845975804463, 0.03555393559239171, -0.022909588301634677, -0.0022321960585287635, -0.011360188238027402, 0.007048778770267401, 0.0026244476494828445, 0.001119221678184007, 0.011361241992361597, -0.011308692156923365], "dual": [0.0031348038946079904, 0.009473634722121156, 0.004298916153395421, 0.0070787357484510555, 0.0033651688082462546, -0.0004578279138019335, -0.0006303609454463479, -0.00023522184047843043, -0.0012585579110986293, 0.00018921287973410958], "pose": [-1.2533886830463046, 1.1376424232925852, -1.1376424232925855, -0.48454621563683975, -0.03151567354798527, 0.1718364233084826, -0.5538479722742015, 0.0009572334160213591, -0.16359094367602814, 0.4033371676590085, -0.008849168805518835, -0.0025125508339617388, 0.7971499715656796, -0.03608708339549205, -0.14844326802392155, 0.8925152708378375, -0.007679562517284337, 0.08453508194454042, 0.0024109876926459357, -0.0014244680505815265, 0.018406372975024662, -0.11533932029861856, 0.03813371226299053, -0.024289029270815162, -0.16691729993649532, -0.13207533164142443, 0.18358040090415725, 0.020283720373016872, -0.036004698514125785, 0.005492454092711041, -0.3135867735480962, 0.31156240273245983, 0.16861762871172747, -0.14726775933079994, 0.07282065077912925, -0.31391931717767807, -0.173261349619748, 0.05891089819893384, 0.04514266461789831, 0.009368405606669215, -0.10849160752427275, -0.36412144501778104, -0.044497864213609635, 0.1727500334824878, 0.34035800872972805, 0.15397896790452262, -0.06784088736908218, -0.029285179256579533, 0.04865195894228948, -0.4067162709591075, -0.8965043143286832, 0.169943206766151, 0.3499453735132797, 0.9018944726257762, 0.19550242306931412, -1.6499377250852705, 0.6186643522849957, 0.0011897263418094912, 1.6532710513018283, -0.653400513265703, -0.11844594225153161, -0.06670831843102214, 0.26678623639703153, 0.006834222492240317, 0.12615580715953242, -0.24405463422408524, -0.10862588566984409, -0.07111379733417873, -0.22960816638847895, -0.11986113107763693, 0.1454534628861933, 0.24974503472176182], "trans": [-55.26173111826451, 6.533063591529647, -0.8890223936660676]}