{"betas": [-0.10716845975804463, 0.03555393559239171, -0.022909588301634677, -0.0022321960585287635, -0.011360188238027402, 0.007048778770267401, 0.0026244476494828445, 0.001119221678184007, 0.011361241992361597, -0.011308692156923365], "pose": [-1.2721326653983898, 1.105485698479743, -1.105485698479743, -0.5431802258096166, -0.03641905505621737, 0.15121805453933027, -0.5347649011424682, -0.0077459615585473, -0.13942677348894386, 0.416777090734995, 0.006087284086535896, -0.004813140229184919, 0.7968908607509152, -0.009051278081786764, -0.16003446334212135, 0.9290229445590414, -0.0025868237405265787, 0.09109680232263209, -0.012819516862723609, 0.005052197822887716, 0.01344792425299225, -0.09890771705024919, 0.05625814491767205, -0.02580547095694493, -0.18006924602409505, -0.15279892775569223, 0.17569897232088164, 0.02781072976181361, -0.027462047861064362, 0.0027106703978630737, -0.30510714128842886, 0.28857686500906665, 0.1804673863922661, -0.15458273764510552, 0.08642026867759679, -0.31875450480013107, -0.18703048402752218, 0.08848559919112392, 0.04137766226322558, 0.0207137738802125, -0.05851337880875209, -0.38931999378601, -0.03776499075419249, 0.14681750244324063, 0.35703935500107875, 0.1412585217950393, -0.03812093099390268, -0.042386883897319726, 0.07574692919400682, -0.298578000175861, -0.889841742180759, 0.17067982794044442, 0.33441803633800604, 0.8764733925534616, 0.20099847498082427, -1.4285925306004323, 0.50154121287866, 0.004093532303008077, 1.5269044247382326, -0.5717996904337407, -0.0660409621995872, -0.05228625334775851, 0.24016706811749552, 0.01904862208281769, 0.12226446112823823, -0.23009900729947214, -0.1702866511111687, -0.07614368838395329, -0.23935576821931717, -0.133909458490878, 0.14086706396080573, 0.2547030705476576], "trans": [-58.055006527248786, 6.079857958995839, -0.9207679693919172]}