{"betas": [0.33303066142902105, 0.22906885785386125, 0.1321746135337195, 0.03485680493593007, -0.034928744222964915, 0.03738652273642406, 0.06435992437738675, -0.06135207138309116, 0.004712805749211021, -0.03328562850670294], "pose": [-1.6154434658870351, -0.15204179855556596, 0.15204179855556596, -0.4624364751800131, -0.018711382604129335, 0.04670371639970091, 0.01265953424915818, -0.010866382655764284, -0.03999286813443622, 0.25160473370943115, -0.007494638569923374, 0.003361371080592247, 0.954948685136606, -0.03721736292777491, -0.13764914869986206, 0.06152710198791971, 0.20248990353184596, 0.03553165734296922, 0.01702214706452971, -0.03557331758442106, 0.023696518585280865, -0.059246434180946494, 0.08559061089578666, -0.03786133879657384, -0.13046949033214914, -0.15679025179612943, 0.18336709763528652, 0.056514182384409424, -0.04820283029644687, -0.0005344929295842216, -0.3108792882174614, 0.22975120671737637, 0.12600092660971912, -0.07432246256171134, 0.09945523050028678, -0.31413371956934627, -0.14261556858583052, -0.008062901684768982, 0.09531934718114797, 0.004522904672623167, -0.06209537449408001, -0.24888313091435071, -0.056179895590434, 0.08830250315949471, 0.2196786896817583, 0.3180944898213439, 0.18289595068339115, 0.019333351556619516, 0.015389828342671871, -0.73325898592737, -0.8497630372159012, 0.2979517252922716, 0.3610868919323772, 0.8802567954842748, 1.0691791024161936, -1.7626686591735736, 0.5470218351370267, 0.5267490235599157, 1.610557576752039, -0.29918952662428167, -0.24567667664999066, -0.11382799127218464, 0.08118237612577711, -0.021891089858162682, 0.06663903745462599, -0.0628967674962681, -0.013075590605949846, -0.03017328032292733, -0.15526770139339635, -0.06447542335295056, 0.10863741424996573, 0.16747251378048103], "trans": [-11.091369442738857, 0.4491048399029279, -0.7315833508397913]}