{"betas": [1.8964894903024812, 0.31493576625010133, -0.1035326407414528, -0.4364464500446508, -0.04973432451903863, 0.09833628269918979, 0.014303769774192097, -0.026993742994641887, 0.07112343154180402, -0.03308173982274214], "pose": [-0.25267609161019366, 2.093884493168537, -2.093884493168537, 0.14101669176716602, 0.006899720949019938, 0.06641193567689661, -0.4989562088851756, 0.030079819047973418, -0.0004477502111039209, 0.30898143645069076, -0.10070305471952753, 0.020243069154400817, 0.4858509265365647, -0.14182943421153105, -0.30495674501851006, 0.2921950199359018, -0.07929862860582848, 0.09802851419902808, 0.04312545824529608, -0.05266600597448829, 0.047466493669144884, -0.10986375872176007, 0.10399511680739025, -0.022391203179921923, 0.004542473524296911, -0.21966094423283591, 0.24098836640746094, 0.03371718540468325, -0.0793324847076504, 0.012604174017407037, -0.24005074697608533, 0.19045943211901853, 0.05452225181795823, -0.03517951409418994, 0.23111735534911976, -0.3678570628041332, -0.05189251352908119, -0.061031658941303815, 0.08300629630596129, 0.038544402200542685, -0.28280553239525114, -0.3361755709869869, -0.054685939479292754, 0.25825303651491244, 0.3359360414060644, 0.23793362750582447, -0.18466588453195096, 0.025338979063709872, 0.12301500987172306, -0.4218700072979357, -0.7429119839607586, 0.25988584631189643, 0.2761740479163184, 0.7625090674784386, 0.39721322729727243, -1.0933188985981162, 0.128922554358199, 0.2878650147395362, 1.2210528545028305, -0.20878600980867557, 0.17523476179049788, -0.14440963385312927, 0.15384240076254335, 0.1586028340613714, 0.140807648555536, -0.1269265245421487, -0.18802582837697535, -0.07191790694713225, -0.18478807737582506, -0.10109457942621215, 0.14701387348794254, 0.19506018565250377], "trans": [-11.792990173344416, 6.025892344158662, -0.5956412401907969]}