{"betas": [0.12182979554792384, 0.0498104030700563, 0.01874907528210161, 0.028247290178977192, -0.01045515424154793, 0.003794310233826808, -0.007750463989420916, 0.008476040652062412, 0.013630708331879994, -0.014916307566096007], "pose": [-1.1864877318376372, -1.2439137078979894, 1.2439137078979896, -0.33549151876141803, -0.022171036154927434, 0.062433703743698575, -0.3837350864978008, -0.0329608214410138, -0.06893469734388982, 0.3414650490689005, 0.004890829473754227, 0.0013297759421512277, 0.705691792288273, -0.04363192858156932, -0.14813764777753227, 0.7960104753159142, -0.0409581509211382, 0.09475294025382658, 0.004498964717685747, 0.007728811566568547, 0.005968967147487867, -0.06139581800752341, 0.08435519161617477, -0.020978894379398177, -0.13610965817170512, -0.22115072716477596, 0.17658383541074274, 0.04629303480483642, -0.023513225133197552, -0.002760939004462089, -0.3004325266067944, 0.2506138092290671, 0.13280405328179914, -0.1313859923219783, 0.16807176611889835, -0.33033187544423315, -0.12768945953111266, 0.11693592929846273, 0.04457052028699954, 0.032361525059251994, -0.03914901958176738, -0.39503877339999893, -0.021010091279579462, 0.12954104860847798, 0.3724318270925153, 0.186881987405337, 0.011286791968220168, -0.05458555073383142, 0.12337747166572391, -0.2336843412650267, -0.8260869257616824, 0.2373678702140345, 0.268419284442254, 0.8226373384042556, 0.3045965346357694, -1.287797970395659, 0.3321292866089069, 0.14501431628315808, 1.3575897416855736, -0.361837930857881, 0.038321025911506726, -0.0881442838773555, 0.20021829700981136, 0.08467500100940913, 0.1340099777659119, -0.18314992206855904, -0.1964893562251101, -0.07648462807206104, -0.21361076677050272, -0.11707392124068884, 0.13191235354843797, 0.22985282896631554], "trans": [-40.05451481453933, -8.744978398402454, -1.175546324202169]}