{"betas": [-0.19266644468801378, 0.5771463667239267, -0.16308379457488245, -0.06462538974507079, 0.08054580167251779, 0.027975024271901693, 0.03561269911626106, 0.05188376016633901, -0.05289357868361275, 0.00684608270928935], "pose": [-1.5271225937592163, 0.43279030277433844, -0.43279030277433844, 0.18791093914876056, 0.009026588461701596, 0.023719959038739705, -0.6487718090432142, -0.017223312247762742, -0.02204394122475213, 0.4667698512777435, -0.0004961924919911326, 0.01555740470946232, 0.004577979998305594, 0.035112679053880706, -0.10570272794004337, 0.5508926502405915, -0.06119251254731507, 0.08587332251373916, 0.06599417010491801, -0.04490364220713889, 0.0013524985374115945, -0.09575841621828562, 0.054396147141005345, -0.0524760626690002, -0.13078888081407267, -0.1538692685697018, 0.19239085474134365, -0.007312715247942654, -0.01763597873245521, 0.016869020065174475, -0.22127073591900634, 0.3099107602206319, 0.16457638283900333, -0.0549829406309613, 0.15028564687292204, -0.2916544456312584, -0.12985706443465275, 0.09432862836009079, 0.016369722053385896, -0.05149527459409209, -0.5469664388207314, -0.2566821104794319, -0.06438756644411996, 0.5801750139911739, 0.19222862378505934, 0.1525502062660856, -0.07947911704503306, -0.006557477492849604, 0.09821965798159177, -0.6031466663589022, -0.6683297583412741, 0.11339737994230402, 0.5764079737010603, 0.6497235356304223, 0.38478328354757413, -1.6799335988880848, 0.4183802899550497, 0.2816587689401249, 1.684658530202571, -0.41631870655652714, 0.11850912749759174, -0.19156764667801432, 0.33026888566726464, 0.19152793249641306, 0.20216893147373047, -0.29546737653832417, -0.13091507534526178, -0.04969174036461267, -0.18037877141378264, -0.13857115330719466, 0.14507240252563247, 0.1934978464491346], "trans": [-16.9519261479913, 11.644454549816048, -0.4543042541099429]}