{"betas": [0.19173745763710806, 0.20679507266967936, 0.025545764337162807, -0.024244743693028488, 0.0007202369641003663, 0.013236882350636182, 0.021343764601424748, 0.007373052342460504, -0.01918535564321634, -0.005662447391478864], "pose": [-1.565393113596628, -0.15275453126875185, 0.15275453126875185, -0.6370571561981057, 0.0070686554212820146, -0.0037081177962166242, 0.11570504281545016, -0.04285469826962466, 0.09266741382312255, 0.2425599613077048, -0.013969495427472344, 0.0058847372787597186, 0.2081326783451169, -0.06676501934924847, 0.10050528023735028, 0.2209521043811819, 0.24181253640650993, 0.02460591534224446, -0.019766311612151803, 0.0046229673918811495, 0.023948091669252942, 0.014931392572010774, 0.0915669003271947, -0.024700497403061322, -0.052320550300723294, -0.2051406412937425, 0.16220602670788958, 0.06869638680001017, -0.04175731715622377, -0.014781712006767695, -0.2806015106233512, 0.19331294824122192, 0.08529990571937869, -0.04946556516658111, 0.20850750257952655, -0.2786566174904735, -0.00016933621019259704, 0.014016649474165751, 0.08380394100324773, 0.050505530415643325, 0.08355449539878687, -0.48369826449152653, -0.023489130561514283, 0.016565000018499493, 0.5291848167709721, 0.36806780879467643, -0.11952061916118088, -0.062460309449304016, 0.8924103452026333, -0.8677355794074985, -0.8400875107368144, 1.0667659258307103, 0.5330812224065294, 0.8086599191511734, -0.07122742098104903, -1.2473120381067742, 0.4111469542500608, -0.29319877950892, 1.2751568908206612, -0.3609942782813395, -0.012523934802680067, 0.00901973117308459, -0.05372044986189196, 0.03318835396625719, 0.0008816813531628337, 0.023204029701332205, -0.1836199849006171, -0.07597563530349756, -0.18791546540100817, -0.09498628614568273, 0.1206618281743039, 0.22405756409341213], "trans": [-28.981826421303634, 0.7373776527249947, -0.8552376756826631]}