{"betas": [1.813289222669109, 0.20156947919784157, 0.0011390909961732187, -0.4871353642584728, -0.16755291678885467, 0.02420319783742449, 0.0691750353522659, -0.03790042278230592, 0.027389876576093666, 0.006434531786996541], "pose": [-0.28834934901476167, 2.0734822871009677, -2.0734822871009677, -0.21032820793624857, -0.04209367909034618, 0.022547278832844932, -0.7468576315326503, -0.07726911302515461, -0.039653128939082065, 0.3679650136725739, -0.07284262158882235, 0.006738229756203086, 0.4709105608864455, -0.12188638948718893, -0.1262000652815135, 1.1691471057482246, -0.01711597843303252, 0.10145938479361048, -0.05594779130194601, -0.027888758525245427, 0.03848260856386538, -0.06560575658269084, 0.05319868962899044, 0.12730527137735148, 0.05087504934154096, -0.19973956298216092, 0.23327677917589276, 0.11954619554903165, -0.08884200636371338, -0.01417844532074665, -0.3336188691436566, 0.31838399386400923, -0.011190839636066596, -0.20242886920991637, 0.17756750022549783, -0.3276125424629294, -0.055886441031313634, 0.02478572407079815, 0.0679031883707253, -0.043564677435287934, -0.011460102162750846, -0.30198075763739374, -0.10388568729529916, -0.0474144100727361, 0.23832718502430356, 0.050746562482173935, -0.026974994487132344, -0.05507661827461927, 0.10490173085473681, -0.1910774105506757, -0.75252195171792, 0.699467887503617, 0.10434727263539374, 1.0547946997086515, 0.3949355355339219, -1.659558482121546, 0.4204738274076218, 0.14715507717040968, 1.8757586057137225, -0.5700118588148918, -0.35260465715544315, 0.05396901131611292, 0.3343343458201903, -0.0031247580768396306, 0.07413967835956202, -0.23590993957432005, 0.08791362927886417, -0.07345151291100362, -0.13270772822536414, 0.0481383714957959, 0.14848593913892738, 0.13949533109379983], "trans": [-11.07830406995601, -4.32441199302368, -0.8072678407870606]}