{"betas": [-0.459125293958982, 0.2836700625543276, -0.2828307762064238, 0.06170009900103966, 0.04114696315793381, 0.017447099752977802, -0.018216663065381097, 0.013285817624318214, 0.01584973647464493, -0.019639755817989615], "pose": [-1.6957943573360101, 0.002917780884820408, -0.0029177808848204084, 0.28675149079258394, 0.010060569491709609, 0.03377399669155022, -0.37492610170437196, 0.027539378488463922, 0.030641791280778916, 0.16691816844998117, 0.09423285188727051, -0.05080777569914784, 0.3353096287548724, -0.15197310833246527, -0.0611032313608572, 0.23936660105754465, -0.029946917546116253, -0.0025453580423754757, 0.06265246084631339, -0.06203020383572224, 0.03412168832701878, -0.10800721486670657, 0.0976212412152593, -0.0964294574731568, 0.06853473488575117, -0.24605052817743484, 0.2904379267303457, 0.013286999484546454, -0.063089848056383, -0.0005852561340881257, -0.18807650100769152, 0.18518757179360498, 0.14118551118962588, -0.02190169285127127, 0.2210429189791316, -0.396951813285324, 0.010365278840713602, 0.03113064436781146, 0.04001477454520154, 0.03937847303398979, -0.2545647057891402, -0.3298354737780667, -0.09834399512071362, 0.2689180498333357, 0.28993705480771614, 0.17472809291860864, 0.016248355227732478, -0.02356114586825407, 0.09402595969127883, -0.33129631872393295, -0.6507673233885154, 0.6554469788480488, -0.04084134631119474, 0.9159796992271738, 0.29340719542786386, -1.078482402230455, 0.08724781673542581, -0.1576545292321522, 2.1137965136837855, -0.07953493644854796, 0.20314688183792887, -0.21240993988853057, 0.15278619179602923, 0.1776859795974636, 0.24027626312683031, -0.17271685369695158, -0.20660744462760877, -0.06857160141624823, -0.20983948753021534, -0.0876849801086832, 0.158403223050893, 0.1964703332401893], "trans": [-9.928400157714938, -3.4725190907635746, -0.6552260281379171]}