{"betas": [1.7511515842605234, 0.3670231778082652, 0.03978433168027672, 0.004913282851196045, 0.02958606384598556, 0.001461046037256542, 0.028411238985692, 0.012589726574853976, -0.014340388809218167, -0.004234100351574732], "pose": [-1.3878285226617575, 0.8746315319253525, -0.8746315319253525, -0.5363161834433731, -0.06980848724542509, 0.05197865065430054, 0.19155685677936493, -0.04717556076046102, -0.024060293410662573, 0.2005575448679225, 0.0044005188594316135, -0.02081237669284545, 0.36088574263392736, 0.1270647861357824, -0.15613174350449652, 0.4350657218597923, 0.06257823750319258, 0.04981042048388003, 0.028198249703522235, -0.018025667655902012, 0.030893437128684836, 0.025889836493923745, 0.08970492896406133, -0.013307219070345376, -0.15652497145887972, -0.12896889671948356, 0.1328190759725126, 0.027433402309803342, -0.09740048372917179, -0.024650385924386432, -0.2516670940811536, 0.24705179660793944, 0.13563592866456922, -0.11007645013179165, 0.14121949217242716, -0.22038955174593544, -0.16969907003583898, -0.232952347935843, 0.05990928661383827, -0.0061428840137336075, -0.15503348976547077, -0.387368539896271, -0.010446834868200765, 0.16764610324878768, 0.4553680830923963, 0.28658290784133467, -0.4509643404355678, -0.05387060010333354, 0.2545948970599283, -0.4849227636456417, -0.6828599251993228, 0.33896006353092095, 0.1354610118975532, 0.8413431802940988, 0.22778396028423797, -1.365391808826375, 0.4537612181923659, 0.16547301956621618, 0.6180699495024498, -0.10796030162487497, -0.054191678461455305, -0.07164101436332224, 0.2006907390381476, -0.043577858882274376, 0.08453937512174768, -0.12528958828015116, -0.11576391173952211, -0.06106855339264097, -0.1983226786348877, -0.10596407746396465, 0.11981384636605544, 0.21523387690595852], "trans": [-23.744733782544234, 14.026641379398733, -0.6455517425722247]}