{"betas": [0.12977417203956745, 0.49847687971378624, -0.19179541608583497, -0.1113183526768453, 0.0549914925669735, 0.1034291447522722, -0.013453424082682812, 0.010035343166627214, -0.014576049326274527, -0.02308049036666073], "pose": [-1.4282604400565742, 0.7748470780510522, -0.7748470780510522, 0.07746412872262555, 0.00038828785486980257, -0.009346992223497646, -0.42228740021149325, -0.018655922892363414, -0.07318682234446772, 0.22210181781650254, -0.05190529049783452, 0.03020426122420147, 0.43111535702962056, -0.27685058641453886, -0.08011394071307595, 0.5006889180781913, -0.08443646959754428, 0.11018054931033852, -0.008181175694976244, 0.039691446101038974, 0.007272826190878767, -0.02625374197523008, 0.07016995408332961, -0.006182426605426019, 0.020652638112595777, -0.2414536885151054, 0.22282775636701116, 0.06581455705992169, -0.035870766869772794, -0.010560156968097327, -0.268864732474362, 0.18443334481411466, 0.03372726475691259, -0.04990733164229373, 0.2496001746364234, -0.3465517048374513, 0.005104158671093291, 0.18608158569622768, 0.043904028987776934, 0.04204935138945804, 0.07367066649016339, -0.48191664676457846, 0.006509832261302824, 0.012752747801836006, 0.5353482219305107, 0.35813408287829857, 0.06896548800530763, -0.11519839851153031, 0.05037078767281758, -0.2622250676801965, -0.8745613299972712, 0.18753772377834219, 0.22558303666408291, 0.8382295423452826, 0.1386608013926542, -0.5399336832937139, 0.13691979742214305, -0.14154598458662201, 0.42938154050963484, -0.133107256975865, 0.0009027393065376239, -0.0026323644827850696, -0.05306310876358075, 0.042363466732801905, 0.0009158450708373257, 0.029713239533451383, -0.1741532690709861, -0.09693888204824522, -0.19256755573120266, -0.10505732193191183, 0.12903370631304353, 0.2500710615736141], "trans": [-18.74482164799169, 10.661123279354051, -0.5953552479622598]}