{"betas": [0.12182979554792384, 0.0498104030700563, 0.01874907528210161, 0.028247290178977192, -0.01045515424154793, 0.003794310233826808, -0.007750463989420916, 0.008476040652062412, 0.013630708331879994, -0.014916307566096007], "pose": [-1.1456560593987837, -1.2969885914922719, 1.296988591492272, -0.381642580969876, -0.028609082312841042, 0.10089315588724673, -0.4408360208341916, -0.015438488052570986, -0.09843037358833989, 0.3312079003346979, -0.0038741845273709877, -0.0008500241381229328, 0.7124547413672169, -0.03494984223912808, -0.1449091368377668, 0.8152036061960459, -0.022134740809110307, 0.08745191945433817, -0.006166706775981883, 0.0041609197347550675, 0.014056804804930488, -0.08044776639807345, 0.06690283344578414, -0.02739368256580695, -0.1574859665545952, -0.17581127980083341, 0.18621505702372265, 0.028087752269519994, -0.030274535215617362, 0.003002745595138712, -0.30357818571068546, 0.2618108912865335, 0.15319226304609415, -0.13384993512637242, 0.13011772492535512, -0.33679966457033467, -0.2006185057801742, 0.11984405917982063, 0.04111867197228694, 0.022969182828886683, -0.057143200356471996, -0.39314694595609223, -0.024736323288666717, 0.1313038430238627, 0.3793992803926842, 0.145530302315104, 0.0008005547357899527, -0.05262646574492094, 0.12127214468060928, -0.31080394940306566, -0.8794821219312243, 0.2292172839690512, 0.29252070186132356, 0.873005574918104, 0.29597669691197526, -1.4677371778558417, 0.44631692986553295, 0.09287035419060335, 1.4287648138807703, -0.45456750351284575, -0.04156369894183983, -0.08433118631689514, 0.2059511054901291, 0.03321741446340812, 0.1259103553014915, -0.17752972403051304, -0.15636716695123815, -0.07427624023390166, -0.22208650433039298, -0.11783394615818932, 0.13300268065334106, 0.23637499998401512], "trans": [-56.4249161823141, -13.017047374260148, -1.334414045390554]}