{"betas": [-0.459125293958982, 0.2836700625543276, -0.2828307762064238, 0.06170009900103966, 0.04114696315793381, 0.017447099752977802, -0.018216663065381097, 0.013285817624318214, 0.01584973647464493, -0.019639755817989615], "pose": [-1.6445913133049868, -0.15283474522128676, 0.20283474522128675, -0.3707072078637775, -0.038415945115384854, -0.0027055373663784537, 0.26400034478475914, 0.02543183750249424, -0.016034746989933554, 0.1706736200803729, 0.12641438282034895, -0.03179209861485938, 0.22644930962796636, 0.006611047659738717, 0.04450210742537093, 0.07189714438928721, 0.08907672248828755, 0.021257041814905165, -0.0037515751132574694, -0.038956470502651414, 0.024195952354726113, 0.10163616371876218, 0.11198943575454828, -0.10825166437904533, -0.11703442182097458, -0.14572309380385864, 0.11998118889507572, 0.05304260682263657, 0.012886372860126961, 0.005808306309522959, -0.1995951853805054, 0.19778685941472612, 0.22538413555804304, -0.1125870319511702, 0.0991503834443368, -0.20858819427443875, -0.11463472115928641, 0.031130644367811502, 0.015014774545201545, 0.03650135725207975, 0.14327818995144984, -0.43090056082112527, -0.05596781966285059, -0.0005679683221623078, 0.4271375457190803, 0.14972809291860864, 0.06624835522773247, 0.00143885413174593, 0.5209443181638995, -0.15688664076084502, -0.9358540779891695, 0.3158943253232046, 0.378609394495878, 0.99439971026251, -0.033537408403549185, -0.2785867208281289, -0.1352710938867751, 0.22310530441627807, 1.6030225903607513, -0.4636544775366857, 0.0936173843663202, -0.09169834368478282, 0.268551645309666, -0.0632094770627525, 0.2183436705448499, -0.30044367153944973, -0.3170465326662823, -0.08875565304838211, -0.2788772861762526, -0.1309301673649888, 0.13462090583166758, 0.3015557206876885], "trans": [-9.97024530795763, -4.243399912342455, -0.7123369645734836]}