{"betas": [1.726796659765029, 0.41891031545459445, -0.15139553369490252, -0.5462419580768579, -0.07855182412525559, 0.07595039952460043, 0.008045347212360082, 0.06009336300381875, 0.04481580265154796, 0.006120580758014304], "pose": [-0.2537593447458994, 2.093274282234507, -2.0932742822345074, -0.029817866908998767, 0.07948188456422046, 0.043858562355254996, -0.504066312660693, -0.03486761771984857, -0.0354827456291556, 0.29687251728915226, -0.0685633698833129, 0.027408244347861196, 0.9523195981354112, -0.031879967531561665, -0.16556543281482622, 0.7374165247478519, -0.189275811381928, 0.1523260075040172, 0.04260073668730546, -0.01181259841561561, 0.03278961533953332, -0.14247378603042518, 0.11250053027176858, 0.02199913652536633, -0.11631193477056259, -0.2644761171953513, 0.16638534787831624, 0.04727487493242515, -0.059419714836011564, 0.003309511582991093, -0.3220577095751756, 0.2322141928987546, 0.026264787906851148, -0.06373752683282423, 0.22544237116954957, -0.3513605305711788, -0.047652076735623564, 0.09440937492947996, 0.06690285491734428, 0.057415556284244516, -0.16326448802192406, -0.3840162566134271, -0.014852177388440866, 0.1760808568784753, 0.3764215205438075, 0.2671058420766863, 0.023355438750403593, -0.057889702017869964, 0.17471312671414335, -0.3214499903418463, -0.7788906026328334, 0.2666702969411682, 0.2283817184112239, 0.7566460777323031, 0.5583728106924677, -1.4128927191521201, 0.22549256747138235, 0.29403976524872333, 1.3695935493446685, -0.2634543666587027, 0.1662879912010634, -0.1301967363229253, 0.12264398018046982, 0.16824129952762987, 0.13736641336518998, -0.11561699529024963, -0.20428532735194893, -0.08028126897702983, -0.20524601027220343, -0.10321252944396464, 0.14338075123844138, 0.22012742378070185], "trans": [-11.152230676712675, 5.73737324357713, -0.5587828500902092]}