{"betas": [-0.19266644468801378, 0.5771463667239267, -0.16308379457488245, -0.06462538974507079, 0.08054580167251779, 0.027975024271901693, 0.03561269911626106, 0.05188376016633901, -0.05289357868361275, 0.00684608270928935], "pose": [-1.4283432748768337, 0.7746277827347194, -0.7746277827347194, -0.41826414320908833, -0.03934522954899494, 0.1280725173163768, -0.15080092684715252, -0.05825659815651931, -0.09461045654161096, 0.28089686361097393, 0.06712042906434194, -0.0222802796869183, 0.6470624838222597, 0.031560185053497426, -0.14795109848016771, 0.8383425640510199, 0.02584039580997568, 0.0743023292402363, 0.044267593947759996, -0.014583243704307986, 0.008016970699107126, -0.06623155475466758, 0.06975169258946763, -0.04895722203070988, -0.2368710885762047, -0.14599017933570868, 0.11051249353137961, 0.0015754872851587536, 0.007250472785270782, 0.0034296966214805683, -0.25617556423514387, 0.3054187082268011, 0.20527028434716899, -0.13511927013305006, 0.11715654318395127, -0.20496302734458194, -0.17818980642130514, 0.25942169771914436, 0.052812397012880534, -0.024536906433653066, -0.284544509713313, -0.36447817001431804, -0.03021871840547299, 0.3819083097579187, 0.35991003314370523, 0.16598680220159764, 0.060608914701424994, -0.08554198121079837, 0.13972302781163204, -0.42677395424739883, -0.8004152763898204, 0.26569153060804157, 0.5495406288702975, 0.8821268979876596, 0.3290525040403715, -1.4799641445890357, 0.372714032853288, 0.3100116231117896, 1.555951232242063, -0.35854256015473557, 0.006817557024517068, -0.11130230029149374, 0.24325444791584325, 0.03782396192668801, 0.1531649491239001, -0.18524822445239078, -0.14618820763243837, -0.04928621341467893, -0.1892877066609736, -0.11640519292478739, 0.12389494582211426, 0.19095342189650807], "trans": [-21.520125904980798, 7.903296250740675, -0.5795593802582012]}