{"betas": [1.813289222669109, 0.20156947919784157, 0.0011390909961732187, -0.4871353642584728, -0.16755291678885467, 0.02420319783742449, 0.0691750353522659, -0.03790042278230592, 0.027389876576093666, 0.006434531786996541], "pose": [-0.3926591635569619, 2.010038371024912, -2.010038371024912, -0.33151107624671833, 0.02177139194826294, 0.10898784389582385, -0.3793724853494849, 0.22360360298714438, -0.03973271152284116, 0.23249534378157244, -0.05058818229762221, -0.014837089309320156, 0.5127188964675443, -0.020112967518538482, -0.14817954275551234, 1.1191588495832743, 0.20500148764300596, 0.062366442611439074, 0.038226517502658416, -0.05665670969157484, 0.050250181110237185, -0.1388585726271808, 0.1592385062991782, -0.029728065097240096, -0.15890900635675745, -0.22889312821236682, 0.29168196005527885, 0.0959645908791236, -0.0881066842833205, -0.015439955184249683, -0.32088811364205033, 0.2630836945667927, 0.2688280548286091, -0.24842221110837212, 0.183370886838378, -0.44024865404590385, -0.037875829891967694, 0.026228017689705733, 0.08282740401498728, 0.04341270865167782, 0.05036023053629554, -0.21616557361741465, -0.09260188072022961, -0.08800329239826904, 0.15862508425333224, 0.20625694362140476, -0.04839845946559856, -0.055298007546903796, 0.10490173085473681, -0.1910774105506757, -0.75252195171792, 0.699467887503617, 0.10434727263539374, 1.0547946997086515, 0.3949355355339219, -1.659558482121546, 0.4204738274076218, 0.14715507717040968, 1.8757586057137225, -0.5700118588148918, -0.04774099879751093, -0.13701571113852642, 0.1713707682519863, 0.02026848993243856, 0.18014489522147192, -0.1528963027315429, -0.2006906310589015, -0.040353034098147125, -0.2377534009497487, -0.13321156684614846, 0.11208745302594394, 0.221152117798082], "trans": [-13.008562777936305, 0.4406841492708213, -0.7778168666536122]}