{"betas": [0.5425939922495325, 0.47738774179747123, 0.15292601182064422, 0.1712734498191424, -0.026676199413162845, 0.029053080237652254, -0.052279591306768236, 0.04030904345707816, 0.08374319963315201, -0.11291980133855471], "pose": [-0.9676253186610864, -1.5190087124820133, 1.5190087124820133, -0.3490000589767673, -0.03784431460203929, 0.05364510496296045, -0.45426199951367713, -0.008598470203146295, -0.09420440328100799, 0.3396829063930653, -0.011747446621826634, 0.0003450720559206511, 0.6738812410605604, -0.08997175701068535, -0.14581562613521404, 0.8015932596929426, -0.0017588638335620107, 0.08208678523416989, -0.012811819255298581, 0.009296779321772171, 0.01444359171466488, -0.0564328302544437, 0.06686557127295299, -0.017249820836410037, -0.08374810953322506, -0.2204089602259728, 0.23134081656627664, 0.05287276350719751, -0.03910245686934312, -0.0021050237589523, -0.30868573241872477, 0.23878761568018805, 0.13207459279660444, -0.15140918494829134, 0.19865392747325014, -0.39671712667088177, -0.1545732525596088, 0.17935517190987116, 0.03685147637999416, 0.05372953933091807, 0.004690740690598729, -0.4524925148498922, 0.004291770755557799, 0.052961305228484225, 0.45618721672685625, 0.21158192982277516, 0.06429381728518571, -0.07373079251730676, 0.13989874400525618, -0.24353067487554464, -0.8878359644519568, 0.2731738563766053, 0.21184696114594748, 0.8838037765387092, 0.3001205442185259, -1.0878891758623137, 0.24932037598803236, 0.04786039596676849, 1.072798135154385, -0.27685632604829724, 0.028942815025278623, -0.047590941295783125, 0.1338533231369875, 0.04560494223304472, 0.08598131322833673, -0.11180407303923477, -0.2143187114161263, -0.09177588836293289, -0.23412556582352095, -0.14116722016206054, 0.13402873830978526, 0.25541375331053384], "trans": [-27.69453961395817, -13.733222060570041, -1.2412159772800124]}