{"betas": [0.19173745763710806, 0.20679507266967936, 0.025545764337162807, -0.024244743693028488, 0.0007202369641003663, 0.013236882350636182, 0.021343764601424748, 0.007373052342460504, -0.01918535564321634, -0.005662447391478864], "pose": [-1.5681146528535967, -0.10764093355025353, 0.10764093355025353, -0.6370571561981057, 0.0070686554212820146, -0.0037081177962166242, 0.11570504281545016, -0.04285469826962466, 0.09266741382312255, 0.2400781386772218, 0.03847491555381524, -0.038526776710702176, 0.2081326783451169, -0.06676501934924847, 0.10050528023735028, 0.2209521043811819, 0.24181253640650993, 0.02460591534224446, -0.07846304103913028, -0.031152066066733177, 0.035363991193844244, -0.026987547942098372, 0.1341033760105206, -0.10857784289407924, -0.20712113677353064, -0.15054938177172353, 0.22788514779612398, 0.03374047414992428, -0.03970988112323077, 0.006803619863302028, -0.25186761823621057, 0.17761313245618657, 0.2791725947728664, -0.16646836717262806, 0.09561070984264086, -0.3554197328676682, -0.2827158139001446, 0.16125277707467964, 0.03357917397757977, -0.011043298138993319, 0.13326234883529992, -0.326313494314788, -0.04333597913179536, -0.12123922118466199, 0.3673572866246716, 0.07796497970806796, 0.02041715184618942, -0.029619909228558988, 0.8924103452026333, -0.8677355794074985, -0.8400875107368144, 1.0667659258307103, 0.5330812224065294, 0.8086599191511734, -0.07122742098104903, -1.2473120381067742, 0.4111469542500608, -0.29319877950892, 1.2751568908206612, -0.3609942782813395, -0.15452588416037863, -0.04399489229314512, 0.0969808114161937, -0.14769497591209868, 0.059419004654701055, -0.02218574182189558, -0.14886535432395917, -0.05090493765300666, -0.2214800143050319, -0.10606390294694239, 0.08854928574055784, 0.21146726905914207], "trans": [-28.553765107221047, -2.1116595252712393, -0.8690541504179825]}