{"betas": [0.12182979554792384, 0.0498104030700563, 0.01874907528210161, 0.028247290178977192, -0.01045515424154793, 0.003794310233826808, -0.007750463989420916, 0.008476040652062412, 0.013630708331879994, -0.014916307566096007], "pose": [-1.1456560593987837, -1.2969885914922719, 1.296988591492272, -0.3816425512245743, -0.028609038137110097, 0.10089330767405744, -0.44083592791878, -0.015438535298431031, -0.0984305618527609, 0.3312077609333596, -0.003874162941672467, -0.0008499059701600493, 0.7124546793729797, -0.034949861186796716, -0.14490914106124134, 0.8152035112170634, -0.022134714171988205, 0.08745189829778698, -0.006166751199524627, 0.004160988810527835, 0.014056872357227758, -0.08044778777191777, 0.06690284129552003, -0.027393725237312348, -0.15748603021654067, -0.1758112841590739, 0.18621504218871424, 0.028087727823268998, -0.030274487550488324, 0.003002796713683372, -0.30357820575577354, 0.26181088396102337, 0.1531923363046576, -0.13384996132687413, 0.13011766286934223, -0.33679965556946645, -0.20061856255535374, 0.11984407336488519, 0.04111875700533555, 0.022969181030837196, -0.057142928482020315, -0.3931470006469302, -0.02473630759329339, 0.13130370445389858, 0.37939935508561057, 0.1455302983855671, 0.0008006013751445949, -0.05262649128837505, 0.12127217261446645, -0.31080375612985867, -0.8794821677772676, 0.22921727604339862, 0.29252069852306756, 0.8730055576529202, 0.29597671654799607, -1.4677371941354795, 0.44631696039577445, 0.09287033844821582, 1.4287647851204681, -0.45456746719918184, -0.04156372516935509, -0.08433116696434359, 0.20595106443990635, 0.03321740432269432, 0.12591034303040133, -0.17752970088133138, -0.15636719399668508, -0.07427623503213009, -0.22208652690691488, -0.11783394862879397, 0.133002658469064, 0.2363749843656476], "trans": [-47.86164235568958, -10.164562236581316, -0.8979210990962154]}