{"betas": [1.7511515842605234, 0.3670231778082652, 0.03978433168027672, 0.004913282851196045, 0.02958606384598556, 0.001461046037256542, 0.028411238985692, 0.012589726574853976, -0.014340388809218167, -0.004234100351574732], "pose": [-1.5856405328759553, -0.16927907020509825, 0.16927907020509825, -0.2854380348852348, -0.015038994351766078, 0.08049551572644523, -0.3957702362968867, -0.02748624500016167, -0.08008343161545656, 0.27058313205412965, -0.012745789897216822, -0.0024306786677231315, 0.6739959057679746, -0.09588181481813932, -0.13169037613851337, 0.7590580302968363, 0.023731801854688147, 0.07953467345162517, -0.001779603107938538, -0.0021002600264758303, 0.017816636840677733, -0.09840342592832911, 0.0754911052025125, -0.05023556883272914, -0.1483590038857097, -0.18481637085700142, 0.2154928339546176, 0.028693104140471878, -0.032111480357573226, 0.004265829685123907, -0.29978846626380173, 0.2763924980686336, 0.16074845863670362, -0.1304719237028066, 0.1419697188665436, -0.34317519251277834, -0.1352975816993414, 0.10985110619385698, 0.05128609391853382, -0.05021360849005798, -0.07807308327131735, -0.2490193030960173, -0.07837268424898676, 0.1157601364547157, 0.26238187055898055, 0.19273641658248186, -0.005788285061069714, -0.03948978894396598, 0.12567046246869396, -0.42041619367776845, -0.7087138451331142, 0.27511241712866175, 0.42334739991172443, 0.8067205140147645, 0.2988000541394352, -1.4221326234210727, 0.31537818275919244, 0.31538216072056374, 1.1737007900691403, -0.13003520931444168, -0.14747941075736143, -0.10676922601653151, 0.2320912197383481, -0.028832257357786457, 0.11734297728678034, -0.1673873045121619, -0.043675719057242386, -0.05126219815567631, -0.1893369194413454, -0.06879265502305051, 0.11611436963987119, 0.2037553727812996], "trans": [-28.28755091567692, 1.8260347784746396, -0.8921136943117498]}