{"betas": [0.19173745763710806, 0.20679507266967936, 0.025545764337162807, -0.024244743693028488, 0.0007202369641003663, 0.013236882350636182, 0.021343764601424748, 0.007373052342460504, -0.01918535564321634, -0.005662447391478864], "pose": [-1.5486357034256355, 0.08756610233942157, -0.08756610233942157, -0.5143439666963191, -0.01261100752509142, -0.049112882783074886, 0.041435489533495885, -0.017558305618924516, -0.009447513471199216, 0.31329544804189696, -0.013505694339511229, -0.0032062095210704067, 0.18262047404572299, -0.08614866951631547, -0.13887519897287956, 0.7444718264777553, 0.03918357716468501, 0.08170017508950274, -0.04445542629322151, -0.0026253624492338498, 0.017488182148377558, -0.07941881976777934, 0.09023778122609112, -0.07710369120108282, -0.14502277782567835, -0.171280350601021, 0.23429555354812628, 0.023581069232879864, -0.03635408283529861, 0.007590604870417119, -0.271974589333242, 0.21644047613972742, 0.19806136935653199, -0.12500192869640672, 0.1176020724708051, -0.3758166976352907, -0.23008317048586452, 0.07668517417075596, 0.03609499324580792, -0.013152992114315198, -0.0007375355865284376, -0.31648891520850686, -0.05394928257742317, 0.05218273632800816, 0.3192592440752723, 0.10998958372759736, -0.03980807601910945, -0.01749030825178207, 0.8924103452026333, -0.8677355794074985, -0.8400875107368144, 1.0667659258307103, 0.5330812224065294, 0.8086599191511734, -0.07122742098104903, -1.2473120381067742, 0.4111469542500608, -0.29319877950892, 1.2751568908206612, -0.3609942782813395, -0.11752822400712236, -0.07153643147222469, 0.16281402208294535, -0.03629315838885365, 0.08562736123406392, -0.11154533087247834, -0.11889479547271825, -0.05997572937514997, -0.20594146980702902, -0.09851890954535569, 0.1123659627171296, 0.20998850351113324], "trans": [-28.76373847823347, -0.4672479323554173, -0.8697876525572785]}