{"betas": [-0.10716845975804463, 0.03555393559239171, -0.022909588301634677, -0.0022321960585287635, -0.011360188238027402, 0.007048778770267401, 0.0026244476494828445, 0.001119221678184007, 0.011361241992361597, -0.011308692156923365], "pose": [-1.2567890021636483, 1.1318943211083254, -1.1318943211083257, -0.48786843287357035, -0.03292786886308864, 0.15205774460935212, -0.530626413014709, -0.0028241541727749967, -0.13937782477580016, 0.3686408728319571, -0.008011299808683581, -0.005604731801363549, 0.7775706905612195, -0.01972756581569874, -0.15589799176286936, 0.896372286923606, -0.002870908189060791, 0.08684790540177335, -0.025880099379031175, 0.0013955379646682002, 0.0191395765365753, -0.10887637780023325, 0.052804877108892714, -0.02493267744039319, -0.18206266706205246, -0.14062175126931634, 0.18752529422693376, 0.013800512699267273, -0.036198844295464466, 0.006195074110302434, -0.30250120578401846, 0.2744176066210663, 0.16490660578289362, -0.14456927350573318, 0.09124373793331357, -0.33363330224749216, -0.25967338468692186, 0.09599419322024547, 0.037237932492349086, 0.015418126672170199, -0.06944765962725429, -0.39942540397886506, -0.029892209490728548, 0.1339526351073368, 0.39207935104043407, 0.10976487972091639, -0.03471067764486506, -0.03937529857947975, 0.08293565234417637, -0.35444853064330367, -0.9035142636537334, 0.19669518534981026, 0.3027828682431258, 0.9062962095923285, 0.217266199501574, -1.4820405891009103, 0.5255658193078662, 0.0008810322600674361, 1.4025223302649374, -0.5315041213523028, -0.09754023914328692, -0.05786578730522454, 0.21109670487862808, -0.0019124606866895743, 0.10394652084226996, -0.17588762700356525, -0.13025186694191032, -0.07336952321207424, -0.22742212615529253, -0.11870956546103409, 0.1354298246067746, 0.23964873303287562], "trans": [-60.81610169643625, 5.178805898258193, -0.7869082463299805]}