{"betas": [1.7511515842605234, 0.3670231778082652, 0.03978433168027672, 0.004913282851196045, 0.02958606384598556, 0.001461046037256542, 0.028411238985692, 0.012589726574853976, -0.014340388809218167, -0.004234100351574732], "pose": [-1.5913190574975584, -0.15465831780202424, 0.15465831780202424, 0.016073758158026943, 0.03766243361787418, -0.020694314572618597, -0.5338303804963518, -0.0029323242464338382, -0.017842637087481197, 0.26593798265552643, -0.08654548351697823, 0.031350683111685214, 0.5488871703810636, -0.14072634945474274, -0.09300532743585133, 0.5635577044388526, -0.13973917918043344, 0.09672289551981449, 0.007529724014616921, 0.004198472748010377, 0.015631717480220957, -0.08409125694052431, 0.06130635481740287, -0.02083261998667735, -0.027602474175519514, -0.21408849912758393, 0.24619742898653196, 0.032908750443983614, -0.06487777222756724, 0.00455111717113485, -0.30849792804953896, 0.2328686121003376, 0.06274977619211819, -0.07183516084039115, 0.1807384428579921, -0.40316546324280045, -0.13368683533775674, 0.0224367807673978, 0.04928574306797758, 0.02929487474875255, -0.030862655350396062, -0.3824699184849982, -0.0372413542799369, 0.05120989761824911, 0.3722948467730412, 0.21226613098442357, -0.03471679565289902, -0.030691430441648574, 0.0697167190537913, -0.38414167011453043, -0.8891194250797646, 0.20254633611482034, 0.17414154207259158, 0.8453661050550337, 0.26419256934157936, -1.5470784284226378, 0.5159755787787652, -0.018181749787315904, 1.3578724474501755, -0.4999910814018336, -0.07228795228131654, -0.11273677910965853, 0.16713504660449086, 0.050027069472307506, 0.12009576553985832, -0.14905915433239475, -0.09438685653026194, -0.0852280772519642, -0.20422776961386924, -0.07964386204890009, 0.1396987782856867, 0.2370053426973359], "trans": [-28.455147315366936, 2.955668975900184, -0.8569307722231337]}