{"betas": [1.813289222669109, 0.20156947919784157, 0.0011390909961732187, -0.4871353642584728, -0.16755291678885467, 0.02420319783742449, 0.0691750353522659, -0.03790042278230592, 0.027389876576093666, 0.006434531786996541], "pose": [-0.4281763373936053, 1.987075284139099, -1.987075284139099, 0.14194806584777464, 0.09511535186068569, -0.004642544947898909, -0.6885978743310959, 0.07235200906874253, -0.0556644550043987, 0.25240782189177063, -0.14629646541174554, 0.04376775435662864, 0.24602972877844637, -0.14496454698750616, -0.04025515481874841, 0.40557892106168625, -0.07925232127545144, 0.07120196186112457, 0.03157707553174379, -0.042998998691560125, 0.03993242866643446, -0.08086702389166686, 0.12259004107861413, -0.06808940528827931, 0.06425426198455846, -0.23395159199843998, 0.3654449808143008, 0.0739840676303767, -0.09709600142175259, 0.019979207971746755, -0.2706013424741443, 0.18610308827538868, 0.14635576666940886, -0.09255115270168725, 0.2091287494643221, -0.5484450895889317, -0.07730780028565375, -0.07335707159942928, 0.04927130956312229, 0.046260905569024444, -0.009366853568410646, -0.15637006705758064, -0.11027301290039476, -0.024759258398112355, 0.09651065040799957, 0.0946909830579513, -0.10869934219198257, 0.01666652492392958, 0.10216439518569659, -0.26671627042426616, -0.7990177578176985, 0.21132073399173248, 0.16309795465420454, 0.7374677344082755, 0.3835456835178879, -1.6994071163283209, 0.4020536338045176, 0.18269480901276358, 1.994348359322431, -0.5764750321111359, -0.032498709386816316, -0.2057097927069887, 0.23866550357362684, 0.05670515050472603, 0.2332989382387026, -0.24372322737901272, -0.1661389265801208, -0.07548274145464302, -0.2191628767817016, -0.10941749074398405, 0.1439259042708621, 0.24876060239478406], "trans": [-12.305136448689522, -1.0879584924239452, -0.8391897612413782]}