{"betas": [0.19173745763710806, 0.20679507266967936, 0.025545764337162807, -0.024244743693028488, 0.0007202369641003663, 0.013236882350636182, 0.021343764601424748, 0.007373052342460504, -0.01918535564321634, -0.005662447391478864], "pose": [-1.376135703425636, 0.9275661023394217, -0.8875661023394219, -0.24447167733106315, -0.009488139191764132, 0.017940787998638366, -0.25993991511094505, 0.005222737768565257, -0.011520544391981614, 0.31329550767985004, -0.013505644647606478, -0.0032062273517862545, 1.0580474574390262, -0.12833858765015016, -0.0842992357781316, 0.27654263543381774, 0.04701582872383438, 0.14972703988801594, -0.044455401741095975, -0.002625356137947218, 0.017488156012860377, -0.07941879575431567, 0.09023776898890773, -0.0771036971785543, -0.1450227806340368, -0.1712803476418648, 0.23429555472013922, 0.02358109256161666, -0.036354063075531566, 0.007590588042555037, -0.2719745987107513, 0.21644051242522525, 0.19806141126908972, -0.12500196516372294, 0.11760205153245572, -0.3758166778628066, -0.23008309326974846, 0.07668517328980123, 0.03609497415865932, -0.013152995021692792, -0.0007375218018483273, -0.31648890743768365, -0.053949260614261065, 0.05218274663421811, 0.319259220216683, 0.10998961936122094, -0.03980808193029743, -0.01749030162306127, 0.010474934389622648, -0.2985651973427761, -0.7394424130130387, 0.11852092565919196, 0.22294799577540106, 0.7420393439812307, 0.08223335154840933, -1.3074409911330798, 0.4659300336158789, -0.11813593514301225, 1.1800238487684853, -0.45411226384348863, -0.11752823183448981, -0.07153641649725548, 0.1628140465171088, -0.03629314918677646, 0.08562735028062217, -0.1115453554817997, -0.11889479363969534, -0.05997572037708524, -0.20594146685065245, -0.09851893449920299, 0.11236595973944252, 0.2099885042667818], "trans": [-24.796807718637567, 14.060217859304268, -0.5745784729806187]}