{"betas": [1.7511515842605234, 0.3670231778082652, 0.03978433168027672, 0.004913282851196045, 0.02958606384598556, 0.001461046037256542, 0.028411238985692, 0.012589726574853976, -0.014340388809218167, -0.004234100351574732], "pose": [-1.6098049155893872, -0.06023615765866509, 0.06023615765866509, -0.5711673241458388, -0.06031319852032034, 0.08438527605489002, -0.10719134093097636, -0.074148134441041, -0.05304623959000937, 0.3125163321504362, 0.08140777432747727, -0.025775292391263447, 0.4735324649411058, 0.05652992060576783, -0.1443083688504621, 0.6667918412700639, 0.11190752368626755, 0.049620104735724875, 0.008479870300038684, -0.02537339948253237, 0.01285546435006734, 0.031061884411707454, 0.10021226189347683, -0.09378204860711238, -0.16823675283300468, -0.14796696244199098, 0.1612413362349519, 0.03638079743566692, -0.0004802614612497021, 0.005426551455714807, -0.24124349613845736, 0.24529887243898688, 0.2412266894661991, -0.12321653002741502, 0.11305836323554333, -0.23661588445973142, -0.0911326246262637, 0.1767461373334215, 0.03391054802861103, -0.035639345637485054, -0.11757898793536654, -0.3117383697879733, -0.02821185519042564, 0.18672467884082164, 0.3323101753853312, 0.21946033344451465, 0.0068593522711723285, -0.031464896729789894, 0.030972724319634524, -0.3815624076623457, -0.704215611836508, 0.13533363883144628, 0.35582241792267605, 0.7655666914607668, 0.097758208764893, -1.540966675440633, 0.4322106170362019, -0.04351247082652062, 1.0822010885564277, -0.3586739922347295, -0.10189647776209548, -0.07655904433573699, 0.19899663832112077, -0.05082088059146256, 0.0845524041425729, -0.13027607927460674, -0.11834959395644129, -0.04286806824177882, -0.18253011969108693, -0.11399372501974162, 0.10054080500456762, 0.1905771935479424], "trans": [-26.99277064161617, -6.461843929493678, -0.9844216701533003]}