{"betas": [1.7511515842605234, 0.3670231778082652, 0.03978433168027672, 0.004913282851196045, 0.02958606384598556, 0.001461046037256542, 0.028411238985692, 0.012589726574853976, -0.014340388809218167, -0.004234100351574732], "pose": [-1.5667832716631043, -0.2230271305790433, 0.2230271305790433, -0.37365638347633395, -0.011707842799816461, 0.09150772811583219, -0.13375385704156, -0.06818073641328118, -0.05370240885403596, 0.222781093745659, 0.033260927942540215, -0.03205097734807394, 0.2694344842262719, -0.02841814133174491, -0.14479787648413678, 0.727410532477099, 0.1433898356450305, 0.06797636576314388, -0.038422158113385604, -0.0425780031733066, 0.03248766233510758, -0.038424982800071304, 0.1439727613950503, -0.08777043286608444, -0.17297465879902996, -0.21155108250872762, 0.21396738808088175, 0.03771292733787323, -0.03057500645307722, 0.006193429254270116, -0.23329624352355557, 0.20611852568040884, 0.1999508567513937, -0.13334287871803222, 0.17838226768854504, -0.3138974906939409, -0.13791538989494298, 0.17390787823890125, 0.049454078940457426, -0.09644138367453517, -0.04195050898779722, -0.1886762786497832, -0.10327068170457361, 0.02522534597209533, 0.2531599270217199, 0.2888641927824156, 0.024261804835679742, -0.02717296190311901, -0.14932953753130604, -1.020416193677769, -0.3587138451331139, 0.6251124171286621, 0.2983473999117243, 0.8067205140147645, 0.2988000541394352, -1.9971326234210707, 0.31537818275919244, 0.31538216072056374, 1.1737007900691403, -0.13003520931444168, -0.0873597551879053, -0.088730311411691, 0.16856495908492883, -0.09522266900108661, 0.08054509738450567, -0.06946589173993264, -0.07819540321920261, -0.036075634960871995, -0.17579910869174567, -0.05221498247038497, 0.08422300654085958, 0.17459489171106443], "trans": [-27.577137521934304, -1.7178586888774612, -0.9818532597412716]}