{"betas": [1.0007394031128156, 0.13998077818863408, 0.20322321153559939, 0.06919845010960525, -0.06355964225067326, 0.0988583210768853, 0.031004152589175965, -0.07600298470585287, 0.01954775199647453, -0.05391534064665776], "pose": [-0.12605683097702416, 2.1613639169026007, -2.161363916902601, -0.0550048230986459, -0.028418798214826856, 0.10576386125664025, -0.5114623905179464, 0.006951742707407773, -0.00902878303630384, 0.22971244131118002, -0.022333942661689303, -0.003717654002503845, -0.010420973170942864, -0.10606189726659987, -0.1323917505779378, 1.01353828538379, 0.1033174178658042, 0.10501705283086167, 0.017678075898155503, -0.0026845918521041876, 0.028584390191695074, -0.08281289517324991, 0.15208028369123824, -0.06678223466978893, -0.13577474325335548, -0.204983464489683, 0.24483268294312285, 0.05793811162684492, -0.037716827449296865, -0.0010865603330077057, -0.27623167766074685, 0.19778331604733304, 0.24772138329385, -0.1571321055995018, 0.1639120517542272, -0.3841181167581837, -0.12580587495010137, 0.07146700424035551, 0.06611394729779277, 0.05440024311032439, 0.01595730337790492, -0.315943572185847, -0.020713113740476203, 0.06376885356463327, 0.2965480139184588, 0.16115923369847723, -0.048562311721380876, -0.04648716985259018, 0.23886547085929397, -0.22360244659534492, -0.820961622068208, 0.27889540660275525, 0.2605602251278385, 0.7606173696920534, 0.5239138293813184, -1.3942781650074287, 0.19191248117977996, 0.28134258497255454, 1.3097764763228121, -0.1825149209422304, 0.005966219451315602, -0.11595285241143075, 0.10148494251059337, 0.05156694254751715, 0.1183041493559425, -0.057964689878615396, -0.22461268454405361, -0.04675659522039337, -0.1963507615399781, -0.1417678357074264, 0.10394182160108231, 0.1841379346630925], "trans": [-10.395480377580608, 1.4998623663698696, -0.7276814983733041]}