{"betas": [1.7511515842605234, 0.3670231778082652, 0.03978433168027672, 0.004913282851196045, 0.02958606384598556, 0.001461046037256542, 0.028411238985692, 0.012589726574853976, -0.014340388809218167, -0.004234100351574732], "pose": [-1.5899295533055282, -0.15236703470065205, 0.15236703470065205, -0.19413792902097737, 0.006722123243117526, 0.047381202659160404, -0.45670066780276863, -0.020230339673127238, -0.05623767765730142, 0.2806131962799185, -0.0400741692787792, 0.011314681422287748, 0.6991351814816193, -0.10610783729963656, -0.12893103061889782, 0.688515996323056, -0.05272597902877479, 0.09065472786078684, -0.0018793268769313131, 0.006951910504184106, 0.023980342106923288, -0.09933437909407852, 0.06943683476922904, -0.03333455572692322, -0.1033841064041439, -0.1852413565823458, 0.21313062395015459, 0.031370548726327975, -0.04860717747202378, 0.006401401535332636, -0.31170223964559907, 0.24349392708164236, 0.11791191670225176, -0.11233432360694433, 0.13590639617721947, -0.354839197086782, -0.15736358196902836, 0.06345676695756804, 0.0541234044503199, 0.03318249497893631, -0.006900904741619786, -0.39274157574144186, -0.01366447387052962, 0.054785067690232524, 0.4095287273321205, 0.1872993833272893, -0.026945256144681164, -0.032926381628654904, 0.08333144214707375, -0.3521453036766728, -0.8721023201610477, 0.23090534220590878, 0.19726337692397494, 0.8786215266331941, 0.26989891001246025, -1.473969734038024, 0.480708606380814, 0.03267321326328612, 1.2418037642017026, -0.4190677827612491, -0.07747697297323154, -0.08119825254432374, 0.1607175614693158, 0.02562997535628495, 0.0901390090603889, -0.11830871826523082, -0.10191904611634536, -0.07249964005261766, -0.19943700128055517, -0.09248205382370138, 0.12928773662251963, 0.21933401251209117], "trans": [-28.481844344765978, 3.1212138614625475, -0.8534540740182731]}