{"betas": [1.7511515842605234, 0.3670231778082652, 0.03978433168027672, 0.004913282851196045, 0.02958606384598556, 0.001461046037256542, 0.028411238985692, 0.012589726574853976, -0.014340388809218167, -0.004234100351574732], "pose": [-1.5679198248784225, -0.16963975477301318, 0.1529730881063465, -0.2468591761190929, 0.016831952161831212, 0.07334988644017984, -0.4742673480800952, -0.005297357136071077, -0.08222056238736883, 0.27292022349078005, -0.050087468744046286, -0.001916850038316298, 0.5816339025947813, -0.08715017992626972, -0.12790359759613357, 0.8022164445597357, 0.027010020394788867, 0.08326926740423755, -0.021136243675297383, -0.012762261797019862, 0.027864838123085114, -0.10665790038146941, 0.09533497888211807, -0.045201041933468515, -0.11773511918926978, -0.18433001380225308, 0.24983560168386168, 0.030296938804124394, -0.06441909939993587, 0.0021124203555296247, -0.28991383973220813, 0.22392555559110092, 0.16096509692434163, -0.13886654684073205, 0.1418385044727424, -0.38881720399398056, -0.20499246211732358, 0.047461655951988535, 0.046349472565089866, 0.018267439854820097, 0.007754834811863336, -0.3588888824334575, -0.03891050068468187, -0.004595419482634012, 0.36885928667163487, 0.14636805653113222, -0.048034538242178404, -0.025162897567070595, 0.0325668252746618, -0.3354098038027036, -0.7955628820854185, 0.18775745173992237, 0.13666986379716736, 0.8031269998454239, 0.17833852148062396, -1.3917339628115184, 0.4708453396991501, -0.07903944573912967, 1.2023271052561717, -0.4544841819566324, -0.09503048019305649, -0.07439864256797708, 0.13272637918621072, -0.010946415600093563, 0.08339282127993092, -0.08224686330249023, -0.11453914452453509, -0.06570656929237034, -0.2071141652684057, -0.09717429942508209, 0.11877979971783649, 0.2164401118073026], "trans": [-28.950041627285277, 6.517117914509547, -0.7631071535327478]}