{"betas": [0.12182979554792384, 0.0498104030700563, 0.01874907528210161, 0.028247290178977192, -0.01045515424154793, 0.003794310233826808, -0.007750463989420916, 0.008476040652062412, 0.013630708331879994, -0.014916307566096007], "pose": [-1.1456560593987837, -1.2969885914922719, 1.296988591492272, -0.38164278222497183, -0.028609214635873268, 0.10089349859221215, -0.440835489355334, -0.015438661914472424, -0.09843064745653987, 0.3312074898301185, -0.0038739992511944237, -0.000850114187939108, 0.7124544445322025, -0.034949920996024335, -0.1449091511421782, 0.8152035013545295, -0.022134639657934014, 0.08745182095192412, -0.006166788959635941, 0.004161152979990313, 0.014056581484607469, -0.08044761695548361, 0.06690278739102233, -0.027393757965898165, -0.15748622803966228, -0.17581140363803036, 0.18621494012247294, 0.028087748837892224, -0.030274389211009747, 0.0030026247654637355, -0.30357831096898885, 0.26181090456983924, 0.15319241745611864, -0.13385004993589533, 0.13011766954986356, -0.33679965659516703, -0.20061861666437739, 0.1198444319452909, 0.041118570572804866, 0.022969227771280028, -0.05714234660832891, -0.39314719565542866, -0.02473621213822357, 0.13130339306707103, 0.3793994243174283, 0.1455303313348733, 0.0008009898713019618, -0.05262670715263141, 0.12127237250439321, -0.3108032760255279, -0.8794823235705526, 0.2292174037732632, 0.2925206254833605, 0.8730056621886599, 0.29597687427870173, -1.4677373181927484, 0.4463169438426809, 0.09287049315558528, 1.4287648470287917, -0.45456733202508326, -0.04156387880604086, -0.0843311297004968, 0.20595099985664206, 0.03321735113449552, 0.1259103615947473, -0.1775296122468341, -0.15636725492267445, -0.07427623894747394, -0.22208654579346995, -0.11783395864324331, 0.13300261956083603, 0.2363750290049926], "trans": [-57.03750838250645, -12.976967530000026, -1.3176212340418814]}