{"betas": [-0.10716845975804463, 0.03555393559239171, -0.022909588301634677, -0.0022321960585287635, -0.011360188238027402, 0.007048778770267401, 0.0026244476494828445, 0.001119221678184007, 0.011361241992361597, -0.011308692156923365], "dual": [-0.039549447882542874, 0.04648259103417566, -0.057736335399156645, -0.11837208513860242, -0.016452916897502806, -0.016828008685053283, 0.004733457139129971, 0.017212617850249096, -0.0038154884802750165, 0.008157959661749497], "pose": [-1.3673024999987686, 0.9206391653687407, -0.9206391653687408, -0.42365407650115294, -0.019502409430720503, 0.1482087627539271, -0.4217741042876121, -0.018418898631929942, -0.13567824737517112, 0.3141134702299097, 0.003549472697516938, -0.002657959603952752, 0.6771847359470801, -0.03314626300821146, -0.14578189149605214, 0.7924908835935403, 0.0319126379897226, 0.08010067272544617, -0.019341884278345628, 0.004684610750958003, 0.016192037236879456, -0.08600924187442721, 0.08140470199472864, -0.06012650374664686, -0.16926805812910073, -0.16413171448666639, 0.2021075917092152, 0.02496755900400131, -0.02791980648207446, 0.004391591987597677, -0.28479772064807096, 0.24147092300579884, 0.2041028589647121, -0.1439129812102472, 0.10731901996837535, -0.3463221334966063, -0.22764195596089978, 0.12034678048010403, 0.04569067280834643, 0.026168331114421815, -0.0007207260246473289, -0.39515760742340483, -0.027290357060831796, 0.08777265059949922, 0.37941727895388233, 0.11490172024079232, -0.002244811312998139, -0.05078521478010586, 0.11266565632589431, -0.2464955610352635, -0.8614689263229345, 0.205499855726483, 0.2846141095299653, 0.8421611545705903, 0.23830124083793247, -1.3046962407551281, 0.3912757039932127, 0.03757970959212731, 1.3232564551338255, -0.41965380544990527, -0.05770848729894091, -0.0680953215251609, 0.17295581494322737, 0.0008166098008569454, 0.1096816452321657, -0.1485213366940539, -0.17773377060665702, -0.06985253436691981, -0.22809332217415942, -0.1283880177623492, 0.12426644268761905, 0.23405565912605342], "trans": [-53.905998815100794, 6.790295392368914, -0.7775861261361104]}