{"betas": [0.19173745763710806, 0.20679507266967936, 0.025545764337162807, -0.024244743693028488, 0.0007202369641003663, 0.013236882350636182, 0.021343764601424748, 0.007373052342460504, -0.01918535564321634, -0.005662447391478864], "pose": [-1.5440851009950365, -0.18599358747034284, 0.18599358747034284, -0.5870571561981056, 0.0070686554212820146, -0.0037081177962166242, 0.11570504281545016, -0.04285469826962466, 0.04266741382312254, 0.1725782565469175, 0.060974729223297976, -0.038695976905816935, 0.2081326783451169, -0.06676501934924847, 0.10050528023735028, 0.09595210438118193, 0.11681253640650996, 0.09960591534224447, -0.028041349074262496, -0.05062525655817531, 0.030112303109928733, -0.0031608267586076527, 0.10298676999167876, -0.0957883452489379, -0.1880200214450675, -0.12044512217195816, 0.1924222391540464, 0.030118663330155702, -0.02878259598012785, 0.007609482143279604, -0.24053725658878633, 0.22743108249302546, 0.2608140433596909, -0.13990747271423035, 0.08592794240599803, -0.2932229308352791, -0.19089207192345065, 0.1469860978300813, 0.033528514760760124, -0.021828043606718514, -0.053132645250838315, -0.31268479617467376, -0.050716454766713215, 0.06749252004860783, 0.3291789722589222, 0.13901309630696979, -0.02053878152443718, -0.01883621704892261, 0.8924103452026333, -0.8677355794074985, -0.8400875107368144, 1.0667659258307103, 0.5330812224065294, 0.8086599191511734, -0.07122742098104903, -1.2473120381067742, 0.4111469542500608, -0.29319877950892, 1.2751568908206612, -0.3609942782813395, -0.1298079122025853, -0.06860199563559666, 0.16857163955906035, -0.11202813601423658, 0.09738820311476264, -0.1133938076611676, -0.13637694654432708, -0.04989206519276859, -0.21986949642239062, -0.11972179884796612, 0.10787757055661107, 0.22215300360010393], "trans": [-28.335926849286746, -3.7972347740012644, -0.848428999120955]}