{"betas": [1.7511515842605234, 0.3670231778082652, 0.03978433168027672, 0.004913282851196045, 0.02958606384598556, 0.001461046037256542, 0.028411238985692, 0.012589726574853976, -0.014340388809218167, -0.004234100351574732], "pose": [-1.404140579831604, 0.8359899360697247, -0.8359899360697247, -0.5437458677368364, 0.11388475237266543, 0.09523805824554787, 0.036771905695405255, -0.10704091023739645, -0.050089105769646446, 0.2005575448679225, 0.0044005188594316135, -0.02081237669284545, 1.0592089682665953, -0.046448913649878014, -0.18256019244318603, 0.1317139168951045, 0.011131061683396289, 0.053617632588272894, 0.028198249703522235, -0.018025667655902012, 0.030893437128684836, 0.00016522695024649925, 0.06911036044147446, -0.05013718275909472, -0.12595585322364133, -0.17080567302477379, 0.16277218784288788, 0.027433402309803342, -0.09740048372917179, -0.024650385924386432, -0.24680402967694662, 0.23892862922725827, 0.10827073231019707, -0.08112190991777961, 0.17597215759887763, -0.27537495459508277, -0.21969907003583897, -0.4079523479358431, 0.05990928661383827, -0.07925952958834287, -0.30689063777412395, -0.23349350955957726, -0.039075508396992115, 0.36157760806037653, 0.29158891576712187, 0.28658290784133467, -0.4509643404355678, -0.05387060010333354, 0.2545948970599283, -0.4849227636456417, -0.6828599251993228, 0.33896006353092095, 0.1354610118975532, 0.8413431802940988, 0.08004341060052657, -1.1819189305206526, 0.3800071350664079, 0.16547301956621618, 0.6180699495024498, -0.10796030162487497, 0.006373688236926196, -0.08978216758479221, 0.26910902892966687, 0.03914472716616644, 0.06989797407406877, -0.16801492701481746, -0.07700907565936915, -0.04962573642284256, -0.15113707884900857, -0.0919065123569856, 0.1136711857659737, 0.17088822220434055], "trans": [-25.439157363213983, 13.071298462079739, -0.675101394013684]}