{"betas": [-0.04531959800123942, 0.25816046623113975, -0.10443940742347267, -0.07597029208210594, 0.013911735992459227, 0.013954990810594958, 0.00840059268463032, 0.018210526354907698, -0.01144635948893292, 0.002226290135924623], "pose": [-1.5686891118429502, -0.09542262231945853, 0.09542262231945854, -0.0165651719436122, -0.0022625431695850492, 0.016423016328786892, -0.17585594243792127, -0.012838163846726662, -0.05968427415002837, 0.24819802740887403, -0.04922109945293291, 0.016778330492896905, 0.6255907888335926, -0.2364123577313672, -0.11340748618643352, 0.24350955802689214, -0.05540075085669474, 0.1269231915413674, -0.0054596771652363745, 0.014836532435993798, 0.02452627329797992, -0.0029617262659123165, 0.0713477045138169, 0.005739898636151394, -0.023044810412807187, -0.20674155276455541, 0.15463450890620686, 0.06737674941669763, -0.05117993355295354, -0.014610345790582104, -0.3023302245205316, 0.19522259096666, 0.0069845211006214275, -0.029012550052362262, 0.2134331686243843, -0.2766647380280346, 0.07678074799591321, 0.03404745668223949, 0.07416490823537512, 0.062144464321496035, 0.06758305982089151, -0.4807029682633144, -0.006123144806064681, 0.01298603489470246, 0.5341553539181632, 0.39196717814980897, -0.06800429202434322, -0.07166493869985023, 0.04121984617616677, -0.268951688846166, -0.8633564534256629, 0.18615539026060782, 0.20765232185118065, 0.8528827190253229, 0.1339423291637902, -0.5514219080813554, 0.1450149627168499, -0.11811631370095514, 0.45071677020666717, -0.1451811131545186, -0.022121008506344783, 0.020928238296326562, -0.07438267603082369, 0.024179420367917676, -0.01690871178645328, 0.04078971091254453, -0.163390185158524, -0.08169436596710881, -0.1868427018124627, -0.0810660327991518, 0.12923743331081328, 0.2323788600961965], "trans": [-27.80636385146873, -4.674670026538511, -0.8358644140395584]}