{"betas": [-0.10716845975804463, 0.03555393559239171, -0.022909588301634677, -0.0022321960585287635, -0.011360188238027402, 0.007048778770267401, 0.0026244476494828445, 0.001119221678184007, 0.011361241992361597, -0.011308692156923365], "dual": [-0.03617164238163127, 0.025936320203127264, -0.05096527151269912, -0.1135843869827011, -0.017734550320453006, -0.01428585662255644, 0.0039501482443767034, 0.015050434668726803, -0.001967492215164301, 0.007557667300068327], "pose": [-1.3567789646850617, 0.943224259886356, -0.9432242598863562, -0.39248486595501136, -0.019946459335007192, 0.1593449254951161, -0.4420860511054251, -0.01014404961067062, -0.14705164477978197, 0.3088049502930571, -0.007632424811100932, -0.005738069743732614, 0.6988992623290032, -0.03945060791807885, -0.1401124337947025, 0.8036349218107619, 0.017512674692003564, 0.07614009080971454, -0.008953659799946782, -0.004875544386865061, 0.01931457026204845, -0.10653652116868462, 0.05862918841123544, -0.045363819972126525, -0.17122106028702086, -0.14353501220115178, 0.1993086999931613, 0.013766401554276341, -0.036537332983883536, 0.005051294467769054, -0.29480886081802876, 0.2736258310828367, 0.1822169871522775, -0.14024554673688347, 0.09502745078331436, -0.3353787537850871, -0.23348235438581733, 0.09409726162989461, 0.046439871500940935, 0.007463475911418849, -0.068613833093873, -0.36971731981211436, -0.04252289767591784, 0.12628688690553289, 0.3600145079533786, 0.12098954662981039, -0.033333207454377685, -0.040902143176579225, 0.07419442341929906, -0.365519793705872, -0.8679503097046379, 0.20056284768420918, 0.3109762033458347, 0.8761808358705653, 0.21754127805598397, -1.5608776380259977, 0.5373251434626697, 0.02646101237128446, 1.514799904789357, -0.5475429131455012, -0.1143080939057717, -0.08182664128780588, 0.20868377489439352, -0.015191396792767957, 0.12110290479778152, -0.17318774560701408, -0.11239807194352061, -0.06623025843962906, -0.22160166239023316, -0.10931606992092888, 0.1315739172053821, 0.23267817040703018], "trans": [-53.77712815190038, 6.860120831885663, -0.7488315752152502]}