{"betas": [0.12182979554792384, 0.0498104030700563, 0.01874907528210161, 0.028247290178977192, -0.01045515424154793, 0.003794310233826808, -0.007750463989420916, 0.008476040652062412, 0.013630708331879994, -0.014916307566096007], "pose": [-1.129612033557409, -1.3255733292729117, 1.325573329272912, -0.4456025405119113, -0.014870995656701977, 0.15043123861671842, -0.603652273851458, 0.00948904902874355, -0.12764128338999944, 0.4141406101152054, -0.026360073769648787, 0.0037990848174081974, 0.6875677914019515, -0.035584914353344065, -0.13148988618522475, 0.7625044650752908, -0.041370317661392424, 0.09195466784144267, 0.0029668655248532663, -0.0042469054879519085, 0.025243784497982452, -0.06949654153751485, 0.06611569160446754, -0.05387001310858759, -0.12259886612237371, -0.1418375774710967, 0.20625940442500074, 0.03477260373764331, -0.04566017273008166, 0.013816599191652332, -0.30691643063101404, 0.2565295096755377, 0.18546552938804423, -0.12155449731162406, 0.07853004188803908, -0.3432871496461935, -0.15797636900951176, 0.03243640466741183, 0.03604123315533404, 0.058610725784049945, -0.04880766049367641, -0.3822680770090132, -0.0011202959863132259, 0.107000469934619, 0.3626787598952515, 0.11728750865956203, -0.08617389422371159, -0.0020209381101281756, 0.15458559667782798, -0.31601069414464056, -0.9304779123152892, 0.2607228399359934, 0.24535328512559584, 0.9318468499165039, 0.3788590116804253, -1.570425356553192, 0.47244589040783, 0.18228104474742746, 1.54703584245308, -0.4810604360675325, -0.01109601718477885, -0.0976057021298803, 0.2589194516951891, 0.063646324925286, 0.1463333445088131, -0.2266253322106512, -0.174111531150676, -0.07602736517708658, -0.2288142868591318, -0.14316592765277006, 0.14459215641573284, 0.24727676746376695], "trans": [-55.35742242536705, -12.617460457316097, -1.4657947979443247]}