{"betas": [0.23095163209771685, 0.04109343311864416, 0.025248775430059576, 0.03225921746385679, -0.011730228160678488, 0.01411489487013554, -0.004068968651146599, 0.0031222508939531494, 0.007432816158778922, -0.011705167054862173], "pose": [-0.9777446635362792, -1.5144302549096138, 1.514430254909614, -0.27720511483370325, -0.025395297225713265, 0.04157907129814597, -0.46610389745313474, -0.024143189758908116, -0.1199408794394074, 0.35219903078349934, 0.021542995040632174, -0.008012176393096497, 0.2596611303228854, 0.016357553004847376, -0.09094886436420813, 0.879885935616019, 0.04636465789959797, 0.0868157953110374, -0.05562249092862795, 0.025250671048440185, 0.004064342847224332, -0.046159952494232465, 0.0910435274595518, -0.06306527718284326, -0.19708622311313934, -0.17958631292872562, 0.19704259525759038, 0.03610640342145264, -0.01572081574124666, 0.003879517844425819, -0.29771457526184797, 0.22428578090648954, 0.21969168575906492, -0.16436862589528212, 0.11959893961969104, -0.36282887589403345, -0.26121394190534386, 0.2340122895746145, 0.017681980304879913, 0.024787913943073753, 0.07590249360880336, -0.41240952172801104, -0.0010143236986232367, 0.02747112933505225, 0.40558999474835655, 0.09123213591232807, 0.1105479424032296, -0.0769538667758102, 0.1185068192974611, -0.16397947817844474, -0.8523028424148428, 0.20844627988308623, 0.2424650667015948, 0.8417117812505706, 0.19747902954703694, -1.1391944937445544, 0.3344117064148224, -0.0076628700831168324, 1.0900369574122064, -0.3255953835903646, -0.054923231027337524, -0.038017137559945, 0.16236960519616134, -0.018573091416872235, 0.08407565402564604, -0.11676836351844506, -0.2087437860607977, -0.07545386918117901, -0.22888004315838348, -0.1387473430375934, 0.11216544367561919, 0.23498220353301427], "trans": [-60.36570048699236, 4.478056848521748, -0.962275087224072]}