{"betas": [1.7511515842605234, 0.3670231778082652, 0.03978433168027672, 0.004913282851196045, 0.02958606384598556, 0.001461046037256542, 0.028411238985692, 0.012589726574853976, -0.014340388809218167, -0.004234100351574732], "pose": [-1.5705022562032733, -0.03565279622487348, 0.03565279622487348, 0.09854564153011425, -0.00586167429307124, 0.060537619728572405, -0.40487368962647197, 0.03824482470547648, -0.06665503416873447, 0.2634024201806352, -0.04566950435953394, 0.0014040194020069198, 0.2633227658914341, -0.07904011691334283, -0.17296508184028747, 0.12324995541698408, -0.0165947134549689, 0.11220409963516237, 0.010497875586370818, -0.028907355600950757, 0.02734937504743977, -0.19661669694302836, 0.0555047563197934, -0.04144495148399803, -0.13886994238957492, -0.12841229009450306, 0.22338529764368867, 0.001005029919819156, -0.04701822878858283, 0.02059085455806439, -0.28684355869597394, 0.30340663661751544, 0.16422087854310638, -0.09436384479181392, 0.07059928919251096, -0.346150018398588, -0.04776142039754729, -0.14695522727949123, 0.04570887702453165, -0.008013598676697606, -0.3546565181432609, -0.18583371534342802, -0.052867645183963904, 0.38429361779722104, 0.15125804769690188, 0.14605710057552468, -0.2923771358219078, 0.10711716308171507, 0.021046352308650325, -0.5431781801945407, -0.6415727460249318, 0.12721601032228835, 0.3904324711428446, 0.6909023078043647, 0.30544860562802995, -1.561955679823304, 0.24726780473083423, 0.31449043289288475, 1.676839976562986, -0.4523815739858018, 0.05284749128094123, -0.1360984576957567, 0.3556837529732709, 0.17784139388123132, 0.15340327087771696, -0.27332629150375976, -0.07882297552507156, -0.0375072907679462, -0.16471968527621741, -0.11354888574057376, 0.1502381600830198, 0.1649678391089051], "trans": [-27.31936616817783, -4.15502952851554, -0.9229206006373615]}