{"betas": [1.726796659765029, 0.41891031545459445, -0.15139553369490252, -0.5462419580768579, -0.07855182412525559, 0.07595039952460043, 0.008045347212360082, 0.06009336300381875, 0.04481580265154796, 0.006120580758014304], "pose": [-0.08123597150384108, 2.1835030298988736, -2.1835030298988736, -0.14272069772214582, 0.04767819846446085, 0.018862748812950903, -0.4948995031021397, 0.05936396426287595, -0.08144411154012507, 0.23224425202688959, 0.06644634526495438, 0.0059844120358298145, 0.23904552809880283, -0.031110930887846052, -0.08807208758147306, 0.9308917620421634, 0.05416056148767273, 0.08218675017101787, 0.06900518188496095, -0.06049742088070242, 0.06951468797192178, -0.06795485740873397, 0.1576373786123459, -0.019601396092210337, -0.050595393276219154, -0.18645054145538853, 0.26415023107362307, 0.08714170389316955, -0.08808856741804087, 0.013078864827188699, -0.2588995820387117, 0.21620073977995138, 0.20141097924525547, -0.1552710436922069, 0.19858587592637333, -0.3694256165683123, 0.016876080988899193, 0.07197665087921026, 0.07767383143197239, 0.07821989644487858, -0.13033201956498003, -0.2987656353778794, -0.03497608737217924, 0.0978700350259308, 0.29500546516620485, 0.2577971654781718, -0.0673340298198765, -0.04099146039941023, 0.1156778587472394, -0.02373440632835036, -0.7821502643354871, 0.7636706417074448, 0.16075704384344922, 0.7160371209645261, 0.5366156806417435, -1.2989596361130005, -0.2344506731694765, 0.26696809449844433, 1.3632867253556349, -0.3162054640357105, 0.05722895451214843, -0.11266862293583174, 0.16139465562487976, 0.06089876856056974, 0.13536330154819434, -0.1249567106944689, -0.25222858871270526, -0.060824702822462884, -0.21034401284853968, -0.1665233161739659, 0.12709786641889986, 0.21687545818212384], "trans": [-10.845718046624457, 2.9338673197342433, -0.7220612959660914]}