{"betas": [-0.19266644468801378, 0.5771463667239267, -0.16308379457488245, -0.06462538974507079, 0.08054580167251779, 0.027975024271901693, 0.03561269911626106, 0.05188376016633901, -0.05289357868361275, 0.00684608270928935], "pose": [-1.462815662648489, 0.6765515029622525, -0.6765515029622525, 0.10316102722507062, 0.031002291452658565, 0.03198998404554314, -0.5590135942331126, -0.002374019684798081, -0.026135976697522864, 0.3468115789520831, -0.039005466960006306, 0.015850408534937053, 0.7281141185493372, -0.14191597303491976, -0.11403199328435062, 0.45532152465023057, -0.04438729170274167, 0.08836673240879463, 0.05964734866049926, -0.013548398370271034, 0.005047442949960932, -0.1615308546898192, 0.04010154256269815, -0.07401746882081964, -0.12736206685203993, -0.15209174758931066, 0.21785979283116985, -0.01465561749979104, -0.03024709944769103, 0.014469093812569311, -0.2636309969241706, 0.30390551423204215, 0.16958207677868853, -0.09380417999945533, 0.1242998312658947, -0.32868353144678164, -0.17233027238220286, 0.10197200441526244, 0.03868533200396414, -0.01808108058245881, -0.39416750101957954, -0.2979854419292447, -0.041593514161957494, 0.43907729251116856, 0.2653937818040841, 0.1124058466999013, -0.049090786217111125, -0.01909180458035671, 0.09496578780865637, -0.546824565276449, -0.7373067058840734, 0.22287624761185695, 0.49295018630859955, 0.7804456239605674, 0.3573937301288631, -1.6211340616242589, 0.40398496929510697, 0.34455217706449814, 1.659805172814359, -0.36649877952684773, 0.04171529302228124, -0.16031195858704336, 0.2743646938005672, 0.1381357764397379, 0.16942327468245139, -0.21215997842490045, -0.08572102622105605, -0.05043383023945432, -0.16971285739242192, -0.11131564921748328, 0.1426241457439866, 0.1792830838889735], "trans": [-23.539017207117855, 6.224188669871761, -0.612034123369768]}