{"betas": [1.0007394031128156, 0.13998077818863408, 0.20322321153559939, 0.06919845010960525, -0.06355964225067326, 0.0988583210768853, 0.031004152589175965, -0.07600298470585287, 0.01954775199647453, -0.05391534064665776], "pose": [-0.040453773504382354, 2.2028944157885157, -2.2028944157885157, -0.4304909153779022, 0.01642547860738672, 0.03802480005079616, -0.035307296795465085, -0.06540772058375978, -0.010893401226075801, 0.2854387953504366, 0.026856778670791295, -0.01698403213281202, 0.11922403004910759, 0.053212089838255726, -0.13783969490624318, 0.7161427325588932, 0.06972558383010592, 0.07389585099589091, 0.04981659225132213, -0.03866983351506824, 0.032889536635171426, -0.05201252011095228, 0.10754334769238193, -0.10216194136479081, -0.1702002396495565, -0.13803367525266075, 0.18065335932804655, 0.02776907300482637, -0.042409919188437006, 0.0017765704888406243, -0.2573172858725446, 0.24384620102423696, 0.27499891080481037, -0.11459302528013, 0.07322127166119458, -0.2538945397961866, -0.07352926428391433, 0.11303039404006664, 0.06362016203554581, 0.052944097057825955, -0.10430437342083064, -0.42756709179135055, 0.012106496426983152, 0.12952646825292338, 0.420019781686733, 0.2510084913580945, -0.03961030721164579, -0.04326528110116607, 0.16467000721428202, -0.371490582754347, -0.8454217973028414, 0.21697318685824413, 0.2898988363446256, 0.8144346306664593, 0.40484791215451593, -1.346023542902527, 0.3207185681669896, 0.07773042015705625, 1.196400333880266, -0.3360574978745272, -0.005265067791143413, -0.08458063838114713, 0.07373104546553574, 0.006953730544249348, 0.09025374133335291, -0.052909538681660505, -0.1955660681149448, -0.04986236848800087, -0.21835148682124114, -0.1569491951953775, 0.115626282604523, 0.21370025542473048], "trans": [-11.20874481840653, 6.863351315139935, -0.5059790702334037]}