{"betas": [1.8964894903024812, 0.31493576625010133, -0.1035326407414528, -0.4364464500446508, -0.04973432451903863, 0.09833628269918979, 0.014303769774192097, -0.026993742994641887, 0.07112343154180402, -0.03308173982274214], "pose": [-0.3463687198982538, 2.0389100739134847, -2.0389100739134847, -0.03398330823283398, 0.006899720949019938, -0.03358806432310339, -0.4989562088851756, 0.030079819047973418, -0.0004477502111039209, 0.29411865892851075, -0.06480959562111088, 0.026372087820606963, 0.785850926536565, -0.14182943421153105, -0.30495674501851006, 0.2921950199359018, -0.07929862860582848, 0.09802851419902808, 0.016772360202155764, 0.002040022923109847, 0.02567487714792889, -0.045238462604720545, 0.08377735004624255, 0.0003821887122941823, -0.03934657427997616, -0.2271616830506658, 0.21948796216751448, 0.05526801562526116, -0.04917823315348584, 0.010846433306424083, -0.30321393277043424, 0.2332382652135654, 0.04886769720414141, -0.08995913572524027, 0.25174850715887864, -0.3793007362688828, -0.07394787262876445, 0.22196686113869413, 0.053523601246263056, 0.03323894202413332, -0.1104462992613126, -0.3902041785747923, -0.010940317541335648, 0.14092259632559792, 0.4057955877723579, 0.24610803031706194, 0.11433494646840599, -0.0785309925438269, 0.1454479768776527, -0.3235631383226825, -0.8329609479719273, 0.3319759406373813, 0.2727439002976287, 0.8762924261963995, 0.37512115775228294, -1.2538282257646662, 0.2541653745353814, 0.2687001388943423, 1.269808327374601, -0.22987712704500385, 0.1285835759462296, -0.11385119667369918, 0.23363503651083434, 0.10687320034792858, 0.1422687069266941, -0.1819377387946968, -0.1941354151524984, -0.09200190955068278, -0.20851954939297926, -0.11211202281724085, 0.1397061738731172, 0.24076416573584053], "trans": [-12.104320175811514, 8.628038965808978, -0.5295150917502143]}