{"betas": [0.40466836330444017, 0.05863328700476435, 0.12669029315925331, -0.03563903324106255, -0.03161275739992719, 0.041330373522867565, 0.0442195718616265, -0.05240537505411271, 0.026760476646685124, -0.027919142557181535], "pose": [-1.6188912306745231, -0.09073258311275448, 0.09073258311275448, 0.241788152557646, 0.05582601287137866, 0.03460497618910592, -0.5054501207337926, 0.014245850841931154, -0.06922952219770301, 0.24475516768717354, -0.09792869787689762, 0.034129516760954985, 0.31306485391148364, -0.09627945440518751, -0.09975520500869073, 0.03700626438304018, -0.0820212506250109, 0.06878629072108329, 0.058253924727658626, -0.03705307460879559, 0.04085934328941869, -0.11939813533851147, 0.07901949183508089, 0.014102598538956136, 0.06514575913693318, -0.17545541131709835, 0.2732889598012797, 0.0555486725006278, -0.0776264915484462, 0.004600316102502512, -0.2727235378237689, 0.23375802076153282, 0.03322244933695716, -0.04564568600522117, 0.20759593176625538, -0.37963109149700974, -0.10106914383202162, 0.047199138329281236, 0.0019185967791616534, 0.10247997821761065, 0.003438414405803847, -0.3160410446044726, -0.07690792648121478, 0.11664974306194796, 0.12144882959258622, 0.2144071446228778, -0.016810166875601357, 0.0024533911699791758, 0.18325512233123273, -0.4705856247052162, -0.8460748992023948, 0.2979517252922716, 0.3610868919323772, 0.8802567954842748, 0.5866133266661628, -1.535693836529071, 0.24904533027777975, 0.5267490235599157, 1.610557576752039, -0.29918952662428167, -0.11145314430743371, -0.124636542867006, 0.09962113031142673, 0.10070292298596101, 0.058598072866705875, -0.04383601954454603, -0.006658398254696098, -0.04685189137817008, -0.11920913086373675, -0.06710153394856973, 0.13310641144257995, 0.13607152541096243], "trans": [-10.56834394188554, -3.0091477112842218, -0.7787696609703568]}