{"betas": [0.33303066142902105, 0.22906885785386125, 0.1321746135337195, 0.03485680493593007, -0.034928744222964915, 0.03738652273642406, 0.06435992437738675, -0.06135207138309116, 0.004712805749211021, -0.03328562850670294], "pose": [-1.6556502001940743, -0.3945687364159409, 0.3945687364159409, -0.4189896298887767, -0.004846979836181069, 0.04018401707229338, 0.2601664471467276, -0.019953209939279994, -0.05397804749595616, 0.27718051964179213, 0.002025607961376212, -0.009921431127518952, 0.10992898703160886, 0.06770166528183896, -0.005580516883811205, 0.6469656538900362, -0.38083017617658554, 0.04908057105959934, 0.04608741348291953, -0.048118885307810354, 0.02936690541671747, -0.020482027578960817, 0.09366381947049907, -0.0893685119275727, -0.14256039905725143, -0.10371202954743977, 0.20306343436832458, 0.0241724745473723, -0.043649342173185945, 0.010739647759658282, -0.24524953380097192, 0.24790382948844036, 0.24231190585665252, -0.08467560029680815, 0.09831877132724283, -0.2823891635538401, -0.07329778491272104, 0.21442703498107216, 0.038565635895329645, -0.008843994814279124, -0.22811536771328228, -0.32035891705387604, -0.027582487229189177, 0.21315752347254935, 0.3093386720130312, 0.24392924287452053, 0.04804485912961639, -0.060619571593535954, 0.13078671200419695, -0.5276922663080083, -0.8407000984904218, 0.141723315716515, 0.4132094794615341, 0.797109054048404, 0.3691954597756675, -1.5041067956894103, 0.41413011613040973, 0.000690048490834612, 1.2451591519005503, -0.417854810179915, -0.08107106942003807, -0.09298013606481771, 0.10446662350695003, -0.06766134194265407, 0.08337898169017234, -0.06588933107108903, -0.15020862866218973, -0.04819766150212169, -0.2140785666158458, -0.15470432274432439, 0.11373327465767927, 0.22627010880859857], "trans": [-12.204086236028601, 5.200255033008903, -0.5591811411034585]}