{"betas": [0.12182979554792384, 0.0498104030700563, 0.01874907528210161, 0.028247290178977192, -0.01045515424154793, 0.003794310233826808, -0.007750463989420916, 0.008476040652062412, 0.013630708331879994, -0.014916307566096007], "pose": [-1.0998281366368534, -1.365675778958064, 1.365675778958064, -0.3735729159063465, -0.03169664601415942, 0.1019787580923821, -0.3949458345565892, -0.023347508135415, -0.10714128394771102, 0.3031183679789035, 0.0006148399201699587, -0.0033810699385722945, 0.7465885449282286, -0.023006820261346792, -0.15347318712294358, 0.8976579886068303, -0.01994374314975088, 0.08716340821306692, 0.007437291883257868, 0.01790265104992369, 0.00447059860329866, -0.08784920776878212, 0.05587102700724518, -0.011312448699623286, -0.19209911159919485, -0.1775349221820067, 0.16488408401384633, 0.03157656620718013, -0.03154981477777611, -0.006586407217414842, -0.33498559755479335, 0.28888666840480076, 0.1575980121203959, -0.1594532903165275, 0.1243165001024238, -0.32289595098815005, -0.19530784236491258, 0.20170989115362925, 0.04093190956962406, 0.054166030975706686, -0.014999803300443398, -0.4743388305564839, 0.008077766991519086, 0.09637368166722378, 0.4466396357696324, 0.1765923845980683, 0.09505606086672992, -0.10114790927892302, 0.18405877326977463, -0.29535801392990924, -0.9903460338429556, 0.2947267169585814, 0.2955575768855736, 0.9547937265216545, 0.4008174530973485, -1.5028954643036534, 0.42830154371556584, 0.14320190642248554, 1.4588216870029946, -0.4363818823413834, -0.04670067915376807, -0.06634250261630371, 0.1711937572989819, 0.03333865024541438, 0.12044525629983455, -0.15328081857567047, -0.17501635776908045, -0.08069989862816335, -0.2329585119808785, -0.13155146037254106, 0.1348256789646358, 0.2503684525348103], "trans": [-42.433174911652976, -9.08466933094025, -1.179152289705749]}