{"betas": [-0.10716845975804463, 0.03555393559239171, -0.022909588301634677, -0.0022321960585287635, -0.011360188238027402, 0.007048778770267401, 0.0026244476494828445, 0.001119221678184007, 0.011361241992361597, -0.011308692156923365], "pose": [-1.3728145407601504, 0.9085481477170468, -0.908548147717047, -0.5147506936795824, -0.027464063145075115, 0.18573280477188814, -0.5686537748835708, 0.0013130583502690366, -0.17083000216857666, 0.40137124270768093, -0.00878995252675931, -0.005037844291971198, 0.8219156910182257, -0.038070711276515616, -0.156712579990012, 0.9258432303254661, 0.014573505890776954, 0.08817325316681357, -0.013715767476619083, -0.0003475955411563456, 0.018784411102206234, -0.12634958396367255, 0.04902905733968034, -0.03146613269807668, -0.1835743282361866, -0.13863759194813188, 0.18975249920547832, 0.018914032582654016, -0.03723295637549709, 0.004937108696616763, -0.306992849628777, 0.2931565232561231, 0.18193969645544722, -0.15395797281164647, 0.07433284816000395, -0.32903729346701094, -0.20694654634068554, 0.0738533329090616, 0.042841394205936925, 0.013174254899930038, -0.07660934881312577, -0.37446587110224777, -0.043441003179900455, 0.14148334309364805, 0.3506312154522339, 0.12756422125138997, -0.053071172236562686, -0.03429911616900218, 0.049225312173680404, -0.35053703006989334, -0.874549502703211, 0.16060694933133446, 0.3213182062233397, 0.8723762367241431, 0.1808209300720936, -1.4996822283821256, 0.5516005180165863, -0.026120049033817015, 1.5367299195950752, -0.6051793841090418, -0.09664281878926224, -0.053040781419809474, 0.23201839640387337, 0.0014180790900559773, 0.11247068739705006, -0.2118674246295885, -0.1366385241104235, -0.07172257043962182, -0.2353966697011355, -0.12642505897643927, 0.14043259240865633, 0.24968288078239623], "trans": [-60.146973718087956, 5.429877892458529, -0.9279232122782977]}