{"betas": [0.40466836330444017, 0.05863328700476435, 0.12669029315925331, -0.03563903324106255, -0.03161275739992719, 0.041330373522867565, 0.0442195718616265, -0.05240537505411271, 0.026760476646685124, -0.027919142557181535], "pose": [-1.5685854256360914, -0.09774117102480784, 0.09774117102480785, -0.18992666912503384, 0.006951664592763707, 0.08547527640661318, -0.39794332947368294, 0.03773864814242876, 0.016532890331746042, 0.2867655808442372, -0.05362346939978061, -0.02148590530973286, 1.0392487130069936, -0.23085117589394918, -0.15593849495790124, 0.33050223227015363, 0.18085864903362103, 0.06847549682644628, -0.05895995083855612, -0.048868152009384026, 0.06378429918146734, -0.16638169466727465, 0.10622962281620592, -0.02818607788802953, -0.08596416209957826, -0.15644597487801978, 0.20916112846346602, 0.07835177338428247, -0.08350644244296239, 0.0037626934464597573, -0.29199985335160455, 0.19673306167461013, 0.060280483333234124, -0.11942805322623667, 0.10112840027401869, -0.3303968566141795, -0.10106914383202162, 0.047199138329281236, 0.0019185967791616534, 0.10247997821761065, 0.003438414405803847, -0.3160410446044726, -0.07690792648121478, 0.11664974306194796, 0.12144882959258622, 0.2144071446228778, -0.016810166875601357, 0.0024533911699791758, 0.18325512233123273, -0.4705856247052162, -0.8460748992023948, 0.2979517252922716, 0.3610868919323772, 0.8802567954842748, 0.5866133266661628, -1.535693836529071, 0.24904533027777975, 0.5267490235599157, 1.610557576752039, -0.29918952662428167, -0.17908435996976918, 0.02706871879333019, 0.11272024591123558, -0.12473425563227372, -0.018854743405911135, -0.06250693544753325, -0.02962181775504429, -0.04056327546630725, -0.16068838521621795, -0.011413650687788672, 0.1146897288096508, 0.17846331126228002], "trans": [-10.653424073474799, -2.735024267902598, -0.7453196821377593]}