{"betas": [-0.04531959800123942, 0.25816046623113975, -0.10443940742347267, -0.07597029208210594, 0.013911735992459227, 0.013954990810594958, 0.00840059268463032, 0.018210526354907698, -0.01144635948893292, 0.002226290135924623], "pose": [-1.519643646926685, 0.1205811279548965, -0.1205811279548965, 0.210647597136583, 0.07892833755261375, 0.029821506895424107, -0.61281464928893, -0.006487832960782629, -0.029188485063774354, 0.36636383950441176, 0.04172151702275407, -0.016500984739144697, 0.2926601573575505, -0.15363350084176178, -0.10630467134974653, 0.2054668510712152, -0.12325137681258153, 0.11640250253447014, -0.015365330765517814, -0.016975112028821213, 0.013422061195047429, -0.030115278469590792, 0.11085418509804386, -0.09435498022261748, -0.17381360498401394, -0.1693931623530635, 0.1809445845238865, 0.030041295290062588, -0.01908142781455488, 0.00565972807233634, -0.24216162945494293, 0.20939587461117784, 0.2372525256146435, -0.12456153104552872, 0.10701442824161746, -0.28941625586868325, -0.16654333874548294, 0.13741895769568477, 0.030175601530960695, 0.013833872845743129, -0.06165720290023674, -0.38516120226813766, -0.010464852366366049, 0.13097598403307498, 0.38246172932089356, 0.14361136639532618, -0.010635710099530378, -0.026434158769146683, 0.07671431440083122, -0.24092089590861235, -0.7382312095158107, 0.14987057750401733, 0.2633279182501446, 0.7517818290886774, 0.16442574198379933, -0.9656444142419468, 0.25365980267009725, -0.02640431698591771, 0.9220250296606355, -0.26417027312009184, 0.0072334181251226025, -0.051367013006529495, 0.13150052099400134, 0.007864432584144203, 0.07168730393278809, -0.09334247073367985, -0.20953649322285262, -0.058409502557110735, -0.20657082150721762, -0.14173891359194343, 0.10929632821600799, 0.20756014377455953], "trans": [-28.695446683349296, 8.835175501863466, -0.5201132569117598]}