{"betas": [0.12182979554792384, 0.0498104030700563, 0.01874907528210161, 0.028247290178977192, -0.01045515424154793, 0.003794310233826808, -0.007750463989420916, 0.008476040652062412, 0.013630708331879994, -0.014916307566096007], "pose": [-1.1456560593987837, -1.2969885914922719, 1.296988591492272, -0.38164254171471895, -0.02860910869418512, 0.1008931369272099, -0.44083589098078013, -0.015438531694267977, -0.09843041822459345, 0.33120774606492354, -0.003874126614182125, -0.0008499522544589114, 0.7124547080680753, -0.034949889306291705, -0.1449091380972708, 0.8152035513310769, -0.022134736120592916, 0.0874519121373253, -0.006166766727876984, 0.004161017807690716, 0.014056820137513281, -0.08044776163133055, 0.06690283908754388, -0.027393700099975115, -0.1574860032598117, -0.17581130043687315, 0.1862150512514118, 0.02808773721067293, -0.03027445680737939, 0.003002754180369166, -0.3035782101963944, 0.2618108686988839, 0.15319230614354143, -0.13384996087661644, 0.13011770256109662, -0.33679967254265486, -0.20061856808057538, 0.11984408203981554, 0.041118717478012934, 0.022969175024742647, -0.057142912712734896, -0.3931469902957286, -0.02473630995603067, 0.13130372134526752, 0.37939933596858044, 0.14553029515853988, 0.0008006019019106466, -0.052626512956330446, 0.12127220493938044, -0.3108037370599651, -0.8794821661290709, 0.22921728682205825, 0.29252070392892804, 0.873005541831917, 0.2959767034922444, -1.467737189728359, 0.44631694849670006, 0.09287033117944836, 1.4287647829234946, -0.4545674605053076, -0.04156373302260897, -0.08433118026800504, 0.20595107262198709, 0.03321739919595996, 0.12591035223188238, -0.17752971006117774, -0.1563671906550897, -0.07427623929253394, -0.222086526927948, -0.117833937358491, 0.13300265986212947, 0.23637499195573725], "trans": [-45.18186702180808, -9.83360978159508, -0.9312369280046098]}