{"betas": [1.8964894903024812, 0.31493576625010133, -0.1035326407414528, -0.4364464500446508, -0.04973432451903863, 0.09833628269918979, 0.014303769774192097, -0.026993742994641887, 0.07112343154180402, -0.03308173982274214], "pose": [-0.13058785502864406, 2.1590765553054228, -2.159076555305423, -0.3847785976881505, 0.028630534365753357, -0.0002261116372479833, 0.11641007971621717, -0.019923803167392194, 0.05223965864385036, 0.14265101390806986, -0.0799600905621833, -0.03739501179531863, 0.40027375789889647, 0.22172514437060678, -0.17766300544183367, 0.7368316388891442, 0.1798792473421124, 0.07482064929928088, 0.07899473767517555, 0.09419803409260526, 0.021687531052451393, -0.0471265520773538, 0.22677990042705376, 0.008561742838283381, -0.12572337721465096, -0.17959666435037477, 0.13000695946557228, 0.07384551611219943, -0.13567891373300803, 0.0015631809940398235, -0.13843618590667062, 0.13118814915528237, 0.14419147365395735, -0.05014654925319624, 0.2577544053488251, -0.19050765872644454, 0.0905875058792292, -0.20016493644917016, 0.19168674947996558, 0.07145247837180223, -0.3299686102605356, -0.3326453434104697, -0.07857124938885858, 0.25846113796903447, 0.3928933948314427, 0.4467673775552262, -0.4311181264447239, 0.09522454707880107, 0.20525466191280523, 0.07155414207641311, -0.9108907556471689, 0.35999094569791806, 0.2668928614836416, 0.905235694563054, 0.5487871362811146, -1.0508072209849428, 0.05319661061721544, 0.5005305947997618, 1.1633550822903445, -0.1179825325053921, 0.20542685404411382, -0.09793757440923513, -0.011147798225097327, 0.03473504496181908, 0.06496882477574523, 0.06668761582418298, -0.2720046739565493, -0.014779942358818863, -0.15193845040187878, -0.09487980226502123, 0.10301119008046697, 0.10625344552875385], "trans": [-10.391953190912215, -2.819889213812932, -0.7888752292130767]}