{"betas": [-0.459125293958982, 0.2836700625543276, -0.2828307762064238, 0.06170009900103966, 0.04114696315793381, 0.017447099752977802, -0.018216663065381097, 0.013285817624318214, 0.01584973647464493, -0.019639755817989615], "pose": [-1.657105924744811, -0.3679695531204802, 0.3679695531204802, -0.007377608902537892, -0.004589981407567799, -0.003198411702693381, -0.43585803452976035, 0.002713573591690166, -0.07673672194277575, 0.3905733793974764, -0.0273548987970435, -0.006458485383826073, 0.261484818177384, 0.0030297203829155253, -0.029806285299532595, 0.9094347117800222, 0.03688754962226705, -0.020621067559231765, -0.04451179953596648, -0.019468547801810236, 0.02433733903908685, -0.08669922746283017, 0.09468183777212753, -0.04299866904320932, 0.09906801476776761, -0.007463694820844781, 0.016860877184581777, 0.02133517083338169, -0.04095525309061148, 0.007302853255695691, -0.23137174891983256, 0.2019241673988283, 0.15754546964196728, -0.10877276992440568, 0.16107621581281295, -0.3644288854083535, -0.23159345080385108, 0.1049513742130022, 0.0466289676522055, -0.0108138659645782, -0.11096249903889427, -0.3570400703094815, -0.08489831911367263, 0.15606857494532833, 0.34189408533341237, 0.11888815933765441, -0.05375978981132274, -0.03248530727420622, 0.015266772091555952, -0.23402153580059765, -0.8601990885525831, 0.11279849339505969, 0.31767286912658343, 0.7477250057069673, 0.029058855932909317, -0.8464757507805095, 0.250889009680526, -0.10664284038792367, 1.1648339762276145, -0.43121134624515317, 0.03285092146871426, -0.04405349844100498, 0.16577351624360406, -0.006244696864163306, 0.10415496002206714, -0.15588103813170917, -0.23870536559424108, -0.08272570846821209, -0.24410728235237794, -0.1287068733866342, 0.13297423437461922, 0.2500756418637169], "trans": [-11.237734146968666, 4.093259991291308, -0.5731060234810925]}