{"betas": [0.19173745763710806, 0.20679507266967936, 0.025545764337162807, -0.024244743693028488, 0.0007202369641003663, 0.013236882350636182, 0.021343764601424748, 0.007373052342460504, -0.01918535564321634, -0.005662447391478864], "pose": [-1.5077406399565048, 0.5977547178138662, -0.5777547178138664, -0.6326777581140811, -0.03377833493091275, 0.020942758162491623, -0.15053043661708465, -0.04294508259826605, -0.014148514483454042, 0.29366715236988084, -0.015834277975306097, -0.028896963484038037, 0.6832484597199254, -0.027652149676469697, -0.15877723731615154, 0.2526605061461409, 0.04214393011514503, 0.08794212772046286, -0.08916413406760951, -0.06966642248522584, 0.05343740122613714, -0.0682113176881806, 0.17213681862711036, -0.0711634166744717, -0.14591102924056232, -0.19790127961355997, 0.2647092530233231, 0.045773892968417884, -0.07275592665336436, 0.011285710826396393, -0.21873731787690023, 0.12167094784363927, 0.20138680117101057, -0.1383703999714133, 0.17334361308243107, -0.4213620736987746, -0.27080862008301765, 0.05404548008043318, 0.03523040094794271, 0.0026513257999404797, 0.035251287777422174, -0.28711942126260165, -0.06838577863124039, -0.08866058817648992, 0.3198968728603855, 0.05901500625730108, -0.06948589076624778, 0.01833092869897298, -0.011851014678292221, -0.1626171303974811, -0.5937394379163587, 0.1401532137759996, 0.04105823070369701, 0.6491640441028558, 0.061051706416486266, -0.7595041021330708, 0.16844039515535417, -0.1174705480613135, 0.7910713192182406, -0.25784467585917453, 0.008161163684918437, -0.05928450176484011, 0.0510481683876447, -0.05134520381070199, 0.06317673902086536, 0.011770304017498127, -0.21042363211843712, -0.056115187174151517, -0.21213894760050167, -0.10529162316547964, 0.09715459295255444, 0.1961407427378899], "trans": [-28.601083790042793, 12.032618284148407, -0.4593511077406699]}