{"betas": [1.7511515842605234, 0.3670231778082652, 0.03978433168027672, 0.004913282851196045, 0.02958606384598556, 0.001461046037256542, 0.028411238985692, 0.012589726574853976, -0.014340388809218167, -0.004234100351574732], "pose": [-1.6266845966455585, -0.06055433599632229, 0.06055433599632229, -0.2452576227971076, 0.03094013183363749, 0.09483651368770438, -0.5769710966788744, 0.007943425471480166, -0.08401118919395054, 0.31610037929622253, -0.06777051616020285, 0.008834796275020793, 0.5594445276032557, -0.08883390482970001, -0.11231220720156504, 0.603955849449561, -0.008374259212204296, 0.08450485225816985, -0.026790026139760278, -0.021838277628248505, 0.029767315641268027, -0.0755094222436158, 0.08248822250582798, -0.06988314412479407, -0.06823320543258532, -0.16698341177313888, 0.26769352308712974, 0.030964970182547687, -0.07278350500314017, 0.014203576320529779, -0.2773753551585441, 0.2158119550249702, 0.14790133694858032, -0.09035247289373564, 0.13956972059040443, -0.4015913239427629, -0.15775044180111553, 0.09906879197998301, 0.033445913645778605, 0.005464772164414805, -0.03401716770310015, -0.3365081943613611, -0.03825713763012527, 0.0019389507585772642, 0.35508314541978986, 0.17239097721297544, 0.00010494143798351698, -0.015391428607562537, 0.12567046246869396, -0.42041619367776845, -0.7087138451331142, 0.27511241712866175, 0.42334739991172443, 0.8067205140147645, 0.2988000541394352, -1.4221326234210727, 0.31537818275919244, 0.31538216072056374, 1.1737007900691403, -0.13003520931444168, -0.08689138048335766, -0.08077107910130361, 0.16157114394469024, -0.03199486025368461, 0.08566252445676353, -0.10329090659880939, -0.10056595190957666, -0.0733459622822736, -0.20775939950465755, -0.09713969775927818, 0.124818181545378, 0.23123474476826053], "trans": [-27.440305628762637, -2.741094108891646, -0.9401294348437779]}