{"betas": [1.7511515842605234, 0.3670231778082652, 0.03978433168027672, 0.004913282851196045, 0.02958606384598556, 0.001461046037256542, 0.028411238985692, 0.012589726574853976, -0.014340388809218167, -0.004234100351574732], "pose": [-1.5823581871433907, -0.17186137123808404, 0.17186137123808407, 0.0022571315542416503, 0.024025300514654662, 0.01987925667510826, -0.5609634179074313, -0.009722157849461567, -0.06240363968885457, 0.280881543397428, -0.08465448288474402, 0.027806893189644494, 0.5787988413494043, -0.17953435992104522, -0.09534217586956517, 0.5895656971362924, -0.12630832466058134, 0.09496970066241449, 0.014914797977707464, 0.005911045397182916, 0.01383300305357827, -0.0896417469292011, 0.05133487093695883, -0.020584730665583452, -0.028009272926592964, -0.20760782607940567, 0.2505453754954738, 0.02631222229745762, -0.057405862382426225, 0.009868595578073278, -0.30998516308141877, 0.2631351359871145, 0.04639419105245484, -0.06675730362405195, 0.19747876909681011, -0.3815944532293706, -0.09381196435644155, 0.063570546576947, 0.0383044369987184, -0.031134210609234783, -0.15424168486661788, -0.29273424907266826, -0.0407256022884126, 0.14721350389296842, 0.3265362654993244, 0.2507153733088289, -0.019451897220748873, -0.016333550448382486, 0.12567046246869396, -0.42041619367776845, -0.7087138451331142, 0.27511241712866175, 0.42334739991172443, 0.8067205140147645, 0.2988000541394352, -1.4221326234210727, 0.31537818275919244, 0.31538216072056374, 1.1737007900691403, -0.13003520931444168, -0.12098818885263997, -0.12550105242454546, 0.21793158807070287, 0.04038819566532331, 0.09600812427721424, -0.13152998156654852, 0.016079453639027276, -0.06607270456383421, -0.1541492952971061, -0.04651686726968201, 0.12820418246217777, 0.18921519781757254], "trans": [-28.258382478512626, 1.6150349315618218, -0.9003646368030945]}