{"betas": [-0.459125293958982, 0.2836700625543276, -0.2828307762064238, 0.06170009900103966, 0.04114696315793381, 0.017447099752977802, -0.018216663065381097, 0.013285817624318214, 0.01584973647464493, -0.019639755817989615], "pose": [-1.6555219514336323, -0.08443825391296092, 0.034438253912960924, 0.12633004113950957, 0.0, 0.07500000000000001, -0.22150164420931945, 0.0, 0.05, 0.2811871627364662, -0.07366744330426622, -0.004815175253967432, 0.766157006267195, 0.0, 0.0, 0.19767990863825666, 6.938893903907228e-18, 0.05, -0.005450461157847386, -0.0827979729594031, 0.07001967910647336, 0.039282968229667294, 0.011947876961868338, -0.008292510054769955, 0.04883932008210535, -0.0017348296453009518, -0.020528173069710443, 0.001295417240347936, -0.09406996206797583, 0.016041495052731464, -0.2451556283850783, 0.21913954443405068, 0.1651202242838929, -0.09788196873878179, 0.11962984127020958, -0.41990685286397744, -0.11946269187411321, -0.022563777816111682, 0.08685719636493872, 0.006471302956643682, -0.1950204088243827, -0.2618023144827929, -0.1131275088029529, 0.12280093401280806, 0.24709670895907196, 0.17452986281147403, -0.15299503586113672, 0.02009507504532297, -0.009745019295570968, -0.4050989021545016, -0.6930739872336293, 0.20310933024919864, 0.3079551939640002, 0.7808387117124085, 0.17517697295012452, -1.0499398020013233, 0.25531258428757575, -0.008530943377439672, 1.901064525544193, -0.4930546135078836, -0.01848087699808568, -0.06752181993835005, 0.07834294296070098, -0.04890591611106917, 0.0869691812985146, -0.0846204261394601, -0.1643070495236736, -0.06002713229211453, -0.2488247576915722, -0.12939178065605478, 0.14337674233397665, 0.24886883773287963], "trans": [-10.045506768185986, -2.039086483975697, -0.6309545171455033]}