{"betas": [0.33303066142902105, 0.22906885785386125, 0.1321746135337195, 0.03485680493593007, -0.034928744222964915, 0.03738652273642406, 0.06435992437738675, -0.06135207138309116, 0.004712805749211021, -0.03328562850670294], "pose": [-1.221475033473345, -1.3484637653917195, 1.3234637653917198, 0.21336939189142243, 0.04578778335480605, 0.013749849078072654, -0.4969887869380496, 0.03602324702170595, -0.023630194998694495, 0.40272743901313907, 0.03972038417530936, 0.002345676016900719, 0.09835602963198284, -0.08727024549331293, -0.07524286026240534, 0.31889621287429354, -0.046979118036456824, 0.06011603656846783, -0.004909213787109086, 0.01091899147912096, -0.009379798368676603, -0.010328932112048685, 0.07972943761032839, -0.049447402800773366, -0.1514052046444804, -0.165903655889233, 0.16135713991538328, 0.027019793285215653, 0.002932109359358596, 0.006672927449805627, -0.2575900044573656, 0.271360203277136, 0.18403129935576165, -0.12375158165482959, 0.12856191664315963, -0.2766265145836569, -0.15233874373175432, 0.19968352020334063, 0.0188601942114016, -0.011218733580001165, -0.14030602994887464, -0.3715780482472469, -0.017140545125127835, 0.25785660017160333, 0.34728748595391346, 0.15985242851365278, 0.05797085228343068, -0.054473652276967224, 0.07770009731999483, -0.32111193986374437, -0.8195691109084923, 0.18100443081297685, 0.42610768004711286, 0.8428958374480462, 0.14505814246585194, -1.2554467741720208, 0.40014413226158796, 0.0941562473144253, 1.2738177876713224, -0.3593325844625411, -0.020096589451690138, -0.0796408904477056, 0.28385254045761615, 0.05276501527607193, 0.13055539249191933, -0.23388943070889903, -0.1633291817774087, -0.06846438572953255, -0.19251726628131285, -0.125292944851816, 0.12389427188988111, 0.2119711534627475], "trans": [-20.26495206242139, 11.63517512141533, -0.6868915199924609]}