{"betas": [0.5425939922495325, 0.47738774179747123, 0.15292601182064422, 0.1712734498191424, -0.026676199413162845, 0.029053080237652254, -0.052279591306768236, 0.04030904345707816, 0.08374319963315201, -0.11291980133855471], "pose": [-0.924264888043022, -1.5898329616546112, 1.4648329616546119, -0.12129079331857578, -0.044061103917880706, 0.0812732522069909, 0.050866446363190605, -0.17494055919224605, -0.0409043262228457, 0.3425577185503918, 0.0009733675668116269, -0.003509219277115873, 0.21910121698047186, -0.1078016471309504, -0.1362466382454304, 0.43748004912552163, -0.01893261878104311, 0.05056351850234921, -0.030968867642412298, 0.007523638842502773, 0.017136183542184845, -0.024195724625568415, 0.07234337896288072, -0.010616589845340346, -0.08527271063729924, -0.2068357314355525, 0.19625679367309976, 0.052069870212246155, -0.03423357109574533, 0.00037863093549983474, -0.29727879094383114, 0.2144895747424749, 0.10707919049872085, -0.13192168098904158, 0.1740366331546787, -0.35639494420237644, -0.27628141487587043, 0.603077527145416, 0.017164497307449122, 0.06213994900350616, 0.05438497093132301, -0.47143818057719655, 0.0070950859985520415, 0.024803853456086277, 0.48696390107361975, 0.34596797874763563, 0.44680717522636565, -0.06948478896648536, 0.1417358935117514, -0.19687565820182248, -0.9392957425015492, 0.28075304322945127, 0.18517419045794586, 0.9551823495114398, 0.2611567045941979, -0.9964374878856724, 0.2637494985034984, 0.04017733302207078, 0.9834129542914298, -0.2882882383290472, 0.013047404907014757, -0.03590590967012503, 0.1416167338382638, 0.02912164558005595, 0.08021241848210073, -0.12264185210292168, -0.21438313605626388, -0.09413629117014256, -0.22883012839172234, -0.12707560507806176, 0.134917900058125, 0.2528207734799978], "trans": [-26.738520718622244, -13.101868783776043, -1.306242123487209]}