{"betas": [-0.10716845975804463, 0.03555393559239171, -0.022909588301634677, -0.0022321960585287635, -0.011360188238027402, 0.007048778770267401, 0.0026244476494828445, 0.001119221678184007, 0.011361241992361597, -0.011308692156923365], "dual": [0.004165572388416042, -0.0042353428067055665, 0.0015506381386515763, 0.003316879800697474, 0.0005811757730999519, 0.0005964885868495473, 0.0002867817386659811, -0.0003706114589436554, 8.853764019764628e-05, 0.00027120600952924324], "pose": [-1.2439553585971899, 1.1533991380652284, -1.1533991380652284, -0.5111297031333379, -0.03743767829016196, 0.1325326622347299, -0.5005749074167651, -0.012504497596079134, -0.11910850531527477, 0.404498522716403, 0.007127926956135092, -0.003937318539278133, 0.7946416109582649, -0.007923358138984664, -0.1581236182605082, 0.894956835112206, -0.01401683885570046, 0.09135940357095487, -0.011484204400190127, 0.0007907454398551039, 0.013720846441247754, -0.09227336596171554, 0.05758621474295046, -0.02054132895359512, -0.17797877716978316, -0.1591937268944119, 0.16807659210157505, 0.027061617609430957, -0.02637804651231487, 0.003187090876663423, -0.30227861409721674, 0.2850731082414336, 0.16033962476324917, -0.1412902024830039, 0.09769888662176703, -0.3114843807097641, -0.1824133387143871, 0.0793014405633539, 0.0421623365047177, 0.008168004054589655, -0.0792842558763397, -0.37166375077875013, -0.04711217590741944, 0.1625084830429032, 0.3432049504787392, 0.1479746081494506, -0.044688951456282794, -0.03765517915679263, 0.06156943328285417, -0.31869810938573395, -0.8623696780294863, 0.15604933010960084, 0.33389195415013667, 0.8527714086639024, 0.1901005037909596, -1.4657159536864468, 0.5232589341981799, -0.004091675202556294, 1.5253017776962918, -0.5818519139365129, -0.06864650500684041, -0.06273186029910717, 0.24341625551913504, 0.02121572720048311, 0.1249877475306143, -0.23130261353389098, -0.15383276001624246, -0.07388286039641521, -0.23186716593872037, -0.12119424818960824, 0.13933227613381932, 0.24824271794861047], "trans": [-53.472973135730896, 6.808082831609557, -0.9421612845876354]}