{"betas": [-0.10716845975804463, 0.03555393559239171, -0.022909588301634677, -0.0022321960585287635, -0.011360188238027402, 0.007048778770267401, 0.0026244476494828445, 0.001119221678184007, 0.011361241992361597, -0.011308692156923365], "pose": [-1.3424987103045343, 0.9728942448916539, -0.972894244891654, -0.46773893118501736, -0.04578922692511938, 0.06962501452465968, -0.31876107680604937, -0.027231891314734392, -0.056614040589974525, 0.35293408094386086, 0.032836234477098006, -0.007618403741728869, 0.6810449171916257, 0.03870104991084982, -0.14876464545906162, 0.784867822445502, -0.008546799318053647, 0.0773571955822633, 0.0019245929138938995, -0.011806366802365987, 0.014473300171895756, -0.04984350748963464, 0.06703803368107802, -0.019132426700601862, -0.16979062439207188, -0.1637161229785394, 0.1485342406865858, 0.031900911848822266, -0.016747639583128485, 0.0004254544356302274, -0.28370592023061997, 0.27508830569759907, 0.15539662550537242, -0.1267933580886194, 0.1152521602300666, -0.28524853573851594, -0.16258860189194618, 0.07637596973461615, 0.052595529986197875, 0.004829202875962124, -0.0829104484426665, -0.3723576203096429, -0.06047752883789228, 0.17903420179514654, 0.33774036907917404, 0.17062453218948054, -0.05264972450175336, -0.043705014125073396, 0.09202404170756805, -0.2946873314420743, -0.8754624780814422, 0.16716047680201204, 0.37007462978839895, 0.8526177306618825, 0.21988285162303284, -1.4602238604773028, 0.49329586858552793, 0.03213929859032376, 1.5942926948048395, -0.5850923825465263, -0.05887247083870599, -0.08234868096355709, 0.24272530410729592, 0.01358928066273145, 0.14873972290523893, -0.24928184211706364, -0.17142297156948266, -0.07364170200289659, -0.2372805622242829, -0.11828125530720184, 0.1385867648502378, 0.2541227037485675], "trans": [-59.52792463115592, 5.600162380467624, -0.8589967871667739]}