{"betas": [0.12182979554792384, 0.0498104030700563, 0.01874907528210161, 0.028247290178977192, -0.01045515424154793, 0.003794310233826808, -0.007750463989420916, 0.008476040652062412, 0.013630708331879994, -0.014916307566096007], "pose": [-1.1456560593987837, -1.2969885914922719, 1.296988591492272, -0.38164249649342064, -0.028609314544482477, 0.10089334819946964, -0.44083516601208883, -0.015438790036612804, -0.09843068536347266, 0.33120670104526295, -0.0038737764326199045, -0.0008498675660287891, 0.7124544956031472, -0.03495029462308155, -0.14490915374721944, 0.8152033795645235, -0.02213441321481274, 0.08745183364924494, -0.0061673664021321154, 0.004161455165785231, 0.014056993698213142, -0.08044784543001574, 0.06690297500598022, -0.027393799372277965, -0.15748621680478192, -0.1758113771055996, 0.1862152175165671, 0.028087612364156175, -0.03027404170824755, 0.003002941796414296, -0.30357820504981087, 0.26181080934364537, 0.15319247092004382, -0.13385024457515382, 0.13011769094577255, -0.3367998134277206, -0.20061908266614734, 0.11984440276632638, 0.041118929968237856, 0.022968393897663496, -0.05714154293214407, -0.3931457476167256, -0.024736684506651997, 0.1313030123626085, 0.37939876426308716, 0.14553000846297845, 0.0008007833464143493, -0.052626559682812914, 0.1212710737105362, -0.3108032375906422, -0.8794805441591161, 0.22921681736518265, 0.29252066748462907, 0.873004846092445, 0.2959750785441058, -1.4677393504978444, 0.4463188603106713, 0.092869789477475, 1.4287655117672549, -0.45456815747733276, -0.041564145270671655, -0.08433128104319879, 0.20595179031509903, 0.033217033948553125, 0.12591034869181347, -0.17752986942000606, -0.15636663315691138, -0.07427611394692829, -0.22208644782056577, -0.11783355503226194, 0.13300245375053568, 0.23637476963904333], "trans": [-57.895663228959705, -13.211322923960434, -1.4340691101833576]}