{"betas": [-0.459125293958982, 0.2836700625543276, -0.2828307762064238, 0.06170009900103966, 0.04114696315793381, 0.017447099752977802, -0.018216663065381097, 0.013285817624318214, 0.01584973647464493, -0.019639755817989615], "pose": [-1.7111221629349986, -0.2293184961736437, 0.2293184961736437, -0.008355748285789256, 0.010051103031235652, 0.000799601296813314, -0.3102905030920452, -0.0022570384945959955, -0.005400474927354779, 0.38202403743139846, -0.031256847322600416, 0.0034740874258164423, 1.0341586740646316, 0.004572782959300102, -0.0039076453231756195, 0.44761168401745965, 0.009750370606015045, -0.0007777336151373812, -0.051648857930417, -0.044011547913724865, 0.03548961225329579, 0.1529267971414667, 0.010427569478583261, 0.004960341161753076, -0.11094105824969218, -0.2139786203620071, 0.17407898627016669, 0.008860862713737552, -0.05354669271193039, 0.013022828995710114, -0.2269180492779454, 0.17761452068699524, 0.04462913348365812, -0.030649444272043126, 0.15721037804665622, -0.3311899524410698, -0.2097195277076196, -0.04676530911395825, 0.058779165591516795, -0.00723533114943971, -0.15188090671657287, -0.3608785017522183, -0.08872440492776677, 0.16489292157490215, 0.3666769469305302, 0.14285914962927662, -0.16706155474461443, 0.02805062981497766, -0.0377885853755698, -0.2631773411764745, -0.6680497159087565, 0.0677441343336374, 0.21314619394583112, 0.6933562660175477, 0.0541359883736222, -0.8137478890511723, 0.27474369980438057, -0.11537533294165374, 1.026882401317401, -0.44481577355321356, 0.09393990711811509, -0.06773897946485774, 0.10506438385989428, 0.05615653625742854, 0.0941760215286756, -0.11821652097942881, -0.18870697839737022, -0.0812069230833673, -0.21960140313831145, -0.07708114541884403, 0.14263213624882295, 0.2268292235052939], "trans": [-11.34036182246522, 4.620720383079429, -0.517402831912027]}