{"betas": [0.12977417203956745, 0.49847687971378624, -0.19179541608583497, -0.1113183526768453, 0.0549914925669735, 0.1034291447522722, -0.013453424082682812, 0.010035343166627214, -0.014576049326274527, -0.02308049036666073], "pose": [-1.4323550557577636, 0.7639234345591581, -0.7639234345591581, -0.44365585180656925, 0.0036548333942418047, 0.15991389266413547, -0.4440983774093747, -0.03593077285738608, -0.11956017458934944, 0.3721846219097977, 0.011376657975239646, -0.01538286395161445, 0.6599078518273046, -0.02324388572262251, -0.15992754337913162, 0.9816163410344776, 0.014980638537976555, 0.11884435338218848, -0.007412445615696829, 0.007249743580419299, 0.011600794923334611, -0.04328735811225572, 0.12517441545486302, -0.06538619852807416, -0.19399034720980698, -0.2102993399451012, 0.16590124323549857, 0.04332463685742266, -0.02457039076494026, 0.00899407093941685, -0.2744270273804724, 0.22903665564424086, 0.21717126146080723, -0.15901087239245765, 0.1682874011864008, -0.2928746685373089, -0.11900867042189664, 0.426986194458841, 0.026006200618938654, 0.038262287277000276, -0.09489010319353373, -0.4396151415903442, 0.04494023486948254, 0.13604651133272022, 0.4623525100796364, 0.18688753215837905, 0.2574634553100485, -0.11397885457074912, 0.131563542856547, -0.211200541032121, -0.7530100192808299, 0.31996602755961384, 0.29894866004973697, 0.872859453776661, 0.2827652423354569, -0.7653455593512982, 0.04741194335012212, 0.23880249223370414, 0.8786414602195973, -0.04171002970165392, 0.16504766658944783, -0.033033278696287444, 0.13841685777331914, 0.052044561837550206, 0.07904322872083376, -0.04788493594695494, -0.28287075983723453, -0.07402324753636967, -0.19741501541848905, -0.15683225224396097, 0.11061881734964296, 0.20195637243871226], "trans": [-19.04475628941289, 10.513170675567407, -0.6147242941375447]}