{"betas": [0.19173745763710806, 0.20679507266967936, 0.025545764337162807, -0.024244743693028488, 0.0007202369641003663, 0.013236882350636182, 0.021343764601424748, 0.007373052342460504, -0.01918535564321634, -0.005662447391478864], "pose": [-1.5986357034256353, 0.11256610233942158, -0.06256610233942159, -0.5143439666963191, -0.01261100752509142, 0.0008871172169251165, 0.041435489533495885, -0.017558305618924516, -0.009447513471199216, 0.31329554204787424, -0.013505756591427826, -0.0032061933690727728, 0.23262047404572297, -0.08614866951631546, -0.23887519897287954, 0.7444718264777553, 0.03918357716468501, 0.10670017508950275, -0.04445543132297793, -0.002625363632878095, 0.01748818920787499, -0.0794188333358045, 0.09023777509108347, -0.07710367951645003, -0.14502276620125604, -0.1712803322737751, 0.23429556879935093, 0.023581071154882435, -0.03635410899223937, 0.0075906126611015555, -0.27197459521721284, 0.21644047001301606, 0.19806134294731195, -0.12500190244215795, 0.117602076434767, -0.3758167327186269, -0.2300831872095951, 0.07668517574140167, 0.03609497743306226, -0.01315297228295596, -0.0007375785091829102, -0.31648893071781614, -0.05394927999985143, 0.05218274977279593, 0.3192592439932763, 0.1099895599956386, -0.039808073666192115, -0.017490307583253286, 0.8924103452026333, -0.8677355794074985, -0.8400875107368144, 1.0667659258307103, 0.5330812224065294, 0.8086599191511734, -0.07122742098104903, -1.2473120381067742, 0.4111469542500608, -0.29319877950892, 1.2751568908206612, -0.3609942782813395, -0.11752821515450318, -0.07153643075742101, 0.16281402438443093, -0.03629315135732961, 0.08562736344341294, -0.1115453339046385, -0.11889480737779878, -0.05997573827995883, -0.2059414724887863, -0.0985189179970647, 0.11236597156310757, 0.2099885129733015], "trans": [-28.09493370599722, -5.047587209362098, -0.8734683886347133]}