{"betas": [0.19173745763710806, 0.20679507266967936, 0.025545764337162807, -0.024244743693028488, 0.0007202369641003663, 0.013236882350636182, 0.021343764601424748, 0.007373052342460504, -0.01918535564321634, -0.005662447391478864], "pose": [-1.6242810292430798, 0.07567424964636138, -0.0931742496463614, -0.3021955119160502, 0.0003449007171520725, 0.023929876490932797, -0.48619668299254165, -0.07828546680334426, -0.0035002612092533483, 0.41873751351165034, 0.04418093109649466, 0.010742231533923206, 0.3643464940047718, 0.04517933275232926, -0.1065790805040176, 1.1183618782659113, 0.2014330964295708, 0.11690252484338878, -0.10459909616454632, 0.0858539479005873, -0.02912747054057568, -0.03394923616536088, 0.06759714021139153, -0.12565239416376425, -0.18276928854086333, -0.17743063183877816, 0.20727876048800137, 0.004839056427575662, 0.04366825470076639, 0.010162886723993934, -0.2587972762091548, 0.20098264562756551, 0.2509733748626447, -0.12234360411375879, 0.07070896292117058, -0.3464177497163082, -0.309639777741699, 0.06549099106794436, 0.006669007875932726, -0.09216834790092789, 0.07124048218765808, -0.25117149489924423, -0.0690409749275986, 0.16463621160660638, 0.25150085865899496, 0.03505633083571492, -0.07113557957427202, -0.0025692396675657866, -0.07882822400979352, -0.22865719912053958, -0.660295322846235, -0.10583666668492665, 0.3523702241310847, 0.6172576572533958, -0.25527321832780625, -1.1058586141056426, 0.5620488796056434, -0.44053785719739874, 0.7200420599394646, -0.4180370601968536, -0.2840650485745857, -0.007021712483789209, 0.1902187615927542, -0.09008463687347046, 0.0030219329629800813, -0.12337409194803697, -0.07180970802873002, -0.04584870886826963, -0.16389788652842213, -0.08276885005973546, 0.08267238148488042, 0.16180540086849377], "trans": [-21.04617127802797, 18.96495390149307, -0.4638780456805081]}