{"betas": [-0.04531959800123942, 0.25816046623113975, -0.10443940742347267, -0.07597029208210594, 0.013911735992459227, 0.013954990810594958, 0.00840059268463032, 0.018210526354907698, -0.01144635948893292, 0.002226290135924623], "pose": [-1.570788567236959, 0.005791585592093109, -0.00579158559209311, -0.1732238614007166, -0.01474228649044334, 0.026526741813356326, -0.26343031303268316, -0.032336346375040556, -0.05137390013944872, 0.23666240005597386, -0.013341388811215146, 0.00036955240544236695, 1.1229441154754187, -0.13225156251912865, -0.12927107115420375, 0.19671892190140022, 0.01975503721505076, 0.10724238304790155, -0.022813975856778898, -0.0031646246219899717, 0.026625312137408687, 0.022950442854367727, 0.08716155898354232, -0.014151833026664543, -0.03779218881787274, -0.20341868908173805, 0.16166447973133205, 0.06630462001044944, -0.04736579826502149, -0.01601717506061573, -0.2986944126241468, 0.19315637126982932, 0.06605798553589276, -0.0754252434059164, 0.213243682633282, -0.2849500112196941, -0.026741873047676445, 0.0073476569632340595, 0.07952655625880359, 0.05030087864313757, 0.07366626019888116, -0.4814502718237029, -0.022097335532155406, 0.010504696886054758, 0.5306610901920795, -0.026340718167504162, -0.7857382085556832, -0.05506634074872019, 0.05909781908189021, -0.24732218936756503, -0.8654776349648196, 0.20569599372499925, 0.20683465801553136, 0.8537178041679164, 0.15321683771639988, -0.5284218763725069, 0.1309895863896667, -0.08870332234794677, 0.4544548369463297, -0.13874080839172748, -0.010922444572850009, 0.012546512414393354, -0.05782836436011445, 0.034167550127585045, -0.006063420912905668, 0.031360304938879806, -0.1806912030289809, -0.07677975768074707, -0.1937365169708051, -0.0928788434747197, 0.12160053927373347, 0.2277463019844265], "trans": [-28.234537361150117, 3.1410132401800817, -0.7671758464975003]}