{"betas": [0.33303066142902105, 0.22906885785386125, 0.1321746135337195, 0.03485680493593007, -0.034928744222964915, 0.03738652273642406, 0.06435992437738675, -0.06135207138309116, 0.004712805749211021, -0.03328562850670294], "pose": [-1.1985778936645892, -1.381168445920136, 1.3561684459201364, -0.34431669000748855, -0.06325660210071861, 0.09711074737326278, -0.060373358223092886, -0.023585330005149504, -0.004295695503928654, 0.49899227782222966, 0.01999867096336589, -0.008514157536494326, 0.6955013358802319, 0.03221136147317026, -0.15604359289884287, 0.38583180103431214, 0.19542792689047522, 0.01024577307213518, -0.037047933423907206, 0.014979703801362326, -0.0008196479407598667, -0.0933845965481534, 0.05341955364596201, -0.040720542366716614, -0.22501318931106024, -0.0944009289616909, 0.2028177817977662, 0.02037487416848163, -0.008634651137555995, 0.012105492989646159, -0.28633411917776996, 0.3053637630645215, 0.2507246442093902, -0.20079913061942314, 0.08101942204940492, -0.3379843660428831, -0.26088515831864373, 0.23417490395082294, -0.012776755856994225, -0.01144905147773599, -0.2192617873643383, -0.3570382333857875, -0.007050206102671164, 0.32010838637182976, 0.32143797864086954, 0.05511221111727552, 0.05252601625325412, -0.049255321952673556, 0.0883364731360166, -0.3864172038490057, -0.8458201622360696, 0.14645728304627412, 0.48407648590671076, 0.8457087064452704, 0.14361956728253628, -1.1631128409177027, 0.3622413796978582, 0.03479639357996209, 1.1373502368676036, -0.3251690299986677, -0.05621687095332504, -0.009700963195047962, 0.29435220198864787, 0.026223928954668872, 0.06962884475087337, -0.21878390531956876, -0.1820397823073822, -0.06390096550731511, -0.21619246259140026, -0.18716098679127444, 0.12653408691073123, 0.22570759398069423], "trans": [-21.00039030873073, 11.512374451481046, -0.6972870185008674]}