{"betas": [1.813289222669109, 0.20156947919784157, 0.0011390909961732187, -0.4871353642584728, -0.16755291678885467, 0.02420319783742449, 0.0691750353522659, -0.03790042278230592, 0.027389876576093666, 0.006434531786996541], "pose": [-0.4949077551179634, 1.9419286050298092, -1.9419286050298095, -0.015152947035181944, 0.06431201208394692, 0.02922441045881642, -0.5697257570164357, 0.07368763270402237, -0.0713083363796471, 0.20799604456752327, -0.1065991292870912, 0.019285523910566402, 0.22599862985209665, -0.10341814517131762, -0.05873139758514512, 0.6852399872272882, 0.049312549216269846, 0.07136007382672777, 0.029864098964379842, -0.04489296069017516, 0.05828881469779604, -0.08460361456715618, 0.15496768576973663, -0.07477454162497962, -0.0378275145192082, -0.21852970998798465, 0.3400289266002632, 0.07346057270628635, -0.08531426494281658, 0.01590934490684187, -0.2669064021339901, 0.1899692212145569, 0.2311149729018486, -0.13991007635653424, 0.20479216215646767, -0.5045723024314362, -0.10039299979358365, 0.05270886927026792, 0.06548179537268393, 0.03596717835045034, 0.0030935858173566835, -0.17064050777451656, -0.10588593016230065, -0.03593793483691998, 0.1345273703040106, 0.11701075883414108, -0.04404343154233506, -0.038432923956966424, 0.15023122709194406, -0.23537785290361954, -0.73590751965025, 0.2356697907446617, 0.19959927100623115, 0.6953483265297552, 0.44931354079207725, -1.6979539052934862, 0.33477123479012055, 0.18978847421963493, 1.9747660033679624, -0.5236305710259881, 0.006679989214424805, -0.18620788758795329, 0.19965002321605702, 0.006957179341465965, 0.21994284074272416, -0.1890907337196968, -0.2317024229402166, -0.06433431191935693, -0.2474260272232671, -0.14236365709283827, 0.12619645124896567, 0.2533590605166558], "trans": [-12.368918077938456, -0.9272110791607466, -0.8357445226735765]}