{"betas": [1.7511515842605234, 0.3670231778082652, 0.03978433168027672, 0.004913282851196045, 0.02958606384598556, 0.001461046037256542, 0.028411238985692, 0.012589726574853976, -0.014340388809218167, -0.004234100351574732], "pose": [-1.5829820323453772, -0.14091061919379105, 0.14091061919379105, -0.25198120806325425, 0.02032270587626331, 0.0769461517383305, -0.539974651242638, 0.0007515891491285432, -0.07897056262675581, 0.2909021611850092, -0.06130275352523091, 0.0025765957274135895, 0.5713019665067167, -0.09226221857451725, -0.1216756000609991, 0.7423491074728856, 0.00885188521827993, 0.08642287220092773, -0.030769745915554515, -0.010672247730327456, 0.02427834232411501, -0.08778691332149344, 0.09347190066766771, -0.057258727725003004, -0.09913998244875519, -0.19031336486490358, 0.2652750338576591, 0.03754848081011939, -0.06942487899535121, 0.004907299870918041, -0.2978981106745542, 0.21906690546584726, 0.1618329112991495, -0.1297942471386508, 0.1442282929142737, -0.41477766206153927, -0.18835339279420446, 0.07307152966852905, 0.03560541445469466, 0.015605121066405095, 0.04090074736970446, -0.3395659913128793, -0.04096184150868804, -0.05263977096078402, 0.34466615279598667, 0.14373226003882789, -0.009706275666839218, -0.024498084408861948, 0.00782922032564921, -0.31707667225232194, -0.7776591366854773, 0.1771447582494823, 0.1032385781718537, 0.7895476707159016, 0.13831312884773903, -1.419515344849791, 0.5017610137244177, -0.1063134413859513, 1.2653391519575536, -0.49647431846054546, -0.10173529338020207, -0.08194184714234073, 0.15562833547707025, -0.021605641023806924, 0.09718710622234211, -0.10279674990536257, -0.11285001552529118, -0.07098154902543617, -0.21230824774201854, -0.09462530752913545, 0.12043174102885595, 0.22817756308199172], "trans": [-28.615329491761194, 3.948938289274367, -0.8360705829939702]}