{"betas": [-0.19266644468801378, 0.5771463667239267, -0.16308379457488245, -0.06462538974507079, 0.08054580167251779, 0.027975024271901693, 0.03561269911626106, 0.05188376016633901, -0.05289357868361275, 0.00684608270928935], "pose": [-1.4318004900357446, 0.7654130247707212, -0.7654130247707212, -0.09912519782498522, 0.01311682027119194, 0.036200810225372956, -0.5228441203454647, -0.01786479900297653, -0.047621012354124435, 0.372562955233902, -0.005359134154880775, 0.011979692770158954, 0.23211567530400504, -0.05404877049047232, -0.12266892988934393, 0.4717055916948356, -0.029440161680480654, 0.08888561856153636, 0.045536854750517435, -0.010063234213323731, -0.0020817445222183484, -0.10236210821304091, 0.06702294124077197, -0.09054065682470573, -0.14724169301000764, -0.16154947548458495, 0.21214054739493082, -0.003027313956042797, -0.010696907828451702, 0.016734467143835426, -0.2459886313883479, 0.2845588971751287, 0.21921302297983114, -0.10067970627449148, 0.13404709916841745, -0.3289944687850308, -0.1682306210737256, 0.20276343255913287, 0.020299574117926603, -0.028640156985069845, -0.37254443324501957, -0.2750472248059308, -0.03655979229398414, 0.43810083365204244, 0.23197714486990306, 0.10209947442385606, 0.03629354813540145, -0.04271210705418964, 0.12621347012932815, -0.46969646324032904, -0.7106692916145355, 0.19983605284757572, 0.5298829976938002, 0.7357331506735363, 0.36827024310253426, -1.517678252739129, 0.32201460597717046, 0.3403521553294975, 1.6038016787555964, -0.3063798959654494, 0.06994837870336135, -0.15938576126866935, 0.27775643625493485, 0.12143658242195496, 0.17812396866806293, -0.21615137487893296, -0.149067283010883, -0.05079294100036102, -0.18052587092694547, -0.1381995365373489, 0.13151552955920465, 0.18592910586983435], "trans": [-20.19687853581793, 8.865058598003857, -0.6019305525063755]}