{"betas": [0.12977417203956745, 0.49847687971378624, -0.19179541608583497, -0.1113183526768453, 0.0549914925669735, 0.1034291447522722, -0.013453424082682812, 0.010035343166627214, -0.014576049326274527, -0.02308049036666073], "pose": [-1.42713991823227, 0.7778067830451604, -0.7778067830451604, -0.5558147485545915, -0.04485249951072896, 0.1152205912765784, -0.10796817519516125, -0.09972333470197269, -0.08351627390178741, 0.3437784501909287, 0.095063691079167, -0.021535737031881108, 0.6235106104334243, 0.05865217540346815, -0.1802824495467486, 0.879855093759194, 0.049922767356205114, 0.10021829327043534, 0.005091995063921114, 0.0008136101244841547, 0.0013137242495995449, 0.017521979307140133, 0.12718384892459636, -0.0661682991152561, -0.22686940753940552, -0.21820044459526622, 0.09744952426196427, 0.0360500465423396, 0.01743099201607588, -0.00013295495376552995, -0.23317801296057608, 0.22062658280443231, 0.2102624858311915, -0.12073310262989069, 0.1866767154251773, -0.19584433570371199, -0.09936434509845536, 0.3908184192766429, 0.037880556398809426, 0.0002188367825872516, -0.16962081362616002, -0.46118735835819424, 0.03190671061298408, 0.2799760735934312, 0.48418662761357795, 0.2640039537695234, 0.19453078285672123, -0.11405426437495722, 0.14274417490698554, -0.2319593269847594, -0.6908238727430237, 0.2274224898516587, 0.409531284422279, 0.7513368378627143, 0.23170908097232248, -0.6161615770773832, -0.005923645561593586, 0.13544018273777286, 0.5797733618635077, 0.05230788862105018, 0.1515363264225845, -0.03279779102052735, 0.09220198255214654, 0.05105680102341521, 0.05144414030236395, -0.02801350590357436, -0.2751074406426339, -0.059047923386174775, -0.18115203805394492, -0.14584217802494293, 0.09449856649667074, 0.17478747383327808], "trans": [-17.869991531148727, 11.202647330465059, -0.5079502317194866]}