{"betas": [0.12977417203956745, 0.49847687971378624, -0.19179541608583497, -0.1113183526768453, 0.0549914925669735, 0.1034291447522722, -0.013453424082682812, 0.010035343166627214, -0.014576049326274527, -0.02308049036666073], "pose": [-1.4391876141504372, 0.7453004936524052, -0.7453004936524052, -0.5232734334849829, -0.06197674934754754, 0.03886896604445668, 0.020758748846931414, -0.10036302535769946, -0.023020735346808333, 0.2709941891149436, 0.09441786520970388, -0.007523918415691013, 0.5968006031836641, 0.06185589626514749, -0.16255693712626873, 0.6382678180949819, 0.09021028099329118, 0.08008151537354354, -0.03139964152465422, -0.00466567189107573, 0.0036849325421685754, 0.06926176240185623, 0.10204064939818189, -0.04189872210994933, -0.1556726400266559, -0.18451349291770303, 0.08949999512187255, 0.06833306455071234, 0.002160933968344974, -0.01265136400652352, -0.28587668810446176, 0.21115197034959152, 0.1568154042841644, -0.1024849748785817, 0.1568468363926185, -0.1973794148877315, -0.0741256696566053, 0.1560993918267513, 0.04321276448199234, 0.02526080927994091, 0.05942387339005061, -0.48039676177187773, -0.004082658891442383, 0.07793933503331714, 0.4885574427234975, 0.29506723705175614, 0.027193968785004522, -0.08659750406212156, 0.11950521425585874, -0.17331688325036257, -0.8841471731315702, 0.18976546239214337, 0.30671709406075337, 0.8260294246381673, 0.2233873359612549, -0.6007406278255976, 0.12638440373332552, -0.0063557048851190165, 0.6146436980653972, -0.13748116998467275, -0.011576406259856193, -0.01038712901879541, -0.00458599495849828, 0.009681566803800412, 0.03751477192818663, -0.02009385921176041, -0.21485776661916675, -0.06474489973125658, -0.20165416160984662, -0.11824549855187175, 0.10778635964421615, 0.22586771740446807], "trans": [-22.927673111282804, 7.575768471933798, -0.6187728747060816]}