{"betas": [-0.459125293958982, 0.2836700625543276, -0.2828307762064238, 0.06170009900103966, 0.04114696315793381, 0.017447099752977802, -0.018216663065381097, 0.013285817624318214, 0.01584973647464493, -0.019639755817989615], "pose": [-1.5253719452295773, -0.6686514290756879, 0.6686514290756879, 0.15352142477872416, 0.007099242997129475, 0.019393191270854877, -0.37847296539203157, 0.0011606341019185645, 0.00863944951564408, 0.3491133699509695, 0.027076428220065993, -0.008812263541559952, 0.43527353179204664, -0.08921533194759489, -0.09407024846401073, 0.12854246576606357, -0.007904442780607125, 0.00869961302090947, -0.01814997284925729, 0.014433208701509716, 0.011675127885332004, -0.0773725984944682, 0.07398080025270981, -0.024728322070267192, -0.21971328944967924, -0.17922012421202055, 0.13525566928593385, 0.03839870523447979, -0.009061101388766514, -0.003813265125344248, -0.30282842530294973, 0.2593424412699809, 0.16696285057687552, -0.15576843072541482, 0.11707296988857187, -0.2897266050575938, -0.18328731749180258, 0.13679036261973626, 0.06078889017579167, 0.006724869842566123, 3.3061967502971053e-06, -0.3839407459279959, -0.06283080974525908, 0.13425446788236425, 0.3500268969521262, 0.1454885478341739, 0.004776470097125711, -0.07312901632849748, -0.023258480189989356, -0.27166703032808426, -0.6203811963921212, 0.13394588694832288, 0.22098806074716393, 0.683838171089526, 0.034407514802855664, -0.8508377083522377, 0.23273051516386872, -0.05091935560313935, 1.1044397321727697, -0.370135036095523, -0.04201996227941435, -0.041107562449229425, 0.20869507084535657, -0.0013757729729436442, 0.11777296026462732, -0.21283493220804858, -0.21286621768324138, -0.07276140643053784, -0.2417248426507467, -0.12067128322064705, 0.1285356498799615, 0.2498719406666348], "trans": [-14.540920781789632, 11.398011467201458, -0.39824712074494534]}