{"betas": [0.23095163209771685, 0.04109343311864416, 0.025248775430059576, 0.03225921746385679, -0.011730228160678488, 0.01411489487013554, -0.004068968651146599, 0.0031222508939531494, 0.007432816158778922, -0.011705167054862173], "pose": [-1.048503890809416, -1.4310526928498435, 1.4310526928498437, -0.41851076621323896, -0.028236753211931396, 0.12118264627268356, -0.13838859423519442, -0.03144789865000236, -0.028606746026954913, 0.31917109779768704, 0.00991454565236698, -0.0007897039072983215, 0.6673221365968077, -0.03354139654998909, -0.14707030510892383, 0.24302925224619923, -0.06327161878107282, 0.11042814713382584, -0.01981704244860068, 0.016679805249293758, 0.007503382323350645, -0.04173868442381847, 0.09137675053972802, -0.06041230426751865, -0.16275428006036394, -0.18597495412554158, 0.18574923148193712, 0.041885293196271, -0.023625664227169104, 0.0022933291665156695, -0.3020420850694484, 0.2265230038126109, 0.19098431148088435, -0.1415275301277124, 0.12014901157449952, -0.33661802702837235, -0.1847240449637013, 0.16405264449830026, 0.033864056450688754, 0.04403224960008722, 0.0619236681173152, -0.42030976243175655, 0.0031171205567775517, 0.03473273549043385, 0.4069946218053694, 0.13587670069337857, 0.06096807125875079, -0.06137415491165302, 0.14040034734437817, -0.18957934350191188, -0.8822046018759644, 0.23750510992514465, 0.22442207818130006, 0.8623166438164952, 0.2757864969779448, -1.2285014832066294, 0.34299072949218773, 0.06817998807577287, 1.1811724754857296, -0.33450275822264225, -0.03612051008089755, -0.06195455124002785, 0.1637497982202896, 0.01619560854324108, 0.10063342352104382, -0.13283650528972019, -0.1961030040038081, -0.0741300272943148, -0.21921120064059893, -0.12919882980026648, 0.11885213316556888, 0.23155784712862296], "trans": [-59.404726654368616, 4.667898713701202, -1.061459617761454]}