{"betas": [1.7511515842605234, 0.3670231778082652, 0.03978433168027672, 0.004913282851196045, 0.02958606384598556, 0.001461046037256542, 0.028411238985692, 0.012589726574853976, -0.014340388809218167, -0.004234100351574732], "pose": [-1.5869783382722156, -0.022901082747887103, -0.004021994175189808, -0.3274918723251429, -0.000500030229789117, 0.08594481246071584, -0.4443251953903274, -0.004360829090837887, -0.08548412787147516, 0.2849596012987581, -0.021519875800940547, -0.0032886653423226313, 0.6138961070795292, -0.05854854433187854, -0.13103569102035129, 0.8032992967388936, 0.04230716331848353, 0.07782425762437156, -0.009475591951606965, -0.012282878063067893, 0.02456709837620101, -0.11710484827361496, 0.07885302852309878, -0.05196769841644845, -0.15496805343276915, -0.15481753713642532, 0.22320902864991846, 0.014852111731065617, -0.042674960707541655, 0.004520799199714998, -0.27086280908910354, 0.252719243627289, 0.1895277472366009, -0.13255728114404108, 0.11973988716035562, -0.35192778458749713, -0.21818602990476418, 0.09218805285876831, 0.05492763384841218, -0.006088705099527568, -0.08399061910043094, -0.3448940469321474, -0.06030480698834732, 0.12530190595087032, 0.33844137802153396, 0.14359799653638794, -0.03973853604766659, -0.04319366664797991, 0.046506883981618466, -0.371486970059738, -0.8031443993732502, 0.1550681868472924, 0.31045247829513195, 0.7955900723505768, 0.1689760075748621, -1.5546560275403871, 0.353076543856363, -0.0497213341218266, 1.3717756448739893, -0.5023471710668886, -0.10564020500595954, -0.07717063837634887, 0.16407629686707048, -0.027452648846451183, 0.10147266218714963, -0.12921753182245324, -0.1224469416997758, -0.061424527974004224, -0.21684653083591748, -0.10918974656123366, 0.12298271118589466, 0.22273071380391243], "trans": [-29.095840035007907, 9.11876310969745, -0.6792084331926974]}