{"betas": [1.0007394031128156, 0.13998077818863408, 0.20322321153559939, 0.06919845010960525, -0.06355964225067326, 0.0988583210768853, 0.031004152589175965, -0.07600298470585287, 0.01954775199647453, -0.05391534064665776], "pose": [-0.06522178899627956, 2.1912018642613154, -2.191201864261316, -0.4825075764100939, -0.15971830362652817, 0.047952991204712796, 0.007912154729115283, -0.0478052838394404, 0.001833960233998476, 0.15542077483628453, 0.05810404232252773, -0.042527959542648416, 0.27451531839995336, -0.06912268913285835, -0.1539486839205103, 0.8248546129238804, 0.21048894330368303, 0.05298746916818107, 0.029659665199996278, -0.06260508060537018, 0.05179904452915726, -0.02596640977781076, 0.15696186702272044, -0.07532186695010232, -0.16375689448015257, -0.16425228590592356, 0.19435147445273585, 0.06942752603427348, -0.03830687836078404, -0.006677256489448073, -0.2543757491121722, 0.1949973674685857, 0.2702459439433258, -0.16071541224242858, 0.1361633081682312, -0.29059165500315903, -0.040246828544290354, 0.04457651255391582, 0.09085951788210754, 0.05202584190388913, -0.00848512083570665, -0.32772882636701367, -0.02147957281972344, 0.03861801974831824, 0.33990993564768174, 0.25993389401066286, -0.10476944077894419, -0.018750619562456647, 0.2113063578178188, -0.2875717594914466, -0.8071902065538396, 0.29201284586839843, 0.27039683408480086, 0.7948165516266518, 0.47214908528018446, -1.1995801484362452, 0.1305508160376846, 0.24725131384537058, 1.1596628973029515, -0.17164737207922606, -0.05266123286792688, -0.09703986460947941, 0.03434924482416621, -0.03738269067073301, 0.09131664062267533, 0.006351614381285672, -0.19298374857228762, -0.0302739955831136, -0.1956494097137849, -0.13126399371263714, 0.09730630833766057, 0.1735593217944807], "trans": [-10.328462962620652, 1.7134777975684805, -0.6799624575898974]}