{"betas": [0.33303066142902105, 0.22906885785386125, 0.1321746135337195, 0.03485680493593007, -0.034928744222964915, 0.03738652273642406, 0.06435992437738675, -0.06135207138309116, 0.004712805749211021, -0.03328562850670294], "pose": [-1.5961776893983424, -0.3254974208884441, 0.3254974208884441, 0.013369391891422458, 0.04578778335480605, 0.013749849078072654, -0.4969887869380496, 0.03602324702170595, -0.023630194998694495, 0.28960362465321077, -0.060285281478098064, -0.0007414780217634216, 0.09835602963198284, -0.08727024549331293, -0.07524286026240534, 0.31889621287429354, -0.046979118036456824, 0.06011603656846783, 0.03103376486963968, -0.027720667486091963, 0.039123941716629376, -0.08203837262651109, 0.05480074092160427, -0.04296514135619516, -0.09232460869916438, -0.12769992647840087, 0.23760526967962628, 0.025040375714173956, -0.06942383553565054, 0.013584132569158606, -0.3029891432384385, 0.26857854521133495, 0.16850840879900844, -0.11711126831819561, 0.1184952152356288, -0.3677674761598597, -0.15447870914920864, 0.1516572801079543, 0.048468508141188284, 0.044435870623002464, -0.135892333563965, -0.3749762307855689, -0.019140870491118473, 0.11560416883887492, 0.37183962982556884, 0.16565191876489346, 0.009182606753794429, -0.052403092177916555, 0.17080907571063841, -0.4496582770240104, -0.9664076093980143, 0.3148480941193643, 0.3021800583632311, 0.9922089268158908, 0.46193332681092936, -1.6934790187452846, 0.4705955024313331, 0.20779587073977512, 1.6841540806170874, -0.5224646580057972, -0.019563660971917803, -0.11222373321802534, 0.20233173437565913, -0.003087417623984678, 0.15110528624008077, -0.16432935888315028, -0.16018200099767835, -0.07946446675168736, -0.2432551634165114, -0.14309154618887007, 0.14838407309037213, 0.2676254339689485], "trans": [-13.935432821231391, 9.405772747640414, -0.5130918867361822]}