{"betas": [0.23095163209771685, 0.04109343311864416, 0.025248775430059576, 0.03225921746385679, -0.011730228160678488, 0.01411489487013554, -0.004068968651146599, 0.0031222508939531494, 0.007432816158778922, -0.011705167054862173], "pose": [-1.191826854630434, -1.2358692333247558, 1.235869233324756, -0.4236560108116334, -0.027735393452373455, 0.10829782306213898, -0.431053373811474, -0.023351950890148958, -0.10088484486130327, 0.34056758983948476, 0.0042782773402825465, -0.0003065855209905792, 0.7093358963199251, -0.033811355273963124, -0.15230967265672615, 0.7965527053041355, -0.0009314879338250586, 0.08828793226672497, -0.025376484802965647, 0.012771600093617852, 0.016463209739821193, -0.06393656736715278, 0.08714520965982538, -0.04085695723113203, -0.14980654443493033, -0.18620777767831076, 0.19226329301306744, 0.04082776320536553, -0.026500136312908686, 0.004534150310560538, -0.29854502554294865, 0.2338561231199696, 0.1686187276377218, -0.1435431875270235, 0.12715131988307607, -0.34426987747145027, -0.1895349055654292, 0.1212311611902863, 0.04188586648966721, 0.03608696828763454, 0.0447342705609361, -0.40360797951185884, -0.012867403821762727, 0.04854945031844772, 0.40159674805887047, 0.13975716721443626, 0.010489839908097853, -0.04821294088992395, 0.10901996321942382, -0.20610665124299396, -0.861998003180653, 0.2219046375657507, 0.22879602181786085, 0.8626580298445838, 0.23678377297799255, -1.2523431320939984, 0.3809438294989312, 0.04016388988014147, 1.2283387579029175, -0.38498360715643337, -0.029579783236391786, -0.058472917050462224, 0.18394568820846063, 0.020362976469028727, 0.10187416031492631, -0.1551747913334062, -0.18809611350347352, -0.07668783415685498, -0.22394192988204775, -0.12398206392221944, 0.12530487215754768, 0.2371058603589142], "trans": [-63.48474349334388, 3.870925805140124, -1.3054902604915004]}