{"betas": [0.23095163209771685, 0.04109343311864416, 0.025248775430059576, 0.03225921746385679, -0.011730228160678488, 0.01411489487013554, -0.004068968651146599, 0.0031222508939531494, 0.007432816158778922, -0.011705167054862173], "pose": [-1.1451423519283925, -1.3039696762381965, 1.3039696762381967, -0.4372647879693675, -0.043436940938709576, 0.07334979291544583, -0.39366848152574097, -0.018823464495142612, -0.06727714261475924, 0.3471592219426326, 0.01413849527483865, -0.0030240518349071363, 0.6833128510536792, 0.012691747673831232, -0.14792594079111795, 0.7669465145084068, -0.030911744672818504, 0.0784747290429016, 0.006513013699848737, 0.004334890992544103, 0.008895628473788282, -0.04215080660938611, 0.06338001193870939, -0.02408871810993687, -0.1509775477265223, -0.16427464179924126, 0.16859594856280494, 0.034561546470119726, -0.023487458812706634, 0.0032280182260762827, -0.30621066609354436, 0.2633117106752571, 0.1556878844951068, -0.13350563490148112, 0.12670632768935508, -0.3174583741333616, -0.18704366820537333, 0.14871702255600777, 0.03016888679063056, 0.05441039001979011, -0.06910908960628788, -0.4415874969992025, 0.014785964019438191, 0.15852930381947486, 0.4234148979764953, 0.1459936438185664, 0.02372402559041747, -0.055731132676471194, 0.21176709981111763, -0.30141626457977105, -0.9768382651262816, 0.31155397453010236, 0.3171606724423927, 0.9686458849566139, 0.4285175932682407, -1.428397465120073, 0.36122666859448616, 0.24171738932632955, 1.3840083446555105, -0.3451468865055258, -0.004623921602511164, -0.08760841548693012, 0.21361067436578834, 0.06112755752176761, 0.13376810204524114, -0.18309150611508074, -0.18433804789618416, -0.07851944148758627, -0.21980494815956741, -0.13874171581481062, 0.1374376100825127, 0.2385185072423412], "trans": [-61.55971762314101, 4.033811708921388, -1.2370075521632855]}