{"betas": [-0.10716845975804463, 0.03555393559239171, -0.022909588301634677, -0.0022321960585287635, -0.011360188238027402, 0.007048778770267401, 0.0026244476494828445, 0.001119221678184007, 0.011361241992361597, -0.011308692156923365], "dual": [-0.011036907420475417, 0.013833711608204777, -0.00038641006522967605, 0.006516763075360107, 0.003953299909472086, -0.0009637964120399536, 6.997684917479886e-05, 0.00021150984611839618, -0.0018445307369432933, 0.00041624027729461263], "pose": [-1.3400542996923543, 0.9778667237330848, -0.9778667237330849, -0.5248602806414353, -0.034826913325276265, 0.17246166467514756, -0.5434831058845097, -0.0062215239476696325, -0.15937113820619983, 0.4122208959644126, 0.0015472481319712516, -0.003963443149545952, 0.8133717348737628, -0.027627082693844243, -0.15629867525493646, 0.9166869306049107, 0.005209124109077109, 0.0882121398439467, -0.005419297579047362, -0.0005164536403472067, 0.013140821643808077, -0.11158044749237109, 0.04778379845864786, -0.02990527735186483, -0.1832306288015965, -0.14547255089490613, 0.17961079899834587, 0.020196423522992214, -0.028258710601273804, 0.004589346053391417, -0.304045953693017, 0.3028377488534411, 0.17672221556652815, -0.14728611889043197, 0.08503454785372663, -0.3152710382223726, -0.18090126246848157, 0.08686228928270225, 0.0396811083255009, -0.005008661867975399, -0.12046433883040605, -0.3470168949171105, -0.053116605543077414, 0.1922409364160602, 0.31750572339304167, 0.14471101178572016, -0.043406745534376096, -0.03593704727372226, 0.034916792450304386, -0.37645619979592504, -0.8379228487317351, 0.13786300324589432, 0.3636101618184306, 0.8377741689348471, 0.16388683963339107, -1.5519104011751887, 0.5715546018488337, -0.01870336176604456, 1.5917167916751904, -0.6184445530947944, -0.09470635004929073, -0.06560399727485738, 0.2589852478225915, 0.012262489256052082, 0.12427597052245434, -0.23704038924678458, -0.12636734315731038, -0.06853983250157182, -0.22772174247400095, -0.12104454401979736, 0.13955254475655451, 0.24366913140680022], "trans": [-54.987996718852756, 6.521844574672514, -0.9132188948586133]}