{"betas": [-0.04531959800123942, 0.25816046623113975, -0.10443940742347267, -0.07597029208210594, 0.013911735992459227, 0.013954990810594958, 0.00840059268463032, 0.018210526354907698, -0.01144635948893292, 0.002226290135924623], "pose": [-1.5707941684780513, -0.003054476639435657, 0.0030544766394356576, -0.33295414942427737, -0.06600007676075689, -0.0022880158208415232, -0.09110043728119595, -0.07424111914828645, -0.059351390428516414, 0.21928911514205013, 0.05094530686558435, -0.009442435486674023, 0.4924042017298589, -0.08203149937379262, -0.1363080025788117, 0.8700143809371702, 0.09529320067816041, 0.09280752751972283, -0.024212504212301013, 0.019300688161414052, 0.011242909916183546, 0.0618949960795969, 0.08668945174476893, -0.009058521771218804, -0.01376265482826068, -0.19502200180355175, 0.17646961962693866, 0.07713011909484337, -0.011652378685207571, -0.025165465957943674, -0.3085358271065608, 0.20801109096129497, 0.13203061056723694, -0.17454952175016364, 0.21588224007708498, -0.26322206836444345, -0.004892433743252988, 0.18586223656762718, 0.052743602677380604, 0.033857371789181676, 0.11912328010052156, -0.49236670522962234, -0.0016340014469903765, 0.003051523772337763, 0.5271751193018258, 0.3739097088729504, 0.06477844616482199, -0.12812350691834046, 0.08543663526048445, -0.19934732017552226, -0.8970933756113028, 0.20191252376374855, 0.2741965428452402, 0.8444333875781054, 0.16184756482394774, -0.49100410589941446, 0.1250918210406633, -0.11181447446351162, 0.4603190805244176, -0.13530930708646582, -0.034277248085903496, 0.01375793925819795, -0.0540476000175153, 0.012847733130184337, 0.00783135773698572, 0.02700854542231005, -0.21884915392761056, -0.07957150804830629, -0.21179125801258372, -0.11726548333911667, 0.11105159209230529, 0.24570035045985109], "trans": [-26.56673530960233, -13.120713459187499, -1.1607097806907876]}