{"betas": [1.0007394031128156, 0.13998077818863408, 0.20322321153559939, 0.06919845010960525, -0.06355964225067326, 0.0988583210768853, 0.031004152589175965, -0.07600298470585287, 0.01954775199647453, -0.05391534064665776], "pose": [-0.1844211762951407, 2.1311898279210886, -2.1311898279210886, 0.09428679635188913, 0.023859674207753975, 0.01952372393127909, -0.5412681070934715, 0.0008466766229184388, -0.02119445905027094, 0.26268793896776704, -0.06417694702744321, 0.03330159122793995, 0.13366246123966383, -0.20828099883473392, -0.06715520197910722, 0.12411015508734141, -0.07032173299971448, 0.08235444733605027, 0.035083827385570227, -0.007421362510668263, 0.013219328749189293, -0.04191462817414443, 0.09695432232090159, -0.0749793333189311, 0.0008314554578550267, -0.2104353399756942, 0.2781733378231624, 0.04602805277068196, -0.048590179536959335, 0.007791998032341593, -0.2734884754426126, 0.19641111017102575, 0.15170903993479556, -0.06745994936525367, 0.18668372231377087, -0.4223831453960894, -0.08424537329623233, -0.013888561836103147, 0.04604119253225575, 0.04772542197147893, -0.08920658922325117, -0.32160723692440696, -0.023548172746588363, 0.1417956556397078, 0.2796912890579682, 0.18895196137364867, -0.0847733010933367, -0.002351419013634713, 0.20157879442223103, -0.3522655928749542, -0.8630417730381545, 0.23885608219055732, 0.2588251545299708, 0.7575043589991963, 0.47758666839081115, -1.4828410701497134, 0.28420150033834407, 0.23977892434178932, 1.353071737426795, -0.2593043306233401, -0.003619980403779306, -0.16832387910761665, 0.16232639168578347, 0.11337223266026637, 0.1530970915194196, -0.13959408342213658, -0.15018713242769147, -0.06468836596198695, -0.18435201917746286, -0.11545768558107952, 0.1275833543950289, 0.19833111636686537], "trans": [-10.360724123163932, 1.3145314372217725, -0.7165119200241897]}