{"betas": [-0.10716845975804463, 0.03555393559239171, -0.022909588301634677, -0.0022321960585287635, -0.011360188238027402, 0.007048778770267401, 0.0026244476494828445, 0.001119221678184007, 0.011361241992361597, -0.011308692156923365], "pose": [-1.3268681612185906, 1.0041871263085962, -1.0041871263085964, -0.4730705041349758, -0.044834944311320186, 0.07679060512185752, -0.3922178893814445, -0.018809080488903042, -0.06508651623607419, 0.37766252182359855, 0.020384272251676824, -0.004622271338185739, 0.7156921786875022, 0.01735378140762901, -0.15121521716893413, 0.8036079315366803, -0.023863617724764842, 0.08287758041679782, -0.0011505866133565022, -0.0032587445373884684, 0.017179722625577733, -0.052835366869484805, 0.06495392938490735, -0.017043523055776805, -0.15684277812623287, -0.16122377010674527, 0.1557755967767227, 0.03578246613517042, -0.022560059346378267, 0.003682047891694918, -0.29632790969787043, 0.26840506476370685, 0.1495923678427612, -0.1322200539409797, 0.11067481425092457, -0.29601143604787444, -0.16720301040696725, 0.08072005646462681, 0.046369389688901703, 0.03221726635404615, -0.05640827664734947, -0.40794338067373564, -0.026447127683589332, 0.1514994931650886, 0.3865501766694274, 0.15926194508893118, -0.04566028474755527, -0.03824614414156763, 0.1286704299343633, -0.2824169535577211, -0.925085283085462, 0.22196666880701887, 0.32359166415136575, 0.9170738136322593, 0.28119814145531485, -1.405762350547168, 0.4480598513752497, 0.091559633547206, 1.467440375586437, -0.4982595643681635, -0.03372999803629942, -0.07077229234186337, 0.23450755713926585, 0.034292320785426315, 0.13276865742738778, -0.22713645204660116, -0.18108522286858716, -0.07848492485627939, -0.2325215613132832, -0.12811994540454738, 0.14070932644002, 0.25170933250337363], "trans": [-58.61287013927787, 6.006232408361812, -0.8377849829711723]}