{"betas": [0.19173745763710806, 0.20679507266967936, 0.025545764337162807, -0.024244743693028488, 0.0007202369641003663, 0.013236882350636182, 0.021343764601424748, 0.007373052342460504, -0.01918535564321634, -0.005662447391478864], "pose": [-1.5623312197901533, -0.1911456856413722, 0.19114568564137221, 0.19132094368975427, 0.08664087416928098, 0.07231813545726803, -0.733802726131848, 0.00966512780105393, -0.0041422227519165924, 0.3002801242109437, -0.04609265917275074, -0.0007376782425026515, 0.3236658855013602, -0.1666139750706412, -0.11021781877994619, 0.5225820541701647, -0.022863229034607493, 0.1116510336698588, -0.0468012074724925, 0.0031576698319074753, 0.02458114573048663, -0.12005591748298834, 0.0808493393698417, -0.052140072762497054, -0.14195929833570342, -0.17520473959957836, 0.24273627744390086, 0.028666328749509667, -0.05882012645025252, 0.004037577728608963, -0.3060631971428903, 0.22815697980829877, 0.16604273779464568, -0.14199890080883593, 0.11481350120001103, -0.3952382885760153, -0.2258661635062106, 0.072969758455824, 0.043814027064423666, 0.012671983798838264, 0.06700687646858247, -0.36304738164945144, -0.041303879726416685, -0.04377103192830686, 0.3746152701462841, 0.13231325036315003, -0.018023364107926293, -0.031190423332869355, 0.8924103452026333, -0.8677355794074985, -0.8400875107368144, 1.0667659258307103, 0.5330812224065294, 0.8086599191511734, -0.07122742098104903, -1.2473120381067742, 0.4111469542500608, -0.29319877950892, 1.2751568908206612, -0.3609942782813395, -0.134998970405938, -0.04671501149256577, 0.13386859232284692, -0.045865791594274674, 0.06508413055461931, -0.08691610607402672, -0.10818885508256319, -0.06944475860539144, -0.21704180012552513, -0.09417562216977113, 0.11879601074435717, 0.22778631020743037], "trans": [-28.381125134357152, -2.761119209900494, -0.8829078100590254]}