{"betas": [0.19173745763710806, 0.20679507266967936, 0.025545764337162807, -0.024244743693028488, 0.0007202369641003663, 0.013236882350636182, 0.021343764601424748, 0.007373052342460504, -0.01918535564321634, -0.005662447391478864], "pose": [-1.570654420396289, -0.024767075921632322, 0.024767075921632322, -0.3021955119160502, 0.0003449007171520725, 0.023929876490932797, -0.48619668299254165, -0.07828546680334426, -0.0035002612092533483, 0.3072067690012494, 0.017073225790514505, -0.02119394112353304, 0.3643464940047718, 0.04517933275232926, -0.1065790805040176, 1.1183618782659113, 0.2014330964295708, 0.11690252484338878, -0.05333854694593091, -0.0056454232216120726, 0.024795386047961228, -0.0972937200230122, 0.11258045675895123, -0.08166380611379277, -0.21409846977822086, -0.16066257824406052, 0.2145872928182517, 0.021851970624335765, -0.02811812176872561, 0.005382567753812365, -0.2604658869751102, 0.2125490331687001, 0.2500300070160612, -0.1640829715183439, 0.10320693174523075, -0.34751847209745174, -0.2689810700041727, 0.14184245407914522, 0.04225748278130783, -0.0093034620261767, 0.016490985320872707, -0.3390443476857394, -0.04426614629397679, 0.04644989953646268, 0.35351536558959085, 0.08686423344556042, -0.006261832970369589, -0.040545084621856464, 0.8924103452026333, -0.8677355794074985, -0.8400875107368144, 1.0667659258307103, 0.5330812224065294, 0.8086599191511734, -0.07122742098104903, -1.2473120381067742, 0.4111469542500608, -0.29319877950892, 1.2751568908206612, -0.3609942782813395, -0.0880568526052579, -0.04036062598497848, 0.12204908533727812, -0.05936595677115698, 0.06083586268696647, -0.06325251814472546, -0.16746441767185855, -0.052853887815345585, -0.21443906187482634, -0.12019942960118553, 0.10117014157929874, 0.203808048628652], "trans": [-29.739845642319096, 7.592255089890906, -0.6004156074277711]}