{"betas": [-0.459125293958982, 0.2836700625543276, -0.2828307762064238, 0.06170009900103966, 0.04114696315793381, 0.017447099752977802, -0.018216663065381097, 0.013285817624318214, 0.01584973647464493, -0.019639755817989615], "pose": [-1.702538428275682, -0.058637153278130766, -0.001362846721869232, 0.31522508452709497, 0.019699885695174293, 0.03505770007677006, -0.374626203655113, 0.017347075400519066, -0.01860698083562988, 0.2693569218014175, -0.0910582184126194, 0.007829577956576919, 0.03638055622660276, -0.0002135413042296773, 0.007264225892254138, 0.15812402309300627, -6.726050295457336e-05, -0.0010383126449986999, -0.014987708734184577, -0.06831315441388806, 0.06188143892368772, -0.11326589715568874, 0.09567606960013024, -0.02623031195817326, 0.014442450168232767, -0.18592888125008297, 0.28446233222571343, 0.02915632525192188, -0.09348273929446785, 0.01172084780775276, -0.2034338239928129, 0.20304183212823182, 0.09038326454165128, -0.0279948178317924, 0.22398938827734524, -0.41892528714048244, -0.3270938499016962, -0.12771395187982, 0.005116284827729391, 0.01770292822660512, -0.14922734960706185, -0.3784742353643771, -0.10330531581201971, 0.08113947486376237, 0.3882223495671623, 0.31279096278237195, -0.07241726392535464, -0.03448340398330776, -0.16704906558787658, -0.42005568622658457, -0.8150253915316645, 0.20310933024919864, 0.3079551939640002, 0.7808387117124085, 0.12181553137976134, -0.601706606850321, 0.1998338214851008, -0.008530943377439672, 1.901064525544193, -0.4930546135078836, 0.13628673348489398, -0.10475044736567593, 0.13274157255297028, -0.016524514820939352, 0.16478616703809185, -0.14565815727768258, -0.2398931767860025, -0.100344365024077, -0.2764510449271406, -0.11352325841180343, 0.1595599105393438, 0.29185020505790776], "trans": [-9.951838297145219, -2.250651188933774, -0.6733108457426774]}