{"betas": [0.19173745763710806, 0.20679507266967936, 0.025545764337162807, -0.024244743693028488, 0.0007202369641003663, 0.013236882350636182, 0.021343764601424748, 0.007373052342460504, -0.01918535564321634, -0.005662447391478864], "pose": [-1.569016182493678, -0.08770761823147774, 0.08770761823147774, -0.6370571561981057, 0.0070686554212820146, -0.0037081177962166242, 0.11570504281545016, -0.04285469826962466, -0.007332586176877466, 0.2181838497405496, -0.008465617864347387, 0.0035772091889296823, 0.2081326783451169, -0.14176501934924846, -0.02449471976264972, 0.09595210438118193, 0.21681253640650994, -0.0003940846577555404, -0.06653732156557685, 0.016976983254736917, 0.011119822372670904, -0.07000304085073311, 0.10901718410980238, -0.10959831903337537, 2.1413134900871364e-05, -0.2261021618228661, 0.31723124821009085, 0.02978746701945123, -0.07099877009697728, 0.006529565050961253, -0.25752829647437897, 0.12765804899036862, 0.13532269788982507, -0.056441848706088635, 0.16659545059072617, -0.4641784672511422, -0.18855575456230372, -0.03817420569103801, 0.044949507801169936, 0.007422172839137881, 0.1603496081563928, -0.3353678174227432, -0.05301452848393671, -0.1392466431748999, 0.35040080065425877, 0.14906726517898308, -0.08292529939942427, 0.015743076410115645, 0.8924103452026333, -0.8677355794074985, -0.8400875107368144, 1.0667659258307103, 0.5330812224065294, 0.8086599191511734, -0.07122742098104903, -1.2473120381067742, 0.4111469542500608, -0.29319877950892, 1.2751568908206612, -0.3609942782813395, -0.15180163674387556, -0.07397943277410055, 0.05861910748596936, -0.04561470529575629, 0.04587995971806555, -0.00014795739932567793, -0.08100206878375989, -0.06964375096804673, -0.1750102106029214, -0.047830249243170815, 0.1027559318851727, 0.18610123420304167], "trans": [-28.065291228531315, -5.224385536781112, -0.8485896365121536]}