{"betas": [1.0007394031128156, 0.13998077818863408, 0.20322321153559939, 0.06919845010960525, -0.06355964225067326, 0.0988583210768853, 0.031004152589175965, -0.07600298470585287, 0.01954775199647453, -0.05391534064665776], "pose": [-0.34512561719454893, 2.0396693591016164, -2.0396693591016164, 0.11879379091249696, 0.005465570227339925, -0.08325442845538654, -0.5331483905667396, 0.022072180968769194, 0.014354701947442507, 0.30220807422994705, -0.08302001634050851, 0.04681935104138099, 0.4512761520880695, -0.19514349555895, -0.06844829278156371, 0.5265057567938483, -0.1955995186393311, 0.0991242033400373, 0.04058308119827178, 0.03625793815589282, -0.005351876633777315, -0.01039414611358179, 0.05622615659629926, 0.003114495237877301, 0.0317460583011031, -0.24488834099406312, 0.21413774381554285, 0.06609330601216565, -0.042970535188665275, -0.003889140000947998, -0.32832422111834075, 0.23315640179701383, 0.020478541812011673, -0.06492691071105933, 0.22672126407518062, -0.379138081219867, -0.02071781663368664, 0.017679562259950606, 0.05647132278675883, 0.07675893029434351, -0.004859302206433299, -0.4465811193272502, -0.0049323516258143515, 0.11275553249868707, 0.4007138063249747, 0.27506980472709053, -0.02468197846283307, -0.04437121814124085, 0.2021700320111718, -0.2887171029315806, -1.0307359124803108, 0.3183226552689008, 0.2516587632914855, 0.9438832158665054, 0.39941155000725004, -1.3737923498002689, 0.3370836875829709, 0.2366046612166935, 1.3862504809771774, -0.32673071878876264, 0.008616160724543813, -0.12205192946906775, 0.22878143369836137, 0.1433537528117942, 0.15769387671784435, -0.22958329435960897, -0.15978235284175984, -0.09894822536275638, -0.19294459225130386, -0.09224845015234909, 0.1504107920834376, 0.2377091141556043], "trans": [-10.928512347654994, 4.304509785194834, -0.6262561695617356]}