{"betas": [1.7511515842605234, 0.3670231778082652, 0.03978433168027672, 0.004913282851196045, 0.02958606384598556, 0.001461046037256542, 0.028411238985692, 0.012589726574853976, -0.014340388809218167, -0.004234100351574732], "pose": [-1.4606950771717104, 0.6830301303717672, -0.6830301303717672, -0.07990444188350895, -0.01739720907810016, 0.14491089730827328, -0.21665830126148078, -0.06778309294587334, -0.06570823921879979, 0.2005575448679225, 0.0044005188594316135, -0.02081237669284545, 0.7976612231068957, -0.17631300052592025, -0.14102997444614945, 0.2592457424062371, -0.0049007024531897946, 0.0911816893436797, 0.028198249703522235, -0.018025667655902012, 0.030893437128684836, -0.08812261296264264, 0.08028263440001791, -0.06740857330676651, -0.018486229106018007, -0.09003168368005099, 0.13578259914635238, 0.027433402309803342, -0.09740048372917179, -0.024650385924386432, -0.2989055883895562, 0.22288721456629554, 0.1276559496766834, -0.11197082371528042, 0.16890088990055288, -0.3562335750478604, -0.069699070035839, 0.5670476520641572, 0.15990928661383827, -0.009771507286069495, -0.10603689221327729, -0.3033229300961163, 0.004238840718332399, 0.1935300867715546, 0.34057583788480433, 0.16158290784133467, 0.4740356595644325, -0.02887060010333354, 0.2545948970599283, -0.4849227636456417, -0.6828599251993228, 0.33896006353092095, 0.1354610118975532, 0.8413431802940988, 0.2598421521022611, -1.3068014941713693, 0.32108000402484843, 0.16547301956621618, 0.6180699495024498, -0.10796030162487497, -0.03375997256641379, -0.10511843327707455, 0.17482925380519174, 0.07649124565438827, 0.0725923634460372, -0.06752156491887819, -0.0648663822544245, -0.049647154692098606, -0.13207580600133378, -0.07312769141529024, 0.1069329268095896, 0.1410133090834974], "trans": [-22.909520604729146, 14.576165997005043, -0.6639483737666406]}