{"betas": [-0.459125293958982, 0.2836700625543276, -0.2828307762064238, 0.06170009900103966, 0.04114696315793381, 0.017447099752977802, -0.018216663065381097, 0.013285817624318214, 0.01584973647464493, -0.019639755817989615], "pose": [-1.00723632065606, -1.470445971762999, 1.4704459717629992, -0.42179455862533977, 0.010547198333389775, 0.048241067199768256, -0.034958885438632153, 0.04956548297909435, 0.02039985866399366, 0.14193694477586585, 0.02577816237699129, 0.010702813579600904, 1.0502909933885054, -0.005550127442466975, -0.15018292872552844, 0.08297425115695882, 0.046670968381208246, 0.05838233388239469, 0.016577530538806888, 0.03459785280687769, -0.010354275936711562, -0.05352777280964137, 0.08091296613930116, -0.09963826468082468, -0.1848607130157363, -0.1529449187829014, 0.19178532866390807, 0.025628167985555197, 0.0009845595105477407, 0.006369063077131815, -0.2877523904928481, 0.2760015707940638, 0.25235590294923027, -0.1569980540372815, 0.10254230234025431, -0.3097587619351997, -0.16284992454366537, 0.32405013026697754, 0.029337844369328802, 0.011810281746994574, -0.03215764307783572, -0.3987924358397546, 0.010071069892958622, 0.16231272936550245, 0.3722179785806969, 0.1390584547707579, 0.20255171282437395, -0.11145340858935895, 0.05645078769714266, -0.38682887684669426, -0.8886073248321934, 0.1780501162269882, 0.36953858235354925, 0.8894944076990312, 0.20505188330675497, -0.7352360187032176, 0.35126679286674284, 0.2661106532973893, 1.4968403210923011, -0.5748011903055181, -0.053976362108452414, -0.07702011431907242, 0.23229315124681404, 0.012343722196611978, 0.11399465344528681, -0.17823872861782272, -0.16787886433662927, -0.06323757158604504, -0.20419585896574796, -0.14568657711332986, 0.11139731008515245, 0.22102341657831537], "trans": [-22.746360464054877, 11.882938840418694, -0.5433558608388651]}