{"betas": [0.12182979554792384, 0.0498104030700563, 0.01874907528210161, 0.028247290178977192, -0.01045515424154793, 0.003794310233826808, -0.007750463989420916, 0.008476040652062412, 0.013630708331879994, -0.014916307566096007], "pose": [-1.1377333721871357, -1.3143376378575393, 1.3143376378575395, -0.3913252059757839, -0.03536353081830796, 0.09562776970882576, -0.4145956607777747, -0.017550139615531937, -0.09586527750035441, 0.31929396729725346, 0.0003178540035354437, -0.002680411135695013, 0.74633953940165, -0.026397035434436687, -0.15222318371343782, 0.8712897962981405, -0.019739586076552105, 0.0869613223174933, -0.003144657839873257, 0.014580463567394715, 0.007740033563388342, -0.08218558484603407, 0.05779997811003559, -0.01389702977937678, -0.18164552566274683, -0.17379305944341508, 0.1669969749219921, 0.03094643799588515, -0.031013982854790532, -0.0037248130333308216, -0.3246244626649776, 0.2745864026543805, 0.1512969750283873, -0.15026767871900656, 0.12130577319891767, -0.3251203466316666, -0.20719934089135247, 0.16347166842117075, 0.04112599733064165, 0.049384352361846774, -0.011045540922737018, -0.4622774993893758, -0.0014764495460241529, 0.09673874883331078, 0.4379072087174502, 0.15987198200821084, 0.05447935480183934, -0.082676652906667, 0.167805489028797, -0.2807601876939265, -0.9763220361959903, 0.27149861995579233, 0.2878804831608802, 0.9425161372511796, 0.35567209737235944, -1.4327939739916342, 0.42284538486394874, 0.10891045443483244, 1.4048963456746482, -0.4412232307911922, -0.04957908663382343, -0.062446356985470484, 0.17582532440929804, 0.028560597636907634, 0.11576955371077728, -0.16040555266260254, -0.17599897016892518, -0.08112368201901524, -0.23289693825363245, -0.12836108314347797, 0.1352359763808269, 0.24987098043880385], "trans": [-42.21427378057473, -9.044528801532909, -1.1466871914064585]}