{"betas": [-0.459125293958982, 0.2836700625543276, -0.2828307762064238, 0.06170009900103966, 0.04114696315793381, 0.017447099752977802, -0.018216663065381097, 0.013285817624318214, 0.01584973647464493, -0.019639755817989615], "pose": [-1.64789183447152, -0.11202136875638248, 0.11202136875638248, -0.36288816379966876, 0.010314576071035732, -0.0036955886744799854, 0.1878000269017751, -0.007672910004208833, 0.021671332353380826, 0.30807267415203066, 0.03461156059607735, -0.021250380753191873, 0.45191095876859316, 0.005206193399000844, -0.016394790313458377, 0.010636314342540823, 0.011194287284850016, 0.019095774228904322, -0.026921295943578987, -0.0730682510117838, 0.05244186034918473, -0.09352550333007205, 0.10796240853817163, -0.08965310290721507, -0.1835666247775105, -0.10884413569074065, 0.20309956594015285, 0.013766700862581745, -0.04501224578290996, 0.015215130295840653, -0.20393568830111297, 0.20797212111420835, 0.2743749651497846, -0.11232643657841802, 0.06985022031179015, -0.3351844321866288, -0.24061101200442725, 0.09348160668908913, 0.06717360952432866, 0.041342682090200485, -0.11665160293075526, -0.40165355998838226, -0.06566716571926205, 0.14575829672135138, 0.36101577810609065, 0.10289915773131088, -0.08736077708533398, -0.023975262395670868, 0.14159843532491243, -0.19433027792511037, -0.8408356475856074, 0.09186518473468223, 0.34104337683499514, 0.7374512073469814, 0.26639218485852706, -0.8859849200706613, 0.1479238316966746, 0.28661280021161445, 2.179523122612234, -0.3440411534457892, 0.0632221572921781, -0.0664818343231041, 0.11059293193784929, -0.037010800867673645, 0.14290041023162506, -0.15492674618985278, -0.3094792276972245, -0.07519318120353348, -0.2944823094414093, -0.18779979682592146, 0.1411131407188539, 0.28371516760895266], "trans": [-10.491952944026533, 0.9138118786550277, -0.6659097960571341]}