{"betas": [0.12182979554792384, 0.0498104030700563, 0.01874907528210161, 0.028247290178977192, -0.01045515424154793, 0.003794310233826808, -0.007750463989420916, 0.008476040652062412, 0.013630708331879994, -0.014916307566096007], "pose": [-1.2847793185687022, -1.083110454778285, 1.083110454778285, -0.32176902462085755, -0.0033390085397721567, 0.14520098029340903, -0.48221712882109696, -0.007971715278340091, -0.1274588314087092, 0.30774734935862236, -0.032626955166698515, -0.00048116047750006754, 0.6964010376534806, -0.04534472289538464, -0.1348474747438706, 0.7516326046696773, -0.029873834997059315, 0.09091342869109185, 0.0028067553251160796, -0.015289854003594165, 0.0323126310430616, -0.09549692562633741, 0.07253982177681668, -0.0415759717525613, -0.1479543746831101, -0.15146279846261235, 0.19952028526124263, 0.022011668416684435, -0.05422121830452213, 0.010852005362524335, -0.30303063677169895, 0.24235831581251088, 0.155552028968874, -0.10757181888171757, 0.10568316488786586, -0.3371722005523285, -0.1965668746676072, 0.06961971545641071, 0.04529048578244402, 0.03906292126745122, -0.08558764062276786, -0.38583059370621553, -0.006405272772205441, 0.10618687464279056, 0.39238501697482375, 0.1415047689522915, -0.04823185950830917, -0.022045913584648913, 0.14666764933537305, -0.3980671803482914, -0.8995392363267649, 0.2531070707899405, 0.22933570449464913, 0.8960153406686326, 0.40198366210220804, -1.5884782811552585, 0.46447906487874846, 0.1316406411244507, 1.3445263895109767, -0.4232999044996514, -0.05226229849165393, -0.09957088537599243, 0.16285520753826635, 0.030324411368672855, 0.10826329070417447, -0.11470590886813298, -0.12460962619903872, -0.06579582633760538, -0.20817522797705657, -0.11427980816825216, 0.13075061699306703, 0.2183226179015205], "trans": [-38.07056624223599, -8.67296345128801, -1.1384679837340015]}