{"betas": [1.0007394031128156, 0.13998077818863408, 0.20322321153559939, 0.06919845010960525, -0.06355964225067326, 0.0988583210768853, 0.031004152589175965, -0.07600298470585287, 0.01954775199647453, -0.05391534064665776], "pose": [-0.11098708932238203, 2.168905890882251, -2.168905890882251, 0.022298722300820945, 0.034606871507158576, 0.013812995618299032, -0.5224242319842795, -0.008471008091382463, -0.09298381988868486, 0.29976072327727493, -0.0804769109513402, 0.04288636117478644, 0.6273605426668293, -0.15998231357813328, -0.10916463504252318, 0.6021194675900298, -0.14146771445493747, 0.10500081595188415, 0.0489222346093148, 0.008647791265366396, 0.017296257810384276, -0.10289150116061195, 0.07924709179162365, 0.0046779207810951, -0.0048469096147337725, -0.25261766598411944, 0.23345525849196144, 0.06102699208194328, -0.056432251509425296, -0.005357642795075927, -0.3150562831071199, 0.22679357772235728, 0.04643705201870867, -0.06464096086948572, 0.2114318103979263, -0.3890127898679267, 0.00045329390860896477, -0.12458109331829427, 0.07809475454709537, 0.07436098663165931, -0.06281987947116788, -0.3913547028920953, -0.019220383253018645, 0.13757082392486397, 0.3493048209154047, 0.3025155507629876, -0.1646537970629188, -0.004448663832999717, 0.19195245056523452, -0.35053844469539974, -0.9053618792808192, 0.22039271093067173, 0.2055011695286624, 0.7587722553210109, 0.5189204399682475, -1.45074148611354, 0.3104635799300817, 0.17418078863621725, 1.2459130058754928, -0.2883462166820774, 0.03950146388525686, -0.12651259936231063, 0.11584346228667707, 0.17809259450130963, 0.11338228654793184, -0.13252076807939495, -0.15251118996090735, -0.07331381336327689, -0.18611426182374116, -0.10112096681819124, 0.14036445751400498, 0.20615631033757242], "trans": [-11.215779465512371, 5.839369787665874, -0.5890260772051469]}