{"betas": [0.23095163209771685, 0.04109343311864416, 0.025248775430059576, 0.03225921746385679, -0.011730228160678488, 0.01411489487013554, -0.004068968651146599, 0.0031222508939531494, 0.007432816158778922, -0.011705167054862173], "pose": [-1.106700409535812, -1.3500875972752477, 1.3500875972752477, -0.48553690878296896, -0.03715707088271045, 0.11986334319234372, -0.4511954269668992, -0.02198530860456415, -0.10924704495276383, 0.35263155184398354, 0.0105761819494646, -0.0022741733893004326, 0.7053176995983178, -0.01837970906532951, -0.15588550434127407, 0.8253625367028394, 0.011579599251353911, 0.08621123099514408, -0.029435688877360835, 0.015487389329867537, 0.00915260908941204, -0.05666454720007021, 0.0829178893031782, -0.04727110344680193, -0.16604744337287572, -0.18100837997651842, 0.19358346401010074, 0.03725890451574561, -0.022211819450544398, 0.003949260554239879, -0.2989061541693649, 0.23915260885697515, 0.1869246688316302, -0.14903723670648336, 0.12510481688406608, -0.3501318939052085, -0.2116775368171101, 0.1666476290609341, 0.029435590845734813, 0.030998580188097976, 0.025442221849462588, -0.40626565583000124, -0.007977924618444902, 0.06892137729609851, 0.39503632275714856, 0.12451412611354659, 0.04983331077662565, -0.060104778687584, 0.12179081018042286, -0.21464250175147528, -0.8666259375731743, 0.22032932325556162, 0.2559533222206029, 0.8572344896996459, 0.245712781422037, -1.2556631657145576, 0.3693779591124575, 0.046278977534266755, 1.22927021555503, -0.37070178141593063, -0.034872276802220534, -0.05846115608590258, 0.1866448911387025, 0.015733381347333188, 0.10390697412749603, -0.1531401226898366, -0.19327241024829755, -0.07625375195624712, -0.22589885942611013, -0.13270919524992372, 0.12320970007264406, 0.2377279905803626], "trans": [-63.606662775405, 3.74517135325024, -1.2390168953549385]}