{"betas": [-0.04531959800123942, 0.25816046623113975, -0.10443940742347267, -0.07597029208210594, 0.013911735992459227, 0.013954990810594958, 0.00840059268463032, 0.018210526354907698, -0.01144635948893292, 0.002226290135924623], "pose": [-1.5677608404314098, -0.11451827036783568, 0.11451827036783568, -0.48645293484793417, -0.06332834067908968, 0.04350904774461977, 0.24943687028640205, -0.0844412212004221, -0.03114349472337929, 0.3570125735778317, 0.04815727980405132, -0.021110969360408273, 0.2168598337811049, 0.03198819656124932, -0.15627576503101778, 0.550676233706917, 0.14579517268075137, 0.06480377947738947, -0.0015109342978527037, -0.020751695272577114, 0.014574241192977578, -0.030444760013221422, 0.11811369280365062, -0.10032522861656086, -0.18232026214635916, -0.16832419655703265, 0.1767648046133687, 0.03359964714548544, -0.02085340565392958, 0.0015720715028376961, -0.2404986126827341, 0.2139836853047473, 0.2583300355920165, -0.13567089462151913, 0.10172778476876963, -0.27196712805063605, -0.1362731718982524, 0.14498504656408542, 0.03645230736132691, 0.02316151850086547, -0.05479996950160969, -0.40325174750318166, -0.0037495672469553005, 0.12100564724495967, 0.3973806686539361, 0.16979530570352463, -0.006231439880033952, -0.03545930724797284, 0.08352055719807427, -0.2323798608378558, -0.7378299319302771, 0.15522658560484162, 0.25921545270772667, 0.746566669980683, 0.1769826014590245, -0.9248990326805754, 0.22591492973701205, -0.03369087242025717, 0.900136014272554, -0.24962594608731298, 0.017863032856488888, -0.04328340939643036, 0.11206067274744617, 0.006108335820191219, 0.06529184354545137, -0.079966305824116, -0.22605896829342004, -0.05608105396652004, -0.21077499671632155, -0.15235481837214612, 0.10708841688177353, 0.2096969608667529], "trans": [-28.407305435009715, 5.179266198148555, -0.7261399149786684]}