{"betas": [0.12977417203956745, 0.49847687971378624, -0.19179541608583497, -0.1113183526768453, 0.0549914925669735, 0.1034291447522722, -0.013453424082682812, 0.010035343166627214, -0.014576049326274527, -0.02308049036666073], "pose": [-1.4368814167352593, 0.7516432488578141, -0.7516432488578141, -0.32886145320383764, -0.0064111753293185645, 0.02320460829718042, -0.35018727194165844, -0.04506026837937858, -0.06884975286306214, 0.31706973035275676, 0.019113048304815177, -0.009257827689367204, 0.632814435749394, -0.03338117702602652, -0.15302716098701505, 0.86418571509636, 0.026222303047501262, 0.10055928516034245, -0.013255465768888404, 0.015234026666995788, 0.010229799268218577, -0.050129368264870064, 0.11763692148383202, -0.07046983195884314, -0.19002902923772286, -0.19782141285648694, 0.16644995425327078, 0.03771666524942714, -0.018862720768235558, 0.0035351765530042653, -0.27289029992964475, 0.21471024793050275, 0.21474447862348986, -0.14768696397954337, 0.13666812183049054, -0.2947676440204119, -0.16616262270698856, 0.27682528220080677, 0.04162589592704663, 0.04728637739581145, 0.0070607371560746325, -0.4547546931052821, 0.02810826579748233, 0.08389563994390055, 0.46377716407625236, 0.1579694340010933, 0.13507944145651538, -0.08831070287066374, 0.15092034207845184, -0.16754385829053117, -0.822265322214689, 0.2788046664875043, 0.2644277183414861, 0.8624672154481688, 0.27852676030358514, -0.8855489128486149, 0.14595844279652645, 0.1470416979673628, 0.9029409211551055, -0.1302614892161858, 0.07043254860216355, -0.03771318107169671, 0.11419423332124427, 0.03460984730340314, 0.07285589076759476, -0.05858124111308659, -0.2507825157556757, -0.07021906498405676, -0.20292864499518207, -0.1426423625887847, 0.10888287562026089, 0.20513131739160836], "trans": [-21.452414170084484, 8.63001126658895, -0.6285296907226258]}