{"betas": [1.726796659765029, 0.41891031545459445, -0.15139553369490252, -0.5462419580768579, -0.07855182412525559, 0.07595039952460043, 0.008045347212360082, 0.06009336300381875, 0.04481580265154796, 0.006120580758014304], "pose": [-0.1017246372856121, 2.1734918095178384, -2.1734918095178384, 0.25642126871468074, 0.12335505215830053, -0.11145793366908026, -0.6735286898970441, 0.03075263361688431, -0.0448267860725682, 0.34770986890477956, -0.14097608690338248, 0.07381204645023859, 0.5391088548222226, -0.1066944196079857, -0.10499346577482578, 0.5319608285747198, -0.23874488272748415, 0.10625342563616366, 0.07456100003875078, -0.01438914763875651, 0.033595828728311294, -0.138432263146531, 0.09126899259456284, 0.04523608988488532, 0.0741129104116246, -0.28914205811319654, 0.29683035788550227, 0.057677490040071805, -0.08049358635095465, 0.012611146026035155, -0.28037780627154074, 0.23173985818808215, -0.028586871277520638, -0.05450682111733441, 0.3108394936943947, -0.4818956344861875, -0.0460191591832436, 0.014532399333145235, 0.0500106845507168, 0.07754072082470446, -0.21456004623221941, -0.37643638752982533, -0.0305814654692529, 0.21473966697753827, 0.35340882990530326, 0.2561293252015627, -0.03158630555374183, -0.050711891026263785, 0.1156778587472394, -0.02373440632835036, -0.7821502643354871, 0.7636706417074448, 0.16075704384344922, 0.7160371209645261, 0.5366156806417435, -1.2989596361130005, -0.2344506731694765, 0.26696809449844433, 1.3632867253556349, -0.3162054640357105, 0.20663421961186426, -0.17223296181293307, 0.1842712903522869, 0.23916581617349614, 0.17372116535908003, -0.20763604683491338, -0.21401032079879373, -0.10214731007705438, -0.21584530111322, -0.1296420125460902, 0.164882103186672, 0.2533766090432053], "trans": [-10.972539858372942, 4.144269715666441, -0.6397762353547897]}