{"betas": [-0.04531959800123942, 0.25816046623113975, -0.10443940742347267, -0.07597029208210594, 0.013911735992459227, 0.013954990810594958, 0.00840059268463032, 0.018210526354907698, -0.01144635948893292, 0.002226290135924623], "pose": [-1.5676082088594883, -0.11736047500363826, 0.11736047500363826, -0.5960557926731201, -0.0871057707879101, 0.05243897521158059, 0.1693648307929004, -0.10289696067563511, -0.031088462538135, 0.26469435294467464, 0.1229808892456986, -0.019485577921304457, 0.5498339625760108, 0.06781375468050656, -0.16773234113799335, 0.47469231322278166, 0.17336015312305977, 0.053887771460410454, -0.01621809449411854, -0.017332719834158978, 0.009295799772679051, 0.0635254527296934, 0.08530541920011403, -0.030411645602319633, -0.12304276894352421, -0.15731374086523023, 0.09069559926145923, 0.08656749901790443, 0.0006057756279250922, -0.02162165568619152, -0.2662333583064587, 0.23673447194154118, 0.14855800641194197, -0.08345283716750723, 0.14503915710869178, -0.1652014731813049, 0.0919371717015579, 0.07529609642166635, 0.06475135726285125, 0.050250096426947, 0.1258174293253693, -0.5035749710614127, -0.005907360122494375, 0.026935200931763676, 0.5117119487427125, 0.3994456846948748, -0.04466244354340597, -0.08647029406299006, 0.08944446276809673, -0.1732930574084243, -0.9010902519786751, 0.16611644215975893, 0.32187272044149345, 0.8322532548156173, 0.14938083754730247, -0.48966767444784565, 0.14013500083513666, -0.08496423672860194, 0.5085490967832037, -0.14507323291361338, -0.06919892876481411, 0.023611956987320624, -0.06276403718598958, -0.01628221577102774, 0.005676561205878526, 0.005877193958712049, -0.19466735086043813, -0.06142615886732249, -0.1892617373391198, -0.10781681293035036, 0.11067156219417477, 0.22972231856449143], "trans": [-27.900622083688145, -4.206084704145154, -0.8116076476615539]}