{"betas": [1.7511515842605234, 0.3670231778082652, 0.03978433168027672, 0.004913282851196045, 0.02958606384598556, 0.001461046037256542, 0.028411238985692, 0.012589726574853976, -0.014340388809218167, -0.004234100351574732], "pose": [-1.608694480392427, 0.27413828390149786, -0.2741382839014979, -0.22641854429158906, -0.010038568420444816, 0.019093275205972468, -0.3293303498094689, -0.03363197530484524, -0.05381690858086277, 0.2891634796104419, 0.009336438106464777, -0.0045955585092858214, 0.36801587231673893, -0.025162142667285517, -0.12495496064771827, 0.8563909337283195, 0.03012563322250894, 0.06864965301121909, 0.0034128285031120235, -0.018522122039085962, 0.01335366930486656, -0.05088593070357378, 0.0879634949075367, -0.08205333030203169, -0.1358029597135589, -0.17042003504015235, 0.21294620443624546, 0.021368099396802717, -0.025170053184380998, 0.007415793459231465, -0.25938231647578697, 0.24357825265945135, 0.20270556622102934, -0.11505162245380171, 0.13076068294190601, -0.3327534407211634, -0.17466729637072376, 0.10351684876448947, 0.03907708634506562, -0.020678249238050297, -0.1172016632131699, -0.2964345431130638, -0.05617940532598324, 0.16877003937822485, 0.2860246286640696, 0.1359024093786386, -0.028203635108424736, -0.024566572430339193, 0.049192875114875564, -0.3582124816972561, -0.7250714890931641, 0.16665569327211632, 0.3196627302454693, 0.7501675924618023, 0.18362847804267754, -1.8577383774846326, 0.4586002060436282, 0.061384377081344026, 1.4535743132947236, -0.453592530777323, -0.06463744342120853, -0.12392064593099117, 0.22440123697198314, 0.011027656814159799, 0.14300397597142014, -0.17570142597150956, -0.11754708320542201, -0.054828969740783766, -0.1983720296299921, -0.10216222969538123, 0.11903168384489222, 0.20587890672245174], "trans": [-29.170166949036908, 10.410582107968589, -0.6623393409474024]}