{"betas": [0.12977417203956745, 0.49847687971378624, -0.19179541608583497, -0.1113183526768453, 0.0549914925669735, 0.1034291447522722, -0.013453424082682812, 0.010035343166627214, -0.014576049326274527, -0.02308049036666073], "pose": [-1.4489012495091302, 0.7179074876894511, -0.7179074876894511, -0.25561011436020864, -0.040236229260942835, 0.012420330478541436, -0.24033009558390334, -0.053539482319788397, -0.06836609741282733, 0.24820675536874426, 0.013371029832974373, -0.0013586538357409036, 0.5386654489533705, -0.1190314989928604, -0.13441742167709, 0.8364493355526968, 0.032881987966302345, 0.11296180323085503, -0.02650182205388058, 0.019091701214733546, 0.01738920190411285, 0.03330886835904218, 0.08756512875927885, -0.007487991589245922, -0.02009354777544562, -0.2051046951993782, 0.17928469637054548, 0.07429115498764663, -0.026853379004029267, -0.02035787559891394, -0.3088857018750148, 0.20404160863540843, 0.1075122060428413, -0.13872370857018224, 0.2176847258720749, -0.28381508847108045, -0.01667302565237012, 0.12113197577732694, 0.0636147411975826, 0.041531045937171, 0.10067607680429196, -0.48533258910059673, -0.008368791974690612, 0.0083155685797171, 0.5270001970398903, 0.3700242620136131, -0.0041298652656320215, -0.10210767095592678, 0.07416205502977131, -0.22103750941053257, -0.8865587842417488, 0.20406792234632093, 0.24902612089951504, 0.8506038037862399, 0.1544869906406224, -0.5204548498519898, 0.13026220159944932, -0.10292146943556893, 0.4779363461404801, -0.13817094727135237, -0.02246643135492478, 0.010792305641788088, -0.04886259641374132, 0.02584800821745266, 0.006380285212709186, 0.023280638615325443, -0.206972775922528, -0.07889702839295315, -0.20184276567122567, -0.10797870053291778, 0.11537289206655693, 0.23628377935398898], "trans": [-23.999197607337685, 6.724989464372046, -0.707187828617223]}