{"betas": [1.8964894903024812, 0.31493576625010133, -0.1035326407414528, -0.4364464500446508, -0.04973432451903863, 0.09833628269918979, 0.014303769774192097, -0.026993742994641887, 0.07112343154180402, -0.03308173982274214], "pose": [-0.035941165255054634, -2.2049969482340597, 2.2049969482340597, -0.15225971911262293, 0.026601291665222737, -0.02647460531889298, -0.25025602957116055, -0.016030824615120294, -0.018354375173914292, 0.34906342089260384, -0.018450605975689854, -0.019014895824300666, 0.19162372843615313, -0.03984890390285079, -0.05206302625012068, 0.99569324529481, 0.02934543834647856, 0.11318256044261338, 0.03765846454177073, -0.03916633046779204, 0.04421139586315302, -0.125426113825353, 0.1342395381943428, -0.025505624356240087, -0.1484353611706096, -0.19914787511696244, 0.18133755607022545, 0.04725399568967693, -0.05239198763631114, -0.0011171535628226707, -0.25723392962440056, 0.2324666268027032, 0.18039153849146958, -0.13402609524724024, 0.1590801554973072, -0.2784013285527735, -0.030805482507573412, 0.024138457801436586, 0.08367536013131827, 0.04557732367014798, -0.195060609734502, -0.35222276115122214, -0.022077787305730963, 0.217038628477097, 0.35836404560786655, 0.2591694570033022, -0.14091020434194473, -0.013148549186289365, 0.13879741437042817, -0.35156449949788643, -0.7270007200488504, 0.25608520157354353, 0.3081284019030673, 0.7708513512953569, 0.4176850808374251, -1.0908772182026962, 0.12740630510054504, 0.27387832244358035, 1.1534566742873817, -0.17788696636342363, 0.13588126785399768, -0.08089777618802789, 0.11210544504105967, 0.11282331389596272, 0.09428311939668758, -0.06555687320240498, -0.2266648484534701, -0.04758111216709644, -0.18442980323148803, -0.13336248287997782, 0.12318867108185759, 0.17172061263741334], "trans": [-12.019583878794792, 7.915138789032565, -0.5579781277627732]}