{"betas": [1.726796659765029, 0.41891031545459445, -0.15139553369490252, -0.5462419580768579, -0.07855182412525559, 0.07595039952460043, 0.008045347212360082, 0.06009336300381875, 0.04481580265154796, 0.006120580758014304], "pose": [-0.02080189365381254, 2.211988751179427, -2.211988751179427, 0.19932139635477447, 0.12574074384962988, -0.01601367542304271, -0.6443480282731507, 0.025598064746009237, -0.05058826091785717, 0.33620023282144146, -0.14207912229006295, 0.05795350143445716, 0.264536060042275, -0.09420549947721285, -0.05025176957196632, 0.25518381162638204, -0.2106349136723336, 0.09979595461512353, 0.07104373236967759, -0.06843586557805573, 0.05032807459902886, -0.0534192276389883, 0.10662162131036895, -0.051293781537339884, 0.10925181852685469, -0.23977539077165322, 0.32525839061529493, 0.0533723732618876, -0.1020451250533754, 0.03666290252582072, -0.22985809660989204, 0.17525306272133098, 0.0621887744186275, -0.0004919477297112666, 0.25629717810591224, -0.47065063895351744, -0.024285955497701187, 0.03333698337588557, 0.02885986087258005, 0.05970373114167145, -0.2799256204081322, -0.2846100088568224, -0.028368531744681076, 0.18328291650521622, 0.27856620051389697, 0.20455691953584043, -0.047742041857096115, 0.01055297202834522, 0.1156778587472394, -0.02373440632835036, -0.7821502643354871, 0.7636706417074448, 0.16075704384344922, 0.7160371209645261, 0.5366156806417435, -1.2989596361130005, -0.2344506731694765, 0.26696809449844433, 1.3632867253556349, -0.3162054640357105, 0.16505409193263457, -0.21059341867082268, 0.18314265266919816, 0.16919307876852677, 0.19188403609748264, -0.16894008884192907, -0.189636619635298, -0.0892428591135402, -0.19617293094836336, -0.1331927117483626, 0.15590860479055757, 0.2347620757901883], "trans": [-10.795767637316677, 2.575298597683417, -0.7257630264145082]}