{"betas": [0.33303066142902105, 0.22906885785386125, 0.1321746135337195, 0.03485680493593007, -0.034928744222964915, 0.03738652273642406, 0.06435992437738675, -0.06135207138309116, 0.004712805749211021, -0.03328562850670294], "pose": [-1.4964222489380596, -0.8140973408070127, 0.7890973408070128, -0.4826899394026789, -0.01640170335310831, 0.07420820381076834, 0.13321390912579445, -0.024766214951159667, 0.10150237539548476, 0.2572625751778419, -0.004358778553975155, -0.007904237656372272, 0.35392609136933817, 0.06933366659647024, -0.12793703406662996, 0.4098794687924894, 0.0530331666156876, 0.057017493872729565, 0.025459020318380463, -0.04477227923309813, 0.024079225947130665, -0.04100365111386074, 0.06529231587729492, -0.03958525920327281, -0.15180086486876912, -0.15085914558903168, 0.1446709709529368, 0.012131959325388979, -0.031725645792490834, 0.013694276442270786, -0.26191347739116005, 0.2519039438755705, 0.09563179943885937, -0.06520344858019386, 0.15374184503563876, -0.2594255385836432, -0.14105521731718057, 0.1647148993038244, 0.045570853987605665, -0.060189982114214204, -0.29929602719060205, -0.2625998024610265, -0.08345054050521725, 0.3022756869623849, 0.27271498267260663, 0.14404511760989605, -0.5883775870800616, -0.03267138779198419, 0.02318737024781498, -0.5123754166821445, -0.7224293368583115, 0.16978506661647194, 0.42205526741280464, 0.8036999843252487, 0.19191549244716413, -1.4886363579421584, 0.4762749713070689, 0.1234838265507781, 1.4618962397192847, -0.48921268780790883, -0.0545089538584529, -0.12773348587054428, 0.2369537278352163, -0.00935018724594007, 0.13748174225465296, -0.17672124776749573, -0.07130144751581434, -0.053799015853047916, -0.17989486642712138, -0.0678031580708632, 0.1274086927826779, 0.20001401806936417], "trans": [-15.466788037985998, 11.105308048164327, -0.49295373329609987]}