{"betas": [-0.04531959800123942, 0.25816046623113975, -0.10443940742347267, -0.07597029208210594, 0.013911735992459227, 0.013954990810594958, 0.00840059268463032, 0.018210526354907698, -0.01144635948893292, 0.002226290135924623], "pose": [-1.5706302318142722, -0.026794833027290566, 0.026794833027290566, -0.6340365680396228, -0.030800313278700385, 0.06863288774867307, 0.19345847060909727, -0.04353263781235619, -0.020682795902592213, 0.4125694072826925, 0.045063004616727666, -0.006201690694609804, 0.45998197222372383, 0.03936689983834758, -0.16254401338759192, -0.00727572944575066, 0.09607869293884919, 0.07639596934766463, -0.011983010549670074, -0.000760195327629239, 0.00402905704413328, -0.036804791818922176, 0.09374193239294738, -0.10460913858657525, -0.17720785369209682, -0.15513543539615607, 0.18481368522944355, 0.027362798855975055, -0.006574531274594202, 0.005590719847193127, -0.24745988977407324, 0.22680578688862973, 0.26988771542593026, -0.1259991995928191, 0.07974144721935603, -0.3016384433220031, -0.16945244564967124, 0.1169633759641454, 0.030260806887636493, 0.018772198857835473, -0.06260810976209846, -0.38608430284784356, -0.0188762283691606, 0.1794984326475689, 0.3449556672928026, 0.13039922917748673, -0.02878374664262152, -0.030601109200173674, 0.11258359879212206, -0.2203332571917117, -0.8007212029008961, 0.11422954486769017, 0.3523650844742558, 0.7422402376430627, 0.18824549993294543, -1.0333514623383275, 0.2738180622319257, -0.026814308966541977, 1.1005023693354552, -0.33115266036968216, -0.01680285759549787, -0.052757984385238745, 0.16462399959555116, 0.018622380531899276, 0.09225166339427188, -0.15563747518870627, -0.23162565194499868, -0.06199086884997975, -0.22508254596504557, -0.16324166279376426, 0.11698203588594752, 0.22528100075544857], "trans": [-28.710841358389796, 7.897351591205297, -0.5599565400380152]}