{"betas": [-0.19266644468801378, 0.5771463667239267, -0.16308379457488245, -0.06462538974507079, 0.08054580167251779, 0.027975024271901693, 0.03561269911626106, 0.05188376016633901, -0.05289357868361275, 0.00684608270928935], "pose": [-1.4648249390629597, 0.670350389592306, -0.670350389592306, -0.20481175192334217, -0.0284147298976322, 0.047493746616609316, -0.20478924722184066, -0.02828745709056464, -0.023473575259708182, 0.3482536481994397, 0.03008114619925655, -0.0002775116399865985, 0.7961489583818063, -0.046747260091040424, -0.14540484401371265, 0.25605761431507956, -0.006004173514943514, 0.08021323844562335, 0.0425901849963131, -0.009246717670556093, 0.004691268130372252, -0.10916658000807253, 0.05250441415653508, -0.0597916047709489, -0.18988820975571968, -0.15609653017619415, 0.16055871864978005, -0.0006222890299493374, 0.000975543707720523, 0.012107182319017766, -0.2665838900376323, 0.29718756914927763, 0.18708826564752482, -0.11606755654143547, 0.12095834916010526, -0.2856334540683449, -0.18962060158288607, 0.16803833341111007, 0.03772807562497139, -0.0194279141959389, -0.3307365735721788, -0.3081050735902078, -0.03884097824988013, 0.43145965762394417, 0.277480545270494, 0.10304533868539688, -0.0027061398495651615, -0.04423839734013337, 0.15249610075773493, -0.42962782007053235, -0.7658627128407961, 0.23069629327375527, 0.5356594951196253, 0.8007783313081802, 0.40454526680482616, -1.5381062574798514, 0.34650956787525217, 0.37261798860346723, 1.6413637260388838, -0.3407671752500219, 0.05245003937012635, -0.14162580289465027, 0.2717179315891683, 0.11029660404340216, 0.171087178005512, -0.22720416903725218, -0.14474397805666908, -0.05137277224958918, -0.18910447890536666, -0.12708936802013782, 0.13577654907594439, 0.19355735425149898], "trans": [-20.87515648936554, 8.311006838777022, -0.5941672051474483]}