{"betas": [1.7511515842605234, 0.3670231778082652, 0.03978433168027672, 0.004913282851196045, 0.02958606384598556, 0.001461046037256542, 0.028411238985692, 0.012589726574853976, -0.014340388809218167, -0.004234100351574732], "pose": [-1.562595882724932, 0.17722607246729757, -0.20222607246729757, -0.5437458677368364, 0.11388475237266543, 0.09523805824554787, 0.036771905695405255, -0.10704091023739645, -0.050089105769646446, 0.2005575448679225, 0.0044005188594316135, -0.02081237669284545, 0.2592089682665948, -0.046448913649878014, -0.18256019244318603, 0.1317139168951045, 0.011131061683396289, 0.053617632588272894, 0.028198249703522235, -0.018025667655902012, 0.030893437128684836, -0.029627645840658662, 0.060825555145202485, -0.09317982487758653, -0.12855423389756532, -0.11712441154526568, 0.19690705941367517, 0.027433402309803342, -0.09740048372917179, -0.024650385924386432, -0.24608065647968289, 0.2350994164611015, 0.20269274092341824, -0.057889699563284554, 0.08088055900103093, -0.3005376081613315, -0.094699070035839, 0.017047652064156982, 0.05990928661383827, -0.012716870309084369, -0.20709728250056994, -0.349991636521787, -0.036488100095593466, 0.2471210603455045, 0.3170020429811188, 0.3365829078413347, -0.15096434043556767, -0.02887060010333354, 0.2545948970599283, -0.4849227636456417, -0.6828599251993228, 0.33896006353092095, 0.1354610118975532, 0.8413431802940988, 0.16616110553991761, -1.3171512695600434, 0.3854515191949185, 0.16547301956621618, 1.0180699495024501, -0.007960301624874967, -0.139471445817834, -0.08988466850467405, 0.14777710401211222, -0.02417741032724659, 0.08497821388030338, -0.12122319941565382, -0.10296597518074636, -0.055548201223874535, -0.19571965917994844, -0.1220567253306791, 0.1213358054633826, 0.20877960647221708], "trans": [-19.865640762168656, 18.513641805966774, -0.5765586416263522]}