{"betas": [-0.19266644468801378, 0.5771463667239267, -0.16308379457488245, -0.06462538974507079, 0.08054580167251779, 0.027975024271901693, 0.03561269911626106, 0.05188376016633901, -0.05289357868361275, 0.00684608270928935], "pose": [-1.4695969660273063, 0.6553685745776779, -0.6553685745776779, -0.5573234754030671, -0.07745712073259747, 0.0749686124498425, -0.09223626208043095, -0.05802427413623232, -0.031145870641293684, 0.3258021194795583, 0.09921906585721808, -0.019505335930467865, 0.5382564032805772, 0.09733935158326357, -0.14093226928352323, 0.6215567867129215, 0.04451790133631163, 0.04878930834898758, 0.025945842429245487, -0.02655622278570831, 0.0031127546346804112, 0.029337394943714207, 0.06880725354101602, -0.06870395600192936, -0.19153201895446048, -0.13219237416283183, 0.11857082360123036, 0.012190939994914675, 0.022029588777120773, 0.012150257754873658, -0.23069573455517273, 0.2756380699226257, 0.2065557393062589, -0.10531092402054662, 0.12438478665254342, -0.21613349043177574, -0.17384152032100084, 0.2570205923125565, 0.024977195247016762, -0.04233764014138662, -0.2797959962910141, -0.33044968452203116, -0.03684831243666792, 0.3875761905484595, 0.3216807127419251, 0.1440887541350048, 0.057470916503300634, -0.05938234420270445, 0.1318576399472639, -0.3978979303928013, -0.7913995238915875, 0.21353442868304776, 0.5532580752719125, 0.8573803428359308, 0.25401335729407365, -1.3843916486114596, 0.37280667965948283, 0.23001982716661612, 1.4540957756377912, -0.3640978826646181, -0.009481608048984815, -0.11934008037092768, 0.2857466507003667, 0.010325197900610398, 0.1619241078499491, -0.237655647391635, -0.1576701346174885, -0.05554634544861774, -0.19906733914246924, -0.12862804490777854, 0.12343730264076055, 0.2125198957243771], "trans": [-24.319277937897045, 5.563961243771747, -0.672651951050335]}