{"betas": [-0.10716845975804463, 0.03555393559239171, -0.022909588301634677, -0.0022321960585287635, -0.011360188238027402, 0.007048778770267401, 0.0026244476494828445, 0.001119221678184007, 0.011361241992361597, -0.011308692156923365], "dual": [-0.00654573838071644, 0.009916811321553524, 0.0015079398936452236, 0.0064608885438226776, 0.002934938171185581, -0.0001793441234127632, -4.001812848549802e-05, -0.0001408929068100319, -0.0012650885777980708, 0.00013807871542287874], "pose": [-1.2905992006465479, 1.0726185089642482, -1.0726185089642484, -0.5387422448577686, -0.043707582246337494, 0.1481082182008752, -0.5229890238088555, -0.00878902506331502, -0.13522711006576954, 0.4182875733911594, 0.008227784927538237, -0.004196315903429138, 0.7936649514495134, -0.009562048314905631, -0.15617123247459838, 0.9005494152944544, -0.0074878321996203825, 0.08730396958049332, -0.005262248357798188, 0.0010421897070084151, 0.011760380311204684, -0.09015502139414962, 0.047936823557646044, -0.024107525615205322, -0.17846581191868438, -0.1474556405750776, 0.17113595152907146, 0.025215596154021195, -0.025017999149762746, 0.004716318880808928, -0.30669681998562853, 0.30134305853422355, 0.1689400738279238, -0.14464182477642074, 0.08971304898773598, -0.30867305374695914, -0.17253153226490522, 0.09838931184592124, 0.036128070980634364, -0.0003844322482736959, -0.1099957433096701, -0.3565899244327423, -0.04578215659337605, 0.18741369254804072, 0.3281828268175199, 0.15161309927556202, -0.031576020359753675, -0.03874697746010657, 0.05188239125026511, -0.3657432494161696, -0.8618766184310319, 0.15271940651038773, 0.36098080488224144, 0.8622952443770985, 0.1836429666814464, -1.557640866409284, 0.5693348988678294, -0.0017146679774576676, 1.585765580819228, -0.6102982645349352, -0.08976504900684908, -0.06628187977943073, 0.2674231866016333, 0.014566809742284588, 0.12818630875299325, -0.24618757819290835, -0.13380771634433977, -0.07175757913126604, -0.22890763764557975, -0.12306500621553061, 0.14050099732864688, 0.24819221788470283], "trans": [-54.93800810047719, 6.599744339310574, -0.9165294859538681]}