{"betas": [-0.10716845975804463, 0.03555393559239171, -0.022909588301634677, -0.0022321960585287635, -0.011360188238027402, 0.007048778770267401, 0.0026244476494828445, 0.001119221678184007, 0.011361241992361597, -0.011308692156923365], "pose": [-1.4026194460356531, 0.8396788380881769, -0.8396788380881769, -0.5555767930992975, -0.04045763836043373, 0.14260093914121408, -0.48226078513659426, -0.011103869204805586, -0.12566308090765108, 0.39444541836040603, 0.016488511823845482, -0.006148405165560858, 0.7563799827379698, 0.01027265751382032, -0.15784595025113304, 0.8715546132249599, 0.017627144227574, 0.083179760243957, -0.019547967181277652, -0.0028042901255697513, 0.013009577857699605, -0.08709588994280326, 0.06164523556845662, -0.03742939071180428, -0.18489822887327348, -0.15084054327108518, 0.17992033128391582, 0.022627839828969654, -0.022193249987714735, 0.004002693083785876, -0.2874037735756998, 0.2758200159321523, 0.19053398541013059, -0.14448377434237075, 0.09301723165179704, -0.32483154437238626, -0.21521285166771825, 0.09416587865097202, 0.03951668168344229, 0.0021277937107792417, -0.07481320430010002, -0.3645158962812561, -0.05584394034998923, 0.16331285039255042, 0.32884611040525125, 0.12144714459704317, -0.038197506559546936, -0.04100636076404275, 0.06658636407214105, -0.2945364202703862, -0.851677278979569, 0.1405176911141904, 0.35650939156328704, 0.827460083055804, 0.17049537317139127, -1.4121073569749814, 0.4943864481470397, -0.023750654045167456, 1.5298473446491323, -0.5787819692495388, -0.07548710960639043, -0.06452976051724146, 0.2362631382688025, 0.0020175920412731346, 0.1296494330645574, -0.22921968527420458, -0.16916028749893394, -0.07257795763697406, -0.24123026195447633, -0.13023928251933797, 0.13616296227386118, 0.25261059611014103], "trans": [-64.67914475051035, 4.19512789264143, -1.0700238618748605]}