{"betas": [0.23095163209771685, 0.04109343311864416, 0.025248775430059576, 0.03225921746385679, -0.011730228160678488, 0.01411489487013554, -0.004068968651146599, 0.0031222508939531494, 0.007432816158778922, -0.011705167054862173], "pose": [-1.106700409535812, -1.3500875972752477, 1.3500875972752477, -0.4855364546172308, -0.037156925385638216, 0.11986348671752273, -0.4511952935284515, -0.021985349656673682, -0.10924711596653529, 0.3526313155594097, 0.010576149016878748, -0.0022741550696471794, 0.7053176256988989, -0.018379767432871428, -0.155885469825849, 0.8253624350057989, 0.011579589559033973, 0.08621125373374516, -0.02943567786234085, 0.015487417763099996, 0.009152634305732576, -0.056664606682117986, 0.08291795656365047, -0.04727117050679058, -0.1660474503681121, -0.18100839616131628, 0.19358348085541321, 0.037258879173053705, -0.022211819082910648, 0.00394927098871178, -0.2989061453196716, 0.23915257019897493, 0.1869247234266044, -0.14903724142439145, 0.12510479311427217, -0.3501318944341905, -0.21167752846410778, 0.16664761484921883, 0.029435635837053057, 0.030998583393097506, 0.025442369845233393, -0.4062656051976108, -0.007977943154346235, 0.0689212581491998, 0.3950363181917523, 0.12451412940048202, 0.049833324190177546, -0.060104807248948455, 0.12179075946392472, -0.21464240031941711, -0.8666258246369795, 0.22032931669188, 0.25595326500536514, 0.8572344210161263, 0.24571275802782355, -1.2556632575130033, 0.36937799355482087, 0.04627897647536835, 1.2292702786511887, -0.3707017735421423, -0.03487227738606867, -0.05846116468929678, 0.1866448399353357, 0.01573335684830575, 0.10390696467026164, -0.15314006691204513, -0.19327240845622873, -0.07625374042949351, -0.22589885621083117, -0.13270917703691568, 0.12320968024617039, 0.2377279768379002], "trans": [-64.19547983368571, 3.7478611202314283, -1.2653018241446685]}