{"betas": [-0.04531959800123942, 0.25816046623113975, -0.10443940742347267, -0.07597029208210594, 0.013911735992459227, 0.013954990810594958, 0.00840059268463032, 0.018210526354907698, -0.01144635948893292, 0.002226290135924623], "pose": [-1.6446511041452245, -0.12035249375086299, 0.095352493750863, 0.03488352772111983, -0.004582538726304056, 0.023704499986577574, -0.5220638856812021, -0.015830008607221897, -0.12412652250827849, 0.4503435921856979, -0.00386535914520978, -0.004849292271207819, 0.09304883038818243, -0.02760274610232748, -0.13876724678215036, 0.8663727940490712, 0.02264555730235477, 0.10322235090524207, -0.012676551467308683, -0.02363208341802455, 0.017126952486908098, -0.08024293875895103, 0.09916333547486979, -0.04964777130700357, -0.1419898795251318, -0.18077029052116453, 0.19117783542679603, 0.02641969063675885, -0.03297990982717098, 0.01128119607337828, -0.24185786178784371, 0.22536153234650977, 0.15940436372858693, -0.1045415079739897, 0.15593523301650175, -0.3083012601049786, -0.13660083473456747, 0.1294628812018159, 0.02413258136084426, -0.0061088152856964015, -0.24432571062758518, -0.3470860879362127, -0.01941215696778804, 0.2749703581314928, 0.35232054377746574, 0.17264143309188223, -0.028037717891953865, -0.009408540884583061, 0.03876664893790477, -0.37878984804343707, -0.677715209979031, 0.13782588723366238, 0.33110992951043294, 0.7220366359424949, 0.1589775250097069, -0.8783157405065257, 0.18974336603278347, 0.03837145099543608, 0.808585754165695, -0.1724831534842901, 0.07273837664374198, -0.05128081915435932, 0.15801892131849157, 0.07343128992851342, 0.057318628023673726, -0.09363654898404947, -0.18172713771448484, -0.05876036215077293, -0.1762683759705807, -0.13000148853916915, 0.11912393566674845, 0.18155630312312196], "trans": [-27.603214156115307, -6.980533059439703, -0.8762610223011199]}