{"betas": [0.12977417203956745, 0.49847687971378624, -0.19179541608583497, -0.1113183526768453, 0.0549914925669735, 0.1034291447522722, -0.013453424082682812, 0.010035343166627214, -0.014576049326274527, -0.02308049036666073], "pose": [-1.4371214590090595, 0.7509858108991554, -0.7509858108991554, -0.22586323006400696, -0.03680090189493886, 0.00830297410503167, -0.260561513097975, -0.05330367191157268, -0.07010466134141531, 0.24603253289761795, 0.008226458769722616, 0.0032583263843896505, 0.5295407613199727, -0.1311460405843659, -0.12901257973106825, 0.8249612100167283, 0.01601962574569859, 0.11454445081452108, -0.026027281996646542, 0.024064533650494487, 0.015455093790557647, 0.031034187111536597, 0.08731193239464859, -0.007512587946598454, -0.015326633565372262, -0.2101210604351737, 0.18239323943924093, 0.07322647689938144, -0.02553203903143635, -0.019280198155794532, -0.30826579147883165, 0.2013122824322626, 0.10296481926428763, -0.1346690333295546, 0.22013256021547498, -0.2884761413702473, -0.017328071057980586, 0.13742682890822092, 0.059247745241519614, 0.040111428377141566, 0.09914953127641704, -0.4834829197653253, -0.005547693154899957, 0.010718850053250064, 0.5256125981307136, 0.36788010393397896, 0.014487196668771124, -0.10757279463559008, 0.07423925327077426, -0.22299060434175408, -0.8879907538021063, 0.20048287900414907, 0.25042983636543875, 0.847443722011647, 0.15716344122642292, -0.527596108212503, 0.131015854337244, -0.10750350076361725, 0.47434461857907556, -0.13684738224141316, -0.022384618408425663, 0.007715720304651302, -0.049234882159142165, 0.027236399608066612, 0.007389225236457132, 0.023239553314034475, -0.2048039407135223, -0.08048206285748395, -0.20042680652231462, -0.10792902234568247, 0.11554839307845721, 0.23656781495104984], "trans": [-22.71632224606643, 7.729539224996719, -0.6726691655479078]}