{"betas": [0.12977417203956745, 0.49847687971378624, -0.19179541608583497, -0.1113183526768453, 0.0549914925669735, 0.1034291447522722, -0.013453424082682812, 0.010035343166627214, -0.014576049326274527, -0.02308049036666073], "pose": [-1.4505424505472513, 0.713165228851811, -0.713165228851811, 0.08670787618994012, 0.07853850018055893, 0.0008247367368328998, -0.5564775162369687, -0.040803813328720136, -0.024798269224319783, 0.4312277547660866, -0.027592282171397718, 0.03432417551559117, 0.6996786076691726, -0.09066109040753864, -0.1312190276427753, 0.3675166616622143, -0.09995346445470545, 0.13295929656845734, 0.03128198147386786, 0.0075058380039633955, -0.0026986673484590924, -0.07851146858239594, 0.09694552959978466, -0.08246118843618394, -0.11133484222822401, -0.2279781156833968, 0.18458577591389752, 0.019127836176033742, -0.02347309549259359, 0.021530876390704987, -0.23544400932339946, 0.23855832274762911, 0.14937652763476408, -0.06558684862223334, 0.1926013664088313, -0.3073758211219217, -0.0439808531214841, 0.4572482890673926, 0.022304319360863988, 0.016399195661997715, -0.27612398475863215, -0.44590023779595206, 0.029138497118587424, 0.3142421861212044, 0.4285412641610673, 0.22885066533452383, 0.31853196743443846, -0.12231558625117561, 0.07234223244962792, -0.26659558703596614, -0.679609532861203, 0.18688171850387916, 0.39951536329551823, 0.7291776086600404, 0.23592301425280562, -0.5828364148231199, 0.009191938287724431, 0.1451508127544197, 0.8138150586172571, -0.05206372414128112, 0.3137080575592801, -0.052490856061309, 0.16080450418113632, 0.14819115933239083, 0.09033969878976778, -0.1269858984484766, -0.31469102123024295, -0.09294570232485433, -0.21128364094062027, -0.17678600250149312, 0.1315511752043982, 0.23846203560644696], "trans": [-22.246958036830947, 7.957367079323202, -0.6240701167574684]}