{"betas": [-0.459125293958982, 0.2836700625543276, -0.2828307762064238, 0.06170009900103966, 0.04114696315793381, 0.017447099752977802, -0.018216663065381097, 0.013285817624318214, 0.01584973647464493, -0.019639755817989615], "pose": [-1.7266698526325994, -0.28704387733111814, 0.28704387733111814, 0.2278272423079954, 0.01238675396005575, -0.0015232696070557397, -0.3886912852830552, 0.002847974122499826, -0.0013902171621407444, 0.4722798499564824, -0.00704118104968639, 0.0053183406159188, 0.18830305367715391, 0.0041973680520559775, 0.0017395937827333272, 0.3175228825383075, -0.00617940926887952, 0.006555749592211425, -0.08845485758009919, -0.022996165918256612, 0.007935320426461619, -0.015309376244309381, 0.05348147586203555, 0.011538835650781516, -0.05574848950673801, -0.2153793191225926, 0.21718607205986393, 0.025484998365621705, -0.013054555143887047, 0.018287808484001442, -0.22080619374214935, 0.20113484883620306, 0.03900207128766488, -0.06549813626764571, 0.23375434384642002, -0.4109937151010183, -0.2757270205780615, 0.010064125264378826, -0.007377910523523173, -0.08401292384244662, -0.2854940030461953, -0.23539807503528917, -0.13637483704604875, 0.35406065931749714, 0.21235343752459396, 0.30753267057561084, -0.1581572840109288, 0.03774817110604934, -0.06652016645207827, -0.2929377138420517, -0.9377933887817073, -0.017133869994869776, 0.37731733476563123, 0.6405585787506757, -0.11162473282844379, -0.441396532366763, 0.20925188393083938, -0.17955766930759454, 1.1735948501791968, -0.5102205337171282, 0.08297537373569917, -0.0732917298269431, 0.3298392517140861, 0.07860958154066931, 0.13942899889255458, -0.3228603605497782, -0.21308116612102834, -0.09677687097572504, -0.23700192788277014, -0.11377066206924175, 0.1519850407770083, 0.26141021668775116], "trans": [-11.565701062547065, 5.5099581838880445, -0.5819308986363286]}