{"betas": [1.726796659765029, 0.41891031545459445, -0.15139553369490252, -0.5462419580768579, -0.07855182412525559, 0.07595039952460043, 0.008045347212360082, 0.06009336300381875, 0.04481580265154796, 0.006120580758014304], "pose": [-0.18619754742001798, 2.130246947841931, -2.130246947841931, -0.36662739128838806, 0.034785059953880995, 0.16275781649677193, -0.37861358371261894, -0.07995752105499947, -0.08312902285757193, 0.4055920193702613, 0.0016876255006417573, -0.0033635282786172796, 0.8571829776927726, 0.05267790807711239, -0.16125798669724112, 0.6668113186454521, -0.1471985661170553, 0.13866165807716216, 0.045812142166745715, -0.03601970771709323, 0.012652121997844849, -0.07246225410445209, 0.08332882332272012, -0.05256159470254102, -0.1543652826777722, -0.19718918880668024, 0.12271180502387025, 0.0297181172276443, -0.0461959113071146, 0.0038664011516759567, -0.27954676889091684, 0.23674120575108865, 0.1423741931515626, -0.05429695147485477, 0.10643517242137329, -0.2602638209315387, -0.08022185988904461, 0.07615997503593601, 0.044206405025508266, 0.07296453677884378, -0.17842911789954025, -0.45750438899077334, -0.0011469978900498924, 0.21772176347183278, 0.403998415236915, 0.21318268185629372, -0.028404822684934404, -0.028373811965806333, 0.18223197093386562, -0.2847054415199408, -0.8805430513207728, 0.19607983961738518, 0.29210220595612935, 0.8112853180611448, 0.45201163027957075, -1.2090670242100032, 0.23736933528034232, 0.16764708836311942, 1.3339858887604825, -0.37165821937559756, 0.10189544938135009, -0.09813280501863157, 0.13641706044868918, 0.12037395529046377, 0.13849152738827047, -0.16708565522523985, -0.2437020836067518, -0.08130534310655269, -0.2277684907696832, -0.14340455598005677, 0.14804754303289672, 0.24648973711630393], "trans": [-11.424666142756129, 7.298467858158666, -0.5366222911518709]}