{"betas": [-0.459125293958982, 0.2836700625543276, -0.2828307762064238, 0.06170009900103966, 0.04114696315793381, 0.017447099752977802, -0.018216663065381097, 0.013285817624318214, 0.01584973647464493, -0.019639755817989615], "pose": [-1.493800896366846, -0.7600246422809793, 0.7600246422809793, -0.39180418364658753, -0.0008937527067683672, 0.005542644347941113, 0.20546097610639327, -0.009992048930153999, -0.004566203140638943, 0.4105296138936872, 0.039459604002722116, -6.332865633394778e-05, 0.4639896508043465, 0.08406668467078465, -0.1375748605914873, 0.6796486457557976, 0.053225873912748, 0.08027289207201281, -0.0312574885784119, 0.015319419403315122, -0.005061991430617444, -0.049771584420305034, 0.07853803066999264, -0.031706291310933776, -0.22466329260391488, -0.17187195022847288, 0.10480817425407365, 0.030614660468849964, 0.007765358553711435, 3.427098443907397e-05, -0.2671952767510084, 0.24828722199181008, 0.15606094539112403, -0.11583473978275885, 0.10750713189872012, -0.2597283657208161, -0.19236074996859648, 0.1367718257470074, 0.051171681533883524, -0.007798099356757885, -0.054317023837217204, -0.38228678580049447, -0.07894908062790748, 0.22793728198444302, 0.3137810910530974, 0.11299103054852734, 0.002789811997870602, -0.06388907970141908, 0.13238264465132596, -0.21079388927433326, -0.7929801502865356, 0.037250917780078205, 0.3776997417847919, 0.6353927684275615, 0.19946980258618208, -0.8789891262940521, 0.16114481304344627, -0.1653886282572986, 1.1221463158631666, -0.3769679839506526, 0.01989379859150186, -0.04951203397353345, 0.26087678760881916, 0.03609473103651435, 0.147856459694096, -0.28480314567271464, -0.2520171798437231, -0.07710115680882815, -0.23975625820866628, -0.12246267177131671, 0.13331521234072405, 0.25092841041316843], "trans": [-15.073538415009425, 11.77122300002843, -0.3747869365472478]}