{"betas": [-0.459125293958982, 0.2836700625543276, -0.2828307762064238, 0.06170009900103966, 0.04114696315793381, 0.017447099752977802, -0.018216663065381097, 0.013285817624318214, 0.01584973647464493, -0.019639755817989615], "pose": [-0.995937584854118, -1.291954984985819, 1.3919549849858186, -0.6440748167110121, -0.007194074261925781, 0.04118528524017153, 0.1595188601245079, -0.013793982347999507, 0.04259051422064396, 0.04991852502459554, 0.019556961961468538, 0.014973573728483909, 0.07353663621341736, 0.01526754957274766, -0.007588100828869224, 0.15795259809375078, 0.06442365434931936, -0.0001072790310957944, 0.03385631673894039, 0.0434389854163137, -0.0055202328669294665, -0.05159141234023357, 0.11253647203840694, -0.09732200462334796, -0.16822135547880793, -0.1973453194895675, 0.18920965480326649, 0.05330405849207905, -0.0069100376122013365, -0.0020225002413318456, -0.3052494484242388, 0.2508577839798581, 0.24029073798491746, -0.16326392074704965, 0.13081350514535106, -0.3101514075105436, -0.01534572457229387, 0.0076270258449298925, 0.005386178820105773, 0.05101356418636415, 0.11304244068157412, -0.44486827721801186, 0.031363504265505736, 0.018969950447056596, 0.42354705382920094, 0.2221666563557263, 0.27650077980432675, -0.14573150653479608, 0.07616728730292731, 0.029332430909824264, -0.9278004419881859, 0.11982415961363706, 0.4382796929152296, 0.8923162836228501, 0.023365941230715236, -0.038089948046191674, 0.004177565820774928, 0.2661106532973893, 1.4968403210923011, -0.5748011903055181, -0.015240749147654262, -0.06368290826780008, 0.14933876446266944, 0.017669719235193566, 0.09411947760271618, -0.11552582227580065, -0.21215449780581735, -0.06783258033047622, -0.2088277303190393, -0.1459856446801664, 0.10295117517290153, 0.22781190754326125], "trans": [-23.108499058317122, 11.85855939398498, -0.49433092245575466]}