{"betas": [-0.10716845975804463, 0.03555393559239171, -0.022909588301634677, -0.0022321960585287635, -0.011360188238027402, 0.007048778770267401, 0.0026244476494828445, 0.001119221678184007, 0.011361241992361597, -0.011308692156923365], "pose": [-1.224116658908268, 1.1816478201589242, -1.1816478201589242, -0.3790703350778002, -0.044212925544662406, 0.034030671629663334, -0.44429175901511175, 0.005370242777545734, -0.03661042968242265, 0.34422911162528425, -0.015509883281665846, -0.0019123383270019181, 0.7096178599112415, 0.011295336850180759, -0.14306796416950285, 0.8117861540533696, -0.08532667645189912, 0.08649255306356295, -0.010422369068456568, 0.012926448319841344, 0.02974814756673041, -0.052252849923556784, 0.04117310470611378, 0.026324341727775327, -0.13297310370470983, -0.13458833683033927, 0.1443215172238886, 0.046407508677495816, -0.052337115891004524, -0.0010857634975121415, -0.3474618531046834, 0.26671473401976414, 0.09990968748208379, -0.1378797664774509, 0.08257683582036102, -0.2942614317410875, -0.1883022900552581, 0.0547891262579795, 0.06204004808041231, 0.12417913159710559, 0.11235803977510021, -0.5850714677244384, 0.0404685624068254, -0.02328238104516628, 0.58182047341777, 0.19875396101647733, -0.0455606448387525, -0.057199054652188934, 0.2549195423106349, -0.2548830974082309, -1.2359236675148928, 0.38463763426556674, 0.20396943526976516, 1.194906409126915, 0.46324430218606755, -1.429297389287144, 0.458676173566247, 0.14853804213672628, 1.3604176867843585, -0.4844508460785232, -0.06791349866730197, -0.031327939823393235, 0.17116659355199165, 0.01771879122649757, 0.1048393111983747, -0.1771053162041051, -0.19381010925620792, -0.10296325013473404, -0.2548772382677577, -0.13577660746407172, 0.15610357289257762, 0.28573125611800715], "trans": [-63.168234423297875, 4.6219964106838525, -0.9656686818902641]}