{"betas": [0.19173745763710806, 0.20679507266967936, 0.025545764337162807, -0.024244743693028488, 0.0007202369641003663, 0.013236882350636182, 0.021343764601424748, 0.007373052342460504, -0.01918535564321634, -0.005662447391478864], "pose": [-1.5634770814332146, -0.17775681370262775, 0.17775681370262775, -0.014386416204661752, 0.07449527982586107, 0.004914258282362312, -0.478753840085463, -0.022060890334761454, -0.01098454720629561, 0.32407665323296336, -0.008642315528669295, -0.001074566004092794, 0.2953579213373896, -0.1802617570179269, -0.10524341216390476, 0.2402401357837314, 0.0004136385256758744, 0.09998165819341467, -0.035590542863439774, 0.004709939467674629, 0.013401428733611729, -0.054321894970420476, 0.09112457985821854, -0.09111654161733261, -0.1471871202627379, -0.1695862098029445, 0.2315239060416972, 0.029668385985664698, -0.03305631849687848, 0.008686522457813501, -0.2830831957094032, 0.21498529859051974, 0.2222702240738349, -0.12638127202001512, 0.10642515801117183, -0.37664865900149325, -0.2201141363899469, 0.10915292496190318, 0.02773882016406608, 0.009780057021769465, 0.031221445193856834, -0.3397637141335233, -0.028914725374653026, 0.032229871800285186, 0.33218763260346623, 0.10015808173646176, -0.004180562451391339, -0.027366047284939844, 0.8924103452026333, -0.8677355794074985, -0.8400875107368144, 1.0667659258307103, 0.5330812224065294, 0.8086599191511734, -0.07122742098104903, -1.2473120381067742, 0.4111469542500608, -0.29319877950892, 1.2751568908206612, -0.3609942782813395, -0.09542916576356582, -0.08214703663409458, 0.17197840581871873, -0.02181735051912709, 0.10193071339413062, -0.1245775176932168, -0.14891783473552853, -0.06375503380912301, -0.21459175777789086, -0.11766916546094917, 0.1137164771216954, 0.22070248096968997], "trans": [-29.795334821239248, 7.94915304322431, -0.5908033381890077]}