{"betas": [0.33303066142902105, 0.22906885785386125, 0.1321746135337195, 0.03485680493593007, -0.034928744222964915, 0.03738652273642406, 0.06435992437738675, -0.06135207138309116, 0.004712805749211021, -0.03328562850670294], "pose": [-1.597437831370397, -0.4242291205518478, 0.3992291205518478, -0.16340852287270624, -0.04630126919648898, 0.09349695694335508, -0.11007601348712462, -0.023098432484176354, 0.08899029520792301, 0.1571485417325223, -0.06260027689221823, 1.3584802423296131e-05, 1.3652874671406092, -0.013589542880197631, -0.20735801623781808, 0.09884877125787353, 0.006197623191670894, -0.0029742070016031304, 0.04587023518005552, -0.049385115195243814, 0.06372158608837074, -0.07701199364636811, 0.08194715775737875, -0.028406466327559853, -0.10805633375080652, -0.16199422940959604, 0.18814361255635795, 0.03979105300511944, -0.0891172877221201, 0.013646199600353208, -0.32383140639714464, 0.24523092748287645, 0.10374061144253205, -0.07602177510573588, 0.13016460499012025, -0.32940530042857785, -0.07165544861720914, 0.15563281115904623, 0.08913640290207532, 0.07273109803338991, -0.01468811011434415, -0.4038585427380559, -0.018696063298758347, -0.04784567462056313, 0.4238571993631429, 0.2353093127705839, 0.05458374821406232, -0.06757614486467224, 0.17454610560408082, -0.349674673922361, -0.9415551582760422, 0.3706538158641669, 0.15327687300550563, 0.9950940360337835, 0.5597923430121796, -1.7750456557966956, 0.48519122740323917, 0.253117132295941, 1.8335976140932038, -0.5882401764148162, 0.04955006155665717, -0.13470772622286478, 0.13312724238875562, -0.02889932550832151, 0.17417163021751278, -0.1264509692731542, -0.184601920504349, -0.08534038502151857, -0.26505188846198274, -0.1127116659325185, 0.15053947689961059, 0.2923790784774155], "trans": [-13.09993891832956, 7.332963588822365, -0.5605777460960384]}