{"betas": [-0.19266644468801378, 0.5771463667239267, -0.16308379457488245, -0.06462538974507079, 0.08054580167251779, 0.027975024271901693, 0.03561269911626106, 0.05188376016633901, -0.05289357868361275, 0.00684608270928935], "pose": [-1.5330549519408403, 0.4025402951725051, -0.40254029517250517, 0.09524346437382075, 0.010167788145134242, 0.015800013782523534, -0.566433464838203, -0.031005168890615747, -0.016095774661029946, 0.4179479541835474, -0.03701081706052939, 0.045377928703676, 0.26646940040030653, -0.16043282136506398, -0.08259506325037654, 0.3649036806159752, -0.24583010056538396, 0.09946275493779538, 0.09507071776946277, 0.01978660472588523, -0.02461318339178651, -0.07412621715919807, 0.02054141014595751, -0.03363162879730082, 0.006457119414485515, -0.21721137651556255, 0.20665501049711582, 0.005536660929383318, -0.004952161648572773, 0.0030808642474134803, -0.2676772283146953, 0.2875440139809393, 0.08229235136780184, -0.03857073469442858, 0.17374545623149792, -0.3224938802948991, -0.1729466652849322, 0.14809426320348082, 0.03451817779507863, 0.024704724490227543, -0.39432942037567165, -0.34743192140499257, -0.016242261205812625, 0.5419679896135196, 0.27123686477868697, 0.13623936547507556, 0.46329974784028144, -0.010197891934279696, 0.2196109382019073, -0.5259434095875731, -0.8876684966182417, 0.22784432130117385, 0.4817314996137856, 0.8112302171816052, 0.531917470078485, -1.6890375790911054, 0.3678370598476169, 0.42716994216722065, 1.5878157290502224, -0.2880140617827411, 0.09118743880305247, -0.19423766011085683, 0.29597646725522797, 0.29066821541401794, 0.19246956766265533, -0.287139049546951, -0.10895131379283036, -0.06387581278940355, -0.14766664737465085, -0.11320427848268545, 0.15960512899857326, 0.1701651560177964], "trans": [-16.227491435531526, 13.004197616394567, -0.44260803260828524]}