{"betas": [-0.04531959800123942, 0.25816046623113975, -0.10443940742347267, -0.07597029208210594, 0.013911735992459227, 0.013954990810594958, 0.00840059268463032, 0.018210526354907698, -0.01144635948893292, 0.002226290135924623], "pose": [-1.570767656550949, 0.01113252978754714, -0.01113252978754714, -0.1691659318496077, -0.02172218165142189, 0.01958358823469412, -0.3008428621304417, -0.031840871439606656, -0.06145805000206139, 0.2513126730288884, -0.013437297576584932, 0.004087453519746282, 0.5517045915286443, -0.15555369892701906, -0.12345787669202679, 0.7243401289314628, 0.00582323720521276, 0.11796864996931923, -0.019698912727786944, 0.010556393006337934, 0.025035897922260505, 0.018514017514636116, 0.08682107467888145, -0.006822144743274607, -0.0374306606027716, -0.2014087348913148, 0.16213234207746222, 0.07069743870130105, -0.040564729893656795, -0.016754513142522916, -0.2991548470931578, 0.19883433032851897, 0.07396683137034264, -0.08296688684010563, 0.21023476746097444, -0.2712665862602836, 0.01483909960853273, 0.05109236854343241, 0.0768804100121238, 0.05072015056726556, 0.08434805444556853, -0.482238063660362, -0.014490752827721186, 0.011103251560247546, 0.5303638658344216, 0.37694001405668015, -0.0724330114967305, -0.07788172297878565, 0.061530879449481206, -0.2446125252217002, -0.8718728191052391, 0.19765743079215728, 0.22947742241093547, 0.8500230622714045, 0.14182758306280838, -0.5434505932754861, 0.13940067341278764, -0.10541976912361861, 0.4744576876533621, -0.14508556412159335, -0.021253292556569017, 0.01466446402887122, -0.056601227777307146, 0.02731797942555333, -0.002693573794378907, 0.0295681819989435, -0.18752815917297785, -0.07674932515959645, -0.19254375714880398, -0.09502102398558952, 0.12003724607714805, 0.22806809891703106], "trans": [-28.324506729341127, 1.0108806706473732, -0.8544955351029402]}