{"betas": [0.19173745763710806, 0.20679507266967936, 0.025545764337162807, -0.024244743693028488, 0.0007202369641003663, 0.013236882350636182, 0.021343764601424748, 0.007373052342460504, -0.01918535564321634, -0.005662447391478864], "pose": [-1.3186357034256364, 1.0325661023394217, -0.9875661023394219, 0.19132094368975427, 0.08664087416928098, 0.07231813545726803, -0.733802726131848, 0.00966512780105393, -0.0041422227519165924, 0.31329544033552414, -0.01350564761936287, -0.003206209138801494, 0.3236658855013602, -0.1666139750706412, -0.11021781877994619, 0.5225820541701647, -0.022863229034607493, 0.1116510336698588, -0.044455425918163934, -0.0026253934331151906, 0.01748819628270814, -0.07941879420758995, 0.0902377617692951, -0.07710367943772413, -0.1450227887176649, -0.17128034490307975, 0.23429554348800566, 0.02358106596806919, -0.036354073152643135, 0.007590611455054109, -0.27197458268206526, 0.21644049628909356, 0.1980613721782603, -0.12500193718206923, 0.11760208497952604, -0.37581667654333073, -0.2300831764455715, 0.07668518608780082, 0.03609499122568656, -0.013153024297059819, -0.000737629524161181, -0.31648888501080896, -0.05394929785268359, 0.0521828103341858, 0.3192592264846488, 0.10998960135329154, -0.039808081937372876, -0.01749030720326314, 0.010474939243487408, -0.298565277714137, -0.7394423992784173, 0.11852092762410152, 0.22294803737687488, 0.7420393289473562, 0.08223337932293887, -1.3074410827165965, 0.46593004776118213, -0.11813591945858652, 1.1800239115721345, -0.45411230020784155, -0.11752823619827374, -0.07153644859367615, 0.1628140267496041, -0.036293162470684426, 0.08562736605330036, -0.11154533774089882, -0.11889476580756968, -0.059975719801356304, -0.20594146789553366, -0.09851890502579239, 0.11236596109733733, 0.20998849335711295], "trans": [-24.953989583634055, 13.94459570055383, -0.5830374770192432]}