{"betas": [0.33303066142902105, 0.22906885785386125, 0.1321746135337195, 0.03485680493593007, -0.034928744222964915, 0.03738652273642406, 0.06435992437738675, -0.06135207138309116, 0.004712805749211021, -0.03328562850670294], "pose": [-1.1752298725983321, -1.413389562283732, 1.3883895622837323, 0.24764190811058492, 0.011839442561243342, -0.021535565884177363, -0.3639965924241473, 0.06269232251125377, 0.024748363871278378, 0.3488233089251466, -0.0015320283171306641, 0.00401641135974111, 0.4753744013093083, -0.2685799281607284, -0.1481396420839657, 0.15540669321399997, 0.0052880553895, 0.040750471248902034, -0.01161890417998602, -0.011985007924697984, 0.010993664727481006, -0.047877935097913146, 0.06104218873041432, -0.08069786426110671, -0.0948852386978524, -0.14443209643694857, 0.26328669891830664, 0.031024739634598023, -0.025624622271577118, 0.014379825028687983, -0.26650483188583585, 0.2680106113764166, 0.21360981044305444, -0.1458988840967452, 0.14281864703724662, -0.3952652617564868, -0.152183007336113, 0.2373670711362114, 0.017492404535455166, -0.039844943335295174, -0.14467267593158753, -0.2707538883145754, -0.0606780637758342, 0.17735438153723107, 0.2581290728999715, 0.15055320560268706, 0.09866818466289756, -0.05332007802302035, -0.0065540502052324765, -0.4038827461066596, -0.7508923651388324, 0.13406211965524792, 0.406395213923243, 0.7823084235589537, 0.04440665505684821, -1.3037723389218112, 0.4384594618104408, -0.04677175634487387, 1.395344974072519, -0.47104639865576403, -0.11822540696971534, -0.07914775264321393, 0.25651737601390695, -0.050223945436644477, 0.11799575175406908, -0.19842111702453352, -0.11412679677421508, -0.06749257939001278, -0.2165579088723952, -0.12866432831546296, 0.12550033450259354, 0.2383042904854714], "trans": [-20.520557845864296, 11.593944080917911, -0.631728050801364]}