{"betas": [0.19173745763710806, 0.20679507266967936, 0.025545764337162807, -0.024244743693028488, 0.0007202369641003663, 0.013236882350636182, 0.021343764601424748, 0.007373052342460504, -0.01918535564321634, -0.005662447391478864], "pose": [-1.5397113069219923, 0.6099866526092022, -0.5949866526092021, -0.014386416204661752, 0.07449527982586107, 0.004914258282362312, -0.478753840085463, -0.022060890334761454, -0.01098454720629561, 0.3132956505396331, -0.013505643441720358, -0.0032061978624484287, 0.2953579213373896, -0.1802617570179269, -0.10524341216390476, 0.2402401357837314, 0.0004136385256758744, 0.09998165819341467, -0.04445527266400223, -0.0026253469747742142, 0.017488135273646847, -0.07941878165041655, 0.09023775998939337, -0.07710370405368455, -0.145022751198235, -0.17128036962535761, 0.23429549207361425, 0.023581115022247114, -0.03635405667271195, 0.007590578961471484, -0.2719745817327581, 0.2164405187484005, 0.19806140165602806, -0.12500192974898125, 0.11760204443741017, -0.375816608851306, -0.23008301454606264, 0.07668512403395597, 0.03609498175678295, -0.013152859364303483, -0.0007375619054598616, -0.3164891413283889, -0.05394921909458749, 0.052182875430169244, 0.3192593462379303, 0.10998966622634446, -0.03980809753601857, -0.01749033714785197, 0.010475151244178981, -0.29856502499642024, -0.7394427040525814, 0.11852096123773498, 0.22294807371581957, 0.7420394234252983, 0.08223354138684716, -1.3074406680337394, 0.46592975075267623, -0.11813588795740257, 1.180023859103713, -0.45411217698163825, -0.11752823145464456, -0.07153639617309958, 0.16281391592875866, -0.03629309002764974, 0.08562735885048163, -0.11154535599287296, -0.1188949091195295, -0.05997574139844003, -0.20594148027005243, -0.09851898199520726, 0.11236598370964725, 0.2099885373396827], "trans": [-24.00235118195807, 14.650239298656924, -0.5405481431222826]}