{"betas": [0.12977417203956745, 0.49847687971378624, -0.19179541608583497, -0.1113183526768453, 0.0549914925669735, 0.1034291447522722, -0.013453424082682812, 0.010035343166627214, -0.014576049326274527, -0.02308049036666073], "pose": [-1.4623301654240617, 0.6780406676803035, -0.6780406676803035, -0.339628806184351, -0.06298928964010096, 0.02924461202320064, -0.12808048144210935, -0.0603220627897292, -0.039967562844059945, 0.24884546132863797, 0.042542749059918006, 0.006915806999715259, 0.826100546709988, -0.08661894180230008, -0.1630130456152635, 0.4562413195552163, 0.059494362704804626, 0.08041549154190132, -0.020657505127562727, 0.006399183631199505, 0.008734673700990446, 0.04711059535166744, 0.056400587377199614, -0.03010019531135239, -0.03834746807914346, -0.1945105127366137, 0.15389159017402632, 0.07630129712365945, -0.018782393460890598, -0.01691041883425675, -0.3314409142304523, 0.2129682342774611, 0.06504850066881054, -0.07582534126166511, 0.207034034600532, -0.30201490852066043, 0.00932534947924958, 0.10446743766768882, 0.04784166201608049, 0.046090550126734804, 0.09731924722753792, -0.49408146606657044, -0.005700488392080637, 0.023430861031854912, 0.525233744735813, 0.370622084221615, 0.010789321327175949, -0.08541909504743263, 0.07510291439991627, -0.21434482452736564, -0.8941812421813535, 0.17743235337822794, 0.26019519828511134, 0.8318883836063956, 0.17318471183606327, -0.5149179419575496, 0.132941988791013, -0.10279110498522188, 0.45768745672540656, -0.13175555234223207, -0.03413868208507697, 0.008879183184407448, -0.06025080265603026, 0.01340590777284769, -0.003162534540012491, 0.008016427967014536, -0.1687703557163746, -0.08212377875037132, -0.2046935538176856, -0.09766496118188447, 0.12341502207760804, 0.2520621077572227], "trans": [-20.81654460248907, 9.113811417622752, -0.6460045348145096]}