{"betas": [0.12977417203956745, 0.49847687971378624, -0.19179541608583497, -0.1113183526768453, 0.0549914925669735, 0.1034291447522722, -0.013453424082682812, 0.010035343166627214, -0.014576049326274527, -0.02308049036666073], "pose": [-1.43389043693405, 0.759782463378696, -0.759782463378696, -0.4690045895399567, 0.008671585812848794, 0.16748168087844867, -0.49743561950668214, -0.05026740121208285, -0.1529753838870549, 0.4348617388854911, 0.013659386787161316, 0.005270712217078357, 0.6713741083448649, -0.03222446519482673, -0.16549068018933139, 0.9792834953335355, -0.007736808034144511, 0.12719134538138613, -0.0021091655231684947, 0.014469482780044583, -0.003935383403139144, -0.06206134249912529, 0.12631251686799833, -0.06459024243040645, -0.18746577217024157, -0.22500486357708757, 0.16311097994651336, 0.02793224368100771, -0.0059514984230456085, 0.008178311246865064, -0.23790809875927554, 0.22041297503143537, 0.19712538056683782, -0.11821288897529182, 0.18386346363719624, -0.2801984441930791, -0.12348985186934273, 0.33228147719823053, 0.018903080458636236, -0.0008638351379650199, -0.21946791291593393, -0.4060030428470697, 0.020813927459060848, 0.30380389386239276, 0.4009016044720486, 0.19023465902087625, 0.1689068476235472, -0.08789288138592123, 0.09891704657051324, -0.2689013230047643, -0.6590133512014166, 0.16564438776631596, 0.3796795689890849, 0.6857536429678003, 0.21574780601411853, -0.660723679748701, 0.025607708219752078, 0.10582483979199137, 0.6120134815104044, 0.022627033268664682, 0.17469238665226056, -0.0366611983184369, 0.123869238059677, 0.11759966942995637, 0.04816737913921652, -0.052553064582180516, -0.2666502754272934, -0.06280521688244248, -0.17138873658018716, -0.15530000818428014, 0.10305754313879628, 0.17009616321528254], "trans": [-17.70411060121616, 11.312462332292778, -0.5288205581030644]}