{"betas": [0.33303066142902105, 0.22906885785386125, 0.1321746135337195, 0.03485680493593007, -0.034928744222964915, 0.03738652273642406, 0.06435992437738675, -0.06135207138309116, 0.004712805749211021, -0.03328562850670294], "pose": [-1.271032162303091, -1.2734955724869648, 1.248495572486965, -0.01243647518001293, 0.05628861739587067, 0.04670371639970091, -0.2873404657508418, -0.010866382655764284, -0.014992868134436219, 0.285075667659454, 0.02526739833410828, 0.00062308242918159, 0.879948685136606, -0.03721736292777491, -0.2876491486998621, 0.4115271019879198, 0.05248990353184598, 0.08553165734296922, 0.034329161003138826, -0.014717291578484957, 0.02241433075197822, -0.09266038647723086, 0.06982930573720471, -0.04590393221816293, -0.1185211217878549, -0.16160896950490056, 0.1989887629987237, 0.025888436619309098, -0.006166939206725743, 0.014043298286987747, -0.26204400462456806, 0.2966264564972554, 0.15869241226586242, -0.13613528535568076, 0.15705056379958024, -0.3079311878937396, -0.09521909444378845, 0.1758678551033044, 0.06089670004837711, -0.042533282709376445, -0.228503134606516, -0.24953626173577867, -0.06837124861834949, 0.30878519072922356, 0.2631250720740925, 0.18780600876671216, 0.01794052293031733, -0.046664953274794634, 0.03185675239518926, -0.42437320218680796, -0.6994720309490249, 0.20655331747023448, 0.4908454810916004, 0.8010228292100847, 0.19748134821745422, -1.4885292165331538, 0.43178100643632894, 0.22010901844675604, 1.5934458167676047, -0.40738498826066927, -0.014655101549195403, -0.11835602795944371, 0.30025314077264953, 0.035872675468029254, 0.1489259833763761, -0.24053506309690387, -0.10060882178143864, -0.05405112661746467, -0.18860353189042792, -0.10347625066531892, 0.13095349239838697, 0.20725027975872978], "trans": [-19.405756030404284, 11.689580942092391, -0.6143606282884064]}