{"betas": [-0.04531959800123942, 0.25816046623113975, -0.10443940742347267, -0.07597029208210594, 0.013911735992459227, 0.013954990810594958, 0.00840059268463032, 0.018210526354907698, -0.01144635948893292, 0.002226290135924623], "pose": [-1.559370241941328, 0.22201438793459552, -0.22201438793459552, 0.18675191460301527, 0.07737080562583185, 0.06725370067976699, -0.6321445256909435, -0.0035946485653052984, -0.06588297004506558, 0.4375307523123807, -0.017650301047446325, -0.0024065120333793596, 0.6805715972564516, -0.16949372393044404, -0.11597791144888962, 0.49744976967029564, -0.10423337784054862, 0.11890094778100399, -0.014499144233882945, -0.028830791533527425, 0.025299363714729423, -0.07053550358180609, 0.10823741014919008, -0.05521886970539284, -0.09683302243375136, -0.19430315902719233, 0.20883865472693486, 0.042347686359728326, -0.04870496333579629, 0.010789482741143499, -0.2562872416949694, 0.19473834008077204, 0.14768479840507412, -0.09665484789724009, 0.1380376797064419, -0.33658939597106713, -0.10467642409589296, -0.011603002175950743, 0.03099368589252038, 0.040582580698260734, -0.11645425509376768, -0.35821690246173526, -0.00528017479850669, 0.14140836823706038, 0.3598695884926029, 0.16033639148944157, -0.12993638795344617, 0.036715518618234966, 0.06981720746214397, -0.28943584335225764, -0.731349934209059, 0.1753887464974303, 0.1780589430421275, 0.7582824505388914, 0.2391954981934344, -0.9246300185069313, 0.1957856953115535, 0.07520063976513369, 0.8741133488976768, -0.2059779082009531, 0.07898196984206965, -0.06404062047142929, 0.13562300975885272, 0.09437857876177616, 0.0707473834103566, -0.09244537237143398, -0.1940220236213124, -0.06416455194652707, -0.1855092721197078, -0.12735892108387412, 0.12666454909493036, 0.19301165742471438], "trans": [-28.428102668794775, 10.36737856890497, -0.4230417931361849]}