{"betas": [0.33303066142902105, 0.22906885785386125, 0.1321746135337195, 0.03485680493593007, -0.034928744222964915, 0.03738652273642406, 0.06435992437738675, -0.06135207138309116, 0.004712805749211021, -0.03328562850670294], "pose": [-1.545177737403124, -0.6610420207731356, 0.6360420207731357, 0.141788152557646, 0.05582601287137866, 0.03460497618910592, -0.5054501207337926, 0.014245850841931154, -0.019229522197703006, 0.3074235989838225, -0.019970373070973158, -0.010913844572937962, -0.011935146088516362, -0.1712794544051875, -0.1747552050086907, 0.26200626438304014, -0.0820212506250109, 0.06878629072108329, 0.014220197034935407, 9.253778188386273e-05, 0.02781951962303826, -0.09369348792011309, 0.06542548680741898, 0.003208681873154581, -0.16804460643344518, -0.16650827291402223, 0.16653709051231166, 0.03822796365960192, -0.04068262297613004, 7.593454440231145e-05, -0.32595519055885497, 0.28779280836935234, 0.13301535382908072, -0.15546182041108086, 0.12905936850170396, -0.3018220289678799, -0.144736020330578, 0.10739422505629133, 0.06229529149911887, 0.02157602879694268, -0.0657878323056687, -0.36482202382107026, -0.037947556311120505, 0.12242736925006587, 0.3679487054399797, 0.18526869118547293, -0.026531721793354356, -0.05911027085463461, 0.11498197910499089, -0.36899354775339593, -0.9043849403562874, 0.2747128676897171, 0.30676679585040745, 0.9483695475771328, 0.332355454814113, -1.6578841891118032, 0.5270468306014927, 0.1545583225181962, 1.62618595846935, -0.5385393459030439, -0.063369447789476, -0.08096006793530809, 0.2364590753192762, 0.015239693968379937, 0.131771742058421, -0.19454692230744303, -0.1347153591722541, -0.06941293003632343, -0.2171626871056959, -0.10550376205477996, 0.13673686500455168, 0.23499772713335013], "trans": [-14.757986415018337, 10.518010547768956, -0.5138531434070811]}