{"betas": [-0.19266644468801378, 0.5771463667239267, -0.16308379457488245, -0.06462538974507079, 0.08054580167251779, 0.027975024271901693, 0.03561269911626106, 0.05188376016633901, -0.05289357868361275, 0.00684608270928935], "pose": [-1.454585209602979, 0.7013342466031073, -0.7013342466031073, -0.3798900986026221, -0.03375147269346845, 0.13660601462770336, -0.13452708958261952, -0.06015907498267569, -0.09876771357091861, 0.2565400913153899, 0.06350315392465956, -0.023042313102665916, 0.643160477277932, 0.010223389260101832, -0.14494461434850223, 0.8367510351496311, 0.03773410427321188, 0.07517782245927543, 0.04622599544512548, -0.010525882750406503, 0.006508611882061639, -0.0681009301407528, 0.07702338918784271, -0.057745564535544955, -0.2400628960316264, -0.15339362004401313, 0.11611813316825104, 0.004962842536181103, 0.005823416648012728, 0.0024867000790811827, -0.26180678056938467, 0.29913783468613664, 0.2152309314265474, -0.14180128415620924, 0.12067797012496952, -0.21308000928715082, -0.17005761779624076, 0.2882970643489616, 0.05242582613469114, -0.01928504336157111, -0.2539751947205931, -0.36565741089679465, -0.024226263513322188, 0.3497722980315593, 0.3623422467445989, 0.1663854723121668, 0.09568901184640632, -0.09698346336224337, 0.1465144216773052, -0.3990303983380845, -0.7901254967539717, 0.2795642203045252, 0.5261378673807976, 0.8756758498615611, 0.3448530829943286, -1.4606986251606826, 0.3479922976428391, 0.32377695572886755, 1.5396616305997488, -0.33020440848543964, 0.014376973237248075, -0.11101859547146203, 0.22874744676713704, 0.03250400660660936, 0.15082820653398954, -0.16749454614012232, -0.1553494839398446, -0.048756317654132554, -0.18981634131898173, -0.11834977656521109, 0.12005524518739429, 0.19122128724449272], "trans": [-22.701586025351357, 6.936384312784491, -0.6212172824331725]}