{"betas": [0.12182979554792384, 0.0498104030700563, 0.01874907528210161, 0.028247290178977192, -0.01045515424154793, 0.003794310233826808, -0.007750463989420916, 0.008476040652062412, 0.013630708331879994, -0.014916307566096007], "pose": [-1.1456560593987837, -1.2969885914922719, 1.296988591492272, -0.3816422992243761, -0.028609056256134732, 0.10089326858352093, -0.44083591897489127, -0.015438519667406553, -0.0984304914075141, 0.3312077032121049, -0.003874182790502855, -0.0008499488024078581, 0.7124547919945114, -0.0349500126948665, -0.14490910390827902, 0.8152035360574333, -0.022134725262976832, 0.08745192185592715, -0.006166733636131469, 0.004160992999004914, 0.014056836889747659, -0.08044781530192001, 0.06690283335346979, -0.027393732352633593, -0.1574859982401182, -0.1758112867774077, 0.18621505387383358, 0.028087718595917494, -0.030274494070935826, 0.003002763222774415, -0.3035782226683246, 0.2618108781665615, 0.15319230350360954, -0.13384994894975238, 0.13011767792128187, -0.33679965551200786, -0.20061853796017687, 0.1198440661443829, 0.041118741073621484, 0.022969171069943214, -0.057142994931817015, -0.39314698655467767, -0.024736319533872366, 0.1313037382178661, 0.3793993436734797, 0.14553031930798097, 0.0008005927252792501, -0.052626500503557466, 0.12127214829025737, -0.31080384522748433, -0.8794821310150955, 0.22921729072119723, 0.2925206867810026, 0.8730055462886556, 0.2959766937554475, -1.4677372133383964, 0.4463169679577227, 0.0928703390848809, 1.42876479822588, -0.4545674840684151, -0.0415637307201119, -0.08433117808668626, 0.20595105620263393, 0.03321740261422851, 0.1259103346702169, -0.17752968326188887, -0.1563671491600107, -0.07427623419634441, -0.2220865144254103, -0.11783392620888752, 0.13300266353976295, 0.2363749830613823], "trans": [-42.860529185163315, -9.37743665848157, -1.174342108704871]}