{"betas": [-0.19266644468801378, 0.5771463667239267, -0.16308379457488245, -0.06462538974507079, 0.08054580167251779, 0.027975024271901693, 0.03561269911626106, 0.05188376016633901, -0.05289357868361275, 0.00684608270928935], "pose": [-1.4630262895231363, 0.6759043432989574, -0.6759043432989574, 0.1619668521019864, 0.04551714912801534, 0.019705074858938396, -0.5039152242121167, -0.022872725301902534, -0.020221222403491043, 0.3072376415666103, -0.02806533182307963, 0.02843369186562683, 0.6446556091668569, -0.1844263056687593, -0.1017364337038267, 0.2069316443779035, -0.035678584765334934, 0.09665341012974364, 0.07252057583012361, 0.008839067970484433, 0.006641189031914109, -0.12387638947085007, 0.08577329840399156, -0.12175708701735591, -0.10265378071301309, -0.2047155531246408, 0.24634816728424902, 0.011537738359115333, -0.010493735599542444, 0.022455343114099687, -0.2589783707959316, 0.2674016211090244, 0.22541443237653422, -0.10026407942254952, 0.16634001219087688, -0.36394958264972377, -0.08406844052288964, 0.25120802208572596, 0.0419832747276132, -0.012964147134491934, -0.30382303220718854, -0.2499091850974843, -0.021067374147410226, 0.3805342498868531, 0.2304998487482994, 0.13751655382867167, 0.10025133525001012, -0.060632802089876196, 0.13937986920231302, -0.39282919507377373, -0.6255786832332432, 0.25231779937777576, 0.47032253776607663, 0.6829492428436486, 0.43942039989723447, -1.5064579840984051, 0.23571562964077672, 0.4493528031830534, 1.6132166019859222, -0.18612636873087268, 0.15197630422282088, -0.18397590025679636, 0.2686214525405681, 0.15887144528176136, 0.18681975766521267, -0.1971815294046207, -0.17083787539761672, -0.0506249145877455, -0.17438462249921746, -0.13870602872527354, 0.1264382695958617, 0.1802216218573669], "trans": [-22.309987754783947, 7.222099734162915, -0.5876716881441746]}