{"betas": [0.19173745763710806, 0.20679507266967936, 0.025545764337162807, -0.024244743693028488, 0.0007202369641003663, 0.013236882350636182, 0.021343764601424748, 0.007373052342460504, -0.01918535564321634, -0.005662447391478864], "pose": [-1.567502276260743, -0.11929319112486544, 0.11929319112486544, -0.3021955119160502, 0.0003449007171520725, 0.023929876490932797, -0.48619668299254165, -0.07828546680334426, -0.0035002612092533483, 0.3180509138749863, -0.01815252615334608, 0.007390855172490072, 0.3643464940047718, 0.04517933275232926, -0.1065790805040176, 1.1183618782659113, 0.2014330964295708, 0.11690252484338878, -0.0930625064169719, 0.025019519903146815, 0.010425526821755352, -0.06511642212471251, 0.12082268944193043, -0.10927912621529817, -0.1438997180753696, -0.19888489546899343, 0.26067218998874037, 0.028270489499698587, -0.024638695210497094, 0.011119037519290624, -0.25714444806355347, 0.14456156267932205, 0.23411015445678732, -0.12165565540282212, 0.12492987745206409, -0.4416935351468852, -0.322531378541943, 0.08217103357434, 0.02834107662772094, 0.012104372485219396, 0.15331601094855035, -0.340987827376673, -0.0445215257560506, -0.04106607212076848, 0.3284084263385763, 0.012849243717131736, -0.018554563098826495, -0.019535047299114722, 0.8924103452026333, -0.8677355794074985, -0.8400875107368144, 1.0667659258307103, 0.5330812224065294, 0.8086599191511734, -0.07122742098104903, -1.2473120381067742, 0.4111469542500608, -0.29319877950892, 1.2751568908206612, -0.3609942782813395, -0.06447019915568639, -0.060022143712237006, 0.11821436789403944, -0.025154870204690705, 0.08039010219718647, -0.0829256185974405, -0.21384099435299297, -0.06979722903897001, -0.22339053085321373, -0.11918209918885551, 0.10182442537205968, 0.21540464300010154], "trans": [-29.573378105558636, 6.5215612298906915, -0.6292524151440616]}