{"betas": [-0.459125293958982, 0.2836700625543276, -0.2828307762064238, 0.06170009900103966, 0.04114696315793381, 0.017447099752977802, -0.018216663065381097, 0.013285817624318214, 0.01584973647464493, -0.019639755817989615], "pose": [-1.0856244497002316, -1.3005634909961508, 1.4005634909961506, -0.03767329524349718, 0.001599651641216932, -0.007226665524920982, -0.6636897549705842, 0.009418507164949366, 0.005148921508399344, 0.1990294764497722, 0.008645964418928688, -0.005488870429093286, 0.2672259345899254, -0.009441766759015723, -0.010020023309669869, 0.2730505051862666, 0.012345888799212765, -0.007065061166002744, -0.02838640744930271, -0.022680316055330423, 0.02385880795718698, -0.08248226927834253, 0.08398224934529142, -0.04702343579337872, -0.1517358714624273, -0.17005069191405917, 0.1829834451128989, 0.02422299470280918, -0.028768246344693094, 0.005817831251363826, -0.24438439278115398, 0.22349384644085551, 0.17020386703384718, -0.10969129451588813, 0.1265722256057372, -0.3260442689274885, -0.19196210996420943, 0.08059310995202262, 0.058165918753046005, 0.0025699154387030625, -0.09706082962644673, -0.3723101591572684, -0.07725363783819005, 0.17103981980634067, 0.3413053775420363, 0.14591752477321265, -0.06308877348848883, -0.0316632039476702, -0.0677045249652777, -0.5525209866034835, -0.6837828938211044, 0.14461235036754796, 0.36412551749061844, 0.7887982183536358, 0.08241030297941032, -1.7072722986478135, 0.6221670096134547, -0.004440029471053025, 1.7239531053213972, -0.6444429463648733, 0.009650654865768667, -0.05042191987290433, 0.16723332640937807, 0.0016010337331487726, 0.11368033691940047, -0.18183176148295793, -0.22955426287689212, -0.07729481955618273, -0.24676797690851984, -0.130250952361642, 0.1354199012082583, 0.25159214633166443], "trans": [-22.261582868645753, 12.056582158407787, -0.5009021752196694]}