{"betas": [1.8964894903024812, 0.31493576625010133, -0.1035326407414528, -0.4364464500446508, -0.04973432451903863, 0.09833628269918979, 0.014303769774192097, -0.026993742994641887, 0.07112343154180402, -0.03308173982274214], "pose": [-0.0880054380108668, 2.1802154524552257, -2.1802154524552257, 0.05430112488525192, 0.07270365520622174, -0.013024320568950028, -0.51445450948814, 0.07107323370721436, -0.025325396309449504, 0.14265101390806986, -0.0799600905621833, -0.03739501179531863, 0.23113336037249083, -0.11650983681309406, -0.047164139159725574, 0.666915706118774, -0.03413300417200806, 0.08968482539847206, 0.028111979873933872, -0.014368234566669622, 0.013687481963378476, -0.07844347841372941, 0.1355810725073949, -0.04237998024497313, 0.021349853515142025, -0.18989860067743317, 0.2650623599642316, 0.07384551611219943, -0.13567891373300803, 0.0015631809940398235, -0.16568740909898563, 0.17107320426055356, 0.11450866741122255, -0.04321810929015919, 0.25550724785830425, -0.34925419347087866, -0.3966184260615718, -0.5112502052025297, 0.05479757802282894, 0.03839934792042555, -0.39951491220715885, -0.3518304826150728, -0.054702191501511406, 0.3592385269455897, 0.39709908603866445, 0.36375919045520344, -0.0012511680142957907, 0.0007163117001225448, 0.20525466191280523, 0.07155414207641311, -0.9108907556471689, 0.35999094569791806, 0.2668928614836416, 0.905235694563054, 0.4200140742394951, -0.9377349053059619, -0.01183821395769947, 0.3080890561561844, 1.0758305727783526, -0.07489650498975899, 0.24871981513359662, -0.15105669749549086, 0.16597063983913432, 0.133337988198432, 0.14354832069696946, -0.12664409099996193, -0.2570840252799097, -0.07289547253439374, -0.19459636835387634, -0.14833953229319152, 0.143011020264757, 0.20257635058318899], "trans": [-12.201806781094044, 10.416687456823915, -0.4476920413762203]}