{"betas": [-0.04531959800123942, 0.25816046623113975, -0.10443940742347267, -0.07597029208210594, 0.013911735992459227, 0.013954990810594958, 0.00840059268463032, 0.018210526354907698, -0.01144635948893292, 0.002226290135924623], "pose": [-1.5665662679405248, -0.13517212252312186, 0.13517212252312186, 0.3610040689587444, 0.05867198718626514, 0.059378441201507086, -0.638995931041256, -0.058671987186265144, -0.034378441201507084, 0.3342963289957305, -0.018211430560575885, -0.009128256422943432, 0.11474857529166899, -0.14886117120817155, -0.11364984286658497, 0.36474857529166904, 0.07613882879182844, 0.03635015713341502, -5.9839990888168203e-05, -0.04446901651216643, 0.0356561260120716, -0.08537999027283978, 0.12202589585201393, -0.039744870708905214, -0.11564904693110119, -0.205616091872307, 0.20424771534940567, 0.04618755033969953, -0.05788255223209727, 0.0026836662093808854, -0.25555788799094414, 0.20302315094082152, 0.14716840168656856, -0.11573377594678143, 0.1607002018472419, -0.32827441094291504, -0.09424386189248803, 0.018762814451778905, 0.05837673588034354, 0.028683946063617582, -0.09526465263760926, -0.3509064404029033, -0.04166174753210568, 0.09496097599329024, 0.3499068442536983, 0.20196145179004615, -0.09431285499346727, -0.0004245223139087086, 0.04700874363084265, -0.28772779019022626, -0.7193606083465592, 0.1735578468848512, 0.1895038089690728, 0.7369626834907507, 0.2191015905134874, -0.99264045934166, 0.22861581729960118, 0.03024855252105601, 1.0449035174922021, -0.3054170217923619, 0.04974547132131593, -0.07042231066681112, 0.10812732048597676, 0.05467971501509116, 0.08568760722014708, -0.08211644612133924, -0.19291252207834972, -0.061542188416206386, -0.1993199943334006, -0.11235587283220028, 0.12249331915735957, 0.2023861442578147], "trans": [-26.846420037686663, -11.141546971874007, -0.9694494124556554]}