{"betas": [0.5425939922495325, 0.47738774179747123, 0.15292601182064422, 0.1712734498191424, -0.026676199413162845, 0.029053080237652254, -0.052279591306768236, 0.04030904345707816, 0.08374319963315201, -0.11291980133855471], "pose": [-0.8911568177403187, -1.6074304451321086, 1.6074304451321086, -0.44318981992112133, -0.06578015442226486, 0.10166137997421812, 0.02769168429232781, -0.04399822165587033, -0.062469040934501494, 0.13490289455701518, 0.2220344437717289, -0.00550051873069299, 0.6494837585895031, -0.026911880734039342, -0.14199085234941425, 0.38113760338233404, 0.010385007116416545, 0.08541515586753871, -0.003278081500188803, 0.04797865968512391, -0.013661346937702743, 0.029356095476833342, 0.06942806446718798, -0.07634363579624409, -0.2269362288903147, -0.17897697780105326, 0.12343703646470576, 0.0486295341297985, 0.0024208858931741603, -0.0027605587752666445, -0.33823532094174863, 0.2638401608576308, 0.21911135845654167, -0.14293067276247398, 0.1155203449157068, -0.27610752231919733, -0.30128141487587046, 0.7530775271454161, 0.017164497307449122, 0.04523987842760143, 0.10232714109712958, -0.49269186208265253, 0.040734497399104716, 0.032797674585928714, 0.4757052561196435, 0.34596797874763563, 0.44680717522636565, -0.06948478896648536, 0.20809459609442604, -0.15574056780255904, -0.9642443302312699, 0.31171617242952726, 0.32726022630194784, 0.9566494455817772, 0.33674145186107374, -1.2976231145528332, 0.3484444915875642, 0.1414775596640899, 1.3032268521106896, -0.325159739212712, -0.029843565010143222, -0.05149438353999228, 0.18701062989961742, -0.03459523580848786, 0.11834280145422105, -0.1535459091471656, -0.23355025352055553, -0.08410129388760243, -0.23998325955076577, -0.14630304653682494, 0.11502226102146074, 0.263340312185029], "trans": [-26.465213633536212, -12.919603219944259, -1.2584212131615902]}