{"betas": [1.813289222669109, 0.20156947919784157, 0.0011390909961732187, -0.4871353642584728, -0.16755291678885467, 0.02420319783742449, 0.0691750353522659, -0.03790042278230592, 0.027389876576093666, 0.006434531786996541], "pose": [-0.42367079321174594, 1.990028273042424, -1.990028273042424, 0.09274601888346828, 0.13122358907684833, 0.07641672670882534, -0.733051130733942, 0.04888487888845206, -0.15109941817772637, 0.30683970704856106, -0.13972058640561175, 0.051454084948043134, 0.4241062249986539, -0.14507281516878856, -0.07936975220467302, 0.5078369171703602, -0.08439725739391554, 0.10428009708955928, 0.05788661555668741, -0.044655951880337684, 0.08385461310930142, -0.1645844242256182, 0.14743735327928142, -0.06622544209417777, 0.04520052638185915, -0.2606725276309507, 0.3664790739590413, 0.07412824860749712, -0.0963711136212321, 0.027915742246159156, -0.2559931455534082, 0.19501196051060857, 0.16982259393759833, -0.07289235060438443, 0.2160009676356446, -0.526458512763784, 0.02316635385131267, -0.1723614578798391, 0.11522584071438823, 0.0644134868828399, -0.03110588367878391, -0.1709290428821192, -0.10361055757538562, 0.00791256087552762, 0.15136741603716736, 0.21264987253967438, -0.25276526453784776, 0.04129416216209023, 0.1100179577872993, -0.2318033385025102, -0.6120198158946648, 0.1748260265578916, 0.1151925852287098, 0.5812416307145273, 0.4859649024232018, -1.7512386962774653, 0.35130712141860754, 0.1575220251783408, 1.9841295542474777, -0.5341116968113213, 0.15311102200584376, -0.20844989469000488, 0.19975920507182127, 0.11779528945171384, 0.22325186170506245, -0.22834203393171837, -0.24915956077180737, -0.07092022529584584, -0.25720231614045286, -0.14499465786307128, 0.14892537552312415, 0.2624568104857917], "trans": [-11.964762868796825, -2.242541161582371, -0.8494189432250779]}