{"betas": [1.8964894903024812, 0.31493576625010133, -0.1035326407414528, -0.4364464500446508, -0.04973432451903863, 0.09833628269918979, 0.014303769774192097, -0.026993742994641887, 0.07112343154180402, -0.03308173982274214], "pose": [-0.13396859448882845, 2.1573639116837073, -2.157363911683708, -0.5422331134492485, -0.021838711477465075, 0.09230431352791017, 0.0821338976946437, -0.05979528996761355, -0.05276017524836054, 0.14265101390806986, -0.0799600905621833, -0.03739501179531863, 0.20000663126650312, 0.20305266684051423, -0.12039601685637404, 0.28389916963814876, 0.15164894454643912, 0.01777568681377069, 0.07899473767517555, 0.09419803409260526, 0.021687531052451393, 0.07936012597265002, 0.15288144707345097, -0.10656406590566005, -0.06923366049363608, -0.11724879915875998, 0.18956477871457836, 0.07384551611219943, -0.13567891373300803, 0.0015631809940398235, -0.18309568813911464, 0.1625716341635489, 0.27259781731138355, -0.06168356511009264, 0.11418036016784042, -0.24872757017504243, 0.08541369496023367, -0.04806068227212923, 0.08717210048523642, 0.06127087283506794, -0.19362782759767436, -0.27109428400507335, -0.020032243850129423, 0.16851518053481646, 0.2657724120474584, 0.29600344298366954, -0.2080481335414248, 0.07236583961694283, 0.20525466191280523, 0.07155414207641311, -0.9108907556471689, 0.35999094569791806, 0.2668928614836416, 0.905235694563054, 0.5487871362811146, -1.0508072209849428, 0.05319661061721544, 0.5005305947997618, 1.1633550822903445, -0.1179825325053921, -0.04872832709476084, -0.12969031383471372, 0.08576789556564188, -0.024893844281356794, 0.10573327958919188, -0.059533618268496756, -0.19473626045256232, -0.028322527772395675, -0.1763987095553671, -0.1535413966083443, 0.10883360763020025, 0.17035604419569356], "trans": [-10.955364903382376, 0.7117306825529945, -0.7995440357487902]}