{"betas": [0.33303066142902105, 0.22906885785386125, 0.1321746135337195, 0.03485680493593007, -0.034928744222964915, 0.03738652273642406, 0.06435992437738675, -0.06135207138309116, 0.004712805749211021, -0.03328562850670294], "pose": [-1.471417772418464, -0.8805174649521659, 0.8555174649521659, -0.45075322235547943, 0.0046509425105620145, 0.07351371214506078, -0.054543066026521585, 0.019356831861688482, 0.1387517903792293, 0.3273881564309538, 0.005975765698410769, 0.004336027284671419, 0.30002300103440316, -0.03742897691544821, -0.12790805833626656, 0.7088010035307548, 0.1263308154046988, 0.04361051906429992, 0.04269973045633578, -0.001804755265710837, 0.012464355533575056, -0.013492033724181049, 0.06857690277977538, -0.026978529485373427, -0.1335768748331311, -0.15969290829235816, 0.11965447781373796, 0.049631941403875356, -0.025064609580941907, -0.00022851822798463305, -0.3162374315960265, 0.2601335255777574, 0.12117636893377594, -0.10067480197229088, 0.09553655330903428, -0.23839714645279217, -0.06298831638402509, -0.014869393477892524, 0.0604638149152714, 0.06150467513121062, -0.04319907951217224, -0.40657735512422316, -0.010205262290608487, 0.15772393048546512, 0.3692056167970629, 0.14226872967941007, -0.4841515482112646, -0.01307267578613297, 0.1972618850130172, -0.29689713732674705, -0.9899173863547958, 0.29428438063153767, 0.30797961364730153, 0.9626657138857739, 0.425814945459723, -1.558626457497865, 0.44811708831036967, 0.2926125274953167, 1.5883244910919245, -0.45339998233703993, -0.03183779461189015, -0.11568394944325532, 0.2687810379114893, 0.0912438474868281, 0.1634847472690479, -0.26152422650502105, -0.1514871608235733, -0.06775669837659108, -0.19994849907409523, -0.10624317655384938, 0.1415594148983014, 0.2242974353154255], "trans": [-15.636711450514092, 11.2080380796677, -0.4762482125143727]}