{"betas": [-0.04531959800123942, 0.25816046623113975, -0.10443940742347267, -0.07597029208210594, 0.013911735992459227, 0.013954990810594958, 0.00840059268463032, 0.018210526354907698, -0.01144635948893292, 0.002226290135924623], "pose": [-1.565082024829382, 0.1570859981945068, -0.1570859981945068, -0.21742284002131562, -0.05669953044912806, 0.03796926602156744, 0.02052124778165983, -0.08022063445491665, -0.03590121484387383, 0.25896960599166696, 0.05851659331898056, -0.011530462341467883, 0.08268064108942827, 0.007446136422962571, -0.1592599164647763, 0.8850148393272471, 0.12415358187352821, 0.0769652995845347, -0.01911929705206518, -0.008247955858857485, 0.01915866098497351, 0.04786334775319297, 0.08424140642646526, -0.015257811556014907, -0.07981519322305787, -0.1748732245614977, 0.12184771784664533, 0.07802711658338991, -0.02205831749781954, -0.019636020425935742, -0.2911063950147699, 0.2183685361342312, 0.10698448735408514, -0.09683899927411688, 0.1752368415103428, -0.21307747261076507, 0.04292223552092072, 0.05921459997680024, 0.06915406491214035, 0.050152820905970764, 0.10105219877817975, -0.49216742805580804, -0.008515507246902195, 0.01523059075764608, 0.5221563249758344, 0.37885498417736246, -0.057193724192761815, -0.07759759582491257, 0.07174550882998106, -0.2106455720540035, -0.8837159948124919, 0.1865542290344518, 0.26170671465715684, 0.8462762215466942, 0.15216169874666888, -0.5110107066828088, 0.13706893997960776, -0.0905262466949726, 0.47466552496473435, -0.1416395594383375, -0.04633403513143069, 0.021998923411018723, -0.061222090768271585, 0.005154647739834764, -0.0026251143993561666, 0.02288712368813937, -0.19024193465394956, -0.06808424561193277, -0.1930848008684369, -0.10102388796499273, 0.11490653992923594, 0.22899570334206998], "trans": [-28.54133897805338, 9.734747852031791, -0.5601015120606961]}