{"betas": [0.33303066142902105, 0.22906885785386125, 0.1321746135337195, 0.03485680493593007, -0.034928744222964915, 0.03738652273642406, 0.06435992437738675, -0.06135207138309116, 0.004712805749211021, -0.03328562850670294], "pose": [-1.6271695550432816, -0.3939015499701343, 0.3439015499701343, -0.41340852287270635, -0.04630126919648898, 0.09349695694335508, -0.06007601348712461, -0.023098432484176354, 0.038990295207923, 0.27585139378244405, -0.03235885907690327, -0.00027801693242556673, 1.3652874671406092, -0.013589542880197631, -0.20735801623781808, 0.14884877125787352, 0.15619762319167088, 0.02202579299839687, 0.023624497243534888, -0.03088806498860288, 0.04336336101159788, -0.06251542077733034, 0.07546836502112335, -0.025237068947526746, -0.14563382462847904, -0.1499309794444628, 0.16836431838502877, 0.047358027697457034, -0.06694788653352207, 0.013272730773337009, -0.3310256238956085, 0.25237370255304653, 0.1255212940714504, -0.08346728142700122, 0.10031553715893651, -0.31875684084381284, -0.07381211643229646, 0.17141859706258797, 0.05375492631498242, 0.06546197882169273, -0.0325004304331039, -0.39080918371489004, 0.0021287235225472757, 0.014685258431848596, 0.3897845188794476, 0.22095599315451392, 0.07071462845514655, -0.06071227458271108, 0.19244473308214435, -0.36105545842690645, -0.9721982248286852, 0.29665625010485225, 0.21645745312568276, 0.9641608313704201, 0.5688471987447525, -1.7047551820724065, 0.47068874399391897, 0.20902740215074897, 1.6008581369547412, -0.5199337789975376, 0.00729068123118939, -0.10613464373374527, 0.14092861789301014, -0.002701336560835138, 0.13671231956049787, -0.13003486627254354, -0.17979896155078695, -0.07918534986453761, -0.24534640369770908, -0.13160104841013348, 0.14345527405735695, 0.2744043577142444], "trans": [-12.071008840762248, 4.791264235450435, -0.602541541554565]}