{"betas": [1.726796659765029, 0.41891031545459445, -0.15139553369490252, -0.5462419580768579, -0.07855182412525559, 0.07595039952460043, 0.008045347212360082, 0.06009336300381875, 0.04481580265154796, 0.006120580758014304], "pose": [-0.10556755220675378, 2.1715937169987485, -2.1715937169987485, -0.3844321045517873, -0.04317717145503343, 0.07633391472648311, -0.1977583783166112, 0.2760510501318891, 0.08549859513654708, 0.3251244976190372, -0.031937062891074536, 0.015170451600333945, 1.0075325555675585, 0.016686390290113953, -0.1750467170637011, 0.23820790462733643, -0.19588144530331447, 0.010074237224421537, 0.056003840216300005, -0.019706262100400548, 0.026764467903631187, -0.12500171840620747, 0.06344268661392145, -0.0021181959065266027, -0.1122488939865221, -0.1614679436380675, 0.16148607543767823, 0.06996454138226238, -0.06722208961873924, -0.006826413657095517, -0.35839537666223753, 0.2823233327424121, 0.10665224371135158, -0.11330386972805842, 0.08431348692150711, -0.3157747853353166, 0.04407269678191141, -0.04694069478872053, 0.08628607798527357, 0.12437877537883445, -0.00880820205368072, -0.46611472746608074, 0.014185091597151978, 0.060428163536492586, 0.4007893425463428, 0.3128056995377715, -0.07422884201118518, -0.016337808734563922, 0.1156778587472394, -0.02373440632835036, -0.7821502643354871, 0.7636706417074448, 0.16075704384344922, 0.7160371209645261, 0.5366156806417435, -1.2989596361130005, -0.2344506731694765, 0.26696809449844433, 1.3632867253556349, -0.3162054640357105, -0.053740535466226584, -0.06344978285009929, 0.12379453668893088, 0.08329542759502827, 0.09986824464279721, -0.16016129633908713, -0.15908916025328437, -0.07603163839882554, -0.22383608677147013, -0.1329583446513764, 0.15409981065058234, 0.2487651452294166], "trans": [-10.885784472066831, 3.879140802828811, -0.6478093390710176]}