{"betas": [0.5425939922495325, 0.47738774179747123, 0.15292601182064422, 0.1712734498191424, -0.026676199413162845, 0.029053080237652254, -0.052279591306768236, 0.04030904345707816, 0.08374319963315201, -0.11291980133855471], "pose": [-1.0310320292168313, -0.20150882846075135, 0.20150882846075135, -0.7056600126338435, -0.16860342152707955, -0.02377928912680212, -0.7132984680786877, -0.0018025549201109699, -0.06813199348382194, 0.501711234878345, 0.03490704657449616, 0.036531411521655684, 0.7656577851055004, -0.14328948705648337, -0.1633984492634814, 0.8865137176205021, -0.05378447532960218, 0.08478072286780793, -0.10755111117936499, 0.11284462128317323, -0.04084808266138883, 0.014929519929498683, 0.022830725115900695, -0.01570774020994443, -0.09644337554894279, -0.23318432963232205, 0.21947699366440263, 0.05806259772759029, 0.03749901649721809, -0.009502437323089339, -0.33763295993138387, 0.19876838750767853, 0.1368141189135496, -0.1522332877282658, 0.1493269640038442, -0.4529874873612394, -0.3022265238273167, -0.020624795801145155, 0.0016798095587783498, 0.025243949577591334, 0.24425529077587557, -0.4528578344692063, -0.022228628700398483, 0.05240333832183146, 0.37518481673673776, 0.08667764323584613, -0.07703190566990559, -0.029855941931248582, 0.15539369575063733, -0.024169028099530292, -1.03859363063755, 0.015152284359721865, 0.24966853068638756, 0.7730734529156663, 0.055689485662815306, -0.9428726453478508, 0.38819340543279884, -0.35963860017259, 0.7638937490879179, -0.4014258108152288, -0.20634894018888003, 0.01999371907634076, 0.16593149782710404, 0.0357666059528789, 0.031470418598319186, -0.2103972617444265, -0.21191485194586548, -0.10271024977519781, -0.24742182371466906, -0.1436004338907969, 0.12328570547860544, 0.2632891311418458], "trans": [-27.985633202502328, -13.806705086764268, -1.2681284618990085]}