{"betas": [0.12977417203956745, 0.49847687971378624, -0.19179541608583497, -0.1113183526768453, 0.0549914925669735, 0.1034291447522722, -0.013453424082682812, 0.010035343166627214, -0.014576049326274527, -0.02308049036666073], "pose": [-1.4385116424315512, 0.747165771618063, -0.747165771618063, -0.3471577901394091, -0.07799353173909747, 0.022991297684115265, -0.16905099171974092, -0.062042853946872645, -0.05257846024056681, 0.2548376815253294, 0.04219871085536935, 0.011880552576145823, 0.8832608280718917, -0.11447282753859031, -0.17178399395959343, 0.5021237957004402, 0.05201785314753231, 0.08359243768577812, -0.021830044487369797, 0.01987936449146724, 0.0027521594117590324, 0.05262603890345726, 0.04160326020754031, -0.030364955637547975, -0.014222163061671313, -0.19832493231743917, 0.17968569765658884, 0.08229431041452548, -0.012742484284172472, -0.017030114150937015, -0.3566216595188816, 0.21568066872616862, 0.06483488742374532, -0.10497342693561341, 0.22088443875063776, -0.3366924622806847, 0.021910818958380523, 0.20256628079933847, 0.02441249569669629, 0.04093433424819949, 0.10437880535356639, -0.4876007669729933, 0.010287827998821174, 0.010998451197242352, 0.5210070588378732, 0.38549414463791976, 0.11650787717099384, -0.11446684874288005, 0.072641194264057, -0.22119848298630934, -0.904859945935903, 0.1803022426011617, 0.26326608125182865, 0.8349927549100075, 0.17648198160207626, -0.5371161341275434, 0.14031817823119033, -0.1146817124246132, 0.461413038109932, -0.13013194009036785, -0.0452677746211415, 0.0029424031662621873, -0.049068026183298766, 0.0024885960712548896, -0.00011165946627929356, 0.005238725943494173, -0.16463139995964157, -0.08798607713497082, -0.21193606656476546, -0.10224829684516645, 0.12323350028561304, 0.26429715665711523], "trans": [-19.587566762424647, 10.075688944153466, -0.667856282647121]}