{"betas": [1.813289222669109, 0.20156947919784157, 0.0011390909961732187, -0.4871353642584728, -0.16755291678885467, 0.02420319783742449, 0.0691750353522659, -0.03790042278230592, 0.027389876576093666, 0.006434531786996541], "pose": [-0.31471487609164656, 2.0579891121778155, -2.0579891121778155, 0.002193388385777103, 0.13549301848472092, 0.10929460241657257, -0.620173086626655, 0.0027517776324261435, -0.05385348906661408, 0.30299852495900864, -0.12611967910611085, -0.011113430553568683, 0.4334055826764998, 0.012982807712026236, -0.07593466760236378, 0.25476490986850847, -0.2026734959944653, 0.1493040919493017, 0.0676087401876249, -0.15187026416521796, 0.06826948831960712, -0.051167053122707196, 0.11211704453312883, -0.04090604329467327, 0.07749292218087626, -0.23146081827777326, 0.27351743436406184, 0.08470894168571365, -0.15577715186468022, -0.0002002932822582046, -0.24680882229533196, 0.14833073014364212, 0.08491928142396746, 0.06435383974455139, 0.19683562495496693, -0.4216624392013509, -0.055886441031313634, 0.02478572407079815, 0.0679031883707253, 0.09026302851750995, -0.26676067118249613, -0.30392700912276316, -0.07818520991112045, 0.010073863211337542, 0.21805884566291703, 0.1507465624821739, -0.026974994487132344, -0.00507661827461927, 0.10490173085473681, -0.1910774105506757, -0.75252195171792, 0.699467887503617, 0.10434727263539374, 1.0547946997086515, 0.3949355355339219, -1.659558482121546, 0.4204738274076218, 0.14715507717040968, 1.8757586057137225, -0.5700118588148918, 0.11972216719310756, -0.15249838380208583, -0.024867880906723087, 0.026691216800652832, 0.1770835280718044, -0.05475371659362028, -0.26583472412309567, -0.09542217424247218, -0.2823723821488422, -0.14633394314228268, 0.1822127570139174, 0.2953241440522305], "trans": [-11.246623368694138, -3.995964795519699, -0.8229008812351761]}