{"betas": [0.19173745763710806, 0.20679507266967936, 0.025545764337162807, -0.024244743693028488, 0.0007202369641003663, 0.013236882350636182, 0.021343764601424748, 0.007373052342460504, -0.01918535564321634, -0.005662447391478864], "pose": [-1.6302475295612895, 0.20965525146564654, -0.21465525146564654, -0.3021955119160502, 0.0003449007171520725, 0.023929876490932797, -0.48619668299254165, -0.07828546680334426, -0.0035002612092533483, 0.2981426251556656, -0.033725479437946515, -0.00014603094237002038, 0.3643464940047718, 0.04517933275232926, -0.1065790805040176, 1.1183618782659113, 0.2014330964295708, 0.11690252484338878, 0.0038251704690938273, -0.02650383228799744, 0.012255746996872173, -0.0811284457655545, 0.06282680862717346, -0.06365587986547881, -0.10967451349252474, -0.163737110199271, 0.2370091320730446, 0.0030809348602659284, -0.044204321817803253, 0.00793832325669585, -0.25710770831899943, 0.2623018904656791, 0.15589058862252791, -0.08819261524516038, 0.14865459311796278, -0.35178426535445995, -0.19321641059245875, 0.08152895992952189, 0.030994912664726787, -0.059771299864277344, -0.22894606011782953, -0.2614795498867383, -0.08403352119628113, 0.2247772296756205, 0.2597158985149193, 0.15635176367479164, -0.05479893408621881, -0.01591407453964264, -0.03443799300269397, -0.5303915788455269, -0.6832357820185414, 0.10135758119794808, 0.3307659287100329, 0.7206118343663535, 0.08867424874981639, -1.6548317836366373, 0.6041472243931428, -0.07899723776865195, 1.459989456698335, -0.5687131928879602, -0.12050093541194087, -0.12894469237244846, 0.2274053052573611, -0.010712717152462718, 0.12778874769840085, -0.1627274518517375, -0.04125215349815232, -0.053803720262713156, -0.18522374199503155, -0.07674359227948305, 0.12312206094695519, 0.20060170815767575], "trans": [-21.218070643821726, 17.869855731206517, -0.48594351419170473]}