{"betas": [0.19173745763710806, 0.20679507266967936, 0.025545764337162807, -0.024244743693028488, 0.0007202369641003663, 0.013236882350636182, 0.021343764601424748, 0.007373052342460504, -0.01918535564321634, -0.005662447391478864], "pose": [-1.5702740105825697, -0.04751444182839104, 0.04751444182839105, -0.014386416204661752, 0.07449527982586107, 0.004914258282362312, -0.478753840085463, -0.022060890334761454, -0.01098454720629561, 0.32563553676347884, -0.04992827449231564, 0.01601798900501268, 0.2953579213373896, -0.1802617570179269, -0.10524341216390476, 0.2402401357837314, 0.0004136385256758744, 0.09998165819341467, -0.06474960784781171, 0.014827018715117284, 0.014975446871756065, -0.07729204537781734, 0.10071329990358115, -0.0886678870943989, -0.09918335190677953, -0.19986963439156397, 0.2731980611726296, 0.030672580990469666, -0.04461482816396538, 0.012189576774818437, -0.27426188286968195, 0.1751992278437503, 0.18887403759877933, -0.10633296222675136, 0.14296923711146017, -0.4479880290731556, -0.2544956518726149, 0.08900678307486401, 0.029454753513884723, 0.017304560043285372, 0.08224847605170607, -0.3468127378865153, -0.03869707650211661, -0.0208160701541986, 0.3378809570494961, 0.0776547774544102, -0.0009493959530572375, -0.023083392308470722, 0.8924103452026333, -0.8677355794074985, -0.8400875107368144, 1.0667659258307103, 0.5330812224065294, 0.8086599191511734, -0.07122742098104903, -1.2473120381067742, 0.4111469542500608, -0.29319877950892, 1.2751568908206612, -0.3609942782813395, -0.05013046067424191, -0.07701494579468814, 0.14422638694862544, -0.0008886666036133362, 0.09550304897924819, -0.10682583892940896, -0.1793894023420295, -0.07699743528124206, -0.22224435669603454, -0.11366339458694791, 0.1159772185639946, 0.22825879254794887], "trans": [-29.344785839142716, 4.068860789878433, -0.7114076313505456]}