{"betas": [0.5425939922495325, 0.47738774179747123, 0.15292601182064422, 0.1712734498191424, -0.026676199413162845, 0.029053080237652254, -0.052279591306768236, 0.04030904345707816, 0.08374319963315201, -0.11291980133855471], "pose": [-0.9370444561543001, -1.5592826833034927, 1.5592826833034927, -0.17129079331857577, -0.044061103917880706, 0.0812732522069909, 0.05086644636319062, -0.024940559192246078, -0.0659043262228457, 0.34583461565636275, 0.031584536481064455, -0.011126023015872503, 0.24410121698047185, -0.1078016471309504, -0.1362466382454304, 0.43748004912552163, -0.01893261878104311, 0.05056351850234921, -0.003656370504925833, 0.0036354742103769486, 0.006785296888496289, -0.08393712962043269, 0.0688138864313875, -0.0023702741736717752, -0.1869753462636912, -0.1825576300703385, 0.1292649870238772, 0.028709482651397833, -0.009990437679892529, -0.007023474281583113, -0.27247773991296703, 0.27067092548882704, 0.13059205999194437, -0.14188028570024339, 0.1512761596466063, -0.26535391974494027, -0.30128141487587046, 0.7530775271454161, 0.017164497307449122, 0.011609183226265165, -0.11510549936912498, -0.4421273148443699, -0.04280185656166258, 0.2340251876820906, 0.42151114341590207, 0.34596797874763563, 0.44680717522636565, -0.06948478896648536, 0.09230128931583355, -0.2500649369806033, -0.8593406546470918, 0.20254130114593616, 0.4342062379882996, 0.8692258660077323, 0.169747339399267, -0.9328460175132103, 0.2518842618338162, 0.06803832905310714, 1.2046917355020683, -0.3540548979050319, 0.033128786455392044, -0.023883298970488156, 0.1761961236536032, 0.031648102443662285, 0.09589351238439589, -0.17666739058292033, -0.2228355783837052, -0.07836803336156067, -0.22691328195976765, -0.1268774026254728, 0.13453397243523277, 0.2402462029466989], "trans": [-25.719787798909774, -12.550784586380544, -1.2510308939356183]}