{"betas": [-0.10716845975804463, 0.03555393559239171, -0.022909588301634677, -0.0022321960585287635, -0.011360188238027402, 0.007048778770267401, 0.0026244476494828445, 0.001119221678184007, 0.011361241992361597, -0.011308692156923365], "pose": [-1.2775566038228277, 1.0959589188505667, -1.0959589188505667, -0.5175419314019017, -0.049615420989336925, 0.07320392184121066, -0.4618042194464106, -0.018994083793649426, -0.059517476248589454, 0.4122184162864565, 0.016204780092782662, -0.0035755143816798628, 0.7441967174990138, 0.016953330654614136, -0.1600274634596787, 0.8581361449345531, -0.04165530394176276, 0.09478057028954129, -0.016608799102633104, 0.004890418221690579, 0.010353880558108128, -0.04463441110545171, 0.07103800233372098, -0.01310939927747994, -0.16303306169421009, -0.17728465796335982, 0.155211841011887, 0.03817631628433916, -0.02115292484368658, 0.00388701070953622, -0.2993940488342701, 0.2552497613208371, 0.14024570210032425, -0.12996526308691214, 0.12577673093678324, -0.3073026828333033, -0.18329230842400726, 0.10877230074856756, 0.03054362351469037, 0.03173940903615213, -0.055587906671252026, -0.41372966467240335, -0.012781938339364895, 0.15028211746241785, 0.3943664459102048, 0.14545792111489098, -0.015136038831106133, -0.03971197811185243, 0.13152049257503387, -0.2626872456195112, -0.9016261251996197, 0.21892840746707545, 0.2936701016944125, 0.8948352992517362, 0.2791354634322327, -1.3105579019420432, 0.3997506752587863, 0.08927320650654949, 1.3121930489074343, -0.42240203998235715, -0.005772254060122508, -0.06368037345374909, 0.22542627618307898, 0.05425409640240783, 0.11973002839041669, -0.20493023818839137, -0.19363175268980404, -0.08023197179773221, -0.22370567442641245, -0.129300386850915, 0.1361053224217815, 0.24186777579369592], "trans": [-63.051909064773945, 4.667018444373416, -0.9328023146962006]}