{"betas": [0.33303066142902105, 0.22906885785386125, 0.1321746135337195, 0.03485680493593007, -0.034928744222964915, 0.03738652273642406, 0.06435992437738675, -0.06135207138309116, 0.004712805749211021, -0.03328562850670294], "pose": [-1.18445936291566, -1.4007832737883152, 1.3757832737883153, -0.40768993940267884, -0.01640170335310831, 0.07420820381076834, 0.13321390912579445, -0.024766214951159667, -0.07349762460451525, 0.31629825988044064, 0.10847829003710555, -0.016180708573833316, 0.2539260913693381, 0.06933366659647024, -0.12793703406662996, 0.4098794687924894, 0.0530331666156876, 0.057017493872729565, 0.013267777797611669, -0.025186489222469795, 7.136431898309099e-05, 0.0507613525354905, 0.07936718450231631, -0.0511719310959091, -0.11880386997079027, -0.16230011727315366, 0.15649968801163683, 0.032231921543392834, 0.0400097575246702, 0.007494140637375498, -0.198373698649036, 0.2675062170853441, 0.169576250502702, -0.10826039508813115, 0.1992160875505136, -0.2473199573728272, -0.0950244928605598, 0.1954337253837925, 0.03859727215388844, -0.10748726593306043, -0.30334850042109146, -0.20746936074862435, -0.1035735773118612, 0.43982795327968294, 0.2114075595347847, 0.21355822948839004, -0.010573019663437603, -0.03750789171768614, 0.005717964712105859, -0.42309862577280266, -0.6291442255861414, 0.09839040000944779, 0.6308230028316915, 0.7109821739896299, 0.0004623218259571122, -1.1978285047303816, 0.3654191762993778, 0.07796655039980406, 1.3071577658928806, -0.3445974576224781, -0.06039881775654151, -0.11039258510565969, 0.3219309056164178, -0.014750676602626467, 0.14027699326013823, -0.2638518417033187, -0.11225182338824785, -0.04504005239524924, -0.17185537913192317, -0.09705309773345708, 0.11223047008810752, 0.18780137522584223], "trans": [-19.793731873877835, 11.64834454098184, -0.6272238178289152]}