{"betas": [0.12977417203956745, 0.49847687971378624, -0.19179541608583497, -0.1113183526768453, 0.0549914925669735, 0.1034291447522722, -0.013453424082682812, 0.010035343166627214, -0.014576049326274527, -0.02308049036666073], "pose": [-1.4213117674231361, 0.7930032439431232, -0.7930032439431232, 0.1052298333334504, 0.05095754242725891, 0.029906963865104455, -0.5928237469407883, -0.029113129346909634, -0.02067762650000142, 0.3119688170470967, -0.03763581745126999, 0.032063995895287044, 0.7183756351972144, -0.19272145941924565, -0.11875845851103016, 0.6199545469664672, -0.0574792930088885, 0.11067119531429385, 0.024168521325020096, 0.022424596317826673, -0.0005722484835873579, -0.09515766616616753, 0.08838142501766101, -0.09680613885520115, -0.09765771060186024, -0.23022638418910624, 0.21564895131296363, 0.023560523613559876, -0.025220704274384387, 0.014785247024961168, -0.2730436050551303, 0.21404570340614024, 0.16148098742031816, -0.09814946984782252, 0.17876729882872514, -0.3631766760745053, -0.11853844510334642, 0.3079031289394616, 0.03452281990746313, 0.041919109465327294, -0.12936579715064048, -0.4226417433129152, 0.022388533661247784, 0.20549119177900133, 0.4067787003150087, 0.1536405762035766, 0.20359605282806972, -0.09079557480216632, 0.13989089712378758, -0.2200124112857969, -0.7684865378009123, 0.26145797818406147, 0.32014404785000816, 0.7837421807558643, 0.32666686098269626, -0.7950798013438568, 0.03966456010464737, 0.24100717109196168, 0.9422904560055804, -0.04428773591884846, 0.1653622893968143, -0.07795319806240635, 0.12306349067807304, 0.11696023645147628, 0.09465630281732397, -0.08490497301394638, -0.2441533550427138, -0.07970367000907977, -0.19153001901329048, -0.14228147777793917, 0.12402276862983093, 0.207899608047555], "trans": [-18.5339415569874, 10.781974515030278, -0.5391917006884898]}