{"betas": [-0.04531959800123942, 0.25816046623113975, -0.10443940742347267, -0.07597029208210594, 0.013911735992459227, 0.013954990810594958, 0.00840059268463032, 0.018210526354907698, -0.01144635948893292, 0.002226290135924623], "pose": [-1.569993765274476, -0.058896175192024953, 0.058896175192024953, 0.02840162008421601, 0.0009972374650043163, 0.02577803843433739, -0.5108580750146868, -0.01700593732300096, 0.030925555139713484, 0.4005289435797098, -0.012622468448760716, -0.0076208502716069776, 0.09348937141194322, -0.015871126823030376, -0.03010480539947448, 0.7854505515800351, 0.03436923104558783, 0.09364379148325525, -0.033070444630162156, -0.022941275773447522, 0.02091706166099206, -0.06414311859142671, 0.10260591700972475, -0.06393450833823891, -0.13602810553180547, -0.1807724691607087, 0.21323042517424706, 0.04012214932273587, -0.05083182256624689, 0.006278574798764788, -0.26708098441233247, 0.2070095796453471, 0.1824376350475817, -0.12027485007677909, 0.12234016978406463, -0.3505683616439671, -0.15798421869943746, 0.09070664749404715, 0.028370471027840932, 0.028098716986759847, -0.02955301219447835, -0.38010190104912484, -0.02190550433849258, 0.04737763028089099, 0.37046226542082855, 0.1466872045873179, -0.022945374606025817, -0.012409271850172203, 0.037577200266386536, -0.2459173725226139, -0.7592110962711008, 0.14731160842627278, 0.17509743818700077, 0.763324473023685, 0.14267599401154105, -0.9787055857011918, 0.29240211341795647, -0.07138510738195912, 1.0000908349184958, -0.3534224616152373, 0.008952338386513112, -0.045596113790460975, 0.13158473561061412, 0.016867407218826957, 0.07578366263313487, -0.10117074748082404, -0.20129248620293713, -0.07154462936798746, -0.21888687684520863, -0.13122237301427392, 0.12259161002994846, 0.2281941984958022], "trans": [-28.144967127748544, -2.0455849625235194, -0.8589598226349142]}