{"betas": [1.726796659765029, 0.41891031545459445, -0.15139553369490252, -0.5462419580768579, -0.07855182412525559, 0.07595039952460043, 0.008045347212360082, 0.06009336300381875, 0.04481580265154796, 0.006120580758014304], "pose": [-0.19395168058872078, 2.1261138784587477, -2.1261138784587477, 0.32277703775169686, 0.09421292059160577, -0.0770590107976302, -0.7603255106355497, 0.09142513281987509, -0.09060666282084594, 0.334967999842227, -0.15722420713168173, 0.08860974924355892, 0.4213543877908823, -0.2609034172380368, -0.058943499057209664, 0.7066952580548005, -0.14135566772185937, 0.09377335448494657, 0.09585702533390597, 0.02730409028752413, 0.003343525799074338, -0.12845531509723182, 0.06527734468362488, 0.01530549676172888, 0.0482598177826736, -0.26896599909346375, 0.30011415069001257, 0.04056388744059796, -0.06918325233832455, -0.0008315816219309881, -0.29134254983794194, 0.26687997742083125, 0.009954735912935324, -0.0719910049201616, 0.31076050653140186, -0.46190766380430515, -0.07859775468035239, 0.12968718449283398, 0.04304899976955017, 0.0627028750683484, -0.22841106977888265, -0.4898901137272901, -0.019030090291242946, 0.26406503143096427, 0.4193901389398833, 0.26495868479434853, 0.07630717187003007, -0.1109806372612765, 0.16198565590857983, -0.3549021983274101, -0.8638486392492252, 0.2656238712045487, 0.2710106468910616, 0.7230856549955053, 0.38718266439609, -1.317986608400701, 0.2560405280291046, 0.13099425519388017, 1.426841157110997, -0.2987259203250169, 0.1995231720205641, -0.1509396873911183, 0.22753070257891592, 0.23748621864381983, 0.1774901100619296, -0.24928658649769572, -0.22345478365499488, -0.11091614588098256, -0.2320480652512144, -0.1448990343362324, 0.1608348363539137, 0.27279875097545375], "trans": [-11.510603861329985, 7.572397843341054, -0.4742350735347148]}