{"betas": [1.7511515842605234, 0.3670231778082652, 0.03978433168027672, 0.004913282851196045, 0.02958606384598556, 0.001461046037256542, 0.028411238985692, 0.012589726574853976, -0.014340388809218167, -0.004234100351574732], "pose": [-1.573255503001166, -0.1248716374841857, 0.1248716374841857, -0.310542612428711, 0.014211131624332083, 0.09176006355983662, -0.48600698878786336, 0.0019154362005581163, -0.08142695586830889, 0.2786471985688812, -0.047715503664768386, -0.01246241883373638, 0.592078747126065, -0.06268823945018191, -0.13686644498844203, 0.8305063672031614, 0.054341335368802444, 0.08328370458685372, -0.035258786214246496, -0.022688937139202312, 0.038674303221706424, -0.10366759642148268, 0.1055576575536578, -0.04683752289291123, -0.13172648700300124, -0.16453057488327208, 0.2476469204109636, 0.028235130402494635, -0.06975854708201888, 0.00787885697424736, -0.27930063088566703, 0.21137014043580188, 0.16817412920425062, -0.14177117801821462, 0.13817650025946907, -0.3784802378557321, -0.22832893554785524, 0.09704001818771436, 0.041866203802308544, 0.018822510880131028, -0.01065554010144222, -0.3638297630234849, -0.022068757871167494, -0.011645070876932818, 0.4054576612856475, 0.13374674824105237, -0.024987056966459528, -0.02268670635658748, 0.034587325294100274, -0.35867544629395554, -0.7852750304299755, 0.22319708327306814, 0.12879922899323817, 0.847662812888791, 0.1775011736097116, -1.2844369548346144, 0.41927386325159754, -0.048194286031714086, 1.0245296807395834, -0.36496299686685807, -0.07905645930437373, -0.05906916024516689, 0.11861322731465568, -0.034562159544420074, 0.05921910778087588, -0.036077923524572786, -0.11581509423018087, -0.0627933405542786, -0.19869406744620005, -0.10039974077020213, 0.11343061007808247, 0.20471395805936043], "trans": [-28.8022086975545, 5.107752488210914, -0.8117336955599461]}