{"betas": [1.726796659765029, 0.41891031545459445, -0.15139553369490252, -0.5462419580768579, -0.07855182412525559, 0.07595039952460043, 0.008045347212360082, 0.06009336300381875, 0.04481580265154796, 0.006120580758014304], "pose": [-0.19149071394120815, 2.1274286574424135, -2.1274286574424135, 0.04023713309565839, 0.07509930646295879, -0.007257052252814376, -0.5911965585041717, 0.05170472802597353, -0.0817492796254428, 0.20099561014858403, -0.03865655082930625, 0.03772407786061767, 0.2620423868931775, -0.08946576304648109, -0.07468710853322377, 0.5852588079552107, -0.05339463652080765, 0.0735088683516489, 0.06612854667101264, -0.03183288864928371, 0.03358985251403607, -0.07744987729438885, 0.12828034899517898, -0.042085827601586925, 0.014054415316623867, -0.22080994422225472, 0.3166688706159264, 0.06381993525206364, -0.08044706414828692, 0.010597223119312157, -0.26032445558874795, 0.18620810365554868, 0.15075081113682712, -0.09028878737643538, 0.2297305167903639, -0.4719013652994427, 0.001358649069145762, -0.08177416969662939, 0.026858226693902296, 0.09429273262016122, -0.1389093497488586, -0.32231792565443657, -0.012686982502635743, 0.13750498864498156, 0.279154276766087, 0.10969465055673859, -0.02759405222180819, 0.08371324312425335, 0.1156778587472394, -0.02373440632835036, -0.7821502643354871, 0.7636706417074448, 0.16075704384344922, 0.7160371209645261, 0.23860954551911068, -1.2830202955767356, -0.7793237419646963, 0.25112254725355143, 1.347065582418627, -0.29860317194184965, 0.08588264067328907, -0.1755977290856048, 0.14113908219781995, 0.14261710268685637, 0.16016135667817982, -0.12550620747879834, -0.22935457432657042, -0.07049049999519824, -0.20390640934758064, -0.16366623633619656, 0.13393568160412497, 0.2177522621905889], "trans": [-10.456646586006483, 1.0422691020400228, -0.7729707275960508]}