{"betas": [0.19173745763710806, 0.20679507266967936, 0.025545764337162807, -0.024244743693028488, 0.0007202369641003663, 0.013236882350636182, 0.021343764601424748, 0.007373052342460504, -0.01918535564321634, -0.005662447391478864], "pose": [-1.5683156191982655, -0.10353092990679628, 0.10353092990679628, -0.014386416204661752, 0.07449527982586107, 0.004914258282362312, -0.478753840085463, -0.022060890334761454, -0.01098454720629561, 0.260885123377871, -0.09513634327750865, 0.0285428432682387, 0.2953579213373896, -0.1802617570179269, -0.10524341216390476, 0.2402401357837314, 0.0004136385256758744, 0.09998165819341467, -0.06828546121794307, 0.012974641676524032, 0.016594875163657073, -0.06923645264844619, 0.15033640015402597, -0.1062527330353663, -0.015850855239744856, -0.2653403352337729, 0.3153727692855675, 0.05496678986276426, -0.061151666888899565, 0.008713575155921062, -0.25323278836315843, 0.09675368800859893, 0.14636086607316828, -0.05943081324278104, 0.20879600940069648, -0.49020550164475013, -0.14963538884288907, -0.022932829648357262, 0.046668114292380845, 0.020972663307839135, 0.14698128689237, -0.29006188163591873, -0.047919970944848234, -0.10690796435389739, 0.2941608343791732, 0.14002792712767784, -0.07165588871453847, 0.02150191211437707, 0.8924103452026333, -0.8677355794074985, -0.8400875107368144, 1.0667659258307103, 0.5330812224065294, 0.8086599191511734, -0.07122742098104903, -1.2473120381067742, 0.4111469542500608, -0.29319877950892, 1.2751568908206612, -0.3609942782813395, -0.011976975108383733, -0.09570170109447551, 0.051908078598140936, 0.03171580296879108, 0.06443054397584069, 0.004063679905254251, -0.16705829595201777, -0.0644839561667812, -0.1722334308656891, -0.0716357014151541, 0.09705798931038784, 0.1705086110948575], "trans": [-28.595596153126657, -1.4971396408931459, -0.8710317524635476]}