{"betas": [0.5425939922495325, 0.47738774179747123, 0.15292601182064422, 0.1712734498191424, -0.026676199413162845, 0.029053080237652254, -0.052279591306768236, 0.04030904345707816, 0.08374319963315201, -0.11291980133855471], "pose": [-1.1694679324310042, -1.2691035217151987, 1.269103521715199, -0.14243427207355727, -0.0620216237887895, -0.0226258696335657, -0.1604283472899888, -0.04525923900338503, -0.029167946208034024, 0.22536700197965684, 0.030200731426160487, 0.0067980089065746395, 0.16061148387556695, -0.16603291565817793, -0.09765163834901125, 0.6057438839303609, 0.035404002022752123, 0.09320364220169522, -0.010815087679644297, 0.032397606794437026, 0.004533444719434835, 0.022805723944772097, 0.08473286484504408, -0.014004255119452039, -0.04163531451032184, -0.20804543240855627, 0.15899155466512474, 0.0759772982662703, -0.00833611874086824, -0.022439161072167063, -0.2776124792992528, 0.20557963335285884, 0.10350287351377756, -0.07477801407781157, 0.21546584374602654, -0.2586588418305528, -0.30128141487587046, 0.7530775271454161, 0.017164497307449122, 0.04323506372769622, 0.12278778228126432, -0.5052788080950722, -0.010521858213538512, 0.03011501949490856, 0.5323042055445497, 0.34596797874763563, 0.44680717522636565, -0.06948478896648536, 0.09402580906035597, -0.19032455694702294, -0.8969264896105885, 0.17856900724967004, 0.2997404233251473, 0.8290740169794953, 0.13165653264540694, -0.513156693293783, 0.13854290533404173, -0.1264917039339947, 0.5119462932116821, -0.1520374093039108, -0.03473299155461455, 0.014011049420304261, -0.06269934256755445, 0.011266809631004708, 0.010214885516958429, 0.015263598237870902, -0.20464125262625463, -0.08262848947628715, -0.19982783236526938, -0.10451278222639347, 0.11957803203081722, 0.24342549840770106], "trans": [-24.830878414928122, -12.232365491479667, -1.2760121910490572]}