{"betas": [0.12977417203956745, 0.49847687971378624, -0.19179541608583497, -0.1113183526768453, 0.0549914925669735, 0.1034291447522722, -0.013453424082682812, 0.010035343166627214, -0.014576049326274527, -0.02308049036666073], "pose": [-1.4804102076333696, 0.6199773078951321, -0.6199773078951321, -0.46639620218636, -0.07681436883977075, 0.024793777410486422, 0.057854681294862605, -0.08826738451322345, -0.0269177436908906, 0.2396120566958554, 0.09192540905201703, -0.006693398897625297, 0.6032499500792418, 0.009452733656241339, -0.15444102784874453, 0.4430770493934368, 0.12184668895709647, 0.05433514105603185, -0.02486654234703779, -0.0016858990719739555, 0.0018232988676757079, 0.052533466288332914, 0.07800850994045783, -0.03443231774562203, -0.07017578372840375, -0.19026955652816532, 0.14276114774811843, 0.07813766668088878, -0.0018061155456746156, -0.019129213829368403, -0.28158924007992236, 0.21960131586757875, 0.1257564086647789, -0.0950297813038954, 0.19092599841100646, -0.2565444689331894, -0.01201735713219581, 0.12426926004488023, 0.04832877162685602, 0.03649557242007605, 0.1092587245192411, -0.5005958766583949, -0.009354913258544772, 0.033549185587614126, 0.516176770998651, 0.3542111041020585, 0.008929183882822898, -0.09397015920810617, 0.09298772900234822, -0.18362495387629887, -0.9014545921677621, 0.17816188781381762, 0.3005786808462676, 0.8273025154305831, 0.1702997869603649, -0.4949431385642605, 0.1285521437574042, -0.08838428750983005, 0.48872647213942905, -0.13451076916600982, -0.037937082331154476, 0.0055252046324448184, -0.05076122950909405, 0.00751345921568846, 0.012212329666770473, 0.00020079475898099138, -0.1914458835955112, -0.07615758249929006, -0.20099752494125864, -0.11271943184702977, 0.11567602440850176, 0.24530697579123625], "trans": [-24.399733731970542, 6.405519956076154, -0.7046303691933484]}