{"betas": [-0.459125293958982, 0.2836700625543276, -0.2828307762064238, 0.06170009900103966, 0.04114696315793381, 0.017447099752977802, -0.018216663065381097, 0.013285817624318214, 0.01584973647464493, -0.019639755817989615], "pose": [-1.1811983388805916, -1.3572397335173056, 1.332239733517306, 0.001438758486997975, 0.012143744614754627, 0.007967761084162146, -0.3315515094346867, 0.007765978020770246, 0.009445639025293183, 0.1939065402336864, 0.006182581524929573, -0.0037151355016578937, 0.7258333666423629, -0.005008051418099419, -0.007756528336265202, 0.4910520924310685, -0.00934362506655758, 0.006019016101682671, -0.013228019120099436, -0.007833855435605257, 0.009079491503591242, -0.08398548402186415, 0.036589694633885644, -0.06788011825650425, -0.15808403279819494, -0.10970727790371372, 0.21495898622617207, 0.00935241563622361, -0.026384939517345676, 0.008085146665950272, -0.2828750464009451, 0.28936090932521064, 0.21595115647550922, -0.14675811513522885, 0.0721948097458353, -0.34868959364108804, -0.23216626683907332, 0.14513083908040506, 0.030110913902308675, -0.01727122533330229, -0.11063555513704124, -0.33829225025416454, -0.06457100964543512, 0.1742888977005374, 0.3016682882143303, 0.10285541851783145, 0.011142354199697115, -0.047257696519376155, 0.033241990068623814, -0.39118319341117574, -0.8861899669946083, 0.13336831244797173, 0.41892910336965555, 0.870074901408085, 0.09363406255971322, -1.4720245877200144, 0.5555546385675842, -0.07017077509353069, 1.5947131679982662, -0.11075138410687008, -0.18003172281005125, -0.0652177627270761, 0.24407297750194543, -0.06732630355360894, 0.12450737334079903, -0.2240079607250809, -0.10865924876055506, -0.06994315376267334, -0.2384390291426939, -0.12746621281288967, 0.13668482060555748, 0.2573097061727328], "trans": [-19.92956829964698, 12.38056827592639, -0.4653028342255364]}