{"betas": [0.19173745763710806, 0.20679507266967936, 0.025545764337162807, -0.024244743693028488, 0.0007202369641003663, 0.013236882350636182, 0.021343764601424748, 0.007373052342460504, -0.01918535564321634, -0.005662447391478864], "pose": [-1.539607917814547, 0.370914871974422, -0.3684148719744221, -0.6326777581140811, -0.03377833493091275, 0.020942758162491623, -0.15053043661708465, -0.04294508259826605, -0.014148514483454042, 0.3981237155624839, -0.004795833063007021, 0.018534468552456492, 0.6832484597199254, -0.027652149676469697, -0.15877723731615154, 0.2526605061461409, 0.04214393011514503, 0.08794212772046286, -0.0032034015216459767, 0.02907038044847366, -0.015871810942600695, -0.11769072002072448, 0.04229078356280111, -0.06420657877466733, -0.16361930141455008, -0.17535458966830503, 0.19133496999429964, -0.008634794169704306, -0.0027929696182839837, 0.005706662221973295, -0.2729664641282427, 0.27666129266588363, 0.16140406681545583, -0.09747846148666396, 0.11558423140713349, -0.31920295986688424, -0.23020441556904556, 0.07549975503190019, 0.0224566101785696, -0.042053686764999175, -0.2224910506223896, -0.3341752816725648, -0.04445696547783632, 0.34515472677858755, 0.302961088630023, 0.11468392072325453, -0.05177471539884167, -0.024942033650611133, 0.027794787575220203, -0.4334668212145775, -0.7313149401136539, 0.06801470870094868, 0.41435151339700005, 0.6955342691729303, 0.1260308806583863, -1.4221101940680347, 0.49693830073746864, -0.03751063089319145, 1.1978297061797116, -0.4044345988084719, -0.07135027922460896, -0.0890577525708667, 0.2278711891763513, 0.08120663434138002, 0.09096003490469565, -0.18278914079216727, -0.08157036727216699, -0.05504606731792522, -0.1733002382820721, -0.10059753390688486, 0.12235472401320219, 0.182444503087986], "trans": [-29.598839621984695, 10.903208009510067, -0.5658303552634]}