{"betas": [1.813289222669109, 0.20156947919784157, 0.0011390909961732187, -0.4871353642584728, -0.16755291678885467, 0.02420319783742449, 0.0691750353522659, -0.03790042278230592, 0.027389876576093666, 0.006434531786996541], "pose": [-0.44837880085529835, 1.9736887029395427, -1.9736887029395427, 0.16971741407623372, 0.0496144366601486, -0.012641683419794771, -0.5206145288381046, 0.05687792344678912, -0.03989587369228641, 0.17261711730986068, -0.11939310792006798, 0.038261179006455495, 0.44211821610040053, -0.1865421500123816, -0.05911859973686543, 0.5132570117993381, -0.04014037274324184, 0.07088108776597041, 0.05991689284770154, -0.01141958462081205, 0.04143626477949063, -0.0861826046955684, 0.10915174004594647, -0.040357825352468624, -0.01063503386399824, -0.24055362735347074, 0.3068677369118436, 0.08809652630178912, -0.08537146262491915, 0.006981977775485026, -0.34482058880581873, 0.2261874923508601, 0.1275944255961489, -0.11648934310104711, 0.21099561836313796, -0.49502416677401545, -0.023797969896794842, 0.024982004310225753, 0.06865560221121253, 0.0686490724138328, 0.08498883684542653, -0.24707199500224894, -0.06407251310851172, -0.0925425011953604, 0.20757557815845754, 0.1963417222672875, -0.001878210602999601, -0.049962580388521076, 0.18174236177623163, -0.26861599204446324, -0.8667167166334642, 0.3041165834231379, 0.11670695255134758, 0.7892864281397146, 0.55294995379922, -1.9942194752465736, 0.48451379173577264, 0.24909644760008634, 2.0473886197497895, -0.5651691977509641, -0.04295797413995463, -0.19518574221299237, 0.21095984841163212, 0.050155207874529706, 0.21768971130340012, -0.21116490873950797, -0.1516486785551127, -0.076116680876344, -0.23245949038829036, -0.10695868740832792, 0.1386725084465061, 0.2633635512756573], "trans": [-14.010796321696894, 2.068636397817575, -0.7120628305370038]}