{"betas": [-0.10716845975804463, 0.03555393559239171, -0.022909588301634677, -0.0022321960585287635, -0.011360188238027402, 0.007048778770267401, 0.0026244476494828445, 0.001119221678184007, 0.011361241992361597, -0.011308692156923365], "pose": [-1.3505420051908497, 0.9563160919814013, -0.9563160919814014, -0.5744091282596562, -0.035330333406600606, 0.18925081886556705, -0.6137622634995235, 0.0040595248557299774, -0.1783277060162676, 0.4319652186898463, -0.004603575848672975, -0.002766386129688166, 0.8137575107800024, -0.02945850669030231, -0.15928967636642857, 0.9408665766402934, 0.01723938931204508, 0.08801239415871352, -0.017709354431958244, 0.007543006878510711, 0.014450220174504067, -0.11336035252835665, 0.049570288738364804, -0.037370407942002956, -0.17788217408592202, -0.13867601082960226, 0.19875013872824335, 0.023581526149927583, -0.03144483772827759, 0.0067652445012676135, -0.3089651387265374, 0.29569336260284984, 0.1980695277591853, -0.16233743260421576, 0.07544606574653208, -0.3408217349052564, -0.20263488723204523, 0.10396554566846586, 0.03327737342479809, 0.014239660440579418, -0.06914914212013959, -0.37034988295020593, -0.034229100264636256, 0.1451304367170019, 0.3435350627757263, 0.12130194719501157, -0.02564531346974752, -0.03864294860654995, 0.05767241527014658, -0.3349925368488029, -0.8759701661812533, 0.1631144027132538, 0.3330176340058513, 0.8731449885821936, 0.18021941797895363, -1.485384711733692, 0.5374161435523518, -0.0148311331196687, 1.5249149822301906, -0.578634739946797, -0.0892026685611965, -0.050379769266011946, 0.25275508260637375, 0.007829431060887534, 0.11450668232969381, -0.2267372654198789, -0.1493731467469623, -0.0738190138781435, -0.23702825639059297, -0.13832372951368127, 0.13976712338607783, 0.25287462605988287], "trans": [-62.67789228454351, 4.702536413774652, -0.9698741216797064]}