{"betas": [-0.10716845975804463, 0.03555393559239171, -0.022909588301634677, -0.0022321960585287635, -0.011360188238027402, 0.007048778770267401, 0.0026244476494828445, 0.001119221678184007, 0.011361241992361597, -0.011308692156923365], "pose": [-1.2738463685889778, 1.1024867913818046, -1.1024867913818046, -0.3455250532160538, -0.02973465924611754, 0.10423355330016121, -0.35791628689322247, -0.02122212493268704, -0.10740383821607208, 0.3057895611778792, 0.0015597478761778937, -0.010916573492527665, 0.7175220777176203, -0.009405895659671908, -0.14239049773279067, 0.8753601504535169, -0.024826383276863026, 0.08026273254777759, 0.02261259037697485, -0.015187326458483735, 0.021335249494393263, -0.10504547903742277, 0.045851239788051626, 0.002723374077378175, -0.17526036480240617, -0.15405093411199092, 0.16030039002828775, 0.01967235603100565, -0.03603070890180422, -0.0013689329871606256, -0.31220433233298683, 0.3177180346489574, 0.13284387305186143, -0.14133988004071246, 0.11477804833868346, -0.2870555068229294, -0.16090910344774603, 0.08335146766960784, 0.05875893096215817, -0.005228748460991369, -0.15024054087197844, -0.35788908826634475, -0.058065355714432984, 0.19410913585522288, 0.34602049101676474, 0.2009105722200211, -0.047613269858288405, -0.05188567722607463, 0.06389539169074515, -0.4597941660427958, -0.8830810660768998, 0.20802100545241115, 0.3662712551071085, 0.9069640425352423, 0.26233887289266505, -1.7978939290499865, 0.6353687326011025, 0.06376536515031858, 1.7526406423416898, -0.6611608628159716, -0.11676777229456595, -0.09545408998242916, 0.24482538797914907, 0.0041328075184661, 0.14435552184152992, -0.2186135799164186, -0.08494701373910717, -0.06618110142562815, -0.21877347294810506, -0.09423781494598941, 0.14186441647829892, 0.23721757231958876], "trans": [-64.14795553176063, 4.236870316747212, -1.205526254165442]}