{"betas": [-0.19266644468801378, 0.5771463667239267, -0.16308379457488245, -0.06462538974507079, 0.08054580167251779, 0.027975024271901693, 0.03561269911626106, 0.05188376016633901, -0.05289357868361275, 0.00684608270928935], "pose": [-1.528124408676387, 0.4278364976482575, -0.4278364976482575, -0.5520663224450291, -0.027268184509324937, 0.03235881192968672, 0.19965641821903488, -0.10460848183929408, -0.023771760958556612, 0.3509781268969013, 0.0682645061400955, -0.04039322034032455, 0.44206518400744516, 0.083395905287245, -0.147354771487682, 0.5992407243511492, 0.026235204354773795, 0.04373392290060916, 0.026973326569511912, -0.06368828907387132, 0.017398605266741446, 0.011420578359158372, 0.08106042813881786, -0.07333987750007392, -0.11091025140864588, -0.13259416524082862, 0.1516257446382671, -0.0022434914503288252, -0.02828100762040942, 0.0031725397949594427, -0.20712669764017283, 0.2294957222263656, 0.16482937182783536, -0.08155323274734691, 0.09723799413651406, -0.18724133261820358, -0.17644883257099073, -0.12987731952088968, 0.01727984334791548, 0.016728936283941915, -0.26923765573852715, -0.41680408687802983, 0.03111482030532115, 0.2907260391515042, 0.47853797779481316, 0.16665508876600216, -0.3159930820775216, 0.09012445734995646, 0.17830983926912072, -0.4070698721059294, -0.728438203321721, 0.1854446256235248, 0.52971536615297, 0.6891452434228609, 0.4385988342214581, -1.7744181780305708, 0.4059668995915141, 0.3804772871434778, 1.7381622414381337, -0.34059515627155923, -0.017477385557540238, -0.09442310407436935, 0.15201880328463516, 0.06324629093327534, 0.05390759785612457, -0.05710507802963325, -0.05285397788869179, -0.03605218656884258, -0.13045384183135098, -0.09428174112544721, 0.1162900178770212, 0.13761527904690898], "trans": [-17.158445405843523, 11.251216821821497, -0.4401707571831235]}