{"betas": [1.0007394031128156, 0.13998077818863408, 0.20322321153559939, 0.06919845010960525, -0.06355964225067326, 0.0988583210768853, 0.031004152589175965, -0.07600298470585287, 0.01954775199647453, -0.05391534064665776], "pose": [-0.2429440156086894, 2.099340853388927, -2.0993408533889273, 0.10271438671555222, 0.0168002488211577, 0.018168612879918902, -0.4723302543252619, -7.826286491877511e-05, -0.12769902806353953, 0.2608095959054815, -0.08206962437860496, 0.029927992292077082, 0.6922006041217783, -0.1829515685746639, -0.11490381290238524, 0.24741776311077926, -0.04190286954887039, 0.0805574221356918, 0.02965801321702396, 0.004169837165580562, 0.028293011809126148, -0.1290709652253891, 0.0889234715604038, -0.001098409225424547, -0.054111668335301594, -0.22040953657568182, 0.23403526491126136, 0.054467885335258634, -0.061344837598040526, 0.0026508294274777524, -0.3188263832141124, 0.22970836862877028, 0.07855145783439052, -0.09833276134733601, 0.19095102148107784, -0.4013928276555692, -0.07764915425152664, 0.004511409590143454, 0.07506851810652954, 0.07715429701728171, -0.040955924891867126, -0.38272350425291124, -0.01443675570886815, 0.09647869873274738, 0.36109122807621036, 0.22633335343680572, -0.058436948094946393, -0.03494002748473607, 0.2134757274243301, -0.3212195877071192, -0.9382424659690419, 0.30671347845653607, 0.2399023904960127, 0.8612723005300498, 0.5475449688872855, -1.4580490182635613, 0.2804779178898657, 0.30254187761967083, 1.3796718197833027, -0.27103850718347083, 0.029894398754723366, -0.12091876215459396, 0.13701426480043524, 0.12442072040449431, 0.1266723695413355, -0.12302548280042516, -0.16222490231580308, -0.07399820719417591, -0.1942064443781084, -0.10633521201684823, 0.13896101357250112, 0.2117657978920433], "trans": [-10.598850852836222, 2.510483454228761, -0.6848740286510628]}