{"betas": [0.33303066142902105, 0.22906885785386125, 0.1321746135337195, 0.03485680493593007, -0.034928744222964915, 0.03738652273642406, 0.06435992437738675, -0.06135207138309116, 0.004712805749211021, -0.03328562850670294], "pose": [-1.4066549289326051, -1.346833244594769, 1.1968332445947696, -0.09683259308540862, 0.018435442032494045, 0.006601289119255921, -0.3914920102619548, 0.04061452105370435, -0.012145616352263404, 0.2684635525380921, -0.010533378269647202, -0.0023972097700602065, 0.22037826717570835, 0.011798234205910973, -0.01058599152409588, 1.0757497139256051, 0.047682094032417986, -0.01058384980218812, 0.031836381900960345, -0.02764610499059477, 0.027341625248723384, -0.05146766543440233, 0.07734803397626026, -0.04823316118112701, -0.12365318660975022, -0.1469308097358198, 0.1936090580758821, 0.039025709455662624, -0.042012722314866635, 0.007487060465566867, -0.28909699631157204, 0.25945983226850344, 0.16543613406390428, -0.10850140434373795, 0.12248433730802837, -0.310982043732295, -0.08817409621956657, 0.11505114540151205, 0.05290877651806353, 0.011580349776977718, -0.12420544926748711, -0.31803858140804314, -0.04020178847372505, 0.1497666219102465, 0.3054287766937872, 0.2072729918545426, -0.0075258318631846, -0.038936602340659696, 0.12159046924799219, -0.4268020375642881, -0.8682490969312437, 0.22466314349562566, 0.3434340715815651, 0.864631140178043, 0.3608347336699296, -1.6102266880818386, 0.46133824119485617, 0.15290106797442576, 1.5344047543033066, -0.4746908716066543, -0.0818653168158793, -0.11348058077641728, 0.19811260838763398, -0.004966528614866398, 0.13218321277836276, -0.16087411248960432, -0.11724175644651919, -0.05863666115781877, -0.20512134188338796, -0.1111318498453168, 0.12905026887202586, 0.22359232344317906], "trans": [-21.456916552355857, 11.409093404990703, -0.6245567860685323]}