{"betas": [1.7511515842605234, 0.3670231778082652, 0.03978433168027672, 0.004913282851196045, 0.02958606384598556, 0.001461046037256542, 0.028411238985692, 0.012589726574853976, -0.014340388809218167, -0.004234100351574732], "pose": [-1.5900806442893887, 0.019533112487739313, -0.04261003556466239, -0.14496349492989294, 0.03715047655884197, 0.03724686124291622, -0.5953442632981747, 0.01464088073772633, -0.04363681580619795, 0.2981366490363432, -0.08687348893942033, 0.011835189317814332, 0.5513428458311235, -0.09781367719525878, -0.10876998399063577, 0.6445719256363821, -0.06654118180926584, 0.09349289540800049, -0.0252489214965278, -0.02078478722366887, 0.03133821883849981, -0.09110867679809127, 0.07860604905730555, -0.03747944819234317, -0.055499293373897314, -0.18034208898325768, 0.26342702245844063, 0.023921039598264707, -0.08044278471899284, 0.011717204668009016, -0.2827716017937185, 0.20716002053874905, 0.10182013948870616, -0.08513690465788004, 0.16150471618020637, -0.411826083434227, -0.210587977165253, 0.04216607738335123, 0.03566088131657919, 0.027737658924568767, -0.05272907129756491, -0.3790704139044091, -0.026963982316956667, 0.021884735243581317, 0.39966516659263257, 0.14867852485740246, -0.050448972490195365, -0.008148191754517425, 0.04699273995490971, -0.39634079807231876, -0.8413764687544769, 0.21660665018622954, 0.1260344477510606, 0.8605541605160254, 0.21189299389901445, -1.4902858230775895, 0.32880300263143003, -0.038364226227151035, 1.1350100379136472, -0.42368595233289197, -0.05518273647406348, -0.09093995875643401, 0.14562615057475606, 0.013709644247428085, 0.09162242669744379, -0.09030936790260155, -0.10549936997786619, -0.07963461424037181, -0.20378277016734062, -0.09126175807341755, 0.13211114578735486, 0.22558773303029042], "trans": [-29.10645816558348, 9.303308680879042, -0.676798562871941]}