{"betas": [0.12182979554792384, 0.0498104030700563, 0.01874907528210161, 0.028247290178977192, -0.01045515424154793, 0.003794310233826808, -0.007750463989420916, 0.008476040652062412, 0.013630708331879994, -0.014916307566096007], "pose": [-1.0490625242573588, -1.4303646503757064, 1.4303646503757064, -0.5233592603584287, -0.05195125727769811, 0.12632236803962646, -0.4936683058215004, -0.021205479905783156, -0.12741761257903036, 0.36206640518325034, 0.010423124460978896, 0.0005097338435630782, 0.713012338638348, -0.014120301871804838, -0.15628735202706664, 0.8780238194052391, 0.002699809458123807, 0.08439531826578396, -0.02203432189534581, 0.03157830855776887, -0.01037781991179471, -0.047054546801007555, 0.06023109449029145, -0.0455050818457281, -0.18577928532604265, -0.18359837897776965, 0.19435588729693223, 0.03840434108451997, -0.018656987200354518, -0.0028961567932307255, -0.3305009583643896, 0.27501232292240657, 0.20075011465419929, -0.1635328011244818, 0.12453232155973971, -0.36538767988354026, -0.21022874100305547, 0.24887001428045774, 0.011819753288033079, 0.028389018945813794, 0.025968678179887905, -0.42304769410744086, 0.0011000065792449787, 0.07030396718361381, 0.3832621168717365, 0.13894251645950062, 0.14624238163527944, -0.0974347838512959, 0.13776949174418593, -0.2476892737654962, -0.9171646844966899, 0.22228897344388732, 0.28671253145028186, 0.8681239890318325, 0.2743174613059646, -1.4472479654081507, 0.4476159553129778, 0.03344690546916262, 1.3981426589061063, -0.44432576300997106, -0.08048705263575229, -0.06380112662413324, 0.20742107951447164, 0.010766144408922006, 0.12032635304886885, -0.17803333495900475, -0.17873968706540974, -0.08068915433186809, -0.23420583704057532, -0.1396345611227817, 0.1252674216769052, 0.252831021106166], "trans": [-41.0503164775536, -8.859270035831678, -1.208143571174643]}