{"betas": [-0.459125293958982, 0.2836700625543276, -0.2828307762064238, 0.06170009900103966, 0.04114696315793381, 0.017447099752977802, -0.018216663065381097, 0.013285817624318214, 0.01584973647464493, -0.019639755817989615], "pose": [-1.6766364938516387, -0.1840462347158899, 0.1840462347158899, 0.34250581963398546, 0.0, 0.0, -0.41403045259044047, 0.0, 0.0, 0.2723269919013014, 0.02614784280293713, -0.014100417664845627, -0.09201704201243766, 0.0, 0.0, 0.45538184277804306, 0.0, 0.05, -0.02095754900435895, -0.07804972805328082, 0.03230038072192271, -0.041416920227526945, 0.12072775642512296, -0.1089076933281413, -0.10407863753733634, 0.004869542190862046, 0.002568425001256376, 0.008347124671345664, -0.036853958235705725, 0.012470489500707876, -0.16198004905595692, 0.17444003336405775, 0.22850432065939386, -0.0586040278310496, 0.10833815275315366, -0.30071648739899776, -0.1711930114211022, 0.028962085449220278, 0.047791466409362326, -0.040239503258410934, -0.21829805956925885, -0.29714753903984636, -0.11230810432344437, 0.22490833639214952, 0.26355834014289425, 0.1466851681204592, -0.1343921277233147, 0.01563269396518824, -0.03992808250673007, -0.30637171305489536, -0.6335387060417152, 0.4611362630110478, 0.2375955518937682, 0.7102715816997978, -0.048870339193477004, -0.5817909319971103, -0.07533036213896009, 0.28661280021161445, 2.179523122612234, -0.3440411534457892, -0.018231605260914236, -0.06210709121299451, 0.09198647870934312, -0.05682585787239719, 0.09009556456280579, -0.11439745827133962, -0.22013928106627415, -0.058800526376559074, -0.23687697288369364, -0.1350566656629416, 0.12071231727078006, 0.23171186845932779], "trans": [-10.137584788171093, -1.0228458805584217, -0.6018965348309475]}