{"betas": [1.7511515842605234, 0.3670231778082652, 0.03978433168027672, 0.004913282851196045, 0.02958606384598556, 0.001461046037256542, 0.028411238985692, 0.012589726574853976, -0.014340388809218167, -0.004234100351574732], "pose": [-1.5955736914209069, -0.03060900719405369, 0.03060900719405369, -0.5113219450995322, -0.029193347203307893, 0.09289959744302936, 0.03005325143763546, -0.028711831532636962, -0.02811210717056902, 0.30743221164583945, 0.017309408241826557, -0.01753781762572717, 0.6258205223631753, 0.009661497849624529, -0.14582899387622325, 0.16862102528150724, 0.09004231736703787, 0.06267121793464138, -0.03434428541180488, -0.029399371649097145, 0.02127909600417668, -0.03589328061163964, 0.09598088181479875, -0.08613530470510518, -0.1564047322956108, -0.1672121099856451, 0.22179371276111945, 0.03939783364660373, -0.038475366237290594, 0.006316466911013225, -0.2766764450822475, 0.22539466845527645, 0.21816003091803263, -0.13313379374596077, 0.11219259781201603, -0.3619315273498407, -0.17946922024938983, 0.10025999069831094, 0.03100962245304487, -0.014521871077566516, 0.009027204020677164, -0.28619223884620903, -0.06270994411069646, 0.009577320351673302, 0.27919795112609674, 0.12395548777788133, -0.013403906684278022, -0.01466716411916433, 0.0013083649186555575, -0.2806363780126426, -0.7107368465722886, 0.13252059987668321, 0.20066104958659525, 0.7337336356198145, 0.09741016166109273, -1.773999249477707, 0.24020369804887473, -0.08202286080781455, 1.4037496420727462, -0.5375483639263664, -0.11548698837128174, -0.09301749701127952, 0.19092719139177586, -0.05868602432382939, 0.12395940297708155, -0.15007374797774733, -0.1272641422302344, -0.05837475080262158, -0.22086732416172436, -0.1026183318514167, 0.11485647482110473, 0.2292124446165259], "trans": [-27.364136186502563, -3.676042236039763, -0.9348469194277376]}