{"betas": [1.813289222669109, 0.20156947919784157, 0.0011390909961732187, -0.4871353642584728, -0.16755291678885467, 0.02420319783742449, 0.0691750353522659, -0.03790042278230592, 0.027389876576093666, 0.006434531786996541], "pose": [-0.2950989601842788, 2.069549962746208, -2.069549962746208, -0.04740579440904301, -0.242246765627312, 0.017716799186041424, -0.7661172274231817, -0.05128822633757732, -0.1313758468348078, 0.4220767604187197, 0.019768642673304207, 0.009147299190980666, 0.29902446051570625, -0.07836640445099433, -0.06542492905818209, 0.3764062058584589, -0.07199450102382055, 0.08948818819091182, 0.0891906480095109, -0.10794503954392182, 0.0651928976863504, -0.11637965926652005, 0.1363905928849004, -0.10506987718145039, 0.09601192290959039, -0.22529568670883512, 0.37228063950231655, 0.07970248482342425, -0.12070384937585497, 0.021555341580857704, -0.20887430970047885, 0.21543425296848095, 0.21172011946018493, -0.05413512305688726, 0.1835244206214541, -0.48635907517508814, -0.055886441031313634, 0.02478572407079815, 0.0679031883707253, 0.06636295252385277, -0.2237722403638354, -0.12627193479642754, -0.09514263436714063, 0.09563942180575052, 0.08851462854577875, 0.050746562482173935, -0.026974994487132344, -0.05507661827461927, 0.10490173085473681, -0.1910774105506757, -0.75252195171792, 0.699467887503617, 0.10434727263539374, 1.0547946997086515, 0.3949355355339219, -1.659558482121546, 0.4204738274076218, 0.14715507717040968, 1.8757586057137225, -0.5700118588148918, 0.23027805720999142, -0.20407217997120802, 0.2355545938466118, 0.09470696726772128, 0.24542588569823168, -0.25244970677195305, -0.27612095774713435, -0.06954442371457052, -0.2502637244059278, -0.1774347994359145, 0.16953354234091977, 0.27303786582585315], "trans": [-11.459750353552987, -3.2704564550697826, -0.8268084244688433]}