{"betas": [0.33303066142902105, 0.22906885785386125, 0.1321746135337195, 0.03485680493593007, -0.034928744222964915, 0.03738652273642406, 0.06435992437738675, -0.06135207138309116, 0.004712805749211021, -0.03328562850670294], "pose": [-1.6171026314145214, -0.12631805780097677, 0.12631805780097677, -0.41340852287270635, -0.04630126919648898, 0.09349695694335508, -0.06007601348712461, -0.023098432484176354, 0.038990295207923, 0.24219654341991353, 0.013023634913350249, -0.023305486619651126, 0.8902874671406104, -0.013589542880197631, -0.10735801623781811, 0.1738487712578735, 0.15619762319167088, 0.02202579299839687, 0.04914776326621433, -0.07059413093660748, 0.04215320181018891, -0.06690637261448941, 0.07009017578646867, -0.037307668369179786, -0.10150262551640263, -0.10698406469181895, 0.1838133411084739, 0.058750767690052254, -0.04868640460711946, 0.008131295911710093, -0.2958722438117114, 0.28266525932013886, 0.14902349686288408, -0.12290550599165209, 0.07903880048401457, -0.2846182569378435, -0.14261556858583052, -0.008062901684768982, 0.09531934718114797, 0.012998535029000126, -0.16156425177804704, -0.1939021876812768, -0.07254039775931906, 0.16477246512762256, 0.18171779908843577, 0.3180944898213439, 0.18289595068339115, 0.019333351556619516, 0.09605586256642133, -0.5125963968722771, -0.8718282868254454, 0.29078819536659434, 0.3878877180490529, 0.937708880396968, 0.39693113660034024, -1.8349120566446195, 0.5214267411608815, 0.41634556458588745, 1.9449056322784481, -0.5497818416118688, -0.17866304243556239, -0.16525782019918983, 0.2693648071794891, -0.0030394680040755377, 0.18411275375719785, -0.21438798600527204, -0.005979962240296635, -0.031086137274196103, -0.15811382208353095, -0.06105177494420904, 0.13859914619969185, 0.17531707041332528], "trans": [-10.877394705072374, -1.0563301363204975, -0.7467287210199729]}