{"betas": [0.33303066142902105, 0.22906885785386125, 0.1321746135337195, 0.03485680493593007, -0.034928744222964915, 0.03738652273642406, 0.06435992437738675, -0.06135207138309116, 0.004712805749211021, -0.03328562850670294], "pose": [-1.6104632958009302, -0.41114900797401704, 0.336149007974017, -0.41340852287270635, -0.04630126919648898, 0.09349695694335508, -0.06007601348712461, -0.023098432484176354, 0.038990295207923, 0.26599918902272035, -0.022901616909830187, 0.010364517228034926, 1.2402874671406097, -0.013589542880197631, -0.10735801623781811, 0.14884877125787352, 0.15619762319167088, 0.02202579299839687, 0.011717945235871859, -0.03386911881292785, 0.030714009394351753, -0.08027732755319364, 0.07646153510432264, -0.030034899745818328, -0.14906292047019895, -0.14723604532340834, 0.178652469811804, 0.04463886779924801, -0.05296572884415022, 0.008861516771888964, -0.3154121504588128, 0.24450258493687416, 0.11874557159613153, -0.06726898950661023, 0.09750207234511704, -0.3217837176691039, -0.14261556858583052, -0.008062901684768982, 0.09531934718114797, 0.00196522784017511, -0.10681918545201236, -0.27115363972306505, -0.04946617628444816, 0.11246851487738012, 0.247639827636359, 0.3180944898213439, 0.18289595068339115, 0.019333351556619516, 0.10099465705791881, -0.4970900092717153, -0.8740140271028949, 0.10258054453107543, 0.2976534136653825, 0.7610526118186961, 0.4094048707732579, -1.7228730245124495, 0.5427603095712478, 0.0062252662464931914, 1.34071127863175, -0.5160704314431906, -0.18567241565555015, -0.10704122218600562, 0.09434473955595407, -0.026679807818413417, 0.07790133724302553, -0.0770781355009783, -0.048074086885473974, -0.04394670067213759, -0.18156784267820392, -0.08265727065552267, 0.11931932437057412, 0.1987420582739689], "trans": [-11.37033227959524, 1.8899059217213687, -0.7001033806106234]}