{"betas": [-0.10716845975804463, 0.03555393559239171, -0.022909588301634677, -0.0022321960585287635, -0.011360188238027402, 0.007048778770267401, 0.0026244476494828445, 0.001119221678184007, 0.011361241992361597, -0.011308692156923365], "pose": [-1.4047521740333433, 0.834501561198119, -0.834501561198119, -0.5787453857387044, -0.04098804382396634, 0.1889136529675629, -0.6218474569746659, 0.010669743614026138, -0.1770022561093883, 0.42716955830327036, -0.007728926783433409, -0.005316899203163497, 0.8018370589398822, -0.02410395109406624, -0.15624905817270648, 0.9360777956545724, 0.011798501819797306, 0.08293271367678283, -0.018043807207771018, 0.009722124963487986, 0.016591071226588705, -0.10661923410776022, 0.03869611662929527, -0.032955684051824245, -0.1730131812621504, -0.12071018691439067, 0.19785107534326882, 0.02363588440996758, -0.03657254908181737, 0.007534023575838564, -0.320949026592418, 0.3026976042692295, 0.19748124011019083, -0.17022440408302203, 0.059501361472769645, -0.3385080208633922, -0.2147576636819619, 0.11418805823478916, 0.030959574316307206, 0.03228503335229549, -0.0430584163148997, -0.4036433148041125, -0.015010910341528608, 0.11391187879763577, 0.38467570306577076, 0.11715443413939129, -0.016038721206663737, -0.04111013040284193, 0.08375859221580916, -0.35007007011362, -0.9582205736960903, 0.2119171958908151, 0.3198011489218343, 0.9670399840028586, 0.21340038702667868, -1.5326253467760655, 0.5631143845295452, 0.012688139966120665, 1.5369721167681303, -0.5883480284702465, -0.11737863720257631, -0.04141166127074274, 0.2547262319051814, -0.008914055123160207, 0.11057255395877721, -0.2223899943508772, -0.13973051015696297, -0.07853694464878495, -0.24030750279587434, -0.14183086260507757, 0.14402629630117766, 0.26073443731265034], "trans": [-59.123261224401475, 5.655447854227643, -0.9238897615138033]}