{"betas": [-0.459125293958982, 0.2836700625543276, -0.2828307762064238, 0.06170009900103966, 0.04114696315793381, 0.017447099752977802, -0.018216663065381097, 0.013285817624318214, 0.01584973647464493, -0.019639755817989615], "pose": [-1.6647299298884786, -0.415433234606084, 0.36543323460608396, -0.23975788192725436, 0.008827041663608443, 0.009796129893655948, -0.11564945468056359, 0.04266361276832498, 0.002691599427856288, 0.5203340175796441, 0.020124794038710595, 0.004146348005330538, 1.0246860651994205, 0.005992439129409294, -0.18758793902159682, 0.29937699029549814, 0.006135383104544, 0.00253845320133992, -0.06259221730009998, -0.01377700575584434, 0.011547992391833363, -0.12637458540707153, 0.05674905142010636, 0.016593761141194548, -0.17905710223266624, -0.22782428741706423, 0.11801469923297495, 0.01489152942522742, -0.007127668236426965, 0.009784126768646456, -0.25657337408924, 0.2317665600276418, 0.035017184428248305, -0.06589422614315914, 0.15722778076269256, -0.30845122305408934, -0.21798546562754342, -0.021858450044407708, 0.04301144470518126, -0.04635145762638081, -0.22675035811681796, -0.30533554195613644, -0.1183964497851082, 0.33714966390368334, 0.2679904696715032, 0.11033200535016205, -0.15279874282492723, 0.016220593201877014, -0.010381003263802977, -0.22186246297337964, -0.7068261696945276, 0.09186518473468223, 0.34104337683499514, 0.7374512073469814, 0.07228999624285068, -0.43751151902964847, 0.20786086604928516, 0.28661280021161445, 2.179523122612234, -0.3440411534457892, 0.10217011355300375, -0.05340467156311077, 0.22028107768024893, 0.112640895397203, 0.11828294561630379, -0.2537756718726114, -0.20852946261860902, -0.08135443956419264, -0.22429581766351553, -0.087959507801813, 0.1503024970544104, 0.23249618091933139], "trans": [-12.206086475674965, 7.168441699745762, -0.42081319713007553]}