{"betas": [-0.04531959800123942, 0.25816046623113975, -0.10443940742347267, -0.07597029208210594, 0.013911735992459227, 0.013954990810594958, 0.00840059268463032, 0.018210526354907698, -0.01144635948893292, 0.002226290135924623], "pose": [-1.5611989445687238, -0.20350747423979115, 0.20350747423979115, 0.3610040689587444, 0.05867198718626514, 0.059378441201507086, -0.638995931041256, -0.058671987186265144, -0.034378441201507084, 0.35627195471001033, 0.06792964099377648, -0.04510974862517958, 0.11474857529166899, -0.14886117120817155, -0.11364984286658497, 0.36474857529166904, 0.07613882879182844, 0.03635015713341502, -0.008728697718045226, -0.07566505052154436, 0.03563234480658038, 0.006397505174035263, 0.1314331611460723, -0.08308434734982005, -0.18909893756499124, -0.1467456467683816, 0.15686133758571472, 0.03657741578157182, -0.03512108013064737, 0.006650614200780198, -0.20865073936379536, 0.20816361693975372, 0.23204494739507853, -0.11334058386507072, 0.12275552844318968, -0.2356456604634717, -0.11184944243716896, 0.1699721196171237, 0.03486892410572896, -0.010963376722040346, -0.16705995830819262, -0.350130664149105, -0.029957745503760708, 0.1485222938975746, 0.3771061352813678, 0.10445089087557766, -0.3940585367002524, -0.014113359556215751, 0.018602808350702438, -0.33268172060363826, -0.6452105127463084, 0.1489994429351489, 0.2720354781768995, 0.7411559201866659, 0.10610006978937794, -0.8929907508672148, 0.2350159145806994, -0.04392295785781023, 0.8927591956662899, -0.2861045242402608, 0.03233305065803851, -0.054081859587565236, 0.12345722386816069, -0.04332209666588402, 0.07262118375290082, -0.06737156281324458, -0.2026366774780496, -0.04948015629426396, -0.20600255978690535, -0.1343513055637881, 0.10673081141244033, 0.20544799313098627], "trans": [-27.470082557539566, -8.116201185407482, -0.8577020460003042]}