{"betas": [1.7511515842605234, 0.3670231778082652, 0.03978433168027672, 0.004913282851196045, 0.02958606384598556, 0.001461046037256542, 0.028411238985692, 0.012589726574853976, -0.014340388809218167, -0.004234100351574732], "pose": [-1.5871505449214678, -0.14778446849790766, 0.14778446849790766, -0.5452889184556752, -0.027438971258004957, 0.14106564180774528, -0.311452070704913, -0.04375219289986165, -0.09596104327364013, 0.3064442128102497, 0.03195625207082941, -0.019708934840241197, 0.5208174802815794, 0.02090272634974352, -0.13666172210633126, 0.673635947980934, 0.10656778328798236, 0.05925592276593589, -0.02173437317650846, -0.019883630463997142, 0.014994217180453526, -0.01558688999970932, 0.10074637530587222, -0.11966789304148714, -0.16871636848151747, -0.14882497306071346, 0.22021768945466555, 0.033501684534657836, -0.02777672813908408, 0.007106251645009923, -0.2661686092651783, 0.2319611064132782, 0.2765611179621932, -0.13804405432216102, 0.08444995211665669, -0.33378947226022493, -0.16896639346778466, 0.1467659911990747, 0.026884987783295615, -0.015418122100107087, 0.011217391272399067, -0.2974957212550131, -0.04396610623338241, 0.026576477090437787, 0.2921172709280464, 0.12930484394042646, 0.014750228538954547, -0.027504970796280427, 0.01590765687194698, -0.2924063860044013, -0.7167521192148315, 0.13091683030802798, 0.2358793013082912, 0.7430811217385744, 0.09406447928892453, -1.4404087243710417, 0.5087207486576361, -0.09242595866847558, 1.3689759690920127, -0.5132401453013784, -0.1327185762956194, -0.09070049261722439, 0.1984399517731887, -0.07429536856484847, 0.11757035010415909, -0.14544847183707627, -0.1312825831258447, -0.05247280828562342, -0.21713683929682093, -0.11851433747752381, 0.10690942178238648, 0.22342234418836784], "trans": [-28.535238403564065, 3.4523036325872756, -0.846500677608552]}