{"betas": [1.7511515842605234, 0.3670231778082652, 0.03978433168027672, 0.004913282851196045, 0.02958606384598556, 0.001461046037256542, 0.028411238985692, 0.012589726574853976, -0.014340388809218167, -0.004234100351574732], "pose": [-1.6406717934992452, -0.023766829826876598, 0.023766829826876598, -0.1436924692247504, -0.03732071488480135, 0.07449811728682193, -0.0836356978316248, -0.06221700891448776, -0.004080127982885463, 0.3748643356541368, 0.02163045532511903, 0.016513286923010007, 0.7919058756374897, -0.10049527983169318, -0.14037297099025542, 0.20061972039767512, -0.043301305372279185, 0.08051173370059196, 0.01723223637787079, 0.01078037289401513, -0.0165908632776457, -0.05652391662249736, 0.048423764076916606, -0.07301765275470425, -0.11468862820048357, -0.21751772294180835, 0.1926990803893704, 0.03591428181755305, -0.0026159213464223077, -2.6037400476649325e-05, -0.3047907910430421, 0.27406224513848515, 0.15444736275850957, -0.09705411813951305, 0.12643826288677595, -0.33789276336948865, -0.06495061494241294, -0.014398799308919663, 0.031049350136922265, -0.03228112727907615, -0.12167050118822602, -0.25053448602644135, -0.0695409891115458, 0.23355692729037525, 0.18811461573765736, 0.18407992945792606, -0.08601391649119315, 0.008841279773454846, 0.0056850526339608815, -0.3551105774291957, -0.6908648829465038, 0.05402701446897588, 0.3329575708350486, 0.6305946869957277, 0.14959618994399415, -1.822473060469291, 0.5311968275209292, 0.004519804065219655, 1.561330242648328, -0.5372233670198904, -0.10020285792998307, -0.13041560260599958, 0.2520057667720619, 0.08337043324900817, 0.14800734999838716, -0.24442441971646764, -0.0741046056249169, -0.052871010065971884, -0.18059648047528337, -0.08219935792664236, 0.12819992217085996, 0.19721504180013436], "trans": [-26.8619755200741, -6.948774019353822, -0.9804511261664802]}