{"betas": [0.33303066142902105, 0.22906885785386125, 0.1321746135337195, 0.03485680493593007, -0.034928744222964915, 0.03738652273642406, 0.06435992437738675, -0.06135207138309116, 0.004712805749211021, -0.03328562850670294], "pose": [-1.5912798546858862, -0.3562506350425776, 0.3562506350425776, -0.3876712863907362, 0.003937505664113629, 0.06123452837839385, 0.004092293545968413, -0.03787973505880085, -0.03057633654723156, 0.31374891959980367, -0.01680040658688387, -0.010932332445080423, 0.23610052329221684, 0.06513528030780968, -0.11093621887381803, 0.06634196816422616, 0.05114741098608662, 0.05656504421085348, 0.019160296474460027, -0.016736149276918022, 0.03973094021678779, -0.07707104198127514, 0.07158468851851954, -0.02142191466050349, -0.18929571206720397, -0.14117823664074955, 0.16318026196955351, 0.05991583166792785, -0.061806318732335185, 0.006654494743271819, -0.36513812850662386, 0.2895083449550018, 0.16198427894009942, -0.14580653179914718, 0.06859867650258522, -0.31645136218417386, -0.0708460224705543, 0.1572751564841933, 0.05389112519273961, 0.06996628597020643, 0.06351668753993404, -0.37911499476204213, -0.0034317194654696474, -0.05483663016629957, 0.36805186842879384, 0.19241116609665126, 0.06467976759904254, -0.06497490775229356, 0.15751762700518707, -0.2882847087115665, -0.9642922619033942, 0.3001165184328839, 0.1802824473556585, 0.9808412074417768, 0.49911538905521163, -1.8386505835352813, 0.5831854401682868, 0.177455439396307, 1.8295684832002566, -0.6419575685953992, -0.03336216487221263, -0.08350682588243317, 0.2084593586251737, -0.02500888213265584, 0.1471788389462593, -0.19842977062191394, -0.18213421030986693, -0.07772097013944478, -0.26404190066787936, -0.1409007537051544, 0.14460796803387183, 0.2947965935464355], "trans": [-13.629274133986016, 8.752440248389764, -0.5331856932678776]}