{"betas": [0.12977417203956745, 0.49847687971378624, -0.19179541608583497, -0.1113183526768453, 0.0549914925669735, 0.1034291447522722, -0.013453424082682812, 0.010035343166627214, -0.014576049326274527, -0.02308049036666073], "pose": [-1.4503409363724293, 0.7137493588186002, -0.7137493588186002, -0.46921438325524917, -0.04135203441788899, 0.13221032783239162, -0.25981422130689874, -0.054546185294019695, -0.02359472891808935, 0.3571155301375459, 0.04711391658346546, -0.0012268432154408045, 0.7489537300552904, -0.05307634987488723, -0.16155348325870852, 0.3196573613751106, 0.028981572512363163, 0.09667391154403082, -0.002590434821003743, 0.02019773462332195, 1.5703170111874045e-05, -0.016406446071466827, 0.09294211025362997, -0.0724850462620645, -0.19432437139327824, -0.19929750774003113, 0.13293721249377657, 0.04000048774434776, 0.002815995569815112, 0.0071846680541286356, -0.28017353456949134, 0.22931350475922252, 0.1893798940227023, -0.1258545028250545, 0.14618152970690199, -0.2629056343259311, -0.11520460095292628, 0.3432079128586815, 0.030462625635955316, 0.01938354696560307, -0.07442511466287767, -0.4356575746839177, 0.02538888319640031, 0.18853989305157728, 0.4382327616678723, 0.19533126634717127, 0.1994174048442955, -0.10001913572839498, 0.13348912826776477, -0.20853583030057868, -0.7909209096598273, 0.21974589907639885, 0.35582408832129836, 0.8137502659863641, 0.24075898568361026, -0.8130275466890915, 0.13230358165691544, 0.1101528945711408, 0.8098276584166983, -0.10641236516766941, 0.06785905444739197, -0.03102352321986794, 0.13439992506449525, 0.03723529864592385, 0.060304350191736904, -0.08747522121209513, -0.23825239158121286, -0.06985191719903566, -0.19622350378224504, -0.1428831379701214, 0.10905621807622601, 0.20683804320665153], "trans": [-22.077426010166597, 8.220326481197606, -0.6696615189029019]}