{"betas": [0.12182979554792384, 0.0498104030700563, 0.01874907528210161, 0.028247290178977192, -0.01045515424154793, 0.003794310233826808, -0.007750463989420916, 0.008476040652062412, 0.013630708331879994, -0.014916307566096007], "pose": [-1.1737684181792054, -1.2619879836181367, 1.261987983618137, -0.4018232449347511, -0.03969751715844742, 0.09693617994373807, -0.4919317756286778, -0.005897444946378514, -0.10319277348415833, 0.3546311062462807, -0.013707973800315814, 0.003980578417133114, 0.703785756411764, -0.030749449537578834, -0.13815182880328886, 0.8173867665577802, -0.04689177172532044, 0.08297512885101693, 0.002944419642052815, 0.013901073692892332, 0.005296092386400051, -0.062093745904247356, 0.04216969666397011, -0.01881116612418683, -0.14741786437305548, -0.16226659911479913, 0.18230739883437977, 0.03686736005972885, -0.03862327087493316, -0.0023921040474214235, -0.3397872532770513, 0.2839527020565551, 0.15120106932054525, -0.1415114624950394, 0.10045255711540513, -0.34091908393590925, -0.17879036117138128, 0.09032741431526434, 0.03344895381215572, 0.056075093027544966, 0.004960546829476623, -0.44371012207974436, -0.004837737282287512, 0.07277845158149052, 0.4014714739745112, 0.16016888860585093, 0.0017635924242017798, -0.055742175561448074, 0.16101862459003757, -0.3153379323102338, -1.024674247864461, 0.2536538778172997, 0.260584038280258, 0.96307410824061, 0.353718942721758, -1.6264729829419633, 0.5348647478906096, 0.07549464095107372, 1.5726036992097927, -0.5598119090953253, -0.10506073426995645, -0.07648836102750922, 0.21654121059164005, 0.02715015166073069, 0.1348004627201692, -0.21057306225236105, -0.14811490747915865, -0.0839910392243921, -0.23715663525413155, -0.12745931883584716, 0.1435300915828375, 0.2626381958945109], "trans": [-43.653340916019026, -9.419947963103487, -1.0558441810225758]}