{"betas": [-0.459125293958982, 0.2836700625543276, -0.2828307762064238, 0.06170009900103966, 0.04114696315793381, 0.017447099752977802, -0.018216663065381097, 0.013285817624318214, 0.01584973647464493, -0.019639755817989615], "pose": [-1.6581361199405318, -0.2336708230988841, 0.2336708230988841, 0.15352142477872416, 0.007099242997129475, 0.019393191270854877, -0.37847296539203157, 0.0011606341019185645, 0.00863944951564408, 0.4692724196574201, -0.012754836704949854, 0.00834321508194275, 0.43527353179204664, -0.08921533194759489, -0.09407024846401073, 0.12854246576606357, -0.007904442780607125, 0.00869961302090947, -0.06826645176602779, -0.030021284978420448, 0.014397494899834188, 0.01742750790795822, 0.08445910376428292, -0.028949032551839678, -0.055626052814065886, -0.23391310876983326, 0.19375463861001568, 0.016244957988645514, -0.01835730316823195, 0.021274782907104627, -0.1977502372331478, 0.15889361978111877, 0.04876259090849162, -0.010961545520032227, 0.23566525879418326, -0.36154904018455514, -0.2480848873997896, 0.04185994693511258, 0.012338180678292197, -0.07174752517225051, -0.25388635598378884, -0.2682540619994137, -0.11406775975973604, 0.3047246204398635, 0.26829222631086463, 0.09607245441742783, -0.12875283281221242, 0.027327235419539592, -0.023258480189989356, -0.27166703032808426, -0.6203811963921212, 0.13394588694832288, 0.22098806074716393, 0.683838171089526, 0.034407514802855664, -0.8508377083522377, 0.23273051516386872, -0.05091935560313935, 1.1044397321727697, -0.370135036095523, 0.12578600202725637, -0.11502858528455727, 0.2594360445457678, 0.07488759898105214, 0.1512779059002798, -0.23787018569422871, -0.21393958027153714, -0.08873478676729978, -0.2153277697340919, -0.0875291528252312, 0.138078852341402, 0.23158281421289392], "trans": [-12.61820961237017, 8.121044210931686, -0.38376985303292144]}