{"betas": [-0.04531959800123942, 0.25816046623113975, -0.10443940742347267, -0.07597029208210594, 0.013911735992459227, 0.013954990810594958, 0.00840059268463032, 0.018210526354907698, -0.01144635948893292, 0.002226290135924623], "pose": [-1.5703352456901878, 0.04464264670629968, -0.044642646706299687, -0.21742284002131562, -0.05669953044912806, 0.03796926602156744, 0.02052124778165983, -0.08022063445491665, -0.03590121484387383, 0.24725134253443606, 0.07019205123183367, -0.016248749582539388, 0.08268064108942827, 0.007446136422962571, -0.1592599164647763, 0.8850148393272471, 0.12415358187352821, 0.0769652995845347, -0.02055611424851654, -0.01829885043470296, 0.020944104875624474, 0.06104297505482991, 0.0895644419092117, -0.015935836395453623, -0.08770254442816687, -0.17181636039337675, 0.10969339739817523, 0.07601379469470455, -0.02229371666010423, -0.019892308311042623, -0.28693078286269413, 0.21718528441472262, 0.11077448310814621, -0.09960737548263704, 0.17222190460816808, -0.19888071604440613, 0.02445336954741813, 0.04132936364840721, 0.07147433326480554, 0.047931624062943115, 0.09513009462407279, -0.49471661284395163, -0.012382688383960618, 0.018690503530272035, 0.5237957396269451, 0.365658459255224, -0.07374881847102421, -0.0699727787107779, 0.07411119044180017, -0.20881032320408835, -0.8827539600707622, 0.19109700746286915, 0.2597317652844475, 0.8492583746921782, 0.15930663524120395, -0.49801096585714416, 0.1321835487578814, -0.08042429274466807, 0.4615210740567688, -0.13929969194023592, -0.04448427346229083, 0.022902957482200406, -0.06638498735923888, 0.005150790234402789, -0.0037107363396338367, 0.027467000009895142, -0.19103386680791423, -0.06596666429118773, -0.193018146867377, -0.1002603443208082, 0.11330972832253049, 0.22591461856645606], "trans": [-28.332138827087206, 0.7678345619324279, -0.8411116431750816]}