{"betas": [0.23095163209771685, 0.04109343311864416, 0.025248775430059576, 0.03225921746385679, -0.011730228160678488, 0.01411489487013554, -0.004068968651146599, 0.0031222508939531494, 0.007432816158778922, -0.011705167054862173], "pose": [-1.1902053432179984, -1.2383197424406267, 1.238319742440627, -0.5048572266529647, -0.02602238483910556, 0.14566943365292392, -0.5639106940944233, -0.006149467392368428, -0.13891337667506876, 0.4007823595876305, -0.007929751958248616, 0.0030027734423780923, 0.7459671680787869, -0.04161711364388204, -0.15741493956940364, 0.8628696625134452, 0.008601022738628082, 0.0939827670760836, -0.03299765590459753, 0.014571329214221398, 0.015576718262264063, -0.07884045907387972, 0.08144800894718028, -0.04719438023709869, -0.15058277118763125, -0.17343959776987466, 0.20729514403806049, 0.03693230755409312, -0.03172195717591813, 0.00711464766878008, -0.2965903019097783, 0.23394595957438344, 0.18584815495660678, -0.14695836709640783, 0.11346396618658286, -0.36088164061202543, -0.20644391761366765, 0.12201015821454568, 0.03167014867279382, 0.04322714437462281, 0.01899370361534841, -0.4172740890234446, -0.0033976936585541815, 0.06822801207635629, 0.4058444524531044, 0.12127960063008011, 0.00625745866942383, -0.04204631822260687, 0.11246303796040347, -0.2167296548652483, -0.8745762045591177, 0.20224419715990896, 0.23587213965686707, 0.854899254309507, 0.23015124183483246, -1.1576381189142342, 0.3447385575002358, 0.008803945562148927, 1.1342476469885154, -0.35812195509424255, -0.017760822561129545, -0.04142267929461569, 0.17832185562359787, 0.030039978444206996, 0.08605757199410538, -0.14931319005185267, -0.20528020664133326, -0.07912651636614694, -0.22945423833039474, -0.14351987414696582, 0.1277189229336662, 0.2408145253709757], "trans": [-62.666963656997325, 3.9440757571705305, -1.241637768628101]}