{"betas": [1.7511515842605234, 0.3670231778082652, 0.03978433168027672, 0.004913282851196045, 0.02958606384598556, 0.001461046037256542, 0.028411238985692, 0.012589726574853976, -0.014340388809218167, -0.004234100351574732], "pose": [-1.3933141908678253, 0.5990526714469596, -0.6240526714469596, -0.4157443358774983, 0.004752652766668301, 0.03919440867160522, -0.3063946463713315, -0.015372123482813827, -0.014484784313767027, 0.18033508766316012, -0.02202285994414711, 0.012661278949346644, 0.5507271288422851, -0.07049882597044753, -0.10688455337430412, 0.47286871248124107, -0.049429455045894, 0.07641931943199895, 0.016465249350784448, 0.0020958868106802516, -0.000710001340581541, -0.06383394227022536, 0.055151217441903544, -0.08883541532519287, -0.08820224395491166, -0.16827539082254434, 0.24455199693569632, 0.020200200007962795, -0.03088470993896428, 0.009518168237795135, -0.28716334343519834, 0.27419070202589885, 0.20605977826343255, -0.11743724018488143, 0.10646862483271118, -0.3778075938853061, -0.15933897247027876, 0.06729607760235397, 0.024729890504566122, 0.008234219950821586, -0.10317081818025553, -0.3139590251850762, -0.03864114886962798, 0.1659072065734145, 0.2687495970625767, 0.15784602001478382, 0.26179507049869194, 0.06160124170071307, 0.07338401796044262, -0.35675700276101935, -0.8156723956650208, 0.20202660455158464, 0.3110859625202901, 0.8211373690210865, 0.23642007455180383, -1.8732906561880118, 0.5322111000251172, 0.13442320700264165, 1.764641478146039, -0.5521054411410159, -0.05861112642873305, -0.14019463803270915, 0.29353993315266164, 0.05693749786761799, 0.18624971448867012, -0.2602845531133433, -0.12065993253161772, -0.06998254670558317, -0.21405743060355562, -0.11989765180982741, 0.14072913342216617, 0.2350002081913613], "trans": [-28.869846731639576, 11.083225501445797, -0.634283406824228]}