{"betas": [-0.19266644468801378, 0.5771463667239267, -0.16308379457488245, -0.06462538974507079, 0.08054580167251779, 0.027975024271901693, 0.03561269911626106, 0.05188376016633901, -0.05289357868361275, 0.00684608270928935], "pose": [-1.454977779176023, 0.7001737981035833, -0.7001737981035833, 0.11073386299249968, 0.023537858138006136, 0.038490872257637386, -0.5304436664328595, -0.012092204983980535, -0.09905085421980622, 0.3685579488820864, -0.016111657775027655, 0.014497457080931381, 0.1286312669630564, -0.06459682559554417, -0.11797505042467252, 0.5571797637026394, -0.028831077250203698, 0.08489411652335367, 0.040121317385445845, -0.01804642443989303, 0.0048150017005315834, -0.11086622477293645, 0.06774376698762147, -0.09428077617644551, -0.12585723764992784, -0.1578290997389054, 0.2264035094970286, -0.006843197241406909, -0.019060927663015002, 0.019339527006646, -0.23726056341650234, 0.2719721317671592, 0.20714584674844436, -0.08884027349954185, 0.13231100406263566, -0.34226423680328166, -0.18665991055073405, 0.13969939699496092, 0.02500242821413444, -0.025722134324374386, -0.362288399014353, -0.27358000422473827, -0.04415666475258918, 0.4179801722164128, 0.2371734996698981, 0.08592596269788777, -0.02074348564839188, -0.019442485856429777, 0.10823564831286167, -0.4666436163732155, -0.6972599332656281, 0.190959739824395, 0.4882001935651588, 0.7251876424867434, 0.34047713491991005, -1.5073485092414618, 0.3400489799648606, 0.3096858388120064, 1.5816335937035833, -0.32468965444295794, 0.0710508517355134, -0.16478339532776157, 0.27816991022525345, 0.1241229789186378, 0.1778589826076978, -0.22064104928294714, -0.13888687414294607, -0.05200055647031369, -0.18250400212998247, -0.13219288544504978, 0.13424916648840793, 0.18846761518496155], "trans": [-22.50267716025787, 7.036407118927126, -0.6276841692575457]}