{"betas": [1.7511515842605234, 0.3670231778082652, 0.03978433168027672, 0.004913282851196045, 0.02958606384598556, 0.001461046037256542, 0.028411238985692, 0.012589726574853976, -0.014340388809218167, -0.004234100351574732], "pose": [-1.3974862266747998, 0.851994104101562, -0.851994104101562, -0.36018078296526274, 0.009564170036294518, 0.0806902442335527, 0.1695406044221097, -0.03857222720031891, -0.08502907260653547, 0.2005575448679225, 0.0044005188594316135, -0.02081237669284545, 0.13427038989682197, -0.05250294250368547, -0.13121234854144034, 0.6339491210664889, -0.050129866685606136, 0.09544521228243175, 0.028198249703522235, -0.018025667655902012, 0.030893437128684836, 0.02622314361951289, 0.10204124851138695, -0.046906931259713826, -0.15763652453358704, -0.16864182430477587, 0.13611322871879836, 0.027433402309803342, -0.09740048372917179, -0.024650385924386432, -0.2225328247134821, 0.24001080047261253, 0.15216488142266535, -0.09486140962405493, 0.1727272530320397, -0.21451384309929672, -0.16969907003583898, -0.232952347935843, 0.05990928661383827, -0.0666186544044903, -0.27443809068261804, -0.28440315606645616, -0.030302567031667747, 0.33100015639758995, 0.348758526327471, 0.28658290784133467, -0.4509643404355678, -0.05387060010333354, 0.2545948970599283, -0.4849227636456417, -0.6828599251993228, 0.33896006353092095, 0.1354610118975532, 0.8413431802940988, 0.12456977485368637, -1.2353222718694197, 0.3772597173034782, 0.16547301956621618, 0.6180699495024498, -0.10796030162487497, 0.014867355389344377, -0.09255413245293911, 0.23845314663959688, 0.019155139438080712, 0.0805587420473856, -0.139875640927156, -0.11134991898790528, -0.04472801758713112, -0.15909355515344464, -0.09974399345735797, 0.10491648063055736, 0.1684736924986307], "trans": [-25.085824950277466, 13.272171051944234, -0.614165870734843]}