{"betas": [1.813289222669109, 0.20156947919784157, 0.0011390909961732187, -0.4871353642584728, -0.16755291678885467, 0.02420319783742449, 0.0691750353522659, -0.03790042278230592, 0.027389876576093666, 0.006434531786996541], "pose": [-0.23207237514665124, 2.1053814458041087, -2.1053814458041087, -0.5763224063350778, -0.08207436939545155, 0.03486456059477363, -0.07047434711086131, 0.00045747208163240917, 0.00042544698256829876, 0.2754861409071903, 0.0130750970393194, -0.05572361029639176, 0.7680882517571139, 0.11928034354256899, -0.15173071643295283, 0.1491378329359782, 0.10799349268419121, 0.009958801000817178, 0.038941034966371, -0.16382790160196717, 0.0658455990393749, 0.008753845610576277, 0.037845125793223966, -0.023644332403673505, -0.04582167247410759, -0.14772246107008769, 0.1935078140260254, 0.10107094881207215, -0.1292519841112708, -0.017216713807838305, -0.31680059686593276, 0.24651125914608882, 0.12155160206382476, -0.04195468857692941, 0.11973667645607317, -0.3548308933403633, 0.11818757497218543, -0.29936555529312325, 0.1384732990704885, 0.13907799431113263, 0.017435901923445588, -0.4349828756564438, -0.05600713446291201, -0.12045134351507146, 0.3564709365390775, 0.09537345331576827, -0.010264729148557451, 0.016905356791562062, 0.18639289058401134, -0.3333363017611164, -0.9932925307548122, 0.32097582776388384, 0.0737149952965972, 0.8987273785242346, 0.48086495972850996, -1.5904450977481885, 0.42497100401497545, 0.18906605852953756, 2.003769178254402, -0.7258778898216615, -0.05348920106922708, -0.15209288311403582, 0.15708779867585465, -0.023289019397075696, 0.2235488410958708, -0.2365661156592017, -0.16465346278588452, -0.07913367774115536, -0.29604288622150754, -0.10500730809668403, 0.17730369669250753, 0.310645659661677], "trans": [-11.721489325367703, -2.5810741009388334, -0.8408595070666044]}