{"betas": [1.7511515842605234, 0.3670231778082652, 0.03978433168027672, 0.004913282851196045, 0.02958606384598556, 0.001461046037256542, 0.028411238985692, 0.012589726574853976, -0.014340388809218167, -0.004234100351574732], "pose": [-1.5678086555557338, -0.14267312992585504, 0.1343397965925217, -0.4839832975142522, -0.00477500524586166, 0.13652746130489782, -0.3072057372397027, -0.03132509080824044, -0.09756637581309616, 0.30479051231687787, 0.01338143187688891, -0.02252290909821543, 0.4962770882173674, 0.0356194525293773, -0.1329847979429784, 0.6819576870873721, 0.10919741513035121, 0.05855563541605507, 0.00033817529822386045, -0.05076209945148699, 0.029269188785555674, -0.040689676563813296, 0.1052989864532767, -0.09665825796078711, -0.14752405547774416, -0.13392757246641324, 0.21906497345367973, 0.029134237898276058, -0.046293791056552513, 0.00724855487960443, -0.24544903972438184, 0.23189384856990616, 0.24537794309061906, -0.11936048719270367, 0.09446027388538891, -0.3120001452562454, -0.13164287201242492, 0.07539873967948524, 0.03925978344123174, -0.013511930990038952, -0.11238768101872565, -0.2891338348345765, -0.05218321549194544, 0.10475125419557586, 0.28920098451721105, 0.17087171602254553, -0.06810870754733907, -0.002545629639004198, 0.0188168930815035, -0.4095016793645553, -0.7215811582976368, 0.12765129289883342, 0.2706411740240479, 0.7472229240618287, 0.14991518822267086, -1.3970066545470279, 0.46059900521901426, -0.06084230015882501, 1.2751380069038085, -0.4726748585898952, -0.11027637673237023, -0.09288805338469022, 0.1644370308586961, -0.05413962950250175, 0.100123121635419, -0.11088616010916187, -0.11553802448895809, -0.0449621412783665, -0.20148573752485105, -0.1162491273844818, 0.11134679743584476, 0.20555049941918271], "trans": [-28.929519221217976, 6.1435249724849585, -0.7804670281366257]}