{"betas": [1.8964894903024812, 0.31493576625010133, -0.1035326407414528, -0.4364464500446508, -0.04973432451903863, 0.09833628269918979, 0.014303769774192097, -0.026993742994641887, 0.07112343154180402, -0.03308173982274214], "pose": [-0.3267232246441484, 2.050813357783631, -2.050813357783631, -0.2849926029806769, -0.002679424698568396, 0.04581559836198246, -0.37144382962229405, -0.019030494396582564, -0.039169881319700624, 0.14265101390806986, -0.0799600905621833, -0.03739501179531863, 0.9780570580434136, -5.203694278978232e-06, -0.18199674514843467, 0.6007788433303354, -0.02172899189367601, 0.09611813670144898, 0.07899473767517555, 0.09419803409260526, 0.021687531052451393, -0.12027641002872466, 0.11122879327378002, 0.009735546200506158, -0.10509970894710607, -0.19677578711185795, 0.18492655041076328, 0.07384551611219943, -0.13567891373300803, 0.0015631809940398235, -0.2982497715233845, 0.16950254324399452, 0.07625473650947599, -0.08040102830867428, 0.1805487442252261, -0.3715222664066065, -0.07541170776263333, -0.07923906806669177, 0.10213724841035866, 0.06306732726516526, -0.1394364184385742, -0.3165451471621979, -0.030354466656726857, 0.1735778826213175, 0.32018682332912723, 0.24433493526735003, -0.1639729811359094, 0.03339715509059434, 0.20525466191280523, 0.07155414207641311, -0.9108907556471689, 0.35999094569791806, 0.2668928614836416, 0.905235694563054, 0.5487871362811146, -1.0508072209849428, 0.05319661061721544, 0.5005305947997618, 1.1633550822903445, -0.1179825325053921, -0.028243338112596376, -0.08550731410417167, 0.004207450718455536, 0.06328121843961144, 0.05053328329417952, 0.013707607529482904, -0.15195237334619532, -0.052157362879527, -0.17644194413500897, -0.0997116981714638, 0.12603533867489164, 0.16017631720158015], "trans": [-10.778487918282917, -0.5617561156570497, -0.8085647009798687]}