{"betas": [0.33303066142902105, 0.22906885785386125, 0.1321746135337195, 0.03485680493593007, -0.034928744222964915, 0.03738652273642406, 0.06435992437738675, -0.06135207138309116, 0.004712805749211021, -0.03328562850670294], "pose": [-1.5663461050863394, -0.5792236010166363, 0.5542236010166364, -0.4189896298887767, -0.004846979836181069, 0.015184017072293374, 0.18516644714672761, -0.019953209939279994, 0.046021952504043846, 0.2979111992626708, -0.019210369382537198, -0.0021091569607202603, 0.10992898703160886, 0.06770166528183896, -0.005580516883811205, 0.09696565389003595, -0.005830176176585468, 0.04908057105959934, 0.03774608576538882, 0.0016618666865266226, 0.023569812736227033, -0.056982609536637044, 0.04201659853362554, -0.04747780215365006, -0.17472076862940364, -0.13967767135637624, 0.13392132132734355, 0.04089187102296489, -0.04087576510671848, 0.0049269420988016024, -0.3519503563726863, 0.2715204382952112, 0.14388201622775387, -0.10493128921326458, 0.06803561947550325, -0.2664154886172046, -0.07915155145644795, 0.09081558130874053, 0.05992457065130015, 0.05212548971567396, -0.03408235477750088, -0.3834394461140116, -0.009163867800469707, 0.10033093164633661, 0.3661460165179592, 0.18563983819212065, -0.018247758784747978, -0.04248327308784948, 0.18179907985344754, -0.35837469930859883, -0.9792955535968746, 0.28558513783561457, 0.28704992122923023, 0.9709691956991878, 0.4582501661105064, -1.7030756758953698, 0.5145044988069123, 0.22714941765027938, 1.6413360025699788, -0.5286157001464253, -0.08273512019728277, -0.09735783164444016, 0.20547560663955267, 0.007078473536759833, 0.13337733030619878, -0.18457126248405487, -0.12881427052763947, -0.06512570542658759, -0.21501237395534223, -0.10788584769455459, 0.13874675783171858, 0.23848545766977555], "trans": [-14.455940515874119, 10.184395332945654, -0.4970427134875291]}