{"betas": [1.726796659765029, 0.41891031545459445, -0.15139553369490252, -0.5462419580768579, -0.07855182412525559, 0.07595039952460043, 0.008045347212360082, 0.06009336300381875, 0.04481580265154796, 0.006120580758014304], "pose": [-0.15906518539008088, 2.144489387846887, -2.144489387846887, 0.2855964472494177, 0.06260808613587317, -0.026480581426583563, -0.710900558594593, 0.027781138247077963, -0.13963427769449577, 0.24584531373304064, -0.10918918690680288, 0.07589289669794008, 0.38250771725922345, -0.2827637539985457, -0.05968690144700603, 0.4497952796501171, -0.20532558194802317, 0.08150579960328691, 0.04565018560711957, 0.09662930276832321, -0.01979456848882979, -0.09736502519749317, 0.051112003616645016, -0.008937276254026625, 0.1001006779553523, -0.25243064278253224, 0.3090481787173338, 0.06392943688943478, -0.025708688317692966, -0.014353842940791155, -0.32799686019774066, 0.23054148931528623, 0.05350987469095761, -0.08830340533889272, 0.21039033616267483, -0.4782699863948531, 0.001358649069145762, -0.08177416969662939, 0.026858226693902296, 0.1021603762149493, 0.11198173013789425, -0.4536583786312223, 0.011281805394922998, 0.06496758004816189, 0.38293805155505456, 0.10969465055673859, -0.02759405222180819, 0.08371324312425335, 0.1156778587472394, -0.02373440632835036, -0.7821502643354871, 0.7636706417074448, 0.16075704384344922, 0.7160371209645261, 0.23860954551911068, -1.2830202955767356, -0.7793237419646963, 0.25112254725355143, 1.347065582418627, -0.29860317194184965, -0.0685105132554967, -0.09620408976522785, 0.1396603135878404, 0.13853888308047232, 0.10818349361872028, -0.16023912829672876, -0.14233257737407073, -0.09638846016855258, -0.1953047215648142, -0.11316732581964203, 0.14889827437567513, 0.22763948542518012], "trans": [-10.490610595720204, 0.7152897575117871, -0.7728668660468073]}