{"betas": [1.0007394031128156, 0.13998077818863408, 0.20322321153559939, 0.06919845010960525, -0.06355964225067326, 0.0988583210768853, 0.031004152589175965, -0.07600298470585287, 0.01954775199647453, -0.05391534064665776], "pose": [-0.09645044148954145, 2.176086332408256, -2.176086332408256, -0.0550048230986459, -0.028418798214826856, 0.10576386125664025, -0.5114623905179464, 0.006951742707407773, -0.00902878303630384, 0.32788290421246635, -0.0033011633869268874, -0.01987950940006278, -0.010420973170942864, -0.10606189726659987, -0.1323917505779378, 1.01353828538379, 0.1033174178658042, 0.10501705283086167, -0.007755221441991951, 0.02743903523440263, 0.01976806446323894, -0.03192720934470993, 0.12621109812034095, -0.09698933913776238, -0.16025394972455403, -0.1765002435929743, 0.2218106658368678, 0.06668490304510068, -0.01866520293157733, 0.0077701541981128, -0.2951384164251155, 0.24809127981271825, 0.28990155724648725, -0.18718205565677193, 0.15466030564823838, -0.32853916706198266, -0.04522397760704507, 0.0014782877913493211, 0.033556647021005435, -0.010551957186529575, -0.026351528731740813, -0.2851058343045394, -0.002881251041923672, 0.0837595680004902, 0.3260934471616709, 0.29478396881139457, 0.08047084287719428, -0.1545547403598839, 0.24045860801367996, -0.3201444248158058, -0.8773443585822289, 0.2865250708401714, 0.3116940274020032, 0.8387116573495581, 0.5112343260530143, -1.4141774856268152, 0.2351620745857284, 0.30640907530529754, 1.2587025345265934, -0.19667284233725607, -0.07401041216377953, -0.031451746617050844, 0.1739799821948912, -0.09050440951226012, 0.06529495586579354, -0.04290827852414233, -0.18043342138862747, -0.050874580023797016, -0.1795502056932351, -0.13201507011031707, 0.0940450868841932, 0.18010228510149934], "trans": [-9.977414604396337, -1.6955099031124168, -0.8247908209137714]}