{"betas": [1.7511515842605234, 0.3670231778082652, 0.03978433168027672, 0.004913282851196045, 0.02958606384598556, 0.001461046037256542, 0.028411238985692, 0.012589726574853976, -0.014340388809218167, -0.004234100351574732], "pose": [-1.4104512299052467, 0.8204856914788272, -0.8204856914788272, -0.21578708553130224, -0.0010567820865298276, 0.060912297434340894, -0.16011570540047232, -0.08143085180179274, -0.125084447595889, 0.2005575448679225, 0.0044005188594316135, -0.02081237669284545, 0.7347923643294201, -0.1121129141402524, -0.13046398330757766, 0.2776321227482764, 0.00808637847301244, 0.07570745484799608, 0.028198249703522235, -0.018025667655902012, 0.030893437128684836, -0.10167475966935756, 0.06928660561615288, -0.03279060367214256, -0.108316449965114, -0.17283671639922138, 0.21412272748856717, 0.027433402309803342, -0.09740048372917179, -0.024650385924386432, -0.3150643395937716, 0.2571571704843665, 0.11977824954500726, -0.1308758360124523, 0.13796803727133178, -0.34697402293106, -0.21969907003583897, -0.4079523479358431, 0.05990928661383827, 0.02747279941978389, -0.08699565669746162, -0.34305895754429416, -0.017029365716270166, 0.07819869657708937, 0.36785191524122907, 0.28658290784133467, -0.4509643404355678, -0.05387060010333354, 0.2545948970599283, -0.4849227636456417, -0.6828599251993228, 0.33896006353092095, 0.1354610118975532, 0.8413431802940988, 0.2954443728532233, -1.517053204865331, 0.45639188932829744, 0.16547301956621618, 0.6180699495024498, -0.10796030162487497, -0.06390940589534906, -0.0990633343632331, 0.18595911134489973, 0.02480141073246476, 0.10879929249451258, -0.1159649956193725, -0.07352145937318166, -0.06221454635181552, -0.18417722559792213, -0.08465346930199916, 0.1322699959628671, 0.20349131440336207], "trans": [-26.721263803609816, 12.204710463048736, -0.592196179913781]}