{"betas": [-0.04531959800123942, 0.25816046623113975, -0.10443940742347267, -0.07597029208210594, 0.013911735992459227, 0.013954990810594958, 0.00840059268463032, 0.018210526354907698, -0.01144635948893292, 0.002226290135924623], "pose": [-1.5655318851805307, -0.15078204663265948, 0.15078204663265948, -0.5185731673605635, -0.07454829596945002, 0.03836580084914676, 0.2043667035392317, 0.01078692267149408, 0.0015827360141467857, 0.23840453637226347, 0.10535569833317163, -0.013919238597442195, 0.15725492494106696, -0.0002975773471933299, 0.0019208626378277513, 0.27723057103339777, 0.011387625416314585, -0.0004322456451674589, -0.02313650734053319, -0.014551459685960545, 0.00827801813980485, 0.06116452348453355, 0.09403484756564345, -0.04727458517447606, -0.10282881595314879, -0.17762351890982575, 0.12342050563588587, 0.07966874839311926, -0.0031503787622302573, -0.019771068183193803, -0.2610815863436378, 0.22121288541638226, 0.16163970769125677, -0.08332591906153768, 0.17227244713920092, -0.21968640542095422, -0.2123916903248195, 0.16718079641067732, 0.029939450531015696, 0.040868311695733205, 0.1199653201007944, -0.5065522936510795, -0.021265468046453684, 0.03232270898507386, 0.5179445729916112, 0.4441096473785527, 0.011220588546291502, -0.0007122894857070211, 0.10169272058300005, -0.16936717476647398, -0.8990598045646575, 0.17651558577329757, 0.31450728532396055, 0.8233627902143403, 0.16096333431279095, -0.16646545220283943, -0.001911994268132898, -0.08069406513664154, 0.4996414577781801, -0.1381334508118741, -0.03315880561412989, 0.010918612015965773, -0.05448994802187606, 0.00872465284052359, 0.014077637497666454, -0.0019925064629490404, -0.2054328377375696, -0.06807001593574773, -0.19682072861993935, -0.11554051046275653, 0.1116117976562221, 0.23513121944802898], "trans": [-27.278184494552736, -8.995309945504044, -0.9513645389101355]}