{"betas": [1.8964894903024812, 0.31493576625010133, -0.1035326407414528, -0.4364464500446508, -0.04973432451903863, 0.09833628269918979, 0.014303769774192097, -0.026993742994641887, 0.07112343154180402, -0.03308173982274214], "pose": [-0.14106103665445302, 2.153754317224899, -2.153754317224899, 0.08214762723580654, 0.07067049317404106, 0.03552345943388987, -0.6452167956963759, 0.045293836714110774, -0.10056382904761813, 0.14265101390806986, -0.0799600905621833, -0.03739501179531863, 0.2633390450131234, -0.18267070737990931, -0.0566113545672569, 0.42607174204747, -0.04171732340751847, 0.08322616279457087, 0.07899473767517555, 0.09419803409260526, 0.021687531052451393, -0.04962105853823206, 0.145240496157326, -0.07274379333402987, 0.07726858547633797, -0.23214199842143005, 0.3296169774738143, 0.07384551611219943, -0.13567891373300803, 0.0015631809940398235, -0.2429675506967269, 0.14183190078744795, 0.15310901572621569, -0.06510862857415821, 0.23596257810172575, -0.4711378020325229, 0.10213327446385632, -0.016016548408045693, 0.07288548171528038, 0.039577827315227264, -0.12672162090452313, -0.17732948912981075, -0.04850655529378905, 0.14052513966792343, 0.1530830506189765, 0.277537290391882, -0.09713684837540063, 0.028257287209092125, 0.20525466191280523, 0.07155414207641311, -0.9108907556471689, 0.35999094569791806, 0.2668928614836416, 0.905235694563054, 0.5487871362811146, -1.0508072209849428, 0.05319661061721544, 0.5005305947997618, 1.1633550822903445, -0.1179825325053921, -0.014293428989902938, -0.13220365522526115, 0.0873994441509834, 0.0658789924618892, 0.09585749982550672, -0.04086414377400681, -0.17208405848104014, -0.053074646889167174, -0.15081375477236514, -0.12351735565717835, 0.11752757860593996, 0.15733540225082854], "trans": [-10.87205875300961, -0.01653017914450211, -0.8002183953172095]}