{"betas": [1.8964894903024812, 0.31493576625010133, -0.1035326407414528, -0.4364464500446508, -0.04973432451903863, 0.09833628269918979, 0.014303769774192097, -0.026993742994641887, 0.07112343154180402, -0.03308173982274214], "pose": [-0.15421760484499136, 2.1972612197978276, -2.1722612197978277, -0.41357452564643, -0.015478474310454422, 0.19694700284940792, 0.03745020192740636, -0.23266394699886467, -0.05390744451959489, 0.22922777217047566, -0.12403896352708482, 0.0009099758961862673, 0.5028863700469284, -0.07568426032338345, -0.10124389249826046, 0.16997480379141117, -0.05644888292084251, 0.1477327644933608, 0.028111979873933872, -0.014368234566669622, 0.013687481963378476, -0.2609077542590186, 0.29216808913859466, -0.08478930773172, -0.09860417970126895, -0.1471441123969307, 0.16060841188867067, 0.07384551611219943, -0.13567891373300803, 0.0015631809940398235, -0.21329785308997964, 0.20721345891751144, 0.2034782295552035, -0.023284542945585487, 0.10360898540424278, -0.22534916553694992, -0.14661842606157174, -0.011250205202529513, 0.05479757802282894, -0.007313425061985778, -0.34015005425304856, -0.3132970501477293, -0.03451937031433252, 0.4152535327992541, 0.3033607564885524, 0.36375919045520344, -0.0012511680142957907, 0.0007163117001225448, 0.5254799784856087, -0.7851785422613952, -0.5656621012892687, 0.7010837400507929, 0.39349544226596656, 0.6764565791316425, 0.5619429661773654, -0.9306371589759543, 0.06648984031740787, 0.10575352387410687, 1.110385559030151, -0.3636765497288197, -0.02051896696526028, -0.05627741961052259, 0.11145387352889057, 0.04958879491268362, 0.03103333523106438, -0.08136333788745356, -0.1710593529900193, -0.04538900951395185, -0.169056193073803, -0.1441941863373307, 0.11987450865983562, 0.16744315716022465], "trans": [-12.239048401713383, 11.166396876400002, -0.5263614781031741]}