{"betas": [1.7511515842605234, 0.3670231778082652, 0.03978433168027672, 0.004913282851196045, 0.02958606384598556, 0.001461046037256542, 0.028411238985692, 0.012589726574853976, -0.014340388809218167, -0.004234100351574732], "pose": [-1.3670511724969403, 0.9211860818567847, -0.9211860818567849, -0.36018078296526274, 0.009564170036294518, 0.055690244233552705, 0.019540604422109698, -0.03857222720031891, -0.08502907260653547, 0.2005575448679225, 0.0044005188594316135, -0.02081237669284545, 0.10927038989682197, -0.12750294250368546, -0.13121234854144034, 0.6339491210664889, -0.050129866685606136, 0.09544521228243175, 0.028198249703522235, -0.018025667655902012, 0.030893437128684836, 0.021986006498527152, 0.05899305250837494, -0.008316559854530971, -0.1562504090746235, -0.11715094580985784, 0.09945476629499216, 0.027433402309803342, -0.09740048372917179, -0.024650385924386432, -0.2873853323997795, 0.28046070958437314, 0.1353029228189993, -0.12264812598347462, 0.1016975898049443, -0.19209596414688057, -0.21969907003583897, -0.4079523479358431, 0.05990928661383827, 0.052601265243370394, -0.12247250161121083, -0.4731233061952268, 0.020955580373909405, 0.18776733620760047, 0.49285015193626375, 0.28658290784133467, -0.4509643404355678, -0.05387060010333354, 0.2545948970599283, -0.4849227636456417, -0.6828599251993228, 0.33896006353092095, 0.1354610118975532, 0.8413431802940988, 0.4489351738014104, -1.5452702681592607, 0.441417887544512, 0.16547301956621618, 0.6180699495024498, -0.10796030162487497, -0.07019582592058643, -0.09089392271176677, 0.2148128829965616, -0.000169167777190393, 0.13437067108596001, -0.1746943431508711, -0.12777643550413856, -0.06983605132215222, -0.20293815317725894, -0.11442355774548245, 0.13866469840084863, 0.22873026108158268], "trans": [-26.207141161054018, 12.556832424799607, -0.5796611574582317]}