{"betas": [-0.459125293958982, 0.2836700625543276, -0.2828307762064238, 0.06170009900103966, 0.04114696315793381, 0.017447099752977802, -0.018216663065381097, 0.013285817624318214, 0.01584973647464493, -0.019639755817989615], "pose": [-1.639684470134938, -0.18745269240802073, 0.18745269240802073, 0.15352142477872416, 0.007099242997129475, 0.019393191270854877, -0.37847296539203157, 0.0011606341019185645, 0.00863944951564408, 0.3070163237203982, -0.060526077926629666, 0.013164302737923803, 0.43527353179204664, -0.08921533194759489, -0.09407024846401073, 0.12854246576606357, -0.007904442780607125, 0.00869961302090947, -0.03581151908064493, -0.04454527911251829, 0.03540512860454239, -0.05949242424473053, 0.10878379225554576, -0.04632813016679984, -0.014737681454720122, -0.23087302331634973, 0.24759013617320472, 0.013727058751593427, -0.0576331434026011, 0.016376721487422877, -0.19268036969840774, 0.1546505362720817, 0.06721256487001714, -0.02532466340462216, 0.2347672066304996, -0.38930302949379625, -0.20121534465250523, 0.03371914368775142, 0.058866864950250355, -0.02215869092587307, -0.165214447838959, -0.33400661407249116, -0.09713832277363112, 0.1579656679452762, 0.3517972009456069, 0.15606717019698801, -0.1048614485018861, 0.004423001519051429, -0.023258480189989356, -0.27166703032808426, -0.6203811963921212, 0.13394588694832288, 0.22098806074716393, 0.683838171089526, 0.034407514802855664, -0.8508377083522377, 0.23273051516386872, -0.05091935560313935, 1.1044397321727697, -0.370135036095523, 0.15037861065574398, -0.11703850811587554, 0.17092124646741624, 0.05850302324101507, 0.14214434219670144, -0.1520749387061705, -0.21327990474362737, -0.08860247190832111, -0.22369275326633742, -0.08559537640340124, 0.13734440676296997, 0.23525131827926582], "trans": [-11.313655759525133, 4.393520990860047, -0.5498352491069096]}