{"betas": [0.19173745763710806, 0.20679507266967936, 0.025545764337162807, -0.024244743693028488, 0.0007202369641003663, 0.013236882350636182, 0.021343764601424748, 0.007373052342460504, -0.01918535564321634, -0.005662447391478864], "pose": [-1.5698790001164906, -0.05152886409303998, 0.05152886409303998, -0.3021955119160502, 0.0003449007171520725, -0.0010701235090672043, -0.48619668299254165, -0.07828546680334426, 0.021499738790746653, 0.21046940517255935, -0.10820506246497676, 0.022766279024705426, 0.3643464940047718, 0.04517933275232926, -0.1565790805040176, 1.1183618782659113, 0.2014330964295708, 0.09190252484338879, -0.06933819543084219, 0.0007730594657689488, 0.016390256362893502, -0.09370592241258739, 0.11767700649821199, -0.1021500411208847, -0.020970414558547226, -0.22605397966075882, 0.3132787641314936, 0.030503847788865442, -0.07799564483795203, 0.007172742009981558, -0.2512497630279086, 0.13102489843045112, 0.13481115717612555, -0.060724073804121544, 0.16698489673453773, -0.4665457267215164, -0.18668319705817493, -0.03296968485781791, 0.044461462748335984, 0.0057093578937869385, 0.11633086033330872, -0.32432413080231765, -0.0625874190574355, -0.11974601037477396, 0.3314589067643936, 0.1387654440296132, -0.08328439919378065, 0.021182756864545214, 0.8924103452026333, -0.8677355794074985, -0.8400875107368144, 1.0667659258307103, 0.5330812224065294, 0.8086599191511734, -0.07122742098104903, -1.2473120381067742, 0.4111469542500608, -0.29319877950892, 1.2751568908206612, -0.3609942782813395, -0.08339402720586983, -0.069912789398958, 0.06793797887977596, -0.023264612164758884, 0.0531397180106222, -0.018798044553354234, -0.11555578250729506, -0.0715010422807912, -0.188748179107948, -0.06181789368677823, 0.10795018563304057, 0.1983314618864569], "trans": [-28.08331941181057, -4.80379855672963, -0.8803120424571775]}