{"betas": [1.0007394031128156, 0.13998077818863408, 0.20322321153559939, 0.06919845010960525, -0.06355964225067326, 0.0988583210768853, 0.031004152589175965, -0.07600298470585287, 0.01954775199647453, -0.05391534064665776], "pose": [-0.06025161102945007, 2.193569011927248, -2.193569011927248, -0.5032054786725957, 0.0009772040024583221, 0.18621224225361013, -0.4346076828115763, -0.047583410580950995, -0.1958241269349568, 0.4006915099579246, 0.012998677592486784, 0.009385697250593135, 0.5510753328291663, 0.03434888056936713, -0.13764593745017023, 0.631576247606772, -0.002556305575980225, 0.07591688219634014, 0.028243386739677332, -0.021608217453836797, 0.01748965416220309, -0.051318167662061064, 0.09043496170963106, -0.09302470811547815, -0.09385950542722196, -0.16303808472691086, 0.2341955651604458, 0.026884710615931687, -0.026247064398723614, 0.009519771280945858, -0.24691203952293092, 0.23422344777544632, 0.2394551342994847, -0.09107897502716493, 0.10508940706199024, -0.3420749511509723, -0.11603889500899793, -0.029019223850213702, 0.036021527953044384, 0.03149147624158287, -0.15510735202199727, -0.3472487294134515, -0.014689307239265125, 0.23072626812831998, 0.3085772602339016, 0.1760220998434827, -0.15873544566861691, 0.014236197262189916, 0.15864330488033132, -0.36035841494428716, -0.7969197678674502, 0.12831665619369245, 0.30862206129937025, 0.7039192756528386, 0.4000677663826519, -1.4501252132424365, 0.3646713126145326, 0.06999853183651879, 1.263781773596656, -0.3517884262213735, 0.033704207514191675, -0.12044464650268144, 0.17867137703984187, 0.10568062751982718, 0.12170893362131471, -0.1728019545432075, -0.19480601788653232, -0.05742459310628399, -0.21788478245957973, -0.1663917417458352, 0.1278565986007596, 0.22054907053804187], "trans": [-11.189168627678544, 7.093217349136583, -0.521692311498287]}