{"betas": [1.813289222669109, 0.20156947919784157, 0.0011390909961732187, -0.4871353642584728, -0.16755291678885467, 0.02420319783742449, 0.0691750353522659, -0.03790042278230592, 0.027389876576093666, 0.006434531786996541], "pose": [-0.43845031629036796, 1.9802974418547166, -1.9802974418547166, -0.5205896379085928, 0.009779536063926168, 0.1704062786067066, 0.0628342568844723, -0.07897890601424316, -0.12879266484265312, 0.1712195865838748, 0.04772870899638918, -0.036572978757550174, 0.1977638339442886, 0.19005851697654516, -0.11390014113013716, 0.31688432948031847, 0.17900871194997864, 0.016498596945636646, 0.044058899299041526, -0.12734774621166953, 0.03977427560345388, 0.04069357138929435, 0.14914825895458736, -0.16961771741854262, -0.13199357797301584, -0.16448628668426254, 0.263231165153834, 0.06476350922064479, -0.0709878102988386, 0.0053824208472646375, -0.22192244383853646, 0.18935259794723422, 0.3715415697520418, -0.11599072485017606, 0.09969653817198272, -0.37485538937480517, -0.08957919003021642, 0.060610549884479316, 0.03994333820924435, 0.0486050153684777, -0.025457231580078402, -0.23135328263728322, -0.06072690533241314, -0.044562578818116864, 0.16605275912646725, 0.1189607312363091, -0.05253363147614987, 0.002142541374085837, 0.1966180465419602, -0.24605367054474378, -0.7322796454990839, 0.22302378171715886, 0.1817854694143166, 0.6673965249498149, 0.5143962057813267, -1.655876796952568, 0.3015348117004349, 0.19925743514938593, 1.8697782207942113, -0.49547826278006546, -0.04177791627258841, -0.21255506755909664, 0.1369573844528143, -0.04775039415228464, 0.23266043892421448, -0.14911674887732515, -0.22448812185156997, -0.03781706911532897, -0.2490369696576765, -0.1626661937903797, 0.11086542538210793, 0.2423215332601133], "trans": [-12.566861740705955, -0.5489642498294656, -0.8377719109415043]}