{"betas": [-0.04531959800123942, 0.25816046623113975, -0.10443940742347267, -0.07597029208210594, 0.013911735992459227, 0.013954990810594958, 0.00840059268463032, 0.018210526354907698, -0.01144635948893292, 0.002226290135924623], "pose": [-1.570101781435968, -0.05479014553156069, 0.05479014553156069, 0.22419571220665396, 0.05843668882106963, 0.022765249970442533, -0.6688704639407288, 0.025378381351383577, -0.09044803058272186, 0.37007890518056313, 0.05608543883065664, -0.034222596908822255, 0.3468555225364457, -0.11653825340865312, -0.0693476546188164, 0.25971502255911516, -0.0918053409583036, 0.16353049609273945, -0.02206312545691684, -0.04699575548583613, 0.023004346595718313, 0.007374994199502452, 0.12601202045481386, -0.09512297284143019, -0.18412684683772546, -0.1552705610630231, 0.1709527711051227, 0.03653424295152719, -0.03127622322983681, 0.007187888585335962, -0.23060664643869955, 0.19848180258753512, 0.2426766104607157, -0.12604588438495345, 0.10438985868643061, -0.268594352670709, -0.15884623519183497, 0.1648060861648174, 0.019712708763361064, 0.01312245517606982, -0.06856912291387937, -0.3823812499438579, -0.004529376155134719, 0.0832582673081931, 0.39662635712873484, 0.1443232177052217, 0.004480972847331825, -0.016151595365235135, 0.053378666050579, -0.25250914240028177, -0.7123589352317768, 0.16949571658531712, 0.20574937304804727, 0.7777019997424816, 0.13789666133644893, -0.9130899026774933, 0.24922168137324288, -0.040180135065134584, 0.8689412244706723, -0.27278723807061905, 0.018044459493077876, -0.04784317404723681, 0.12748057592889583, -0.025085889336231258, 0.07085937309672613, -0.07454215520345647, -0.21438046348467135, -0.05753495338075886, -0.21002316036172675, -0.14317541286681496, 0.1068469693263394, 0.2129919050171704], "trans": [-28.278983403692806, -0.19736540901805064, -0.834670506526321]}