{"betas": [1.8964894903024812, 0.31493576625010133, -0.1035326407414528, -0.4364464500446508, -0.04973432451903863, 0.09833628269918979, 0.014303769774192097, -0.026993742994641887, 0.07112343154180402, -0.03308173982274214], "pose": [-0.18537502465675781, 2.1306837174699593, -2.1306837174699593, -0.16401629445849905, 0.0751665747871591, 0.12477422549642565, -0.15379789923287907, -0.03647212584634459, -0.061927736275901875, 0.14265101390806986, -0.0799600905621833, -0.03739501179531863, 0.9777724438746872, -0.1483028642805521, -0.10471744418478722, 0.17690583230689247, -0.09066792319367593, 0.14112470511042688, 0.028111979873933872, -0.014368234566669622, 0.013687481963378476, -0.1330167710911171, 0.11553627664419278, -0.029879688126572605, -0.04855726102727767, -0.2028499380530351, 0.1734505065702517, 0.07384551611219943, -0.13567891373300803, 0.0015631809940398235, -0.3042587877444839, 0.1527991889763319, 0.09385214257579368, -0.05844241053197642, 0.1205009532099967, -0.2764465950198773, -0.14661842606157174, -0.011250205202529513, 0.05479757802282894, 0.16151006574327567, 0.1412316098082282, -0.5088077544347636, -0.029851434274060437, -0.22854872706237964, 0.6029664744956612, 0.36375919045520344, -0.0012511680142957907, 0.0007163117001225448, 0.5254799784856087, -0.7851785422613952, -0.5656621012892687, 0.7010837400507929, 0.39349544226596656, 0.6764565791316425, 0.5619429661773654, -0.9306371589759543, 0.06648984031740787, 0.10575352387410687, 1.110385559030151, -0.3636765497288197, 0.07820203206723725, -0.046712429184880104, -0.11039461887224666, -0.037679561714791976, 0.05703846326520756, 0.0607900902545986, -0.25558732798238615, -0.08741082249603711, -0.2595993268088011, -0.10544853504702582, 0.15554544662062422, 0.2662894782943395], "trans": [-12.284427078263612, 11.354845252551948, -0.5098114300915242]}