{"betas": [0.19173745763710806, 0.20679507266967936, 0.025545764337162807, -0.024244743693028488, 0.0007202369641003663, 0.013236882350636182, 0.021343764601424748, 0.007373052342460504, -0.01918535564321634, -0.005662447391478864], "pose": [-1.508475919159241, 0.600958578553433, -0.6209585785534331, -0.014386416204661752, 0.07449527982586107, 0.004914258282362312, -0.478753840085463, -0.022060890334761454, -0.01098454720629561, 0.36023939678879946, -0.02708435309723258, -0.011919079705584909, 0.2953579213373896, -0.1802617570179269, -0.10524341216390476, 0.2402401357837314, 0.0004136385256758744, 0.09998165819341467, -0.005366504093949743, -0.040609970679056744, 0.031743144801426364, -0.1449366381020345, 0.02520969872899012, -0.05041578436485153, -0.11748113827708141, -0.11279496412909698, 0.26211089166193446, 0.004978321911920111, -0.05386050199680298, 0.01508542743274218, -0.2973773929775006, 0.3132798266929017, 0.19101563244455133, -0.15606878384283415, 0.06461830116884916, -0.405522976159431, -0.24547199870680717, -0.06374903353648728, 0.037893660103771466, -0.024582806433071713, -0.1682210930505918, -0.21272366259419406, -0.10648681121134966, 0.16716562553311118, 0.1863555074925187, 0.03601738907816928, -0.19367929248989438, 0.03826342685156182, -0.01719445588452933, -0.4799824690121892, -0.8029292071109071, 0.17082742224155265, 0.32959004447942375, 0.8738455219790058, 0.16427504804926354, -2.0076721760229117, 0.7509283660362727, 0.08247106924475073, 2.202032096466419, -0.8562277375037677, -0.17333098504981692, -0.13964618017256705, 0.3386805225017292, -0.021518534213600865, 0.20273291879173594, -0.30307872739791064, -0.037820797285608915, -0.06164169978975577, -0.2346517454399692, -0.09707879555179316, 0.1580251002568489, 0.25122423443222663], "trans": [-22.857877171757234, 15.583424526654456, -0.5102615310236642]}