{"betas": [-0.459125293958982, 0.2836700625543276, -0.2828307762064238, 0.06170009900103966, 0.04114696315793381, 0.017447099752977802, -0.018216663065381097, 0.013285817624318214, 0.01584973647464493, -0.019639755817989615], "pose": [-1.3965433232981699, -1.2117704219710554, 1.1867704219710555, -0.44830079422129054, 0.12345360063958039, -0.03494931887339216, 0.1014959771993767, -0.010553145944255014, -0.0020489524876172033, 0.14221972109051903, 0.04111171892633899, -0.00012623201469169187, 0.8982655250126561, -0.005788001152193495, 0.005052264078006123, 0.2673117935071697, 0.011718119309794703, 0.006380881006549009, -0.017513168053530054, 0.01583344062794059, 0.007522728750571632, -0.021989680139980157, 0.05537515778762815, -0.0331609102322149, -0.2450881238738373, 0.00978927075459956, -0.002183459131017716, 0.05624527754241726, -0.012394765181050305, -0.007258751365611585, -0.32688511679320575, 0.25437817211676217, 0.1667187449746512, -0.15746891626856094, 0.09473936482525779, -0.31930807324452953, -0.16048128293265304, 0.12074838981418695, 0.0601346441691804, 0.05037399860752384, 0.1609741697031883, -0.4470727363824149, -0.048460167304721344, -0.011525087223483478, 0.3875936577235237, 0.16422005309050894, 0.04297795613553309, -0.0849567470085105, 0.14165459899150323, -0.09435411846431281, -1.029361952814162, 0.19314623106779297, 0.30637247916975835, 0.9215775136967643, 0.2076161219437389, -1.2194272096776162, 0.42487973820599945, -0.047483415071769224, 1.533433651037414, -0.5986637159106961, -0.13225870955409227, -0.0333018461484852, 0.1847525868026478, -0.05441210546669463, 0.12771548785658748, -0.24116264070795684, -0.21959066425585544, -0.09013273134235182, -0.2756506374431706, -0.13262057815764777, 0.13738215237386137, 0.3011054763312133], "trans": [-17.415743578395553, 12.550375657326512, -0.39553475650304615]}