{"betas": [-0.19266644468801378, 0.5771463667239267, -0.16308379457488245, -0.06462538974507079, 0.08054580167251779, 0.027975024271901693, 0.03561269911626106, 0.05188376016633901, -0.05289357868361275, 0.00684608270928935], "pose": [-1.4791353668142149, 0.6242616779801088, -0.6242616779801088, 0.1444483872048396, 0.012095748799106267, 0.011101085461917855, -0.5646765116500404, 0.001579168601060687, -0.003028808856744482, 0.3948862087687123, -0.022786066466830155, 0.018741574951217463, 0.2222775375649823, -0.11468215127106154, -0.04222271344845795, 0.18227235692392438, -0.02630894759873038, 0.07962976649053051, 0.0372290067629208, -0.0038853990642089844, 0.0018825088557381756, -0.11582074710248769, 0.0474274388060263, -0.09606382015902933, -0.1142995679309005, -0.1406589148577571, 0.23898708573397454, -0.003497334373673216, -0.019889847631305094, 0.020118447982890968, -0.2592836518687853, 0.2895950968048418, 0.21471893599840342, -0.10205703599702177, 0.10877883797363877, -0.3583703928980943, -0.1799565245614497, 0.13640619495621284, 0.020758224501514655, -0.012200022206191338, -0.31993567831855857, -0.28939746489269397, -0.030021260898982924, 0.3879394225556335, 0.25009636342895886, 0.08576663122184176, -0.015599481844220634, -0.018705696714957747, 0.1136233758650262, -0.4740380188312726, -0.7632675934558543, 0.20483178301679056, 0.4854859173563144, 0.7831052958171787, 0.3370545048903594, -1.576730744406929, 0.3968797248648914, 0.2974113786051707, 1.630668835828656, -0.36526601646749435, 0.02795099692485684, -0.15073754727167818, 0.30012915487932784, 0.11275471808939443, 0.17206597959686745, -0.24160249195718408, -0.12312698638885569, -0.05689752651682779, -0.18919510696984523, -0.13985151456207634, 0.14004992161299434, 0.20147999253082585], "trans": [-24.877505302492576, 4.997754445270314, -0.677981513236767]}