{"betas": [-0.459125293958982, 0.2836700625543276, -0.2828307762064238, 0.06170009900103966, 0.04114696315793381, 0.017447099752977802, -0.018216663065381097, 0.013285817624318214, 0.01584973647464493, -0.019639755817989615], "pose": [-1.423087921663909, -1.0115821621510859, 1.0115821621510859, -0.32980339339769493, -0.02947263844025297, -0.0573196877652517, 0.31004074568896756, 0.004022912202179256, -0.0033445751968635903, 0.16237567416866047, 0.07334271659184267, -0.016232355033891324, 0.06916181372148289, -0.007078944723482472, -0.003797891716530534, 0.38326200285370804, 0.017046073725871483, 0.005087701332152764, -0.04657474699481824, -0.0010698072740613195, 0.013716914421400444, -0.0174516541906539, 0.09642262746058215, -0.018856712710150776, -0.1759379136173006, -0.19613854553094487, 0.14470319081865518, 0.048195161693359745, 0.008854841283760614, -0.007104499299969847, -0.2535410244088053, 0.2192772540976695, 0.15110222499661785, -0.15012717595162386, 0.16436690161049275, -0.31020099315850963, -0.21699951463138414, 0.12220755594680487, 0.07420098868755098, -0.0076207402949429294, 0.09279918181984244, -0.37680576268874616, -0.1049540304825612, 0.07678698408823953, 0.3477742938474298, 0.1406956399321835, -0.01154670325167939, -0.07766691977545859, 0.07542961817712505, -0.03254507765365644, -0.8242483412553269, 0.14995644551327855, 0.3768308280113988, 0.7990164847894704, 0.05684977689305503, -0.4280073358954213, 0.22739043076499202, -0.04632835319728555, 1.408096152197097, -0.5024905612703929, -0.027437692319621555, -0.04344129508603362, 0.20061165906678888, -0.048312621947930394, 0.139136103687575, -0.24136087275940485, -0.25928821693784915, -0.08248570055881034, -0.266860562656992, -0.11393714137263095, 0.1260513375934527, 0.2773196845513856], "trans": [-16.398731183330415, 12.315963455826827, -0.34699682270876053]}