{"betas": [0.33303066142902105, 0.22906885785386125, 0.1321746135337195, 0.03485680493593007, -0.034928744222964915, 0.03738652273642406, 0.06435992437738675, -0.06135207138309116, 0.004712805749211021, -0.03328562850670294], "pose": [-1.5333872032278442, -0.7017614679986985, 0.6767614679986985, 0.26007333087496615, 0.006951664592763707, 0.010475276406613172, -0.447943329473683, 0.03773864814242876, 0.04153289033174604, 0.30268320599933185, -0.004866813117622774, -0.004008748129797212, 0.36424871300699313, -0.23085117589394918, -0.20593849495790123, 0.20550223227015357, 0.18085864903362103, 0.06847549682644628, 0.028165338861687553, -0.01325077355874736, 0.025393622535670773, -0.04099530508969005, 0.055224070868249084, -0.011136525762586856, -0.10618417774166719, -0.15734755601198958, 0.1853267957841846, 0.04087589189577986, -0.034536548622047455, 0.004806287336767455, -0.307417320730509, 0.2803860646104474, 0.12729053879918945, -0.13008713404219036, 0.14533435710344322, -0.3185490703184941, -0.12414655906056361, 0.10522349786204305, 0.05298456022633814, 0.023953867522620693, -0.10444781626771957, -0.3627636087895313, -0.03562055668565397, 0.16169035383246697, 0.3574415794319646, 0.19191678622273825, -0.027362280574967583, -0.0476203972100961, 0.1473726613445737, -0.3824969195162513, -0.9329854473027891, 0.2855853368169026, 0.34147027386960493, 0.9595062502942431, 0.3710093205553762, -1.6492100686373161, 0.494266133849062, 0.19443974007464518, 1.6611723791753767, -0.5178902984427363, -0.04056960115528811, -0.10709432894768758, 0.26608276345503673, 0.025695302406398113, 0.1571463256293761, -0.2401889257233243, -0.14511512297335408, -0.07699895382383067, -0.2285883099247866, -0.12124562313665715, 0.1450406454310592, 0.25677621756883556], "trans": [-14.943645751255643, 10.67776688608962, -0.49443960774900325]}