{"betas": [0.33303066142902105, 0.22906885785386125, 0.1321746135337195, 0.03485680493593007, -0.034928744222964915, 0.03738652273642406, 0.06435992437738675, -0.06135207138309116, 0.004712805749211021, -0.03328562850670294], "pose": [-1.4961064629266658, -0.8149774062704314, 0.7899774062704313, -0.3876712863907362, 0.003937505664113629, 0.06123452837839385, 0.004092293545968413, -0.03787973505880085, 0.09442366345276845, 0.29947031293314047, 0.004172518380101296, -0.0023107001390438964, 0.23610052329221684, 0.06513528030780968, -0.11093621887381803, 0.06634196816422616, 0.05114741098608662, 0.05656504421085348, 0.03593638265981661, -0.03765363491142357, 0.021459375275616574, -0.07319783422365372, 0.03970028248288067, -0.012347197969805244, -0.19003253258033298, -0.13768435455202832, 0.12476567576560971, 0.013361633240717635, -0.02721224253616239, 0.013708069679207532, -0.29692679900708374, 0.3045156504821359, 0.08343692863733275, -0.08543371993263937, 0.13685288258808248, -0.2602860430316632, -0.13971257281161398, 0.21398021314834828, 0.04423995971094856, -0.049652940236040555, -0.3155888936304196, -0.2839163193641803, -0.07830941679426938, 0.3327821659514388, 0.270405426643483, 0.16596508302237367, 0.0712071102202881, -0.05919046195838349, 0.05209497954207233, -0.5084956789664477, -0.781934123947197, 0.1953041412749334, 0.4763310626420439, 0.8446075841687107, 0.27793434659747934, -1.693364267686675, 0.5504969040113823, 0.20412300391418559, 1.7760986432738068, -0.5923888759146222, -0.030642767418637168, -0.13186548945194648, 0.29989766234848914, 0.019445406059929896, 0.17158546583454684, -0.2605408391128165, -0.08386079860347917, -0.06310681758906415, -0.20834859211646106, -0.0861641086306866, 0.14367593387902358, 0.23607804295099324], "trans": [-15.270702620727644, 10.96169585100641, -0.5289953280726424]}