{"betas": [1.0007394031128156, 0.13998077818863408, 0.20322321153559939, 0.06919845010960525, -0.06355964225067326, 0.0988583210768853, 0.031004152589175965, -0.07600298470585287, 0.01954775199647453, -0.05391534064665776], "pose": [-0.18494026426087817, 2.1309144532068487, -2.1309144532068487, -0.6048800992167647, -0.08190642060488423, 0.02603063565666976, -0.12470243433358776, -0.046753192950812615, 0.052753665469084325, 0.21361666193659434, 0.041042096108887684, -0.011534835797888169, 0.6152056445468699, 0.11113885890737908, -0.147999621156598, 0.4391218952220238, 0.011194064033685273, 0.07309939034648891, 0.028397072695517632, -0.02587914989237652, 0.02355627510314521, 0.016014065279854103, 0.1085132633054468, -0.10938121759842014, -0.12524701490591886, -0.15408997978569366, 0.19432211001433666, 0.05393292909994987, -0.020847407877988354, 0.0067835612076700795, -0.2808095593519528, 0.20250363556668516, 0.2437554592955117, -0.10886533745971638, 0.10882074076031388, -0.3114585135312015, -0.0721994938995966, 0.10302148721359264, 0.048072430644607034, 0.04627284530529524, -0.032258669641077875, -0.3225370671249782, 0.005585365695669908, 0.10152929794445706, 0.31534845490089936, 0.19246313757082117, -0.01858816393515445, -0.01834623197503294, 0.24045860801367996, -0.3201444248158058, -0.8773443585822289, 0.2865250708401714, 0.3116940274020032, 0.8387116573495581, 0.5112343260530143, -1.4141774856268152, 0.2351620745857284, 0.30640907530529754, 1.2587025345265934, -0.19667284233725607, -0.08773724508983088, -0.13289085368122233, 0.09781417703000962, -0.007543636504536806, 0.11741169213115832, -0.05297043073624469, -0.14535192400784894, -0.03999084597302079, -0.17853260745658744, -0.12166653879921897, 0.10604917572968338, 0.17714329106726032], "trans": [-10.276730945306445, 0.6127229129057936, -0.7507637307133341]}