{"betas": [1.7511515842605234, 0.3670231778082652, 0.03978433168027672, 0.004913282851196045, 0.02958606384598556, 0.001461046037256542, 0.028411238985692, 0.012589726574853976, -0.014340388809218167, -0.004234100351574732], "pose": [-1.4368811995311195, 0.6266438434585522, -0.6766438434585522, -0.01265386674052113, 0.004221015133839441, 0.02316346029363818, -0.2945127402341566, -0.07358968056797713, -0.08994831744536858, 0.2005575448679225, 0.0044005188594316135, -0.02081237669284545, 0.059079311936952365, -0.05082369677877661, -0.01494758746663756, 0.8792585210692567, -0.01774544661655321, 0.07609518138022338, 0.028198249703522235, -0.018025667655902012, 0.030893437128684836, -0.058180793199181215, 0.08739121860892299, -0.06157492446796985, -0.1674056154587715, -0.19086914934204402, 0.19117498034847252, 0.027433402309803342, -0.09740048372917179, -0.024650385924386432, -0.29106540775043377, 0.2675010275121663, 0.18312379394675632, -0.14069030550963774, 0.15883154887006337, -0.31323817179900454, -0.16969907003583898, -0.08295234793584302, 0.05990928661383827, -0.013460480509971076, -0.1947104967183115, -0.32009573676441927, 0.008925694737864205, 0.23547849996203457, 0.32755314299497224, 0.28658290784133467, -0.4509643404355678, -0.05387060010333354, 0.2545948970599283, -0.4849227636456417, -0.6828599251993228, 0.33896006353092095, 0.1354610118975532, 0.8413431802940988, 0.2850366526678094, -1.4347548234230512, 0.34928479225185755, 0.16547301956621618, 0.6180699495024498, -0.10796030162487497, -0.017389174723083465, -0.11340523452669903, 0.22414841217497972, 0.06453290390754056, 0.11718346298026883, -0.10020691540369855, -0.09330649265200476, -0.048282780040716115, -0.14094618089745461, -0.09445170748125105, 0.109601736079355, 0.15028820633514692], "trans": [-22.070683373878985, 15.13410385670855, -0.696491716326871]}