{"betas": [1.7511515842605234, 0.3670231778082652, 0.03978433168027672, 0.004913282851196045, 0.02958606384598556, 0.001461046037256542, 0.028411238985692, 0.012589726574853976, -0.014340388809218167, -0.004234100351574732], "pose": [-1.562595882724932, 0.4022260724672977, -0.45222607246729774, -0.5437458677368364, 0.11388475237266543, 0.09523805824554787, 0.036771905695405255, -0.10704091023739645, -0.050089105769646446, 0.2005575448679225, 0.0044005188594316135, -0.02081237669284545, 0.559208968266595, -0.046448913649878014, -0.18256019244318603, 0.1317139168951045, 0.011131061683396289, 0.053617632588272894, 0.028198249703522235, -0.018025667655902012, 0.030893437128684836, 0.006633485655458474, 0.09888832370732442, -0.09070674104535818, -0.15300106862994511, -0.1497214325096756, 0.18560740255405242, 0.027433402309803342, -0.09740048372917179, -0.024650385924386432, -0.2526451800676127, 0.22736731891568984, 0.21450078421691404, -0.11724055843067181, 0.12638581705374866, -0.27979338608509463, -0.094699070035839, 0.017047652064156982, 0.05990928661383827, -0.03485515606961254, -0.08399270530972641, -0.29301643072420785, -0.023579542566599675, 0.1393126088312457, 0.3435534458338357, 0.3365829078413347, -0.15096434043556767, -0.02887060010333354, 0.2545948970599283, -0.4849227636456417, -0.6828599251993228, 0.33896006353092095, 0.1354610118975532, 0.8413431802940988, 0.16616110553991761, -1.3171512695600434, 0.3854515191949185, 0.16547301956621618, 1.0180699495024501, -0.007960301624874967, -0.09669741068630158, -0.06474009758911826, 0.18856188234815444, -0.06172652275067807, 0.05803922005403166, -0.09304515721490773, -0.09922746888555402, -0.043657881911542275, -0.1709229449661388, -0.10068656931483669, 0.09810860344058697, 0.17947775264188506], "trans": [-21.48154150648484, 15.769529996141403, -0.5968513670789312]}