{"betas": [0.12182979554792384, 0.0498104030700563, 0.01874907528210161, 0.028247290178977192, -0.01045515424154793, 0.003794310233826808, -0.007750463989420916, 0.008476040652062412, 0.013630708331879994, -0.014916307566096007], "pose": [-1.2073125742847342, -1.2121339596571845, 1.2121339596571847, -0.27452319492187893, -0.01841844589770851, 0.09664671638820561, -0.31358253089699656, -0.03282156349748707, -0.12513345324115616, 0.2539033986411838, -0.0018379147902342578, -0.003017618541398911, 0.666579527451374, -0.05492995924118039, -0.14298220941605788, 0.8206563584359737, 0.013269795207881054, 0.07463956026667348, 0.018455875652318376, 0.0010485017798810994, 0.014067547730071104, -0.09852721112607124, 0.06822159996424214, -0.021204234293707387, -0.15484436062175144, -0.19941393640074118, 0.20540290884073503, 0.030327571623000343, -0.033620403651016845, -0.003884650329587866, -0.3107764124881373, 0.28340228549177726, 0.15479995082700174, -0.1547517792312481, 0.16830549685224164, -0.350380851897542, -0.17253005791910175, 0.1887393572411202, 0.04792617408402094, 0.01443622392046718, -0.07115658445293187, -0.3907588682948405, -0.024584922568701213, 0.12023201826153904, 0.3874683713013486, 0.19902501314657126, 0.07154887857647371, -0.09097814552077998, 0.114364473378336, -0.3543717767612822, -0.8337184615435033, 0.2499159235103324, 0.28463914905186455, 0.8381364245817917, 0.33955858008663187, -1.5826722470012449, 0.45586654508057756, 0.09018792455674764, 1.4662959487785407, -0.4381813032822972, -0.03491650223668274, -0.09671094100244827, 0.17398286783822187, 0.029405598874103968, 0.12388106091925209, -0.14076373725103733, -0.14010717680703183, -0.07021346665259667, -0.2211289235442353, -0.11626460597031575, 0.1273819759579373, 0.23593068290853828], "trans": [-38.55242321468228, -8.63848705129605, -1.129927558008286]}