{"betas": [0.12182979554792384, 0.0498104030700563, 0.01874907528210161, 0.028247290178977192, -0.01045515424154793, 0.003794310233826808, -0.007750463989420916, 0.008476040652062412, 0.013630708331879994, -0.014916307566096007], "pose": [-1.1456560593987837, -1.2969885914922719, 1.296988591492272, -0.38164257533274054, -0.02860911659179382, 0.10089315684540577, -0.4408358349427907, -0.015438555042711225, -0.09843042707031102, 0.3312077136040953, -0.0038740910435787154, -0.0008499549320756421, 0.7124547037111544, -0.03494992136563685, -0.14490914702355712, 0.8152035416755619, -0.022134700002705846, 0.08745191382188054, -0.006166797925984736, 0.0041610418944340154, 0.01405684243117764, -0.0804477620625054, 0.06690287940044735, -0.027393722624017514, -0.15748601777223453, -0.17581133579116384, 0.18621506075577665, 0.02808774834090135, -0.03027442401701576, 0.003002775675160547, -0.3035781865928893, 0.261810837089364, 0.15319233743348082, -0.13384998456955866, 0.13011771213186685, -0.3367996817710879, -0.20061856593747374, 0.11984411284562665, 0.041118731898027394, 0.0229691321551769, -0.05714278371836466, -0.39314684898507724, -0.024736341573938826, 0.13130365033079938, 0.3793992598491757, 0.14553025228009583, 0.0008006065953890014, -0.05262650799464951, 0.12127212076440066, -0.3108035756347601, -0.8794819383372171, 0.22921723938184915, 0.2925206722313353, 0.8730054296347507, 0.2959765820905144, -1.4677371461004292, 0.44631695381756786, 0.09287031578045916, 1.4287647866310595, -0.4545674396551192, -0.041563704350292975, -0.08433118442496054, 0.20595108905486603, 0.033217374892648595, 0.1259103535260197, -0.17752970303423002, -0.15636720936328888, -0.07427622638778342, -0.22208651829264925, -0.11783392222274539, 0.13300263996145195, 0.23637497311185798], "trans": [-52.07915493610269, -12.292003137650251, -1.3208518982749842]}