{"betas": [-0.04531959800123942, 0.25816046623113975, -0.10443940742347267, -0.07597029208210594, 0.013911735992459227, 0.013954990810594958, 0.00840059268463032, 0.018210526354907698, -0.01144635948893292, 0.002226290135924623], "pose": [-1.5681397434908884, -0.1071364298522133, 0.1071364298522133, -0.09742835976949951, 0.07126829098010719, 0.09912320034334243, -0.6195308972418825, 0.03977218401831365, -0.15578075393856278, 0.3616274737983212, 0.08634393258618564, -0.04029357173587442, 0.8079525870433018, -0.10977027979361023, -0.06783107979705326, 0.5854158607097452, -0.10491193332926205, 0.169350940098056, 0.01190363089914445, -0.05345498209147817, 0.03469063870251504, -0.19595753932885687, -0.14318050138159227, 0.12573109566474294, -0.0010967825594224855, 0.11882508533639188, -0.06551464052764785, 0.02778709487134146, -0.013382217822139728, 0.010715962380424708, -0.21544801914607664, 0.22827998573759573, 0.2195595951559726, -0.1307797065846145, 0.1169906853660702, -0.19376758483333237, -0.12599506354232262, 0.20635132031630835, 0.03941176546744775, 0.0022531357303931937, -0.20664949627438142, -0.394862830979058, 0.0039895965902040755, 0.24026356045371533, 0.44018894735219105, 0.19455703846124078, -0.00319213002600311, -0.02960029388737844, 0.08307089198232204, -0.3411321806836173, -0.7236827051984702, 0.21848117259946057, 0.341962452470051, 0.8510564923811686, 0.1988652130267409, -0.8972177643017452, 0.1980762500214461, 0.08464058611645676, 0.843867400342454, -0.19281085226169745, 0.0670600388228429, -0.04243623408293919, 0.14695603946523167, -0.0029892346547744602, 0.06386683113265294, -0.08136872639404556, -0.21292257299352457, -0.053212282614407164, -0.19693725447009722, -0.14746731871113394, 0.1117655548075304, 0.19790533562617152], "trans": [-27.6969585417964, -6.4436266644708295, -0.8136705912495563]}