{"betas": [0.19173745763710806, 0.20679507266967936, 0.025545764337162807, -0.024244743693028488, 0.0007202369641003663, 0.013236882350636182, 0.021343764601424748, 0.007373052342460504, -0.01918535564321634, -0.005662447391478864], "pose": [-1.570480836111686, -0.03692837789954862, 0.03692837789954862, -0.6370571561981057, 0.0070686554212820146, -0.05370811779621663, 0.11570504281545016, 0.15714530173037533, 0.06766741382312254, 0.34985876859470805, 0.03677574868322855, -0.027370648428051203, 0.2081326783451169, -0.06676501934924847, -0.02449471976264972, 0.09595210438118193, -0.13318746359349004, -0.05039408465775554, -0.042101893325182896, -0.008349619073431055, 0.010186099797847901, -0.0399404176884854, 0.08730756338784078, -0.11833896206133661, -0.2059109619055543, -0.12712938725621714, 0.22063207256585318, 0.019810743249466037, -0.016133914471477027, 0.01136230516571706, -0.26657301924917426, 0.25616665389031795, 0.28894580267666997, -0.15360656439926015, 0.0723781096304811, -0.32921887261439237, -0.21709673704690993, 0.18556495199409667, 0.013484027435692802, -0.06014941555561139, -0.05639542659559327, -0.2387726226822118, -0.05489358841908823, 0.10145204481125297, 0.25397287680893726, 0.09321951618749329, 0.02103244455604092, -0.022343105122510004, 0.8924103452026333, -0.8677355794074985, -0.8400875107368144, 1.0667659258307103, 0.5330812224065294, 0.8086599191511734, -0.07122742098104903, -1.2473120381067742, 0.4111469542500608, -0.29319877950892, 1.2751568908206612, -0.3609942782813395, -0.18358477354963695, -0.07977520844248365, 0.2490147949088165, -0.09917302545678804, 0.09942270189911098, -0.149505193113383, -0.07492433555445151, -0.04103175182527181, -0.19503121781256055, -0.105218598065834, 0.099982680167954, 0.1975898927046297], "trans": [-29.900458656343385, 8.624760468172767, -0.5738037736129197]}