{"betas": [1.0007394031128156, 0.13998077818863408, 0.20322321153559939, 0.06919845010960525, -0.06355964225067326, 0.0988583210768853, 0.031004152589175965, -0.07600298470585287, 0.01954775199647453, -0.05391534064665776], "pose": [-0.08607242997487172, 2.1811562331493985, -2.1811562331493985, -0.39221400001722384, 0.014030730530740549, 0.022261680737521897, -0.007337369510692561, -0.007417510967062016, 0.013185921728015387, 0.23104767403636758, -0.022049416285613396, 0.009599104592086296, 0.043807330490652684, 0.03555605991069606, -0.025909359202712492, 0.2435890777105131, 0.03716877172941198, 0.15390885147648456, 0.03771432255698933, 0.010452905982546069, 0.0023096146042599973, -0.013748903476142332, 0.09205898198580542, -0.14476304589202973, -0.10558360778440513, -0.1665941450257738, 0.21385992489978195, 0.023839084810737064, -0.01593271419545497, 0.0050033652750951585, -0.2505875854658471, 0.21776511064618786, 0.3003145447685963, -0.09727876911232884, 0.08285076523532636, -0.30375501753992645, -0.09301905834427185, 0.07294047212035511, 0.040159331241176925, 0.040660663597759154, -0.10114831565382741, -0.39551065290909193, -0.00029901728192409155, 0.21640707337845283, 0.3490054861159108, 0.1900796353527098, -0.07561962876105961, -0.02799176602475771, 0.1710511029612594, -0.2979391787033843, -0.8440631562332516, 0.13792806705590663, 0.3636537691243796, 0.7522834119733947, 0.3036745459334802, -1.165239814309708, 0.25433845728462295, 0.01939714148948361, 1.116143190873726, -0.28473494485369716, -0.009461813829854232, -0.08036225670070497, 0.13048542625479112, 0.048053573690432554, 0.09451433336176769, -0.12167982923130231, -0.2308161407802252, -0.0586934032504374, -0.21049710763343338, -0.1713327834554028, 0.11660478706100894, 0.2089664945789392], "trans": [-11.21610656992375, 9.995229466018161, -0.5027071332199569]}