{"betas": [0.12977417203956745, 0.49847687971378624, -0.19179541608583497, -0.1113183526768453, 0.0549914925669735, 0.1034291447522722, -0.013453424082682812, 0.010035343166627214, -0.014576049326274527, -0.02308049036666073], "pose": [-1.4493429260037376, 0.7166346327569796, -0.7166346327569796, -0.539515601213866, -0.05754198829101004, 0.06878591658158939, -0.09367449971002732, -0.07179356702795145, -0.018317133769766764, 0.32331710768655453, 0.08792993953147211, -0.01367500817918606, 0.543320778504976, 0.08233979351067652, -0.1513955971245218, 0.6208005585844976, 0.046636120610504865, 0.06620893241091433, -0.010391180841162263, -0.01311064625574985, 0.0037268452031259383, 0.04905539332589166, 0.10861023523710155, -0.07873850242076139, -0.18249753979984, -0.17206598222847486, 0.12128085868372901, 0.03391770005688047, 0.011233366643164327, 0.007687098947803853, -0.23188671089699067, 0.20012071996189898, 0.20147696705397186, -0.10295121185460257, 0.13202389738008974, -0.23842796692529622, -0.17565298804310908, 0.23278966715403582, 0.026581097857431464, 0.007674038276241345, -0.07501915431754376, -0.4154749043896726, -0.006323777785059078, 0.19633333860958874, 0.40659833204909424, 0.14338856885488285, 0.07825126074977896, -0.060495114811866986, 0.15227622074924285, -0.18664315819951174, -0.821036006379589, 0.1946187240673472, 0.36504027347204737, 0.8228637703727527, 0.22431558173825672, -0.8807166707731416, 0.18356704337589988, 0.08391867532240693, 0.9243603927029564, -0.20360375136638903, 0.03068063024344929, -0.06311070615055843, 0.15777548834491692, 0.006158410256145217, 0.09792770826206564, -0.13582259478168618, -0.24166975637271979, -0.0669674235340842, -0.20850774099580063, -0.13974659481980722, 0.10959144166844613, 0.21825132128583818], "trans": [-23.159314355330196, 7.404617713594304, -0.6511374924016563]}