{"betas": [-0.10716845975804463, 0.03555393559239171, -0.022909588301634677, -0.0022321960585287635, -0.011360188238027402, 0.007048778770267401, 0.0026244476494828445, 0.001119221678184007, 0.011361241992361597, -0.011308692156923365], "dual": [-0.008624743905985, 0.001221379797006407, -0.0040035001640437405, -0.006269828131410854, 3.637331123092745e-05, -0.001333649091749922, 0.0003980694226832977, 0.0009900018573910437, -0.0004922473534463498, 0.0009500193052429298], "pose": [-1.2616962303519417, 1.1235331807888111, -1.1235331807888111, -0.48721468360947395, -0.030460513274531868, 0.15318376351151824, -0.5108348523662437, -0.009798562773767089, -0.13912073121855087, 0.39646810270396066, 0.0012643972645250497, -0.003492572154853959, 0.8135797072240937, -0.02840831279904394, -0.15575540892877576, 0.8986934878905415, -0.008506478126354076, 0.09160510116226875, -0.003482454947042258, -0.00018038380562199248, 0.0149730860438584, -0.10955694401720051, 0.052390556498351164, -0.025889791548815627, -0.18196502699786374, -0.1539823918186628, 0.17028051364180194, 0.023269980940824674, -0.030147396560857943, 0.002539899023145477, -0.3050044956772669, 0.2900744493408958, 0.16795237261256432, -0.14206838804890334, 0.08773843765607614, -0.31074514046711527, -0.17999541094073418, 0.07177181749051022, 0.04679979073300315, 0.01519283670844021, -0.08929480980960254, -0.37999190048469417, -0.044547857722237606, 0.1689682165621643, 0.34773662829421575, 0.1485541127489375, -0.05256488081428978, -0.038387398675707, 0.07161303944219123, -0.3311567674957456, -0.8748147854176332, 0.1640628128817274, 0.34050850863644916, 0.8586303297666167, 0.21844517283002493, -1.4769585017804057, 0.5143855582422588, 0.014938999065953052, 1.5525036158433547, -0.5821764654533995, -0.06680984122992192, -0.06309347661389364, 0.23128560606659274, 0.024593941710695937, 0.12411641151465447, -0.2232634364183043, -0.15321033529284142, -0.07246218247758748, -0.23331108886984056, -0.12466980899123349, 0.14126164035500846, 0.24801036511936242], "trans": [-52.54776465036349, 6.970053089944394, -0.9470160101734163]}