{"betas": [0.19173745763710806, 0.20679507266967936, 0.025545764337162807, -0.024244743693028488, 0.0007202369641003663, 0.013236882350636182, 0.021343764601424748, 0.007373052342460504, -0.01918535564321634, -0.005662447391478864], "pose": [-1.5705874394716957, 0.03004880260806297, -0.03004880260806297, -0.3021955119160502, 0.0003449007171520725, 0.023929876490932797, -0.48619668299254165, -0.07828546680334426, -0.0035002612092533483, 0.3079491735074285, -0.0017677104230882984, -0.010642968298236086, 0.3643464940047718, 0.04517933275232926, -0.1065790805040176, 1.1183618782659113, 0.2014330964295708, 0.11690252484338878, -0.07842215131418509, 0.01301345600481455, 0.023969649909428167, -0.10370795038342367, 0.1258022526108499, -0.08734397933404847, -0.1934936119087754, -0.18148575210062765, 0.24579761767427502, 0.027902924803440875, -0.02842765257549112, 0.007693557209439032, -0.2635548043380479, 0.1828089185427064, 0.25503288912842736, -0.17140683877042867, 0.11438938167984207, -0.4032433572016179, -0.31101126306303845, 0.12161327109011047, 0.0401316119023405, 0.004866084463814932, 0.1155965721592844, -0.3383356736476185, -0.04303644659778901, -0.02774787941441355, 0.34999676830170184, 0.040899252242257524, -0.0071439276117423595, -0.03815285307787368, 0.8924103452026333, -0.8677355794074985, -0.8400875107368144, 1.0667659258307103, 0.5330812224065294, 0.8086599191511734, -0.07122742098104903, -1.2473120381067742, 0.4111469542500608, -0.29319877950892, 1.2751568908206612, -0.3609942782813395, -0.07986948565063384, -0.037006845338125614, 0.11403737261319236, -0.04993970332378844, 0.06000214073607012, -0.05853924987739166, -0.19658243708291326, -0.05958948398332289, -0.22086764161906725, -0.1235522356993079, 0.09808487088699724, 0.20748109165919615], "trans": [-29.441861297296413, 5.0904680093246615, -0.6776465464265352]}