{"betas": [-0.19266644468801378, 0.5771463667239267, -0.16308379457488245, -0.06462538974507079, 0.08054580167251779, 0.027975024271901693, 0.03561269911626106, 0.05188376016633901, -0.05289357868361275, 0.00684608270928935], "pose": [-1.4538892192502981, 0.70338649508781, -0.70338649508781, 0.11405530028404218, 0.01593002110629117, 0.046018813429312154, -0.5974133263519826, -0.008255171423038226, -0.040709170681549105, 0.3757380909357967, -0.01922910112771649, 0.01716800044436264, 0.07823234540106591, -0.05996439690282116, -0.12124107219135229, 0.5014817485802732, -0.031620334921275896, 0.08637203676914683, 0.035283217700997724, -0.0045202199108587676, 0.0022040307510277747, -0.11332703617565816, 0.06895329345973981, -0.0976051232816915, -0.13380212196488714, -0.15922539963066762, 0.24468404502984206, -0.0016256254747147897, -0.015737586500981667, 0.021101221295054463, -0.2538755995417925, 0.279314284270338, 0.2322040861248305, -0.10747639454193152, 0.12871191632400078, -0.3722218119093392, -0.19878744988881927, 0.1745300820564935, 0.015489573990065937, -0.021891879725942268, -0.3270037826929165, -0.2544411288542492, -0.03249052106364207, 0.39110050442810684, 0.21575676014631545, 0.06434160506786907, 0.017350077274554135, -0.03006547564693723, 0.13793983521676875, -0.4559503129280786, -0.7124044198704221, 0.2129741990094726, 0.48065002192734707, 0.7335251030156987, 0.40542729359993573, -1.6680154288486875, 0.3736336606146924, 0.3591988546826597, 1.6825531082084355, -0.32572036598965454, 0.059093461321813104, -0.175621812663164, 0.2981421169075489, 0.12825047084240215, 0.18923832736437984, -0.22707750351908768, -0.13963614891913012, -0.05103457236479522, -0.18459574139616874, -0.1412855629407374, 0.13164410033577095, 0.18882979788499715], "trans": [-21.321610411875763, 7.997318511076647, -0.5903928445689975]}