{"betas": [1.7511515842605234, 0.3670231778082652, 0.03978433168027672, 0.004913282851196045, 0.02958606384598556, 0.001461046037256542, 0.028411238985692, 0.012589726574853976, -0.014340388809218167, -0.004234100351574732], "pose": [-1.5788135197692867, -0.13403676988967447, 0.13403676988967447, -0.38402045157595355, -0.005961985848462865, 0.09870257165571672, -0.47866740411886444, -0.016545664447997804, -0.07195615215573486, 0.2995866844312487, -0.024709255714941016, -0.003647933626149218, 0.7530497658886844, -0.05807054484633301, -0.14751534823404772, 0.7220541865783023, 0.025055927374059178, 0.0841252512700116, -0.03526280994254848, -0.008800541828389083, 0.023485146814865597, -0.09694097914711386, 0.08614408065230579, -0.05927381932149982, -0.14885697556150787, -0.17592900183742757, 0.22365562914593368, 0.03600062307406687, -0.05095456171996619, 0.00553000780725574, -0.30549806290372566, 0.22777057752257615, 0.1707745999637868, -0.12849924910799557, 0.10854925314533788, -0.3797565850551894, -0.18966315912424003, 0.04669575221536539, 0.04312903021992192, 0.012213489740752955, 0.0423772911052452, -0.32282082432818676, -0.04695579275103636, -0.012173928471147734, 0.3198402234592451, 0.1283606880217616, -0.038906096289691064, -0.01342550170782536, 0.027613457026098773, -0.291274778701682, -0.7848757658772404, 0.15730443747905176, 0.16510394255210953, 0.7806541526427341, 0.17093612385098877, -1.4468149448411216, 0.5047200976237215, -0.054286055906868504, 1.3339775742277882, -0.5086207630757996, -0.12345278441924576, -0.07932760998214114, 0.1603873280625501, -0.02573111899690411, 0.09851015319876472, -0.12042206903370536, -0.10747424501870574, -0.06255579459702745, -0.2104698595437632, -0.09075612675644223, 0.12012979247074086, 0.22040072903571795], "trans": [-28.695420579958327, 4.445572945961459, -0.8256404883793884]}