{"betas": [-0.19266644468801378, 0.5771463667239267, -0.16308379457488245, -0.06462538974507079, 0.08054580167251779, 0.027975024271901693, 0.03561269911626106, 0.05188376016633901, -0.05289357868361275, 0.00684608270928935], "pose": [-1.4716664881815387, 0.6487553149746627, -0.6487553149746627, -0.38743252489443203, -0.03786425700324047, 0.022835548904913086, -0.17132576091487112, -0.04771069117618698, -0.03893147373685104, 0.30354395847346594, 0.05574161351605755, -0.018567304849824808, 0.6546637289750122, 0.0037877854353640166, -0.14499885639918864, 0.8491538452181311, 0.029434303062696128, 0.07829272885772817, 0.03621156227227807, -0.005144891804685302, 0.003981366692971744, -0.06712023856710823, 0.07211985958778537, -0.0625007537699289, -0.2248297023856984, -0.15127454611692884, 0.1357679467867783, 0.007099097429816902, 0.006701272209910239, 0.006187234275811868, -0.26334658565405644, 0.30132890967261605, 0.22333418042030942, -0.14385991091680309, 0.11842217755431111, -0.239218340758189, -0.17001801959880714, 0.28635593836071566, 0.04149017294362949, -0.026057037237225366, -0.2597400426639937, -0.3383407382583385, -0.027788135138097865, 0.3567702547525475, 0.3302054046690006, 0.1506004834261284, 0.09315109153197607, -0.08751788143119518, 0.12895336329474247, -0.4029060711129004, -0.7743877259749549, 0.25666141764128664, 0.5337851383181375, 0.8596883524816921, 0.3121019570095858, -1.472957154687408, 0.36538466469919373, 0.30407251094622106, 1.569908107694782, -0.3500930872643401, 0.010065053137728035, -0.11072102682104128, 0.2581153821646351, 0.036472315470813095, 0.15503201922400045, -0.1920956015380792, -0.15500412439474476, -0.050956573795370046, -0.19196770625487536, -0.1249059581981093, 0.12265962875478016, 0.19552221944780332], "trans": [-23.890322245710056, 5.906616534050957, -0.6703069485348185]}